$MeshFormat
2.2 0 8
$EndMeshFormat
$PhysicalNames
1
3 1 "RUBBER"
$EndPhysicalNames
$Nodes
2589
1 -4 -23 0
2 -37.5 -59 0
3 -4.5 -58 0
4 0 0 0
5 -62 0 0
6 0 -82.5 0
7 -61.5 -82.5 0
8 -37.5 -21.2 0
9 -41.71315974970226 -29.35551837209224 0
10 -38.44162059196975 -33.30181248110739 0
11 -21.5 -40.5 0
12 -37.28684025029773 -32.34448162790775 0
13 -40.5583794080304 -28.39818751889278 0
14 0 0 1.75
15 -62 0 1.75
16 0 -82.5 1.75
17 -61.5 -82.5 1.75
18 -37.5 -59 1.75
19 -4.5 -58 1.75
20 -37.5 -21.2 1.75
21 -41.71315974970226 -29.35551837209224 1.75
22 -38.44162059196975 -33.30181248110739 1.75
23 -21.5 -40.5 1.75
24 -37.28684025029773 -32.34448162790775 1.75
25 -40.5583794080304 -28.39818751889278 1.75
26 -4 -23 1.75
27 -4.29058182573948 -20.60684335712442 0
28 -5.1454397434679 -18.35276827956232 0
29 -6.514892518288988 -16.36877341759205 0
30 -8.319352532688441 -14.77016134106344 0
31 -10.45395112957464 -13.64983757314585 0
32 -12.79463319744677 -13.07291125901946 0
33 -15.20536680255323 -13.07291125901946 0
34 -17.54604887042536 -13.64983757314585 0
35 -19.68064746731156 -14.77016134106344 0
36 -21.48510748171101 -16.36877341759205 0
37 -22.8545602565321 -18.35276827956231 0
38 -23.70941817426052 -20.60684335712442 0
39 -24 -23 0
40 -23.70941817426052 -25.39315664287557 0
41 -22.8545602565321 -27.64723172043768 0
42 -21.48510748171101 -29.63122658240795 0
43 -19.68064746731156 -31.22983865893656 0
44 -17.54604887042536 -32.35016242685415 0
45 -15.20536680255324 -32.92708874098054 0
46 -12.79463319744678 -32.92708874098054 0
47 -10.45395112957464 -32.35016242685415 0
48 -8.319352532688445 -31.22983865893656 0
49 -6.514892518288993 -29.63122658240795 0
50 -5.145439743467904 -27.64723172043769 0
51 -4.290581825739482 -25.39315664287559 0
52 -37.79058182573948 -56.60684335712443 0
53 -38.6454397434679 -54.35276827956231 0
54 -40.01489251828899 -52.36877341759205 0
55 -41.81935253268844 -50.77016134106344 0
56 -43.95395112957464 -49.64983757314585 0
57 -46.29463319744677 -49.07291125901946 0
58 -48.70536680255323 -49.07291125901946 0
59 -51.04604887042535 -49.64983757314585 0
60 -53.18064746731156 -50.77016134106344 0
61 -54.98510748171101 -52.36877341759205 0
62 -56.3545602565321 -54.35276827956231 0
63 -57.20941817426052 -56.60684335712442 0
64 -57.5 -59 0
65 -57.20941817426052 -61.39315664287557 0
66 -56.3545602565321 -63.64723172043769 0
67 -54.98510748171101 -65.63122658240795 0
68 -53.18064746731156 -67.22983865893656 0
69 -51.04604887042536 -68.35016242685415 0
70 -48.70536680255324 -68.92708874098054 0
71 -46.29463319744678 -68.92708874098054 0
72 -43.95395112957465 -68.35016242685415 0
73 -41.81935253268844 -67.22983865893656 0
74 -40.014892518289 -65.63122658240796 0
75 -38.6454397434679 -63.64723172043769 0
76 -37.79058182573948 -61.39315664287559 0
77 -4.79058182573948 -55.60684335712443 0
78 -5.6454397434679 -53.35276827956231 0
79 -7.014892518288988 -51.36877341759205 0
80 -8.819352532688441 -49.77016134106344 0
81 -10.95395112957464 -48.64983757314585 0
82 -13.29463319744677 -48.07291125901946 0
83 -15.70536680255323 -48.07291125901946 0
84 -18.04604887042536 -48.64983757314585 0
85 -20.18064746731156 -49.77016134106344 0
86 -21.98510748171101 -51.36877341759205 0
87 -23.3545602565321 -53.35276827956231 0
88 -24.20941817426052 -55.60684335712442 0
89 -24.5 -58 0
90 -24.20941817426052 -60.39315664287557 0
91 -23.3545602565321 -62.64723172043769 0
92 -21.98510748171101 -64.63122658240795 0
93 -20.18064746731156 -66.22983865893656 0
94 -18.04604887042536 -67.35016242685415 0
95 -15.70536680255324 -67.92708874098054 0
96 -13.29463319744678 -67.92708874098054 0
97 -10.95395112957464 -67.35016242685415 0
98 -8.819352532688445 -66.22983865893656 0
99 -7.014892518288993 -64.63122658240796 0
100 -5.645439743467904 -62.64723172043769 0
101 -4.790581825739482 -60.39315664287559 0
102 -2.480000000000004 0 0
103 -4.960000000000008 0 0
104 -7.440000000000011 0 0
105 -9.920000000000014 0 0
106 -12.40000000000002 0 0
107 -14.88000000000003 0 0
108 -17.36000000000004 0 0
109 -19.84000000000005 0 0
110 -22.32000000000006 0 0
111 -24.80000000000007 0 0
112 -27.28000000000008 0 0
113 -29.76000000000009 0 0
114 -32.24000000000009 0 0
115 -34.72000000000011 0 0
116 -37.20000000000012 0 0
117 -39.68000000000012 0 0
118 -42.16000000000011 0 0
119 -44.64000000000009 0 0
120 -47.12000000000009 0 0
121 -49.60000000000007 0 0
122 -52.08000000000006 0 0
123 -54.56000000000004 0 0
124 -57.04000000000003 0 0
125 -59.52000000000002 0 0
126 0 -80 0
127 0 -77.5 0
128 0 -75 0
129 0 -72.5 0
130 0 -70 0
131 0 -67.5 0
132 0 -65 0
133 0 -62.5 0
134 0 -60 0
135 0 -57.5 0
136 0 -55 0
137 0 -52.5 0
138 0 -50 0
139 0 -47.5 0
140 0 -45 0
141 0 -42.5 0
142 0 -40 0
143 0 -37.5 0
144 0 -35 0
145 0 -32.5 0
146 0 -30 0
147 0 -27.5 0
148 0 -25 0
149 0 -22.5 0
150 0 -20 0
151 0 -17.5 0
152 0 -15 0
153 0 -12.5 0
154 0 -10 0
155 0 -7.5 0
156 0 -5 0
157 0 -2.5 0
158 -61.98484848484848 -2.500000000000004 0
159 -61.96969696969697 -5.000000000000009 0
160 -61.95454545454545 -7.500000000000013 0
161 -61.93939393939394 -10.00000000000002 0
162 -61.92424242424242 -12.50000000000002 0
163 -61.90909090909091 -15.00000000000003 0
164 -61.89393939393939 -17.50000000000003 0
165 -61.87878787878788 -20.00000000000004 0
166 -61.86363636363637 -22.50000000000004 0
167 -61.84848484848485 -25.00000000000005 0
168 -61.83333333333334 -27.50000000000005 0
169 -61.81818181818182 -30.00000000000006 0
170 -61.8030303030303 -32.50000000000006 0
171 -61.78787878787879 -35.00000000000006 0
172 -61.77272727272727 -37.50000000000006 0
173 -61.75757575757576 -40.00000000000006 0
174 -61.74242424242424 -42.50000000000006 0
175 -61.72727272727273 -45.00000000000006 0
176 -61.71212121212121 -47.50000000000004 0
177 -61.6969696969697 -50.00000000000004 0
178 -61.68181818181818 -52.50000000000004 0
179 -61.66666666666666 -55.00000000000004 0
180 -61.65151515151515 -57.50000000000004 0
181 -61.63636363636363 -60.00000000000004 0
182 -61.62121212121212 -62.50000000000002 0
183 -61.60606060606061 -65.00000000000001 0
184 -61.59090909090909 -67.50000000000003 0
185 -61.57575757575758 -70.00000000000001 0
186 -61.56060606060606 -72.50000000000001 0
187 -61.54545454545455 -75 0
188 -61.53030303030303 -77.5 0
189 -61.51515151515152 -80 0
190 -59.04000000000001 -82.5 0
191 -56.58000000000001 -82.5 0
192 -54.12000000000002 -82.5 0
193 -51.66000000000003 -82.5 0
194 -49.20000000000003 -82.5 0
195 -46.74000000000004 -82.5 0
196 -44.28000000000005 -82.5 0
197 -41.82000000000006 -82.5 0
198 -39.36000000000006 -82.5 0
199 -36.90000000000005 -82.5 0
200 -34.44000000000005 -82.5 0
201 -31.98000000000004 -82.5 0
202 -29.52000000000004 -82.5 0
203 -27.06000000000004 -82.5 0
204 -24.60000000000003 -82.5 0
205 -22.14000000000003 -82.5 0
206 -19.68000000000003 -82.5 0
207 -17.22000000000002 -82.5 0
208 -14.76000000000002 -82.5 0
209 -12.30000000000001 -82.5 0
210 -9.840000000000018 -82.5 0
211 -7.380000000000017 -82.5 0
212 -4.920000000000009 -82.5 0
213 -2.460000000000008 -82.5 0
214 -37.79199348596381 -18.80112327881759 0
215 -38.65092190468617 -16.54233783287828 0
216 -40.02662495553187 -14.55555378946289 0
217 -41.83876337260739 -12.95679674831026 0
218 -43.98151063322259 -11.83943203775143 0
219 -46.32973308894417 -11.26871230117223 0
220 -48.74629760763921 -11.27796682765106 0
221 -51.09007996973367 -11.86665516489843 0
222 -53.22420633877785 -13.00039868096653 0
223 -55.02404651517486 -14.61298823156623 0
224 -56.38449217746792 -16.61025068783584 0
225 -57.22609507137757 -18.87554852437722 0
226 -57.49970668434584 -21.27659129878276 0
227 -57.18934845463856 -23.67316124112309 0
228 -56.31314489853368 -25.92530178903419 0
229 -54.92226516218341 -27.90149086862307 0
230 -53.09793481014241 -29.48632161223518 0
231 -50.94669235821909 -30.58724196917253 0
232 -48.59416756295151 -31.13995962487699 0
233 -46.177744807497 -31.11219658833998 0
234 -43.83854003264103 -30.50557418472539 0
235 -40.62264669712476 -30.67094974176397 0
236 -39.53213364454721 -31.98638111143564 0
237 -39.98860546665642 -35.21383151692544 0
238 -41.02211637962531 -37.44560977396938 0
239 -41.47963647283124 -39.8621474542369 0
240 -41.33349045193443 -42.31726870102207 0
241 -40.59251865904218 -44.66246374578443 0
242 -39.30154232227166 -46.75587223285484 0
243 -37.53865232907535 -48.47086432255328 0
244 -35.41048552486149 -49.70370050359358 0
245 -33.04577427261339 -50.3798067743315 0
246 -30.58755945929181 -50.45828560846053 0
247 -28.18453798262719 -49.93438983778804 0
248 -25.98206810700852 -48.8398098074421 0
249 -24.11337677260164 -47.24075643355099 0
250 -22.69150072572192 -45.23395611883366 0
251 -21.80244894979199 -42.9407997928158 0
252 -21.79403849984703 -38.09286241408009 0
253 -22.65886227150966 -35.82728305309805 0
254 -24.04361301809755 -33.83649542837137 0
255 -25.86685673317293 -32.2375731812378 0
256 -28.02137264736857 -31.12454525148116 0
257 -30.38045863522312 -30.56286625165216 0
258 -32.80538227576081 -30.58556723185186 0
259 -35.15353938708017 -31.19131319964766 0
260 -38.37735330287521 -31.02905025823603 0
261 -39.46786635545276 -29.71361888856436 0
262 -39.26166919697333 -26.86832475956538 0
263 -38.29629949640646 -25.11048552486159 0
264 -37.70109687169183 -23.19536900898864 0
265 0 0 0.875
266 -62 0 0.875
267 -2.480000000000004 0 1.75
268 -4.960000000000008 0 1.75
269 -7.440000000000011 0 1.75
270 -9.920000000000014 0 1.75
271 -12.40000000000002 0 1.75
272 -14.88000000000003 0 1.75
273 -17.36000000000004 0 1.75
274 -19.84000000000005 0 1.75
275 -22.32000000000006 0 1.75
276 -24.80000000000007 0 1.75
277 -27.28000000000008 0 1.75
278 -29.76000000000009 0 1.75
279 -32.24000000000009 0 1.75
280 -34.72000000000011 0 1.75
281 -37.20000000000012 0 1.75
282 -39.68000000000012 0 1.75
283 -42.16000000000011 0 1.75
284 -44.64000000000009 0 1.75
285 -47.12000000000009 0 1.75
286 -49.60000000000007 0 1.75
287 -52.08000000000006 0 1.75
288 -54.56000000000004 0 1.75
289 -57.04000000000003 0 1.75
290 -59.52000000000002 0 1.75
291 0 -82.5 0.875
292 0 -80 1.75
293 0 -77.5 1.75
294 0 -75 1.75
295 0 -72.5 1.75
296 0 -70 1.75
297 0 -67.5 1.75
298 0 -65 1.75
299 0 -62.5 1.75
300 0 -60 1.75
301 0 -57.5 1.75
302 0 -55 1.75
303 0 -52.5 1.75
304 0 -50 1.75
305 0 -47.5 1.75
306 0 -45 1.75
307 0 -42.5 1.75
308 0 -40 1.75
309 0 -37.5 1.75
310 0 -35 1.75
311 0 -32.5 1.75
312 0 -30 1.75
313 0 -27.5 1.75
314 0 -25 1.75
315 0 -22.5 1.75
316 0 -20 1.75
317 0 -17.5 1.75
318 0 -15 1.75
319 0 -12.5 1.75
320 0 -10 1.75
321 0 -7.5 1.75
322 0 -5 1.75
323 0 -2.5 1.75
324 -61.5 -82.5 0.875
325 -61.98484848484848 -2.500000000000004 1.75
326 -61.96969696969697 -5.000000000000009 1.75
327 -61.95454545454545 -7.500000000000013 1.75
328 -61.93939393939394 -10.00000000000002 1.75
329 -61.92424242424242 -12.50000000000002 1.75
330 -61.90909090909091 -15.00000000000003 1.75
331 -61.89393939393939 -17.50000000000003 1.75
332 -61.87878787878788 -20.00000000000004 1.75
333 -61.86363636363637 -22.50000000000004 1.75
334 -61.84848484848485 -25.00000000000005 1.75
335 -61.83333333333334 -27.50000000000005 1.75
336 -61.81818181818182 -30.00000000000006 1.75
337 -61.8030303030303 -32.50000000000006 1.75
338 -61.78787878787879 -35.00000000000006 1.75
339 -61.77272727272727 -37.50000000000006 1.75
340 -61.75757575757576 -40.00000000000006 1.75
341 -61.74242424242424 -42.50000000000006 1.75
342 -61.72727272727273 -45.00000000000006 1.75
343 -61.71212121212121 -47.50000000000004 1.75
344 -61.6969696969697 -50.00000000000004 1.75
345 -61.68181818181818 -52.50000000000004 1.75
346 -61.66666666666666 -55.00000000000004 1.75
347 -61.65151515151515 -57.50000000000004 1.75
348 -61.63636363636363 -60.00000000000004 1.75
349 -61.62121212121212 -62.50000000000002 1.75
350 -61.60606060606061 -65.00000000000001 1.75
351 -61.59090909090909 -67.50000000000003 1.75
352 -61.57575757575758 -70.00000000000001 1.75
353 -61.56060606060606 -72.50000000000001 1.75
354 -61.54545454545455 -75 1.75
355 -61.53030303030303 -77.5 1.75
356 -61.51515151515152 -80 1.75
357 -59.04000000000001 -82.5 1.75
358 -56.58000000000001 -82.5 1.75
359 -54.12000000000002 -82.5 1.75
360 -51.66000000000003 -82.5 1.75
361 -49.20000000000003 -82.5 1.75
362 -46.74000000000004 -82.5 1.75
363 -44.28000000000005 -82.5 1.75
364 -41.82000000000006 -82.5 1.75
365 -39.36000000000006 -82.5 1.75
366 -36.90000000000005 -82.5 1.75
367 -34.44000000000005 -82.5 1.75
368 -31.98000000000004 -82.5 1.75
369 -29.52000000000004 -82.5 1.75
370 -27.06000000000004 -82.5 1.75
371 -24.60000000000003 -82.5 1.75
372 -22.14000000000003 -82.5 1.75
373 -19.68000000000003 -82.5 1.75
374 -17.22000000000002 -82.5 1.75
375 -14.76000000000002 -82.5 1.75
376 -12.30000000000001 -82.5 1.75
377 -9.840000000000018 -82.5 1.75
378 -7.380000000000017 -82.5 1.75
379 -4.920000000000009 -82.5 1.75
380 -2.460000000000008 -82.5 1.75
381 -37.5 -59 0.875
382 -37.79058182573948 -56.60684335712443 1.75
383 -38.6454397434679 -54.35276827956231 1.75
384 -40.01489251828899 -52.36877341759205 1.75
385 -41.81935253268844 -50.77016134106344 1.75
386 -43.95395112957464 -49.64983757314585 1.75
387 -46.29463319744677 -49.07291125901946 1.75
388 -48.70536680255323 -49.07291125901946 1.75
389 -51.04604887042535 -49.64983757314585 1.75
390 -53.18064746731156 -50.77016134106344 1.75
391 -54.98510748171101 -52.36877341759205 1.75
392 -56.3545602565321 -54.35276827956231 1.75
393 -57.20941817426052 -56.60684335712442 1.75
394 -57.5 -59 1.75
395 -57.20941817426052 -61.39315664287557 1.75
396 -56.3545602565321 -63.64723172043769 1.75
397 -54.98510748171101 -65.63122658240795 1.75
398 -53.18064746731156 -67.22983865893656 1.75
399 -51.04604887042536 -68.35016242685415 1.75
400 -48.70536680255324 -68.92708874098054 1.75
401 -46.29463319744678 -68.92708874098054 1.75
402 -43.95395112957465 -68.35016242685415 1.75
403 -41.81935253268844 -67.22983865893656 1.75
404 -40.014892518289 -65.63122658240796 1.75
405 -38.6454397434679 -63.64723172043769 1.75
406 -37.79058182573948 -61.39315664287559 1.75
407 -4.5 -58 0.875
408 -4.79058182573948 -55.60684335712443 1.75
409 -5.6454397434679 -53.35276827956231 1.75
410 -7.014892518288988 -51.36877341759205 1.75
411 -8.819352532688441 -49.77016134106344 1.75
412 -10.95395112957464 -48.64983757314585 1.75
413 -13.29463319744677 -48.07291125901946 1.75
414 -15.70536680255323 -48.07291125901946 1.75
415 -18.04604887042536 -48.64983757314585 1.75
416 -20.18064746731156 -49.77016134106344 1.75
417 -21.98510748171101 -51.36877341759205 1.75
418 -23.3545602565321 -53.35276827956231 1.75
419 -24.20941817426052 -55.60684335712442 1.75
420 -24.5 -58 1.75
421 -24.20941817426052 -60.39315664287557 1.75
422 -23.3545602565321 -62.64723172043769 1.75
423 -21.98510748171101 -64.63122658240795 1.75
424 -20.18064746731156 -66.22983865893656 1.75
425 -18.04604887042536 -67.35016242685415 1.75
426 -15.70536680255324 -67.92708874098054 1.75
427 -13.29463319744678 -67.92708874098054 1.75
428 -10.95395112957464 -67.35016242685415 1.75
429 -8.819352532688445 -66.22983865893656 1.75
430 -7.014892518288993 -64.63122658240796 1.75
431 -5.645439743467904 -62.64723172043769 1.75
432 -4.790581825739482 -60.39315664287559 1.75
433 -37.5 -21.2 0.875
434 -41.71315974970226 -29.35551837209224 0.875
435 -37.79199348596381 -18.80112327881759 1.75
436 -38.65092190468617 -16.54233783287828 1.75
437 -40.02662495553187 -14.55555378946289 1.75
438 -41.83876337260739 -12.95679674831026 1.75
439 -43.98151063322259 -11.83943203775143 1.75
440 -46.32973308894417 -11.26871230117223 1.75
441 -48.74629760763921 -11.27796682765106 1.75
442 -51.09007996973367 -11.86665516489843 1.75
443 -53.22420633877785 -13.00039868096653 1.75
444 -55.02404651517486 -14.61298823156623 1.75
445 -56.38449217746792 -16.61025068783584 1.75
446 -57.22609507137757 -18.87554852437722 1.75
447 -57.49970668434584 -21.27659129878276 1.75
448 -57.18934845463856 -23.67316124112309 1.75
449 -56.31314489853368 -25.92530178903419 1.75
450 -54.92226516218341 -27.90149086862307 1.75
451 -53.09793481014241 -29.48632161223518 1.75
452 -50.94669235821909 -30.58724196917253 1.75
453 -48.59416756295151 -31.13995962487699 1.75
454 -46.177744807497 -31.11219658833998 1.75
455 -43.83854003264103 -30.50557418472539 1.75
456 -38.44162059196975 -33.30181248110739 0.875
457 -40.62264669712476 -30.67094974176397 1.75
458 -39.53213364454721 -31.98638111143564 1.75
459 -21.5 -40.5 0.875
460 -39.98860546665642 -35.21383151692544 1.75
461 -41.02211637962531 -37.44560977396938 1.75
462 -41.47963647283124 -39.8621474542369 1.75
463 -41.33349045193443 -42.31726870102207 1.75
464 -40.59251865904218 -44.66246374578443 1.75
465 -39.30154232227166 -46.75587223285484 1.75
466 -37.53865232907535 -48.47086432255328 1.75
467 -35.41048552486149 -49.70370050359358 1.75
468 -33.04577427261339 -50.3798067743315 1.75
469 -30.58755945929181 -50.45828560846053 1.75
470 -28.18453798262719 -49.93438983778804 1.75
471 -25.98206810700852 -48.8398098074421 1.75
472 -24.11337677260164 -47.24075643355099 1.75
473 -22.69150072572192 -45.23395611883366 1.75
474 -21.80244894979199 -42.9407997928158 1.75
475 -37.28684025029773 -32.34448162790775 0.875
476 -21.79403849984703 -38.09286241408009 1.75
477 -22.65886227150966 -35.82728305309805 1.75
478 -24.04361301809755 -33.83649542837137 1.75
479 -25.86685673317293 -32.2375731812378 1.75
480 -28.02137264736857 -31.12454525148116 1.75
481 -30.38045863522312 -30.56286625165216 1.75
482 -32.80538227576081 -30.58556723185186 1.75
483 -35.15353938708017 -31.19131319964766 1.75
484 -40.5583794080304 -28.39818751889278 0.875
485 -38.37735330287521 -31.02905025823603 1.75
486 -39.46786635545276 -29.71361888856436 1.75
487 -39.26166919697333 -26.86832475956538 1.75
488 -38.29629949640646 -25.11048552486159 1.75
489 -37.70109687169183 -23.19536900898864 1.75
490 -4 -23 0.875
491 -4.29058182573948 -20.60684335712442 1.75
492 -5.1454397434679 -18.35276827956232 1.75
493 -6.514892518288988 -16.36877341759205 1.75
494 -8.319352532688441 -14.77016134106344 1.75
495 -10.45395112957464 -13.64983757314585 1.75
496 -12.79463319744677 -13.07291125901946 1.75
497 -15.20536680255323 -13.07291125901946 1.75
498 -17.54604887042536 -13.64983757314585 1.75
499 -19.68064746731156 -14.77016134106344 1.75
500 -21.48510748171101 -16.36877341759205 1.75
501 -22.8545602565321 -18.35276827956231 1.75
502 -23.70941817426052 -20.60684335712442 1.75
503 -24 -23 1.75
504 -23.70941817426052 -25.39315664287557 1.75
505 -22.8545602565321 -27.64723172043768 1.75
506 -21.48510748171101 -29.63122658240795 1.75
507 -19.68064746731156 -31.22983865893656 1.75
508 -17.54604887042536 -32.35016242685415 1.75
509 -15.20536680255324 -32.92708874098054 1.75
510 -12.79463319744678 -32.92708874098054 1.75
511 -10.45395112957464 -32.35016242685415 1.75
512 -8.319352532688445 -31.22983865893656 1.75
513 -6.514892518288993 -29.63122658240795 1.75
514 -5.145439743467904 -27.64723172043769 1.75
515 -4.290581825739482 -25.39315664287559 1.75
516 -30.70538118872178 -80.395759285056 0
517 -37.65414999315358 -65.84602689981716 0
518 -30.98617919215921 -1.976110225032322 0
519 -23.8880238205656 -16.17478995629902 0
520 -50.75709152242845 -47.40767881289819 0
521 -22.28770422933562 -66.87954734215703 0
522 -37.37955447303072 -14.49560637593815 0
523 -50.24909749154554 -32.90094703275926 0
524 -11.30996215464066 -34.42484871374487 0
525 -38.56880885401952 -80.68157867435485 0
526 -23.72700924803095 -2.05872170022009 0
527 -21.09145493946931 -80.45935006791311 0
528 -35.88739509936327 -22.20890170558848 0
529 -8.643620407605098 -80.44791034913393 0
530 -1.989861303301542 -41.4122231052436 0
531 -25.70766051478946 -62.16743474342195 0
532 -14.46595608995587 -70.00931709822164 0
533 -59.40493609870865 -41.15359509341508 0
534 -52.67137044664766 -80.45160618402122 0
535 -44.38939331823511 -70.46076473945845 0
536 -14.42945768866276 -46.26109570313694 0
537 -8.656672840915991 -2.027812525952307 0
538 -38.48564789107897 -2.089676092283327 0
539 -16.87534068063447 -11.3342842831227 0
540 -8.975669487364911 -68.57368726976439 0
541 -53.33603940419376 -10.58131800893793 0
542 -35.83949478701454 -57.64982948795698 0
543 -59.51417072159518 -73.73611631277799 0
544 -26.01581448413362 -21.77542652158442 0
545 -8.764624290132851 -12.01441067693598 0
546 -25.87555232065835 -80.48076977915638 0
547 -43.32082118574723 -41.17611333034908 0
548 -47.98473976657831 -80.32842956332631 0
549 -15.95938668208697 -80.41745429898614 0
550 -59.48097170668866 -36.51166082819674 0
551 -50.76116088313557 -70.56864893931923 0
552 -13.57104543356207 -2.1437828769783 0
553 -43.07521719752717 -80.42582725572481 0
554 -44.47667643291715 -9.470202618139215 0
555 -2.165063509461095 -73.75 0
556 -8.8261431360655 -47.18944221133091 0
557 -18.63071670126942 -2.622030385828815 0
558 -19.90275998334699 -38.39166987085303 0
559 -26.23025511780774 -56.6732692310388 0
560 -1.976746094445549 -36.33590993315602 0
561 -55.87509939380568 -2.484303567957753 0
562 -31.19134782380752 -28.37028844591772 0
563 -50.80196999897889 -2.052511273442519 0
564 -59.81806147512884 -46.10576140076414 0
565 -2.105577644646541 -6.241867987238599 0
566 -43.39968921053967 -2.076422954420359 0
567 -55.53328639864394 -30.32755738095104 0
568 -59.58675010385492 -8.657087765894516 0
569 -55.26280915228925 -67.80986287343585 0
570 -2.417977677352681 -46.51250367825242 0
571 -31.92669508532341 -52.52091504282539 0
572 -2.221255173345376 -68.73121959719104 0
573 -1.909498084384481 -11.07370821227304 0
574 -37.78341284609337 -29.42692256670953 0
575 -42.49258586641594 -35.5517398312122 0
576 -6.256390605172797 -32.31260894459635 0
577 -55.63881824092589 -50.06231415851297 0
578 -59.57727451115063 -78.71732041215954 0
579 -1.894274527120789 -78.83067525728291 0
580 -44.45880076267656 -47.39287205245606 0
581 -16.73951864988273 -34.78891040334757 0
582 -25.35016939605147 -27.30266657004227 0
583 -57.43394937147578 -14.4334389556869 0
584 -4.689936188473865 -51.20542124498724 0
585 -4.6119761794344 -64.82521004370096 0
586 -20.27226702451944 -44.81381619953384 0
587 -59.59272794484711 -28.80914822922592 0
588 -3.747227236091994 -2.548338388683838 0
589 -59.84745464640925 -3.72517378656601 0
590 -4.138257607675317 -16.31145677761868 0
591 -59.39847331944235 -66.29201164020202 0
592 -59.7158585339851 -51.17939457902271 0
593 -41.16500797019191 -32.22763347087266 0
594 -33.84225697436597 -28.58790407673907 0
595 -32.72672655661262 -26.4966793197253 0
596 -30.84635969792146 -26.19476240399824 0
597 -31.77238895836175 -24.46245869833757 0
598 -29.44640046820107 -24.7451863913613 0
599 -30.69314009220488 -22.57539136145955 0
600 -34.96201084758355 -26.52287972817606 0
601 -19.47041312425105 -42.6137852084539 0
602 -2.297232752785298 -31.44002114065214 0
603 -43.72827106636186 -37.60217255644675 0
604 -44.82066861439367 -35.7199050138911 0
605 -45.93704468488453 -37.86593522855746 0
606 -47.25144552876197 -35.61413544637914 0
607 -48.32118019268532 -38.04738065380656 0
608 -47.01819090245907 -40.05281174402432 0
609 -49.36103427264138 -40.29080384796198 0
610 -50.74054418271885 -38.37080079113043 0
611 -51.77054871796096 -40.53198581166522 0
612 -53.16513654734859 -38.60533217534916 0
613 -47.98065903051521 -42.29469685429002 0
614 -54.1983925761056 -40.75544639848844 0
615 -52.79307625910714 -42.74482316744149 0
616 -55.22687560585391 -42.96317143510307 0
617 -53.92127711614435 -44.93218125034335 0
618 -55.60772088159591 -38.75369137122694 0
619 -54.24250085069103 -36.28562417031683 0
620 -25.45520228160471 -18.94009222895411 0
621 -26.50079240288393 -16.51187483494218 0
622 -25.32606438728893 -14.29771553653142 0
623 -27.81975331601375 -14.51763600526158 0
624 -26.81990595621285 -12.31971041963742 0
625 -29.23449342906614 -12.57378008155693 0
626 -28.26649853331794 -10.36004595178595 0
627 -30.67825724234628 -10.53005457128297 0
628 -25.84770253277876 -10.09602914059923 0
629 -30.36421231661713 -14.55192021823052 0
630 -27.29262211503251 -8.131796171782291 0
631 -24.8712474528903 -7.867496263609269 0
632 -23.42851813277974 -9.83449575793772 0
633 -22.44533122321647 -7.603741198357959 0
634 -27.59984105179603 -18.25070056486039 0
635 -26.30706670234071 -5.967563426009917 0
636 -28.7474241871457 -6.164811901541455 0
637 -21.00544092573763 -9.574276813892887 0
638 -20.01315524632716 -7.381437621584624 0
639 -21.87205180477478 -11.78545657063573 0
640 -27.4464916874466 -3.995910213197213 0
641 -21.45369913476682 -5.427124255847154 0
642 -34.96227340493835 -52.34047259400757 0
643 -29.43087503760415 -52.57268043706628 0
644 -30.86708216462198 -54.71102520630802 0
645 -43.52696612498049 -43.64621863163039 0
646 -35.70433051862575 -20.07735297479501 0
647 -35.51993928187033 -17.92830176175862 0
648 -33.65831134522029 -19.15200388046155 0
649 -33.45395832857126 -16.95224422506116 0
650 -31.6310567792266 -18.69490664713118 0
651 -27.0941681614981 -52.40730359118871 0
652 -25.11201255743093 -64.63180376310382 0
653 -27.29513500867269 -64.13301801853001 0
654 -28.09052645844017 -61.7638783389184 0
655 -29.60452485473597 -63.70851117457478 0
656 -28.78597720093478 -65.99605611592995 0
657 -31.03424871175275 -65.66680179438845 0
658 -30.2931243317936 -67.88398261712859 0
659 -27.92139725116831 -68.26303582563426 0
660 -29.45067275596258 -70.14253960433118 0
661 -27.13632969880789 -70.47831615254887 0
662 -31.84565692719735 -69.75547138702558 0
663 -30.98715566464078 -72.02190879210578 0
664 -33.38733478662711 -71.63493050130279 0
665 -32.52270160982396 -73.90849269535681 0
666 -34.92762939484508 -73.51965104559414 0
667 -29.96441102229973 -74.1937016823079 0
668 -34.06073400181023 -75.7976044034113 0
669 -30.44781774466785 -61.44240684866064 0
670 -36.46682970085155 -75.4071585971069 0
671 -37.33265852253599 -73.12974016543261 0
672 -38.87176076396447 -75.01576929884388 0
673 -39.73542402831882 -72.73828765211009 0
674 -41.34634356043541 -74.57031758433716 0
675 -38.19657154821904 -70.85491994727525 0
676 -34.33188656817664 -69.37645561583078 0
677 -40.40814820285447 -76.83125185168487 0
678 -42.81893152532625 -76.42661180085551 0
679 -28.96899680230949 -59.6108133835076 0
680 -31.36650580578107 -59.17342196715501 0
681 -33.08173147728825 -61.37008672290652 0
682 -43.6797271381697 -74.22992509945709 0
683 -45.22012947534526 -76.08789639159389 0
684 -46.1034278231655 -73.88446706684041 0
685 -47.6100460645257 -75.81592486690229 0
686 -11.7460767484401 -46.21434577777921 0
687 -9.581632969334159 -44.73803908756109 0
688 -11.8346434341035 -43.75890233174945 0
689 -9.787782033013439 -42.46611262134285 0
690 -12.09261413837719 -41.48439444663556 0
691 -9.878854346376723 -40.00376682810085 0
692 -7.647913875099817 -43.39663791911478 0
693 -12.23435608595046 -39.05408344858398 0
694 -14.20061394873481 -40.46286380160106 0
695 -14.52034474179401 -38.19865106038932 0
696 -38.75534804823765 -12.19883181689084 0
697 -36.57782494936826 -12.16751632343107 0
698 -37.90532044915226 -10.13164634994553 0
699 -35.52446113180563 -9.962315269363589 0
700 -36.88763917906761 -7.968550489039423 0
701 -39.49835982547032 -8.05704366175911 0
702 -34.47990436167284 -7.762798074551498 0
703 -35.84431450660862 -5.810154389748973 0
704 -33.43211797569512 -5.647968004545277 0
705 -34.1524992084701 -11.97196003276483 0
706 -19.62464705353319 -33.84862609936464 0
707 -20.59940646492468 -68.55751507629695 0
708 -18.50667820579909 -69.95443903818011 0
709 -20.65581289898422 -70.97683725462127 0
710 -18.55043341964176 -72.29669579980074 0
711 -20.65165130216637 -73.4627083350081 0
712 -18.5593195014322 -74.71891833123409 0
713 -16.42776472799658 -73.53510953263148 0
714 -22.7647123676315 -72.13620297871275 0
715 -22.76770605371681 -74.64234690898525 0
716 -16.48254291469855 -75.9365474976951 0
717 -14.33509872759608 -74.78469252037873 0
718 -24.78567977519331 -73.43996448611202 0
719 -24.86660428738241 -75.83840241908145 0
720 -14.45344266743384 -77.07269627966033 0
721 -12.25688066334887 -76.00761411332235 0
722 -12.24525804282632 -73.66433876070111 0
723 -10.12184918906626 -74.85157907366624 0
724 -12.27821111599177 -78.4716390909837 0
725 -10.08008964018896 -72.40214298346385 0
726 -7.911016229519252 -73.77594984883527 0
727 -7.97695599274795 -76.07858816340477 0
728 -18.56372032172601 -77.21249599846035 0
729 -5.934739943463558 -74.92159604573069 0
730 -5.871000785574996 -72.42674966450352 0
731 -5.963478436719402 -77.32708101055971 0
732 -36.33900223196027 -63.88047189501124 0
733 -50.85195553952903 -9.553688656505205 0
734 -52.64702504240547 -8.035892587256882 0
735 -50.39741291040568 -7.206593422538297 0
736 -54.98682386477037 -8.719447935675504 0
737 -54.40972952291768 -6.415417400697443 0
738 -53.2947533280843 -69.60148853047232 0
739 -52.59703292380971 -72.09614755228024 0
740 -55.03429629126204 -71.2760177876992 0
741 -54.4454197362045 -73.64929923828736 0
742 -52.00069960145586 -74.48674114756963 0
743 -53.77316569159819 -76.07673379551578 0
744 -51.42115345145439 -76.8856490061972 0
745 -56.08615806670379 -75.41138986101819 0
746 -55.61543048001944 -77.99685722456007 0
747 -13.82787903639304 -10.88909772590969 0
748 -15.6904969056619 -9.077505400587235 0
749 -13.25713241344366 -8.494999355442694 0
750 -14.93733050410949 -6.726503430650844 0
751 -12.46929157591539 -6.306943314082964 0
752 -10.88036643553291 -8.01773116532528 0
753 -10.12620143910629 -5.906992665132705 0
754 -8.463115367182542 -7.708377755743378 0
755 -7.825558191220644 -5.561379855015069 0
756 -6.141588377103407 -7.365120610319728 0
757 -6.361517402137327 -48.7952364207069 0
758 -46.58364822010765 -46.90294739879464 0
759 -52.70332360626782 -32.62008118218971 0
760 -6.571867593194956 -67.73156628389367 0
761 -8.589279929597375 -33.83054527125226 0
762 -6.0992599264838 -34.65962727801812 0
763 -8.009823280854238 -36.24454822785724 0
764 -5.831279148544116 -36.96443796637068 0
765 -5.482486677256517 -14.17769284393994 0
766 -35.49759466591021 -77.65018622861082 0
767 -42.08031326609017 -69.47106536754994 0
768 -47.09770953829029 -9.118139885645739 0
769 -45.74848143444479 -7.217174609300287 0
770 -43.39335046732245 -7.229461664822757 0
771 -55.45815695608412 -12.50664067532279 0
772 -57.61730849492123 -11.98970709655967 0
773 -22.68102264353185 -76.93368145543461 0
774 -25.72978654269042 -24.65273879648955 0
775 -33.67638878311389 -54.41037554702888 0
776 -18.00081292810804 -44.44721159554081 0
777 -35.2049140169596 -66.02205675636145 0
778 -57.07933243188412 -6.999886873998591 0
779 -42.19480089604959 -10.81064754818679 0
780 -53.08255917171707 -48.6431746333169 0
781 -25.60208034516037 -68.72824249640834 0
782 -32.05315867201335 -7.658914349502474 0
783 -6.529122403251652 -46.45219018274753 0
784 -34.73340191383421 -3.876817249814813 0
785 -56.28371034658367 -45.13063704552617 0
786 -3.538281053581045 -53.61946721954462 0
787 -32.85655461870651 -22.66989394707063 0
788 -48.29467753784649 -73.42998111647134 0
789 -51.69799227963795 -34.71321336331287 0
790 -33.35135531860998 -78.13512375387984 0
791 -16.7001075919686 -42.17311088042931 0
792 -33.88920776504579 -63.96182287066931 0
793 -28.68667271950189 -29.11308418054397 0
794 -44.15757662163678 -5.303432033343803 0
795 -41.77556905597326 -5.619402164296503 0
796 -46.63008006579285 -4.542300046681909 0
797 -3.534738535420175 -62.09142528572829 0
798 -6.988054270322785 -10.06549761086375 0
799 -58.56792109045043 -25.15715455216677 0
800 -58.52405099107068 -16.43780667867642 0
801 -39.57106616028602 -68.29955852138998 0
802 -5.544993424652365 -4.76704841653779 0
803 -42.28869469627273 -48.21904603808233 0
804 -11.45105539742017 -69.73067641455103 0
805 -11.14533739208571 -11.55038533835019 0
806 -23.88802382056561 -29.82521004370097 0
807 -27.21427766126155 -74.45443491397498 0
808 -27.0283660496136 -76.94913179706819 0
809 -18.6258698351323 -36.5008425579656 0
810 -3.992520755041685 -48.69118568390419 0
811 -37.00568671708124 -68.29715029154137 0
812 -13.92874586872305 -34.70025590812553 0
813 -4.291436653554701 -9.740048893042108 0
814 -16.41371228980051 -39.5210369324694 0
815 -14.24592323718298 -42.95233019885345 0
816 -19.02698072151964 -5.105178488049184 0
817 -58.73130988534865 -62.98220311904755 0
818 -37.21882126866613 -51.34310424267692 0
819 -3.932325433669114 -75.8186580031628 0
820 -2.585120106160467 -18.67883543110025 0
821 -27.41456411321937 -25.99541496906146 0
822 -32.31190375828436 -56.75202423835333 0
823 -43.92576425076955 -33.29936165712081 0
824 -58.3348809339089 -54.53057591386202 0
825 -7.76823463340358 -38.5230249449985 0
826 -5.350756361590069 -39.38322183978186 0
827 -3.283660833271341 -14.55300697184558 0
828 -51.14733832914857 -44.98818867874564 0
829 -10.26634368850957 -37.64441632709254 0
830 -29.9494177981962 -57.15662373928974 0
831 -21.18353527296515 -47.24838536927791 0
832 -28.53187553983672 -22.38746386753001 0
833 -30.00086104092084 -20.5908127498747 0
834 -23.01518437354952 -69.30880095394731 0
835 -21.96731614358166 -31.99324083325541 0
836 -19.2205762912863 -11.90989164749826 0
837 -35.46400597902632 -60.10782703731172 0
838 -23.88870543776067 -51.10292077176197 0
839 -17.46922384526567 -7.11473779116681 0
840 -2.804405223139653 -27.5014548782331 0
841 -11.78200713136863 -4.084081045498806 0
842 -16.59139746338366 -4.845588986109007 0
843 -3.98324752455472 -33.25224333825624 0
844 -2.399340862689929 -56.13207716301076 0
845 -36.06441105907304 -24.38762312881128 0
846 -57.60280429180294 -43.15002872260024 0
847 -5.309180099855119 -11.56793810929035 0
848 -46.7449859570195 -71.40330207919037 0
849 -6.81159453743966 -70.10200301181675 0
850 -47.4787893266158 -33.2078152937814 0
851 -46.65476505210351 -78.18982893642419 0
852 -55.85184134999217 -4.910570176308283 0
853 -53.85208682113963 -4.107536348410292 0
854 -35.34150048672781 -15.57753066371184 0
855 -33.19366745763365 -14.55496362626447 0
856 -36.11649467973004 -54.90403120583748 0
857 -57.01722351112956 -36.72825986558446 0
858 -55.98002667667053 -34.50027054843694 0
859 -58.0512200618617 -38.88183051767525 0
860 -2.57275646490401 -59.44822956440625 0
861 -28.21915287153101 -55.10385976760919 0
862 -26.42724353509599 -59.44822956440624 0
863 -7.524043050323897 -40.99314628893145 0
864 -5.512476355320548 -42.41203006236113 0
865 -42.30019364305726 -72.11645118296602 0
866 -55.21650241022665 -47.23486044312517 0
867 -57.55292103063415 -48.72642484142159 0
868 -37.34925672610132 -26.99128818933364 0
869 -40.1610894175018 -48.60885785392539 0
870 -34.73322886433216 -79.97588280813122 0
871 -59.65889841356585 -18.73049593658008 0
872 -4.725146497294379 -68.90725200376168 0
873 -15.97996681182947 -2.376221822045146 0
874 -18.42959419623028 -9.44255289594053 0
875 -57.3727554997119 -9.633708949704442 0
876 -59.75316414900264 -6.079275434399797 0
877 -2.451848784589057 -39.00251757878841 0
878 -2.04122174575679 -43.83579657189787 0
879 -4.377145377560762 -44.82947353933754 0
880 -22.47302266004599 -14.08584436751414 0
881 -1.983620242833783 -71.14104012905594 0
882 -59.48498612884077 -68.86241408973039 0
883 -59.44240397027241 -71.25615795259759 0
884 -57.39943995661679 -70.29961819059335 0
885 -57.12372270305182 -72.94444420051028 0
886 -59.62756208627252 -76.23549909297633 0
887 -40.92701836091743 -1.993733052068002 0
888 -39.82078918688105 -4.189484535271426 0
889 -21.29195381751305 -2.085755264545618 0
890 -59.69300337370821 -31.34315603930832 0
891 -59.70590072072942 -33.79233425305775 0
892 -57.44048690693553 -32.55820136152862 0
893 -2.165063509461085 -66.25 0
894 -35.86362792291418 -71.13547459449616 0
895 -45.50718241953275 -80.37120423753154 0
896 -49.27540072232694 -78.15069500481349 0
897 -26.17578789389281 -1.996376696616522 0
898 -40.70026503004522 -80.54955156591127 0
899 -18.53299473565809 -79.92021615378111 0
900 -28.29048067065666 -80.5089844856755 0
901 -29.25653900943021 -78.19353185246692 0
902 -23.47964415126238 -80.50373066776089 0
903 -45.88000000000009 -2.147743001385393 0
904 -48.36399120084612 -2.145438680502565 0
905 -49.75991562542534 -4.632664923625363 0
906 -55.20967780339926 -80.36305367409406 0
907 -26.33696129378291 -29.4854554549461 0
908 -6.095991174865812 -79.94840782449077 0
909 -6.204087038052684 -2.145383348865565 0
910 -49.84334925087405 -36.30278219838826 0
911 -32.99463408713971 -67.46016084947838 0
912 -50.3340632148292 -42.55874748437145 0
913 -48.95777114704481 -44.09212118804085 0
914 -46.5368499670594 -44.26174050529914 0
915 -50.35506338580271 -80.44599974513946 0
916 -24.29454424564684 -12.06987529880927 0
917 -33.09905735200237 -9.770531983376063 0
918 -26.53183399739776 -66.44832277331881 0
919 -33.8052003286062 -24.59730913506003 0
920 -16.76026325496621 -37.07692981700151 0
921 -2.137205404296065 -51.25 0
922 -37.87349252271061 -77.15686561703308 0
923 -28.59307341221466 -72.40632520090998 0
924 -31.31542683004707 -76.37355400423995 0
925 -59.73481731194326 -13.97745363312709 0
926 -23.87615241477297 -5.730048012640239 0
927 -10.058856899173 -77.1248260372038 0
928 -29.70816349866695 -8.405648882681334 0
929 -59.42001802150512 -22.74365438115299 0
930 -20.67178336848612 -75.89640650715087 0
931 -57.08245841152233 -28.46708285579054 0
932 -56.68199158598811 -40.9429605897515 0
933 -3.836009190928525 -29.49283994587439 0
934 -31.02647220889072 -5.516799790868745 0
935 -32.06613616561207 -20.75893591113611 0
936 -14.40109758337915 -72.44552240044254 0
937 -14.22183982002812 -4.413853579227514 0
938 -22.57073460163834 -49.05806224097572 0
939 -24.98418054625191 -71.0930029766219 0
940 -31.64654654357753 -12.68450013025773 0
941 -57.35342636185634 -52.1986708577768 0
942 -2.051684338982216 -8.619862005397074 0
943 -44.19738878655735 -78.33379551524337 0
944 -12.41269551003176 -36.7265188466512 0
945 -24.78901615439125 -78.31625287020441 0
946 -13.50640705829657 -80.55355793564118 0
947 -33.71779780314073 -58.54408651233251 0
948 -9.679074440811199 -9.841880173558568 0
949 -2.181858924977124 -21.53609700402506 0
950 -11.06512384559204 -80.58659819816438 0
951 -59.53441483048253 -61.05096082176475 0
952 -57.64678768030436 -80.14338725873012 0
953 -28.90084830382944 -16.44939947397187 0
954 -1.85284306342507 -3.855032746324845 0
955 -16.51728508611423 -71.26717463355604 0
956 -59.28563662023522 -57.66168118792527 0
957 -3.670297221437885 -80.43200815060766 0
958 -58.34399114897101 -2.096129910336117 0
959 -52.1605630845295 -5.695033541910746 0
960 -45.54822278551121 -41.85218904674666 0
961 -57.0137469788277 -66.5324665911817 0
962 -38.17088890670223 -6.028533284464977 0
963 -1.987084397811063 -23.91290148267938 0
964 -26.16151042321364 -54.52330432909039 0
965 -49.84609031642685 -75.25582291219331 0
966 -18.96626486526724 -46.57055612332469 0
967 -16.53268439780803 -78.23546698634613 0
968 -20.60918450415921 -78.14266873789418 0
969 -35.9732936950904 -28.91823437206122 0
970 -48.12328827160735 -6.85502318889624 0
971 -59.53702361394523 -48.69087442982858 0
972 -53.26815140906268 -1.943009817583068 0
973 -59.81736005005713 -43.7648471449529 0
974 -31.81357298435285 -63.45214498228444 0
975 -1.881159870526108 -15.96554986342742 0
976 -42.65896031080194 -45.84462535541488 0
977 -33.46006224031413 -1.957073175566663 0
978 -11.07586882926723 -1.941858857206029 0
979 -37.22532012347361 -3.991318625857893 0
980 -41.77823463692096 -78.54258949757957 0
981 -28.57262913680731 -1.957078213090305 0
982 -7.997162369896468 -78.31133384840665 0
983 -1.987029968533953 -63.84373063124937 0
984 -53.27717234480046 -78.36251449752457 0
985 -1.709540767338087 -48.79073787243132 0
986 -59.91142673343166 -11.18157020014224 0
987 -1.989385714129575 -33.93448734909276 0
988 -16.84651427897502 -46.393921349492 0
989 -36.06392144934154 -1.97650905143761 0
990 -53.99987639978958 -34.11822931666875 0
991 -50.38056777314883 -72.90882498029787 0
992 -41.38589635785093 -7.153822437705031 0
993 -54.91357751201086 -32.53512125469742 0
994 -3.939145472845894 -35.44143022549725 0
995 -8.925067307811346 -70.60289109554424 0
996 -27.76922188582581 -20.3447806565184 0
997 -21.72536336620058 -34.21551396547974 0
998 -57.74956383385979 -77.24782731834041 0
999 -51.93790462225409 -36.85555053969951 0
1000 -44.75304507712521 -45.60968078871903 0
1001 -28.8198971509862 -75.9170295099606 0
1002 -40.1752964543052 -33.32275339356329 0
1003 -25.1248317427929 -3.991965932108222 0
1004 -18.64408692843982 -40.27728011164948 0
1005 -36.86757289429614 -30.64117128115499 0
1006 -1.78752943337069 -29.18686319295193 0
1007 -44.90584950230591 -39.68155321488699 0
1008 -42.08397263179079 -30.99109304104807 0
1009 -12.52869135075409 -71.65039953147604 0
1010 -4.201333911803911 -66.89513121920837 0
1011 -40.37671372919426 -70.69605653425825 0
1012 -1.759326981772549 -76.316631955655 0
1013 -32.78530530639913 -80.61477510236412 0
1014 -31.18664120705508 -16.63409622545986 0
1015 -35.31290585581202 -62.14267303375487 0
1016 -60.11646978558311 -38.74000798951783 0
1017 -52.71802028564754 -46.58548181011434 0
1018 -4.385958154285326 -73.73811087723521 0
1019 -24.47440162101949 -66.93778042030652 0
1020 -3.931247728824349 -6.959411138213888 0
1021 -39.97586369521633 -10.08891252303722 0
1022 -29.57610405645237 -18.60114316209997 0
1023 -27.92982523642868 -57.75307613647557 0
1024 -57.97850883907186 -34.92533428438641 0
1025 -60.04317436196352 -20.97336832930139 0
1026 -39.4694570792153 -78.68849899605763 0
1027 -32.23759159637308 -3.791473431587264 0
1028 -29.78731604734507 -3.77407214369574 0
1029 -57.58554424064761 -46.70314674656968 0
1030 -3.909955172402938 -37.42550350871885 0
1031 -26.60109671716884 -72.46649079200219 0
1032 -34.10363961313794 -21.31856806788186 0
1033 -9.600181984454217 -3.898311838580724 0
1034 -23.93665410336745 -31.80310736905825 0
1035 -35.30381124585117 -13.71305404112724 0
1036 -3.937389824197751 -78.11917597581518 0
1037 -1.603883895040617 -61.28319177183172 0
1038 -39.02925641573415 -28.29847277182747 0
1039 -49.03899101349025 -34.38913110251669 0
1040 -22.70062293882708 -3.891764104481233 0
1041 -3.859019943703466 -40.93840217974105 0
1042 -15.70003262435055 -44.43514678087812 0
1043 -57.86839260713143 -30.30102917336089 0
1044 -44.64360046625178 -72.49692516928795 0
1045 -51.89720858488324 -3.772096568936163 0
1046 -20.72192350159496 -36.14613299347353 0
1047 -27.60891202210651 -24.02830600614774 0
1048 -59.68076542762874 -80.65912160302943 0
1049 -59.8305221037384 -53.3576058934851 0
1050 -20.73566115457075 -13.14185903817956 0
1051 -1.826298678278398 -80.66324210057405 0
1052 -3.850589082232098 -71.93924226806217 0
1053 -4.658654281151115 -46.88948086332297 0
1054 -39.24004588812085 -50.44831919995578 0
1055 -41.75027641314157 -33.66293420979444 0
1056 -60.16471044753685 -1.829450182741127 0
1057 -58.08120528762515 -4.593504179939643 0
1058 -34.27567815678764 -56.2990627755558 0
1059 -1.712030470957274 -1.798697226974085 0
1060 -36.98902110982264 -79.41535729475405 0
1061 -27.06194868651702 -78.9321919712997 0
1062 -58.02023548229662 -75.11505535712465 0
1063 -48.78994519367168 -46.35723241749797 0
1064 -31.37391945106105 -78.59006219484942 0
1065 -45.84985817993913 -33.83897977282444 0
1066 -36.82503903276421 -16.64707833294209 0
1067 -48.97735179074073 -71.44756917125187 0
1068 -60.04695614775834 -26.36341440477375 0
1069 -7.566298695859182 -3.679987196990297 0
1070 -51.37007483382612 -78.80344382523873 0
1071 -33.00068471029606 -65.54307219837239 0
1072 -6.304586236155327 -44.51285196633204 0
1073 -1.506623209660269 -53.72464738597504 0
1074 -58.2111661475458 -44.95425274538589 0
1075 -6.799693245710916 -12.6255777356981 0
1076 -22.35955120978749 -78.87151623844605 0
1077 -20.3928616897114 -3.859905350470321 0
1078 -35.24425751969306 -67.84113262555799 0
1079 -9.953269495785953 -35.83181679220422 0
1080 -42.36867986713466 -3.696148276679544 0
1081 -57.66768635267378 -68.18107617498433 0
1082 -14.77471299214801 -79.00270824513447 0
1083 -37.23973569051729 -53.21735092531561 0
1084 -34.473664859579 -23.04227375975203 0
1085 -59.94642805136988 -59.19093494323872 0
1086 -13.46659513503126 -44.60201991281232 0
1087 -40.01846622673671 -6.105437983981069 0
1088 -14.98887783007722 -36.35155612756611 0
1089 -60.12308735855262 -24.42198448581316 0
1090 -18.06933845833716 -38.3535518579878 0
1091 -25.12832129097279 -52.93313707339931 0
1092 -59.78981256481457 -55.8188075596848 0
1093 -16.7517804899129 -69.36196393205967 0
1094 -11.83294888961039 -9.694878494132809 0
1095 -3.592697170728613 -12.47706583839851 0
1096 -55.6643089907551 -10.46216699358877 0
1097 -9.822504491658734 -79.0464818132275 0
1098 -57.74350567435815 -64.84593794579125 0
1099 -41.82082461247113 -8.801681742275022 0
1100 -57.91790137175602 -50.3725905920072 0
1101 -3.547660730344955 -42.65828572308784 0
1102 -44.60022624766272 -3.468025749973698 0
1103 -60.4690391846073 -16.2865171893912 0
1104 -24.30570720314004 -49.40699288228285 0
1105 -1.636978214307053 -25.9529243061052 0
1106 -25.76391803050122 -50.77075899397716 0
1107 -53.54910640754281 -31.10415698229497 0
1108 -58.32064169862237 -26.94442036619823 0
1109 -7.796432836904764 -45.22611394964149 0
1110 -55.59519058785487 -69.6394621258669 0
1111 -6.150079346389681 -66.04281042451653 0
1112 -7.809057152291782 -71.88619761982977 0
1113 -40.61289887717491 -11.71409839796414 0
1114 -19.59412411899233 -48.05973510170297 0
1115 -1.777835993151758 -13.59488848099076 0
1116 -41.05453804939 -46.64896657805878 0
1117 -23.47042740446351 -65.52476296859172 0
1118 -4.422354225097209 -31.44067681529063 0
1119 -43.1728798131014 -39.39500848505931 0
1120 -3.436377819528065 -4.874339735399793 0
1121 -27.3199092705344 -27.86911994586924 0
1122 -49.04333277349431 -8.8022823962473 0
1123 -3.597952224400938 -70.24136728625676 0
1124 -42.61033689136509 -32.20159533452942 0
1125 -29.12074253849681 -27.08161794097073 0
1126 -4.971256625388417 -70.72332284688017 0
1127 -59.88926094437868 -64.49392539594263 0
1128 -2.480000000000004 0 0.875
1129 -4.960000000000008 0 0.875
1130 -7.440000000000011 0 0.875
1131 -9.920000000000014 0 0.875
1132 -12.40000000000002 0 0.875
1133 -14.88000000000003 0 0.875
1134 -17.36000000000004 0 0.875
1135 -19.84000000000005 0 0.875
1136 -22.32000000000006 0 0.875
1137 -24.80000000000007 0 0.875
1138 -27.28000000000008 0 0.875
1139 -29.76000000000009 0 0.875
1140 -32.24000000000009 0 0.875
1141 -34.72000000000011 0 0.875
1142 -37.20000000000012 0 0.875
1143 -39.68000000000012 0 0.875
1144 -42.16000000000011 0 0.875
1145 -44.64000000000009 0 0.875
1146 -47.12000000000009 0 0.875
1147 -49.60000000000007 0 0.875
1148 -52.08000000000006 0 0.875
1149 -54.56000000000004 0 0.875
1150 -57.04000000000003 0 0.875
1151 -59.52000000000002 0 0.875
1152 0 -80 0.875
1153 0 -77.5 0.875
1154 0 -75 0.875
1155 0 -72.5 0.875
1156 0 -70 0.875
1157 0 -67.5 0.875
1158 0 -65 0.875
1159 0 -62.5 0.875
1160 0 -60 0.875
1161 0 -57.5 0.875
1162 0 -55 0.875
1163 0 -52.5 0.875
1164 0 -50 0.875
1165 0 -47.5 0.875
1166 0 -45 0.875
1167 0 -42.5 0.875
1168 0 -40 0.875
1169 0 -37.5 0.875
1170 0 -35 0.875
1171 0 -32.5 0.875
1172 0 -30 0.875
1173 0 -27.5 0.875
1174 0 -25 0.875
1175 0 -22.5 0.875
1176 0 -20 0.875
1177 0 -17.5 0.875
1178 0 -15 0.875
1179 0 -12.5 0.875
1180 0 -10 0.875
1181 0 -7.5 0.875
1182 0 -5 0.875
1183 0 -2.5 0.875
1184 -61.98484848484848 -2.500000000000004 0.875
1185 -61.96969696969697 -5.000000000000009 0.875
1186 -61.95454545454545 -7.500000000000013 0.875
1187 -61.93939393939394 -10.00000000000002 0.875
1188 -61.92424242424242 -12.50000000000002 0.875
1189 -61.90909090909091 -15.00000000000003 0.875
1190 -61.89393939393939 -17.50000000000003 0.875
1191 -61.87878787878788 -20.00000000000004 0.875
1192 -61.86363636363637 -22.50000000000004 0.875
1193 -61.84848484848485 -25.00000000000005 0.875
1194 -61.83333333333334 -27.50000000000005 0.875
1195 -61.81818181818182 -30.00000000000006 0.875
1196 -61.8030303030303 -32.50000000000006 0.875
1197 -61.78787878787879 -35.00000000000006 0.875
1198 -61.77272727272727 -37.50000000000006 0.875
1199 -61.75757575757576 -40.00000000000006 0.875
1200 -61.74242424242424 -42.50000000000006 0.875
1201 -61.72727272727273 -45.00000000000006 0.875
1202 -61.71212121212121 -47.50000000000004 0.875
1203 -61.6969696969697 -50.00000000000004 0.875
1204 -61.68181818181818 -52.50000000000004 0.875
1205 -61.66666666666666 -55.00000000000004 0.875
1206 -61.65151515151515 -57.50000000000004 0.875
1207 -61.63636363636363 -60.00000000000004 0.875
1208 -61.62121212121212 -62.50000000000002 0.875
1209 -61.60606060606061 -65.00000000000001 0.875
1210 -61.59090909090909 -67.50000000000003 0.875
1211 -61.57575757575758 -70.00000000000001 0.875
1212 -61.56060606060606 -72.50000000000001 0.875
1213 -61.54545454545455 -75 0.875
1214 -61.53030303030303 -77.5 0.875
1215 -61.51515151515152 -80 0.875
1216 -59.04000000000001 -82.5 0.875
1217 -56.58000000000001 -82.5 0.875
1218 -54.12000000000002 -82.5 0.875
1219 -51.66000000000003 -82.5 0.875
1220 -49.20000000000003 -82.5 0.875
1221 -46.74000000000004 -82.5 0.875
1222 -44.28000000000005 -82.5 0.875
1223 -41.82000000000006 -82.5 0.875
1224 -39.36000000000006 -82.5 0.875
1225 -36.90000000000005 -82.5 0.875
1226 -34.44000000000005 -82.5 0.875
1227 -31.98000000000004 -82.5 0.875
1228 -29.52000000000004 -82.5 0.875
1229 -27.06000000000004 -82.5 0.875
1230 -24.60000000000003 -82.5 0.875
1231 -22.14000000000003 -82.5 0.875
1232 -19.68000000000003 -82.5 0.875
1233 -17.22000000000002 -82.5 0.875
1234 -14.76000000000002 -82.5 0.875
1235 -12.30000000000001 -82.5 0.875
1236 -9.840000000000018 -82.5 0.875
1237 -7.380000000000017 -82.5 0.875
1238 -4.920000000000009 -82.5 0.875
1239 -2.460000000000008 -82.5 0.875
1240 -37.79058182573948 -56.60684335712443 0.875
1241 -38.6454397434679 -54.35276827956231 0.875
1242 -40.01489251828899 -52.36877341759205 0.875
1243 -41.81935253268844 -50.77016134106344 0.875
1244 -43.95395112957464 -49.64983757314585 0.875
1245 -46.29463319744677 -49.07291125901946 0.875
1246 -48.70536680255323 -49.07291125901946 0.875
1247 -51.04604887042535 -49.64983757314585 0.875
1248 -53.18064746731156 -50.77016134106344 0.875
1249 -54.98510748171101 -52.36877341759205 0.875
1250 -56.3545602565321 -54.35276827956231 0.875
1251 -57.20941817426052 -56.60684335712442 0.875
1252 -57.5 -59 0.875
1253 -57.20941817426052 -61.39315664287557 0.875
1254 -56.3545602565321 -63.64723172043769 0.875
1255 -54.98510748171101 -65.63122658240795 0.875
1256 -53.18064746731156 -67.22983865893656 0.875
1257 -51.04604887042536 -68.35016242685415 0.875
1258 -48.70536680255324 -68.92708874098054 0.875
1259 -46.29463319744678 -68.92708874098054 0.875
1260 -43.95395112957465 -68.35016242685415 0.875
1261 -41.81935253268844 -67.22983865893656 0.875
1262 -40.014892518289 -65.63122658240796 0.875
1263 -38.6454397434679 -63.64723172043769 0.875
1264 -37.79058182573948 -61.39315664287559 0.875
1265 -4.79058182573948 -55.60684335712443 0.875
1266 -5.6454397434679 -53.35276827956231 0.875
1267 -7.014892518288988 -51.36877341759205 0.875
1268 -8.819352532688441 -49.77016134106344 0.875
1269 -10.95395112957464 -48.64983757314585 0.875
1270 -13.29463319744677 -48.07291125901946 0.875
1271 -15.70536680255323 -48.07291125901946 0.875
1272 -18.04604887042536 -48.64983757314585 0.875
1273 -20.18064746731156 -49.77016134106344 0.875
1274 -21.98510748171101 -51.36877341759205 0.875
1275 -23.3545602565321 -53.35276827956231 0.875
1276 -24.20941817426052 -55.60684335712442 0.875
1277 -24.5 -58 0.875
1278 -24.20941817426052 -60.39315664287557 0.875
1279 -23.3545602565321 -62.64723172043769 0.875
1280 -21.98510748171101 -64.63122658240795 0.875
1281 -20.18064746731156 -66.22983865893656 0.875
1282 -18.04604887042536 -67.35016242685415 0.875
1283 -15.70536680255324 -67.92708874098054 0.875
1284 -13.29463319744678 -67.92708874098054 0.875
1285 -10.95395112957464 -67.35016242685415 0.875
1286 -8.819352532688445 -66.22983865893656 0.875
1287 -7.014892518288993 -64.63122658240796 0.875
1288 -5.645439743467904 -62.64723172043769 0.875
1289 -4.790581825739482 -60.39315664287559 0.875
1290 -37.79199348596381 -18.80112327881759 0.875
1291 -38.65092190468617 -16.54233783287828 0.875
1292 -40.02662495553187 -14.55555378946289 0.875
1293 -41.83876337260739 -12.95679674831026 0.875
1294 -43.98151063322259 -11.83943203775143 0.875
1295 -46.32973308894417 -11.26871230117223 0.875
1296 -48.74629760763921 -11.27796682765106 0.875
1297 -51.09007996973367 -11.86665516489843 0.875
1298 -53.22420633877785 -13.00039868096653 0.875
1299 -55.02404651517486 -14.61298823156623 0.875
1300 -56.38449217746792 -16.61025068783584 0.875
1301 -57.22609507137757 -18.87554852437722 0.875
1302 -57.49970668434584 -21.27659129878276 0.875
1303 -57.18934845463856 -23.67316124112309 0.875
1304 -56.31314489853368 -25.92530178903419 0.875
1305 -54.92226516218341 -27.90149086862307 0.875
1306 -53.09793481014241 -29.48632161223518 0.875
1307 -50.94669235821909 -30.58724196917253 0.875
1308 -48.59416756295151 -31.13995962487699 0.875
1309 -46.177744807497 -31.11219658833998 0.875
1310 -43.83854003264103 -30.50557418472539 0.875
1311 -40.62264669712476 -30.67094974176397 0.875
1312 -39.53213364454721 -31.98638111143564 0.875
1313 -39.98860546665642 -35.21383151692544 0.875
1314 -41.02211637962531 -37.44560977396938 0.875
1315 -41.47963647283124 -39.8621474542369 0.875
1316 -41.33349045193443 -42.31726870102207 0.875
1317 -40.59251865904218 -44.66246374578443 0.875
1318 -39.30154232227166 -46.75587223285484 0.875
1319 -37.53865232907535 -48.47086432255328 0.875
1320 -35.41048552486149 -49.70370050359358 0.875
1321 -33.04577427261339 -50.3798067743315 0.875
1322 -30.58755945929181 -50.45828560846053 0.875
1323 -28.18453798262719 -49.93438983778804 0.875
1324 -25.98206810700852 -48.8398098074421 0.875
1325 -24.11337677260164 -47.24075643355099 0.875
1326 -22.69150072572192 -45.23395611883366 0.875
1327 -21.80244894979199 -42.9407997928158 0.875
1328 -21.79403849984703 -38.09286241408009 0.875
1329 -22.65886227150966 -35.82728305309805 0.875
1330 -24.04361301809755 -33.83649542837137 0.875
1331 -25.86685673317293 -32.2375731812378 0.875
1332 -28.02137264736857 -31.12454525148116 0.875
1333 -30.38045863522312 -30.56286625165216 0.875
1334 -32.80538227576081 -30.58556723185186 0.875
1335 -35.15353938708017 -31.19131319964766 0.875
1336 -38.37735330287521 -31.02905025823603 0.875
1337 -39.46786635545276 -29.71361888856436 0.875
1338 -39.26166919697333 -26.86832475956538 0.875
1339 -38.29629949640646 -25.11048552486159 0.875
1340 -37.70109687169183 -23.19536900898864 0.875
1341 -4.29058182573948 -20.60684335712442 0.875
1342 -5.1454397434679 -18.35276827956232 0.875
1343 -6.514892518288988 -16.36877341759205 0.875
1344 -8.319352532688441 -14.77016134106344 0.875
1345 -10.45395112957464 -13.64983757314585 0.875
1346 -12.79463319744677 -13.07291125901946 0.875
1347 -15.20536680255323 -13.07291125901946 0.875
1348 -17.54604887042536 -13.64983757314585 0.875
1349 -19.68064746731156 -14.77016134106344 0.875
1350 -21.48510748171101 -16.36877341759205 0.875
1351 -22.8545602565321 -18.35276827956231 0.875
1352 -23.70941817426052 -20.60684335712442 0.875
1353 -24 -23 0.875
1354 -23.70941817426052 -25.39315664287557 0.875
1355 -22.8545602565321 -27.64723172043768 0.875
1356 -21.48510748171101 -29.63122658240795 0.875
1357 -19.68064746731156 -31.22983865893656 0.875
1358 -17.54604887042536 -32.35016242685415 0.875
1359 -15.20536680255324 -32.92708874098054 0.875
1360 -12.79463319744678 -32.92708874098054 0.875
1361 -10.45395112957464 -32.35016242685415 0.875
1362 -8.319352532688445 -31.22983865893656 0.875
1363 -6.514892518288993 -29.63122658240795 0.875
1364 -5.145439743467904 -27.64723172043769 0.875
1365 -4.290581825739482 -25.39315664287559 0.875
1366 -30.70538118872178 -80.395759285056 1.75
1367 -37.65414999315358 -65.84602689981716 1.75
1368 -30.98617919215921 -1.976110225032322 1.75
1369 -23.8880238205656 -16.17478995629902 1.75
1370 -50.75709152242845 -47.40767881289819 1.75
1371 -22.28770422933562 -66.87954734215703 1.75
1372 -37.37955447303072 -14.49560637593815 1.75
1373 -50.24909749154554 -32.90094703275926 1.75
1374 -11.30996215464066 -34.42484871374487 1.75
1375 -38.56880885401952 -80.68157867435485 1.75
1376 -23.72700924803095 -2.05872170022009 1.75
1377 -21.09145493946931 -80.45935006791311 1.75
1378 -35.88739509936327 -22.20890170558848 1.75
1379 -8.643620407605098 -80.44791034913393 1.75
1380 -1.989861303301542 -41.4122231052436 1.75
1381 -25.70766051478946 -62.16743474342195 1.75
1382 -14.46595608995587 -70.00931709822164 1.75
1383 -59.40493609870865 -41.15359509341508 1.75
1384 -52.67137044664766 -80.45160618402122 1.75
1385 -44.38939331823511 -70.46076473945845 1.75
1386 -14.42945768866276 -46.26109570313694 1.75
1387 -8.656672840915991 -2.027812525952307 1.75
1388 -38.48564789107897 -2.089676092283327 1.75
1389 -16.87534068063447 -11.3342842831227 1.75
1390 -8.975669487364911 -68.57368726976439 1.75
1391 -53.33603940419376 -10.58131800893793 1.75
1392 -35.83949478701454 -57.64982948795698 1.75
1393 -59.51417072159518 -73.73611631277799 1.75
1394 -26.01581448413362 -21.77542652158442 1.75
1395 -8.764624290132851 -12.01441067693598 1.75
1396 -25.87555232065835 -80.48076977915638 1.75
1397 -43.32082118574723 -41.17611333034908 1.75
1398 -47.98473976657831 -80.32842956332631 1.75
1399 -15.95938668208697 -80.41745429898614 1.75
1400 -59.48097170668866 -36.51166082819674 1.75
1401 -50.76116088313557 -70.56864893931923 1.75
1402 -13.57104543356207 -2.1437828769783 1.75
1403 -43.07521719752717 -80.42582725572481 1.75
1404 -44.47667643291715 -9.470202618139215 1.75
1405 -2.165063509461095 -73.75 1.75
1406 -8.8261431360655 -47.18944221133091 1.75
1407 -18.63071670126942 -2.622030385828815 1.75
1408 -19.90275998334699 -38.39166987085303 1.75
1409 -26.23025511780774 -56.6732692310388 1.75
1410 -1.976746094445549 -36.33590993315602 1.75
1411 -55.87509939380568 -2.484303567957753 1.75
1412 -31.19134782380752 -28.37028844591772 1.75
1413 -50.80196999897889 -2.052511273442519 1.75
1414 -59.81806147512884 -46.10576140076414 1.75
1415 -2.105577644646541 -6.241867987238599 1.75
1416 -43.39968921053967 -2.076422954420359 1.75
1417 -55.53328639864394 -30.32755738095104 1.75
1418 -59.58675010385492 -8.657087765894516 1.75
1419 -55.26280915228925 -67.80986287343585 1.75
1420 -2.417977677352681 -46.51250367825242 1.75
1421 -31.92669508532341 -52.52091504282539 1.75
1422 -2.221255173345376 -68.73121959719104 1.75
1423 -1.909498084384481 -11.07370821227304 1.75
1424 -37.78341284609337 -29.42692256670953 1.75
1425 -42.49258586641594 -35.5517398312122 1.75
1426 -6.256390605172797 -32.31260894459635 1.75
1427 -55.63881824092589 -50.06231415851297 1.75
1428 -59.57727451115063 -78.71732041215954 1.75
1429 -1.894274527120789 -78.83067525728291 1.75
1430 -44.45880076267656 -47.39287205245606 1.75
1431 -16.73951864988273 -34.78891040334757 1.75
1432 -25.35016939605147 -27.30266657004227 1.75
1433 -57.43394937147578 -14.4334389556869 1.75
1434 -4.689936188473865 -51.20542124498724 1.75
1435 -4.6119761794344 -64.82521004370096 1.75
1436 -20.27226702451944 -44.81381619953384 1.75
1437 -59.59272794484711 -28.80914822922592 1.75
1438 -3.747227236091994 -2.548338388683838 1.75
1439 -59.84745464640925 -3.72517378656601 1.75
1440 -4.138257607675317 -16.31145677761868 1.75
1441 -59.39847331944235 -66.29201164020202 1.75
1442 -59.7158585339851 -51.17939457902271 1.75
1443 -41.16500797019191 -32.22763347087266 1.75
1444 -33.84225697436597 -28.58790407673907 1.75
1445 -32.72672655661262 -26.4966793197253 1.75
1446 -30.84635969792146 -26.19476240399824 1.75
1447 -31.77238895836175 -24.46245869833757 1.75
1448 -29.44640046820107 -24.7451863913613 1.75
1449 -30.69314009220488 -22.57539136145955 1.75
1450 -34.96201084758355 -26.52287972817606 1.75
1451 -19.47041312425105 -42.6137852084539 1.75
1452 -2.297232752785298 -31.44002114065214 1.75
1453 -43.72827106636186 -37.60217255644675 1.75
1454 -44.82066861439367 -35.7199050138911 1.75
1455 -45.93704468488453 -37.86593522855746 1.75
1456 -47.25144552876197 -35.61413544637914 1.75
1457 -48.32118019268532 -38.04738065380656 1.75
1458 -47.01819090245907 -40.05281174402432 1.75
1459 -49.36103427264138 -40.29080384796198 1.75
1460 -50.74054418271885 -38.37080079113043 1.75
1461 -51.77054871796096 -40.53198581166522 1.75
1462 -53.16513654734859 -38.60533217534916 1.75
1463 -47.98065903051521 -42.29469685429002 1.75
1464 -54.1983925761056 -40.75544639848844 1.75
1465 -52.79307625910714 -42.74482316744149 1.75
1466 -55.22687560585391 -42.96317143510307 1.75
1467 -53.92127711614435 -44.93218125034335 1.75
1468 -55.60772088159591 -38.75369137122694 1.75
1469 -54.24250085069103 -36.28562417031683 1.75
1470 -25.45520228160471 -18.94009222895411 1.75
1471 -26.50079240288393 -16.51187483494218 1.75
1472 -25.32606438728893 -14.29771553653142 1.75
1473 -27.81975331601375 -14.51763600526158 1.75
1474 -26.81990595621285 -12.31971041963742 1.75
1475 -29.23449342906614 -12.57378008155693 1.75
1476 -28.26649853331794 -10.36004595178595 1.75
1477 -30.67825724234628 -10.53005457128297 1.75
1478 -25.84770253277876 -10.09602914059923 1.75
1479 -30.36421231661713 -14.55192021823052 1.75
1480 -27.29262211503251 -8.131796171782291 1.75
1481 -24.8712474528903 -7.867496263609269 1.75
1482 -23.42851813277974 -9.83449575793772 1.75
1483 -22.44533122321647 -7.603741198357959 1.75
1484 -27.59984105179603 -18.25070056486039 1.75
1485 -26.30706670234071 -5.967563426009917 1.75
1486 -28.7474241871457 -6.164811901541455 1.75
1487 -21.00544092573763 -9.574276813892887 1.75
1488 -20.01315524632716 -7.381437621584624 1.75
1489 -21.87205180477478 -11.78545657063573 1.75
1490 -27.4464916874466 -3.995910213197213 1.75
1491 -21.45369913476682 -5.427124255847154 1.75
1492 -34.96227340493835 -52.34047259400757 1.75
1493 -29.43087503760415 -52.57268043706628 1.75
1494 -30.86708216462198 -54.71102520630802 1.75
1495 -43.52696612498049 -43.64621863163039 1.75
1496 -35.70433051862575 -20.07735297479501 1.75
1497 -35.51993928187033 -17.92830176175862 1.75
1498 -33.65831134522029 -19.15200388046155 1.75
1499 -33.45395832857126 -16.95224422506116 1.75
1500 -31.6310567792266 -18.69490664713118 1.75
1501 -27.0941681614981 -52.40730359118871 1.75
1502 -25.11201255743093 -64.63180376310382 1.75
1503 -27.29513500867269 -64.13301801853001 1.75
1504 -28.09052645844017 -61.7638783389184 1.75
1505 -29.60452485473597 -63.70851117457478 1.75
1506 -28.78597720093478 -65.99605611592995 1.75
1507 -31.03424871175275 -65.66680179438845 1.75
1508 -30.2931243317936 -67.88398261712859 1.75
1509 -27.92139725116831 -68.26303582563426 1.75
1510 -29.45067275596258 -70.14253960433118 1.75
1511 -27.13632969880789 -70.47831615254887 1.75
1512 -31.84565692719735 -69.75547138702558 1.75
1513 -30.98715566464078 -72.02190879210578 1.75
1514 -33.38733478662711 -71.63493050130279 1.75
1515 -32.52270160982396 -73.90849269535681 1.75
1516 -34.92762939484508 -73.51965104559414 1.75
1517 -29.96441102229973 -74.1937016823079 1.75
1518 -34.06073400181023 -75.7976044034113 1.75
1519 -30.44781774466785 -61.44240684866064 1.75
1520 -36.46682970085155 -75.4071585971069 1.75
1521 -37.33265852253599 -73.12974016543261 1.75
1522 -38.87176076396447 -75.01576929884388 1.75
1523 -39.73542402831882 -72.73828765211009 1.75
1524 -41.34634356043541 -74.57031758433716 1.75
1525 -38.19657154821904 -70.85491994727525 1.75
1526 -34.33188656817664 -69.37645561583078 1.75
1527 -40.40814820285447 -76.83125185168487 1.75
1528 -42.81893152532625 -76.42661180085551 1.75
1529 -28.96899680230949 -59.6108133835076 1.75
1530 -31.36650580578107 -59.17342196715501 1.75
1531 -33.08173147728825 -61.37008672290652 1.75
1532 -43.6797271381697 -74.22992509945709 1.75
1533 -45.22012947534526 -76.08789639159389 1.75
1534 -46.1034278231655 -73.88446706684041 1.75
1535 -47.6100460645257 -75.81592486690229 1.75
1536 -11.7460767484401 -46.21434577777921 1.75
1537 -9.581632969334159 -44.73803908756109 1.75
1538 -11.8346434341035 -43.75890233174945 1.75
1539 -9.787782033013439 -42.46611262134285 1.75
1540 -12.09261413837719 -41.48439444663556 1.75
1541 -9.878854346376723 -40.00376682810085 1.75
1542 -7.647913875099817 -43.39663791911478 1.75
1543 -12.23435608595046 -39.05408344858398 1.75
1544 -14.20061394873481 -40.46286380160106 1.75
1545 -14.52034474179401 -38.19865106038932 1.75
1546 -38.75534804823765 -12.19883181689084 1.75
1547 -36.57782494936826 -12.16751632343107 1.75
1548 -37.90532044915226 -10.13164634994553 1.75
1549 -35.52446113180563 -9.962315269363589 1.75
1550 -36.88763917906761 -7.968550489039423 1.75
1551 -39.49835982547032 -8.05704366175911 1.75
1552 -34.47990436167284 -7.762798074551498 1.75
1553 -35.84431450660862 -5.810154389748973 1.75
1554 -33.43211797569512 -5.647968004545277 1.75
1555 -34.1524992084701 -11.97196003276483 1.75
1556 -19.62464705353319 -33.84862609936464 1.75
1557 -20.59940646492468 -68.55751507629695 1.75
1558 -18.50667820579909 -69.95443903818011 1.75
1559 -20.65581289898422 -70.97683725462127 1.75
1560 -18.55043341964176 -72.29669579980074 1.75
1561 -20.65165130216637 -73.4627083350081 1.75
1562 -18.5593195014322 -74.71891833123409 1.75
1563 -16.42776472799658 -73.53510953263148 1.75
1564 -22.7647123676315 -72.13620297871275 1.75
1565 -22.76770605371681 -74.64234690898525 1.75
1566 -16.48254291469855 -75.9365474976951 1.75
1567 -14.33509872759608 -74.78469252037873 1.75
1568 -24.78567977519331 -73.43996448611202 1.75
1569 -24.86660428738241 -75.83840241908145 1.75
1570 -14.45344266743384 -77.07269627966033 1.75
1571 -12.25688066334887 -76.00761411332235 1.75
1572 -12.24525804282632 -73.66433876070111 1.75
1573 -10.12184918906626 -74.85157907366624 1.75
1574 -12.27821111599177 -78.4716390909837 1.75
1575 -10.08008964018896 -72.40214298346385 1.75
1576 -7.911016229519252 -73.77594984883527 1.75
1577 -7.97695599274795 -76.07858816340477 1.75
1578 -18.56372032172601 -77.21249599846035 1.75
1579 -5.934739943463558 -74.92159604573069 1.75
1580 -5.871000785574996 -72.42674966450352 1.75
1581 -5.963478436719402 -77.32708101055971 1.75
1582 -36.33900223196027 -63.88047189501124 1.75
1583 -50.85195553952903 -9.553688656505205 1.75
1584 -52.64702504240547 -8.035892587256882 1.75
1585 -50.39741291040568 -7.206593422538297 1.75
1586 -54.98682386477037 -8.719447935675504 1.75
1587 -54.40972952291768 -6.415417400697443 1.75
1588 -53.2947533280843 -69.60148853047232 1.75
1589 -52.59703292380971 -72.09614755228024 1.75
1590 -55.03429629126204 -71.2760177876992 1.75
1591 -54.4454197362045 -73.64929923828736 1.75
1592 -52.00069960145586 -74.48674114756963 1.75
1593 -53.77316569159819 -76.07673379551578 1.75
1594 -51.42115345145439 -76.8856490061972 1.75
1595 -56.08615806670379 -75.41138986101819 1.75
1596 -55.61543048001944 -77.99685722456007 1.75
1597 -13.82787903639304 -10.88909772590969 1.75
1598 -15.6904969056619 -9.077505400587235 1.75
1599 -13.25713241344366 -8.494999355442694 1.75
1600 -14.93733050410949 -6.726503430650844 1.75
1601 -12.46929157591539 -6.306943314082964 1.75
1602 -10.88036643553291 -8.01773116532528 1.75
1603 -10.12620143910629 -5.906992665132705 1.75
1604 -8.463115367182542 -7.708377755743378 1.75
1605 -7.825558191220644 -5.561379855015069 1.75
1606 -6.141588377103407 -7.365120610319728 1.75
1607 -6.361517402137327 -48.7952364207069 1.75
1608 -46.58364822010765 -46.90294739879464 1.75
1609 -52.70332360626782 -32.62008118218971 1.75
1610 -6.571867593194956 -67.73156628389367 1.75
1611 -8.589279929597375 -33.83054527125226 1.75
1612 -6.0992599264838 -34.65962727801812 1.75
1613 -8.009823280854238 -36.24454822785724 1.75
1614 -5.831279148544116 -36.96443796637068 1.75
1615 -5.482486677256517 -14.17769284393994 1.75
1616 -35.49759466591021 -77.65018622861082 1.75
1617 -42.08031326609017 -69.47106536754994 1.75
1618 -47.09770953829029 -9.118139885645739 1.75
1619 -45.74848143444479 -7.217174609300287 1.75
1620 -43.39335046732245 -7.229461664822757 1.75
1621 -55.45815695608412 -12.50664067532279 1.75
1622 -57.61730849492123 -11.98970709655967 1.75
1623 -22.68102264353185 -76.93368145543461 1.75
1624 -25.72978654269042 -24.65273879648955 1.75
1625 -33.67638878311389 -54.41037554702888 1.75
1626 -18.00081292810804 -44.44721159554081 1.75
1627 -35.2049140169596 -66.02205675636145 1.75
1628 -57.07933243188412 -6.999886873998591 1.75
1629 -42.19480089604959 -10.81064754818679 1.75
1630 -53.08255917171707 -48.6431746333169 1.75
1631 -25.60208034516037 -68.72824249640834 1.75
1632 -32.05315867201335 -7.658914349502474 1.75
1633 -6.529122403251652 -46.45219018274753 1.75
1634 -34.73340191383421 -3.876817249814813 1.75
1635 -56.28371034658367 -45.13063704552617 1.75
1636 -3.538281053581045 -53.61946721954462 1.75
1637 -32.85655461870651 -22.66989394707063 1.75
1638 -48.29467753784649 -73.42998111647134 1.75
1639 -51.69799227963795 -34.71321336331287 1.75
1640 -33.35135531860998 -78.13512375387984 1.75
1641 -16.7001075919686 -42.17311088042931 1.75
1642 -33.88920776504579 -63.96182287066931 1.75
1643 -28.68667271950189 -29.11308418054397 1.75
1644 -44.15757662163678 -5.303432033343803 1.75
1645 -41.77556905597326 -5.619402164296503 1.75
1646 -46.63008006579285 -4.542300046681909 1.75
1647 -3.534738535420175 -62.09142528572829 1.75
1648 -6.988054270322785 -10.06549761086375 1.75
1649 -58.56792109045043 -25.15715455216677 1.75
1650 -58.52405099107068 -16.43780667867642 1.75
1651 -39.57106616028602 -68.29955852138998 1.75
1652 -5.544993424652365 -4.76704841653779 1.75
1653 -42.28869469627273 -48.21904603808233 1.75
1654 -11.45105539742017 -69.73067641455103 1.75
1655 -11.14533739208571 -11.55038533835019 1.75
1656 -23.88802382056561 -29.82521004370097 1.75
1657 -27.21427766126155 -74.45443491397498 1.75
1658 -27.0283660496136 -76.94913179706819 1.75
1659 -18.6258698351323 -36.5008425579656 1.75
1660 -3.992520755041685 -48.69118568390419 1.75
1661 -37.00568671708124 -68.29715029154137 1.75
1662 -13.92874586872305 -34.70025590812553 1.75
1663 -4.291436653554701 -9.740048893042108 1.75
1664 -16.41371228980051 -39.5210369324694 1.75
1665 -14.24592323718298 -42.95233019885345 1.75
1666 -19.02698072151964 -5.105178488049184 1.75
1667 -58.73130988534865 -62.98220311904755 1.75
1668 -37.21882126866613 -51.34310424267692 1.75
1669 -3.932325433669114 -75.8186580031628 1.75
1670 -2.585120106160467 -18.67883543110025 1.75
1671 -27.41456411321937 -25.99541496906146 1.75
1672 -32.31190375828436 -56.75202423835333 1.75
1673 -43.92576425076955 -33.29936165712081 1.75
1674 -58.3348809339089 -54.53057591386202 1.75
1675 -7.76823463340358 -38.5230249449985 1.75
1676 -5.350756361590069 -39.38322183978186 1.75
1677 -3.283660833271341 -14.55300697184558 1.75
1678 -51.14733832914857 -44.98818867874564 1.75
1679 -10.26634368850957 -37.64441632709254 1.75
1680 -29.9494177981962 -57.15662373928974 1.75
1681 -21.18353527296515 -47.24838536927791 1.75
1682 -28.53187553983672 -22.38746386753001 1.75
1683 -30.00086104092084 -20.5908127498747 1.75
1684 -23.01518437354952 -69.30880095394731 1.75
1685 -21.96731614358166 -31.99324083325541 1.75
1686 -19.2205762912863 -11.90989164749826 1.75
1687 -35.46400597902632 -60.10782703731172 1.75
1688 -23.88870543776067 -51.10292077176197 1.75
1689 -17.46922384526567 -7.11473779116681 1.75
1690 -2.804405223139653 -27.5014548782331 1.75
1691 -11.78200713136863 -4.084081045498806 1.75
1692 -16.59139746338366 -4.845588986109007 1.75
1693 -3.98324752455472 -33.25224333825624 1.75
1694 -2.399340862689929 -56.13207716301076 1.75
1695 -36.06441105907304 -24.38762312881128 1.75
1696 -57.60280429180294 -43.15002872260024 1.75
1697 -5.309180099855119 -11.56793810929035 1.75
1698 -46.7449859570195 -71.40330207919037 1.75
1699 -6.81159453743966 -70.10200301181675 1.75
1700 -47.4787893266158 -33.2078152937814 1.75
1701 -46.65476505210351 -78.18982893642419 1.75
1702 -55.85184134999217 -4.910570176308283 1.75
1703 -53.85208682113963 -4.107536348410292 1.75
1704 -35.34150048672781 -15.57753066371184 1.75
1705 -33.19366745763365 -14.55496362626447 1.75
1706 -36.11649467973004 -54.90403120583748 1.75
1707 -57.01722351112956 -36.72825986558446 1.75
1708 -55.98002667667053 -34.50027054843694 1.75
1709 -58.0512200618617 -38.88183051767525 1.75
1710 -2.57275646490401 -59.44822956440625 1.75
1711 -28.21915287153101 -55.10385976760919 1.75
1712 -26.42724353509599 -59.44822956440624 1.75
1713 -7.524043050323897 -40.99314628893145 1.75
1714 -5.512476355320548 -42.41203006236113 1.75
1715 -42.30019364305726 -72.11645118296602 1.75
1716 -55.21650241022665 -47.23486044312517 1.75
1717 -57.55292103063415 -48.72642484142159 1.75
1718 -37.34925672610132 -26.99128818933364 1.75
1719 -40.1610894175018 -48.60885785392539 1.75
1720 -34.73322886433216 -79.97588280813122 1.75
1721 -59.65889841356585 -18.73049593658008 1.75
1722 -4.725146497294379 -68.90725200376168 1.75
1723 -15.97996681182947 -2.376221822045146 1.75
1724 -18.42959419623028 -9.44255289594053 1.75
1725 -57.3727554997119 -9.633708949704442 1.75
1726 -59.75316414900264 -6.079275434399797 1.75
1727 -2.451848784589057 -39.00251757878841 1.75
1728 -2.04122174575679 -43.83579657189787 1.75
1729 -4.377145377560762 -44.82947353933754 1.75
1730 -22.47302266004599 -14.08584436751414 1.75
1731 -1.983620242833783 -71.14104012905594 1.75
1732 -59.48498612884077 -68.86241408973039 1.75
1733 -59.44240397027241 -71.25615795259759 1.75
1734 -57.39943995661679 -70.29961819059335 1.75
1735 -57.12372270305182 -72.94444420051028 1.75
1736 -59.62756208627252 -76.23549909297633 1.75
1737 -40.92701836091743 -1.993733052068002 1.75
1738 -39.82078918688105 -4.189484535271426 1.75
1739 -21.29195381751305 -2.085755264545618 1.75
1740 -59.69300337370821 -31.34315603930832 1.75
1741 -59.70590072072942 -33.79233425305775 1.75
1742 -57.44048690693553 -32.55820136152862 1.75
1743 -2.165063509461085 -66.25 1.75
1744 -35.86362792291418 -71.13547459449616 1.75
1745 -45.50718241953275 -80.37120423753154 1.75
1746 -49.27540072232694 -78.15069500481349 1.75
1747 -26.17578789389281 -1.996376696616522 1.75
1748 -40.70026503004522 -80.54955156591127 1.75
1749 -18.53299473565809 -79.92021615378111 1.75
1750 -28.29048067065666 -80.5089844856755 1.75
1751 -29.25653900943021 -78.19353185246692 1.75
1752 -23.47964415126238 -80.50373066776089 1.75
1753 -45.88000000000009 -2.147743001385393 1.75
1754 -48.36399120084612 -2.145438680502565 1.75
1755 -49.75991562542534 -4.632664923625363 1.75
1756 -55.20967780339926 -80.36305367409406 1.75
1757 -26.33696129378291 -29.4854554549461 1.75
1758 -6.095991174865812 -79.94840782449077 1.75
1759 -6.204087038052684 -2.145383348865565 1.75
1760 -49.84334925087405 -36.30278219838826 1.75
1761 -32.99463408713971 -67.46016084947838 1.75
1762 -50.3340632148292 -42.55874748437145 1.75
1763 -48.95777114704481 -44.09212118804085 1.75
1764 -46.5368499670594 -44.26174050529914 1.75
1765 -50.35506338580271 -80.44599974513946 1.75
1766 -24.29454424564684 -12.06987529880927 1.75
1767 -33.09905735200237 -9.770531983376063 1.75
1768 -26.53183399739776 -66.44832277331881 1.75
1769 -33.8052003286062 -24.59730913506003 1.75
1770 -16.76026325496621 -37.07692981700151 1.75
1771 -2.137205404296065 -51.25 1.75
1772 -37.87349252271061 -77.15686561703308 1.75
1773 -28.59307341221466 -72.40632520090998 1.75
1774 -31.31542683004707 -76.37355400423995 1.75
1775 -59.73481731194326 -13.97745363312709 1.75
1776 -23.87615241477297 -5.730048012640239 1.75
1777 -10.058856899173 -77.1248260372038 1.75
1778 -29.70816349866695 -8.405648882681334 1.75
1779 -59.42001802150512 -22.74365438115299 1.75
1780 -20.67178336848612 -75.89640650715087 1.75
1781 -57.08245841152233 -28.46708285579054 1.75
1782 -56.68199158598811 -40.9429605897515 1.75
1783 -3.836009190928525 -29.49283994587439 1.75
1784 -31.02647220889072 -5.516799790868745 1.75
1785 -32.06613616561207 -20.75893591113611 1.75
1786 -14.40109758337915 -72.44552240044254 1.75
1787 -14.22183982002812 -4.413853579227514 1.75
1788 -22.57073460163834 -49.05806224097572 1.75
1789 -24.98418054625191 -71.0930029766219 1.75
1790 -31.64654654357753 -12.68450013025773 1.75
1791 -57.35342636185634 -52.1986708577768 1.75
1792 -2.051684338982216 -8.619862005397074 1.75
1793 -44.19738878655735 -78.33379551524337 1.75
1794 -12.41269551003176 -36.7265188466512 1.75
1795 -24.78901615439125 -78.31625287020441 1.75
1796 -13.50640705829657 -80.55355793564118 1.75
1797 -33.71779780314073 -58.54408651233251 1.75
1798 -9.679074440811199 -9.841880173558568 1.75
1799 -2.181858924977124 -21.53609700402506 1.75
1800 -11.06512384559204 -80.58659819816438 1.75
1801 -59.53441483048253 -61.05096082176475 1.75
1802 -57.64678768030436 -80.14338725873012 1.75
1803 -28.90084830382944 -16.44939947397187 1.75
1804 -1.85284306342507 -3.855032746324845 1.75
1805 -16.51728508611423 -71.26717463355604 1.75
1806 -59.28563662023522 -57.66168118792527 1.75
1807 -3.670297221437885 -80.43200815060766 1.75
1808 -58.34399114897101 -2.096129910336117 1.75
1809 -52.1605630845295 -5.695033541910746 1.75
1810 -45.54822278551121 -41.85218904674666 1.75
1811 -57.0137469788277 -66.5324665911817 1.75
1812 -38.17088890670223 -6.028533284464977 1.75
1813 -1.987084397811063 -23.91290148267938 1.75
1814 -26.16151042321364 -54.52330432909039 1.75
1815 -49.84609031642685 -75.25582291219331 1.75
1816 -18.96626486526724 -46.57055612332469 1.75
1817 -16.53268439780803 -78.23546698634613 1.75
1818 -20.60918450415921 -78.14266873789418 1.75
1819 -35.9732936950904 -28.91823437206122 1.75
1820 -48.12328827160735 -6.85502318889624 1.75
1821 -59.53702361394523 -48.69087442982858 1.75
1822 -53.26815140906268 -1.943009817583068 1.75
1823 -59.81736005005713 -43.7648471449529 1.75
1824 -31.81357298435285 -63.45214498228444 1.75
1825 -1.881159870526108 -15.96554986342742 1.75
1826 -42.65896031080194 -45.84462535541488 1.75
1827 -33.46006224031413 -1.957073175566663 1.75
1828 -11.07586882926723 -1.941858857206029 1.75
1829 -37.22532012347361 -3.991318625857893 1.75
1830 -41.77823463692096 -78.54258949757957 1.75
1831 -28.57262913680731 -1.957078213090305 1.75
1832 -7.997162369896468 -78.31133384840665 1.75
1833 -1.987029968533953 -63.84373063124937 1.75
1834 -53.27717234480046 -78.36251449752457 1.75
1835 -1.709540767338087 -48.79073787243132 1.75
1836 -59.91142673343166 -11.18157020014224 1.75
1837 -1.989385714129575 -33.93448734909276 1.75
1838 -16.84651427897502 -46.393921349492 1.75
1839 -36.06392144934154 -1.97650905143761 1.75
1840 -53.99987639978958 -34.11822931666875 1.75
1841 -50.38056777314883 -72.90882498029787 1.75
1842 -41.38589635785093 -7.153822437705031 1.75
1843 -54.91357751201086 -32.53512125469742 1.75
1844 -3.939145472845894 -35.44143022549725 1.75
1845 -8.925067307811346 -70.60289109554424 1.75
1846 -27.76922188582581 -20.3447806565184 1.75
1847 -21.72536336620058 -34.21551396547974 1.75
1848 -57.74956383385979 -77.24782731834041 1.75
1849 -51.93790462225409 -36.85555053969951 1.75
1850 -44.75304507712521 -45.60968078871903 1.75
1851 -28.8198971509862 -75.9170295099606 1.75
1852 -40.1752964543052 -33.32275339356329 1.75
1853 -25.1248317427929 -3.991965932108222 1.75
1854 -18.64408692843982 -40.27728011164948 1.75
1855 -36.86757289429614 -30.64117128115499 1.75
1856 -1.78752943337069 -29.18686319295193 1.75
1857 -44.90584950230591 -39.68155321488699 1.75
1858 -42.08397263179079 -30.99109304104807 1.75
1859 -12.52869135075409 -71.65039953147604 1.75
1860 -4.201333911803911 -66.89513121920837 1.75
1861 -40.37671372919426 -70.69605653425825 1.75
1862 -1.759326981772549 -76.316631955655 1.75
1863 -32.78530530639913 -80.61477510236412 1.75
1864 -31.18664120705508 -16.63409622545986 1.75
1865 -35.31290585581202 -62.14267303375487 1.75
1866 -60.11646978558311 -38.74000798951783 1.75
1867 -52.71802028564754 -46.58548181011434 1.75
1868 -4.385958154285326 -73.73811087723521 1.75
1869 -24.47440162101949 -66.93778042030652 1.75
1870 -3.931247728824349 -6.959411138213888 1.75
1871 -39.97586369521633 -10.08891252303722 1.75
1872 -29.57610405645237 -18.60114316209997 1.75
1873 -27.92982523642868 -57.75307613647557 1.75
1874 -57.97850883907186 -34.92533428438641 1.75
1875 -60.04317436196352 -20.97336832930139 1.75
1876 -39.4694570792153 -78.68849899605763 1.75
1877 -32.23759159637308 -3.791473431587264 1.75
1878 -29.78731604734507 -3.77407214369574 1.75
1879 -57.58554424064761 -46.70314674656968 1.75
1880 -3.909955172402938 -37.42550350871885 1.75
1881 -26.60109671716884 -72.46649079200219 1.75
1882 -34.10363961313794 -21.31856806788186 1.75
1883 -9.600181984454217 -3.898311838580724 1.75
1884 -23.93665410336745 -31.80310736905825 1.75
1885 -35.30381124585117 -13.71305404112724 1.75
1886 -3.937389824197751 -78.11917597581518 1.75
1887 -1.603883895040617 -61.28319177183172 1.75
1888 -39.02925641573415 -28.29847277182747 1.75
1889 -49.03899101349025 -34.38913110251669 1.75
1890 -22.70062293882708 -3.891764104481233 1.75
1891 -3.859019943703466 -40.93840217974105 1.75
1892 -15.70003262435055 -44.43514678087812 1.75
1893 -57.86839260713143 -30.30102917336089 1.75
1894 -44.64360046625178 -72.49692516928795 1.75
1895 -51.89720858488324 -3.772096568936163 1.75
1896 -20.72192350159496 -36.14613299347353 1.75
1897 -27.60891202210651 -24.02830600614774 1.75
1898 -59.68076542762874 -80.65912160302943 1.75
1899 -59.8305221037384 -53.3576058934851 1.75
1900 -20.73566115457075 -13.14185903817956 1.75
1901 -1.826298678278398 -80.66324210057405 1.75
1902 -3.850589082232098 -71.93924226806217 1.75
1903 -4.658654281151115 -46.88948086332297 1.75
1904 -39.24004588812085 -50.44831919995578 1.75
1905 -41.75027641314157 -33.66293420979444 1.75
1906 -60.16471044753685 -1.829450182741127 1.75
1907 -58.08120528762515 -4.593504179939643 1.75
1908 -34.27567815678764 -56.2990627755558 1.75
1909 -1.712030470957274 -1.798697226974085 1.75
1910 -36.98902110982264 -79.41535729475405 1.75
1911 -27.06194868651702 -78.9321919712997 1.75
1912 -58.02023548229662 -75.11505535712465 1.75
1913 -48.78994519367168 -46.35723241749797 1.75
1914 -31.37391945106105 -78.59006219484942 1.75
1915 -45.84985817993913 -33.83897977282444 1.75
1916 -36.82503903276421 -16.64707833294209 1.75
1917 -48.97735179074073 -71.44756917125187 1.75
1918 -60.04695614775834 -26.36341440477375 1.75
1919 -7.566298695859182 -3.679987196990297 1.75
1920 -51.37007483382612 -78.80344382523873 1.75
1921 -33.00068471029606 -65.54307219837239 1.75
1922 -6.304586236155327 -44.51285196633204 1.75
1923 -1.506623209660269 -53.72464738597504 1.75
1924 -58.2111661475458 -44.95425274538589 1.75
1925 -6.799693245710916 -12.6255777356981 1.75
1926 -22.35955120978749 -78.87151623844605 1.75
1927 -20.3928616897114 -3.859905350470321 1.75
1928 -35.24425751969306 -67.84113262555799 1.75
1929 -9.953269495785953 -35.83181679220422 1.75
1930 -42.36867986713466 -3.696148276679544 1.75
1931 -57.66768635267378 -68.18107617498433 1.75
1932 -14.77471299214801 -79.00270824513447 1.75
1933 -37.23973569051729 -53.21735092531561 1.75
1934 -34.473664859579 -23.04227375975203 1.75
1935 -59.94642805136988 -59.19093494323872 1.75
1936 -13.46659513503126 -44.60201991281232 1.75
1937 -40.01846622673671 -6.105437983981069 1.75
1938 -14.98887783007722 -36.35155612756611 1.75
1939 -60.12308735855262 -24.42198448581316 1.75
1940 -18.06933845833716 -38.3535518579878 1.75
1941 -25.12832129097279 -52.93313707339931 1.75
1942 -59.78981256481457 -55.8188075596848 1.75
1943 -16.7517804899129 -69.36196393205967 1.75
1944 -11.83294888961039 -9.694878494132809 1.75
1945 -3.592697170728613 -12.47706583839851 1.75
1946 -55.6643089907551 -10.46216699358877 1.75
1947 -9.822504491658734 -79.0464818132275 1.75
1948 -57.74350567435815 -64.84593794579125 1.75
1949 -41.82082461247113 -8.801681742275022 1.75
1950 -57.91790137175602 -50.3725905920072 1.75
1951 -3.547660730344955 -42.65828572308784 1.75
1952 -44.60022624766272 -3.468025749973698 1.75
1953 -60.4690391846073 -16.2865171893912 1.75
1954 -24.30570720314004 -49.40699288228285 1.75
1955 -1.636978214307053 -25.9529243061052 1.75
1956 -25.76391803050122 -50.77075899397716 1.75
1957 -53.54910640754281 -31.10415698229497 1.75
1958 -58.32064169862237 -26.94442036619823 1.75
1959 -7.796432836904764 -45.22611394964149 1.75
1960 -55.59519058785487 -69.6394621258669 1.75
1961 -6.150079346389681 -66.04281042451653 1.75
1962 -7.809057152291782 -71.88619761982977 1.75
1963 -40.61289887717491 -11.71409839796414 1.75
1964 -19.59412411899233 -48.05973510170297 1.75
1965 -1.777835993151758 -13.59488848099076 1.75
1966 -41.05453804939 -46.64896657805878 1.75
1967 -23.47042740446351 -65.52476296859172 1.75
1968 -4.422354225097209 -31.44067681529063 1.75
1969 -43.1728798131014 -39.39500848505931 1.75
1970 -3.436377819528065 -4.874339735399793 1.75
1971 -27.3199092705344 -27.86911994586924 1.75
1972 -49.04333277349431 -8.8022823962473 1.75
1973 -3.597952224400938 -70.24136728625676 1.75
1974 -42.61033689136509 -32.20159533452942 1.75
1975 -29.12074253849681 -27.08161794097073 1.75
1976 -4.971256625388417 -70.72332284688017 1.75
1977 -59.88926094437868 -64.49392539594263 1.75
1978 -30.70538118872178 -80.395759285056 0.875
1979 -37.65414999315358 -65.84602689981716 0.875
1980 -30.98617919215921 -1.976110225032322 0.875
1981 -23.8880238205656 -16.17478995629902 0.875
1982 -50.75709152242845 -47.40767881289819 0.875
1983 -22.28770422933562 -66.87954734215703 0.875
1984 -37.37955447303072 -14.49560637593815 0.875
1985 -50.24909749154554 -32.90094703275926 0.875
1986 -11.30996215464066 -34.42484871374487 0.875
1987 -38.56880885401952 -80.68157867435485 0.875
1988 -23.72700924803095 -2.05872170022009 0.875
1989 -21.09145493946931 -80.45935006791311 0.875
1990 -35.88739509936327 -22.20890170558848 0.875
1991 -8.643620407605098 -80.44791034913393 0.875
1992 -1.989861303301542 -41.4122231052436 0.875
1993 -25.70766051478946 -62.16743474342195 0.875
1994 -14.46595608995587 -70.00931709822164 0.875
1995 -59.40493609870865 -41.15359509341508 0.875
1996 -52.67137044664766 -80.45160618402122 0.875
1997 -44.38939331823511 -70.46076473945845 0.875
1998 -14.42945768866276 -46.26109570313694 0.875
1999 -8.656672840915991 -2.027812525952307 0.875
2000 -38.48564789107897 -2.089676092283327 0.875
2001 -16.87534068063447 -11.3342842831227 0.875
2002 -8.975669487364911 -68.57368726976439 0.875
2003 -53.33603940419376 -10.58131800893793 0.875
2004 -35.83949478701454 -57.64982948795698 0.875
2005 -59.51417072159518 -73.73611631277799 0.875
2006 -26.01581448413362 -21.77542652158442 0.875
2007 -8.764624290132851 -12.01441067693598 0.875
2008 -25.87555232065835 -80.48076977915638 0.875
2009 -43.32082118574723 -41.17611333034908 0.875
2010 -47.98473976657831 -80.32842956332631 0.875
2011 -15.95938668208697 -80.41745429898614 0.875
2012 -59.48097170668866 -36.51166082819674 0.875
2013 -50.76116088313557 -70.56864893931923 0.875
2014 -13.57104543356207 -2.1437828769783 0.875
2015 -43.07521719752717 -80.42582725572481 0.875
2016 -44.47667643291715 -9.470202618139215 0.875
2017 -2.165063509461095 -73.75 0.875
2018 -8.8261431360655 -47.18944221133091 0.875
2019 -18.63071670126942 -2.622030385828815 0.875
2020 -19.90275998334699 -38.39166987085303 0.875
2021 -26.23025511780774 -56.6732692310388 0.875
2022 -1.976746094445549 -36.33590993315602 0.875
2023 -55.87509939380568 -2.484303567957753 0.875
2024 -31.19134782380752 -28.37028844591772 0.875
2025 -50.80196999897889 -2.052511273442519 0.875
2026 -59.81806147512884 -46.10576140076414 0.875
2027 -2.105577644646541 -6.241867987238599 0.875
2028 -43.39968921053967 -2.076422954420359 0.875
2029 -55.53328639864394 -30.32755738095104 0.875
2030 -59.58675010385492 -8.657087765894516 0.875
2031 -55.26280915228925 -67.80986287343585 0.875
2032 -2.417977677352681 -46.51250367825242 0.875
2033 -31.92669508532341 -52.52091504282539 0.875
2034 -2.221255173345376 -68.73121959719104 0.875
2035 -1.909498084384481 -11.07370821227304 0.875
2036 -37.78341284609337 -29.42692256670953 0.875
2037 -42.49258586641594 -35.5517398312122 0.875
2038 -6.256390605172797 -32.31260894459635 0.875
2039 -55.63881824092589 -50.06231415851297 0.875
2040 -59.57727451115063 -78.71732041215954 0.875
2041 -1.894274527120789 -78.83067525728291 0.875
2042 -44.45880076267656 -47.39287205245606 0.875
2043 -16.73951864988273 -34.78891040334757 0.875
2044 -25.35016939605147 -27.30266657004227 0.875
2045 -57.43394937147578 -14.4334389556869 0.875
2046 -4.689936188473865 -51.20542124498724 0.875
2047 -4.6119761794344 -64.82521004370096 0.875
2048 -20.27226702451944 -44.81381619953384 0.875
2049 -59.59272794484711 -28.80914822922592 0.875
2050 -3.747227236091994 -2.548338388683838 0.875
2051 -59.84745464640925 -3.72517378656601 0.875
2052 -4.138257607675317 -16.31145677761868 0.875
2053 -59.39847331944235 -66.29201164020202 0.875
2054 -59.7158585339851 -51.17939457902271 0.875
2055 -41.16500797019191 -32.22763347087266 0.875
2056 -33.84225697436597 -28.58790407673907 0.875
2057 -32.72672655661262 -26.4966793197253 0.875
2058 -30.84635969792146 -26.19476240399824 0.875
2059 -31.77238895836175 -24.46245869833757 0.875
2060 -29.44640046820107 -24.7451863913613 0.875
2061 -30.69314009220488 -22.57539136145955 0.875
2062 -34.96201084758355 -26.52287972817606 0.875
2063 -19.47041312425105 -42.6137852084539 0.875
2064 -2.297232752785298 -31.44002114065214 0.875
2065 -43.72827106636186 -37.60217255644675 0.875
2066 -44.82066861439367 -35.7199050138911 0.875
2067 -45.93704468488453 -37.86593522855746 0.875
2068 -47.25144552876197 -35.61413544637914 0.875
2069 -48.32118019268532 -38.04738065380656 0.875
2070 -47.01819090245907 -40.05281174402432 0.875
2071 -49.36103427264138 -40.29080384796198 0.875
2072 -50.74054418271885 -38.37080079113043 0.875
2073 -51.77054871796096 -40.53198581166522 0.875
2074 -53.16513654734859 -38.60533217534916 0.875
2075 -47.98065903051521 -42.29469685429002 0.875
2076 -54.1983925761056 -40.75544639848844 0.875
2077 -52.79307625910714 -42.74482316744149 0.875
2078 -55.22687560585391 -42.96317143510307 0.875
2079 -53.92127711614435 -44.93218125034335 0.875
2080 -55.60772088159591 -38.75369137122694 0.875
2081 -54.24250085069103 -36.28562417031683 0.875
2082 -25.45520228160471 -18.94009222895411 0.875
2083 -26.50079240288393 -16.51187483494218 0.875
2084 -25.32606438728893 -14.29771553653142 0.875
2085 -27.81975331601375 -14.51763600526158 0.875
2086 -26.81990595621285 -12.31971041963742 0.875
2087 -29.23449342906614 -12.57378008155693 0.875
2088 -28.26649853331794 -10.36004595178595 0.875
2089 -30.67825724234628 -10.53005457128297 0.875
2090 -25.84770253277876 -10.09602914059923 0.875
2091 -30.36421231661713 -14.55192021823052 0.875
2092 -27.29262211503251 -8.131796171782291 0.875
2093 -24.8712474528903 -7.867496263609269 0.875
2094 -23.42851813277974 -9.83449575793772 0.875
2095 -22.44533122321647 -7.603741198357959 0.875
2096 -27.59984105179603 -18.25070056486039 0.875
2097 -26.30706670234071 -5.967563426009917 0.875
2098 -28.7474241871457 -6.164811901541455 0.875
2099 -21.00544092573763 -9.574276813892887 0.875
2100 -20.01315524632716 -7.381437621584624 0.875
2101 -21.87205180477478 -11.78545657063573 0.875
2102 -27.4464916874466 -3.995910213197213 0.875
2103 -21.45369913476682 -5.427124255847154 0.875
2104 -34.96227340493835 -52.34047259400757 0.875
2105 -29.43087503760415 -52.57268043706628 0.875
2106 -30.86708216462198 -54.71102520630802 0.875
2107 -43.52696612498049 -43.64621863163039 0.875
2108 -35.70433051862575 -20.07735297479501 0.875
2109 -35.51993928187033 -17.92830176175862 0.875
2110 -33.65831134522029 -19.15200388046155 0.875
2111 -33.45395832857126 -16.95224422506116 0.875
2112 -31.6310567792266 -18.69490664713118 0.875
2113 -27.0941681614981 -52.40730359118871 0.875
2114 -25.11201255743093 -64.63180376310382 0.875
2115 -27.29513500867269 -64.13301801853001 0.875
2116 -28.09052645844017 -61.7638783389184 0.875
2117 -29.60452485473597 -63.70851117457478 0.875
2118 -28.78597720093478 -65.99605611592995 0.875
2119 -31.03424871175275 -65.66680179438845 0.875
2120 -30.2931243317936 -67.88398261712859 0.875
2121 -27.92139725116831 -68.26303582563426 0.875
2122 -29.45067275596258 -70.14253960433118 0.875
2123 -27.13632969880789 -70.47831615254887 0.875
2124 -31.84565692719735 -69.75547138702558 0.875
2125 -30.98715566464078 -72.02190879210578 0.875
2126 -33.38733478662711 -71.63493050130279 0.875
2127 -32.52270160982396 -73.90849269535681 0.875
2128 -34.92762939484508 -73.51965104559414 0.875
2129 -29.96441102229973 -74.1937016823079 0.875
2130 -34.06073400181023 -75.7976044034113 0.875
2131 -30.44781774466785 -61.44240684866064 0.875
2132 -36.46682970085155 -75.4071585971069 0.875
2133 -37.33265852253599 -73.12974016543261 0.875
2134 -38.87176076396447 -75.01576929884388 0.875
2135 -39.73542402831882 -72.73828765211009 0.875
2136 -41.34634356043541 -74.57031758433716 0.875
2137 -38.19657154821904 -70.85491994727525 0.875
2138 -34.33188656817664 -69.37645561583078 0.875
2139 -40.40814820285447 -76.83125185168487 0.875
2140 -42.81893152532625 -76.42661180085551 0.875
2141 -28.96899680230949 -59.6108133835076 0.875
2142 -31.36650580578107 -59.17342196715501 0.875
2143 -33.08173147728825 -61.37008672290652 0.875
2144 -43.6797271381697 -74.22992509945709 0.875
2145 -45.22012947534526 -76.08789639159389 0.875
2146 -46.1034278231655 -73.88446706684041 0.875
2147 -47.6100460645257 -75.81592486690229 0.875
2148 -11.7460767484401 -46.21434577777921 0.875
2149 -9.581632969334159 -44.73803908756109 0.875
2150 -11.8346434341035 -43.75890233174945 0.875
2151 -9.787782033013439 -42.46611262134285 0.875
2152 -12.09261413837719 -41.48439444663556 0.875
2153 -9.878854346376723 -40.00376682810085 0.875
2154 -7.647913875099817 -43.39663791911478 0.875
2155 -12.23435608595046 -39.05408344858398 0.875
2156 -14.20061394873481 -40.46286380160106 0.875
2157 -14.52034474179401 -38.19865106038932 0.875
2158 -38.75534804823765 -12.19883181689084 0.875
2159 -36.57782494936826 -12.16751632343107 0.875
2160 -37.90532044915226 -10.13164634994553 0.875
2161 -35.52446113180563 -9.962315269363589 0.875
2162 -36.88763917906761 -7.968550489039423 0.875
2163 -39.49835982547032 -8.05704366175911 0.875
2164 -34.47990436167284 -7.762798074551498 0.875
2165 -35.84431450660862 -5.810154389748973 0.875
2166 -33.43211797569512 -5.647968004545277 0.875
2167 -34.1524992084701 -11.97196003276483 0.875
2168 -19.62464705353319 -33.84862609936464 0.875
2169 -20.59940646492468 -68.55751507629695 0.875
2170 -18.50667820579909 -69.95443903818011 0.875
2171 -20.65581289898422 -70.97683725462127 0.875
2172 -18.55043341964176 -72.29669579980074 0.875
2173 -20.65165130216637 -73.4627083350081 0.875
2174 -18.5593195014322 -74.71891833123409 0.875
2175 -16.42776472799658 -73.53510953263148 0.875
2176 -22.7647123676315 -72.13620297871275 0.875
2177 -22.76770605371681 -74.64234690898525 0.875
2178 -16.48254291469855 -75.9365474976951 0.875
2179 -14.33509872759608 -74.78469252037873 0.875
2180 -24.78567977519331 -73.43996448611202 0.875
2181 -24.86660428738241 -75.83840241908145 0.875
2182 -14.45344266743384 -77.07269627966033 0.875
2183 -12.25688066334887 -76.00761411332235 0.875
2184 -12.24525804282632 -73.66433876070111 0.875
2185 -10.12184918906626 -74.85157907366624 0.875
2186 -12.27821111599177 -78.4716390909837 0.875
2187 -10.08008964018896 -72.40214298346385 0.875
2188 -7.911016229519252 -73.77594984883527 0.875
2189 -7.97695599274795 -76.07858816340477 0.875
2190 -18.56372032172601 -77.21249599846035 0.875
2191 -5.934739943463558 -74.92159604573069 0.875
2192 -5.871000785574996 -72.42674966450352 0.875
2193 -5.963478436719402 -77.32708101055971 0.875
2194 -36.33900223196027 -63.88047189501124 0.875
2195 -50.85195553952903 -9.553688656505205 0.875
2196 -52.64702504240547 -8.035892587256882 0.875
2197 -50.39741291040568 -7.206593422538297 0.875
2198 -54.98682386477037 -8.719447935675504 0.875
2199 -54.40972952291768 -6.415417400697443 0.875
2200 -53.2947533280843 -69.60148853047232 0.875
2201 -52.59703292380971 -72.09614755228024 0.875
2202 -55.03429629126204 -71.2760177876992 0.875
2203 -54.4454197362045 -73.64929923828736 0.875
2204 -52.00069960145586 -74.48674114756963 0.875
2205 -53.77316569159819 -76.07673379551578 0.875
2206 -51.42115345145439 -76.8856490061972 0.875
2207 -56.08615806670379 -75.41138986101819 0.875
2208 -55.61543048001944 -77.99685722456007 0.875
2209 -13.82787903639304 -10.88909772590969 0.875
2210 -15.6904969056619 -9.077505400587235 0.875
2211 -13.25713241344366 -8.494999355442694 0.875
2212 -14.93733050410949 -6.726503430650844 0.875
2213 -12.46929157591539 -6.306943314082964 0.875
2214 -10.88036643553291 -8.01773116532528 0.875
2215 -10.12620143910629 -5.906992665132705 0.875
2216 -8.463115367182542 -7.708377755743378 0.875
2217 -7.825558191220644 -5.561379855015069 0.875
2218 -6.141588377103407 -7.365120610319728 0.875
2219 -6.361517402137327 -48.7952364207069 0.875
2220 -46.58364822010765 -46.90294739879464 0.875
2221 -52.70332360626782 -32.62008118218971 0.875
2222 -6.571867593194956 -67.73156628389367 0.875
2223 -8.589279929597375 -33.83054527125226 0.875
2224 -6.0992599264838 -34.65962727801812 0.875
2225 -8.009823280854238 -36.24454822785724 0.875
2226 -5.831279148544116 -36.96443796637068 0.875
2227 -5.482486677256517 -14.17769284393994 0.875
2228 -35.49759466591021 -77.65018622861082 0.875
2229 -42.08031326609017 -69.47106536754994 0.875
2230 -47.09770953829029 -9.118139885645739 0.875
2231 -45.74848143444479 -7.217174609300287 0.875
2232 -43.39335046732245 -7.229461664822757 0.875
2233 -55.45815695608412 -12.50664067532279 0.875
2234 -57.61730849492123 -11.98970709655967 0.875
2235 -22.68102264353185 -76.93368145543461 0.875
2236 -25.72978654269042 -24.65273879648955 0.875
2237 -33.67638878311389 -54.41037554702888 0.875
2238 -18.00081292810804 -44.44721159554081 0.875
2239 -35.2049140169596 -66.02205675636145 0.875
2240 -57.07933243188412 -6.999886873998591 0.875
2241 -42.19480089604959 -10.81064754818679 0.875
2242 -53.08255917171707 -48.6431746333169 0.875
2243 -25.60208034516037 -68.72824249640834 0.875
2244 -32.05315867201335 -7.658914349502474 0.875
2245 -6.529122403251652 -46.45219018274753 0.875
2246 -34.73340191383421 -3.876817249814813 0.875
2247 -56.28371034658367 -45.13063704552617 0.875
2248 -3.538281053581045 -53.61946721954462 0.875
2249 -32.85655461870651 -22.66989394707063 0.875
2250 -48.29467753784649 -73.42998111647134 0.875
2251 -51.69799227963795 -34.71321336331287 0.875
2252 -33.35135531860998 -78.13512375387984 0.875
2253 -16.7001075919686 -42.17311088042931 0.875
2254 -33.88920776504579 -63.96182287066931 0.875
2255 -28.68667271950189 -29.11308418054397 0.875
2256 -44.15757662163678 -5.303432033343803 0.875
2257 -41.77556905597326 -5.619402164296503 0.875
2258 -46.63008006579285 -4.542300046681909 0.875
2259 -3.534738535420175 -62.09142528572829 0.875
2260 -6.988054270322785 -10.06549761086375 0.875
2261 -58.56792109045043 -25.15715455216677 0.875
2262 -58.52405099107068 -16.43780667867642 0.875
2263 -39.57106616028602 -68.29955852138998 0.875
2264 -5.544993424652365 -4.76704841653779 0.875
2265 -42.28869469627273 -48.21904603808233 0.875
2266 -11.45105539742017 -69.73067641455103 0.875
2267 -11.14533739208571 -11.55038533835019 0.875
2268 -23.88802382056561 -29.82521004370097 0.875
2269 -27.21427766126155 -74.45443491397498 0.875
2270 -27.0283660496136 -76.94913179706819 0.875
2271 -18.6258698351323 -36.5008425579656 0.875
2272 -3.992520755041685 -48.69118568390419 0.875
2273 -37.00568671708124 -68.29715029154137 0.875
2274 -13.92874586872305 -34.70025590812553 0.875
2275 -4.291436653554701 -9.740048893042108 0.875
2276 -16.41371228980051 -39.5210369324694 0.875
2277 -14.24592323718298 -42.95233019885345 0.875
2278 -19.02698072151964 -5.105178488049184 0.875
2279 -58.73130988534865 -62.98220311904755 0.875
2280 -37.21882126866613 -51.34310424267692 0.875
2281 -3.932325433669114 -75.8186580031628 0.875
2282 -2.585120106160467 -18.67883543110025 0.875
2283 -27.41456411321937 -25.99541496906146 0.875
2284 -32.31190375828436 -56.75202423835333 0.875
2285 -43.92576425076955 -33.29936165712081 0.875
2286 -58.3348809339089 -54.53057591386202 0.875
2287 -7.76823463340358 -38.5230249449985 0.875
2288 -5.350756361590069 -39.38322183978186 0.875
2289 -3.283660833271341 -14.55300697184558 0.875
2290 -51.14733832914857 -44.98818867874564 0.875
2291 -10.26634368850957 -37.64441632709254 0.875
2292 -29.9494177981962 -57.15662373928974 0.875
2293 -21.18353527296515 -47.24838536927791 0.875
2294 -28.53187553983672 -22.38746386753001 0.875
2295 -30.00086104092084 -20.5908127498747 0.875
2296 -23.01518437354952 -69.30880095394731 0.875
2297 -21.96731614358166 -31.99324083325541 0.875
2298 -19.2205762912863 -11.90989164749826 0.875
2299 -35.46400597902632 -60.10782703731172 0.875
2300 -23.88870543776067 -51.10292077176197 0.875
2301 -17.46922384526567 -7.11473779116681 0.875
2302 -2.804405223139653 -27.5014548782331 0.875
2303 -11.78200713136863 -4.084081045498806 0.875
2304 -16.59139746338366 -4.845588986109007 0.875
2305 -3.98324752455472 -33.25224333825624 0.875
2306 -2.399340862689929 -56.13207716301076 0.875
2307 -36.06441105907304 -24.38762312881128 0.875
2308 -57.60280429180294 -43.15002872260024 0.875
2309 -5.309180099855119 -11.56793810929035 0.875
2310 -46.7449859570195 -71.40330207919037 0.875
2311 -6.81159453743966 -70.10200301181675 0.875
2312 -47.4787893266158 -33.2078152937814 0.875
2313 -46.65476505210351 -78.18982893642419 0.875
2314 -55.85184134999217 -4.910570176308283 0.875
2315 -53.85208682113963 -4.107536348410292 0.875
2316 -35.34150048672781 -15.57753066371184 0.875
2317 -33.19366745763365 -14.55496362626447 0.875
2318 -36.11649467973004 -54.90403120583748 0.875
2319 -57.01722351112956 -36.72825986558446 0.875
2320 -55.98002667667053 -34.50027054843694 0.875
2321 -58.0512200618617 -38.88183051767525 0.875
2322 -2.57275646490401 -59.44822956440625 0.875
2323 -28.21915287153101 -55.10385976760919 0.875
2324 -26.42724353509599 -59.44822956440624 0.875
2325 -7.524043050323897 -40.99314628893145 0.875
2326 -5.512476355320548 -42.41203006236113 0.875
2327 -42.30019364305726 -72.11645118296602 0.875
2328 -55.21650241022665 -47.23486044312517 0.875
2329 -57.55292103063415 -48.72642484142159 0.875
2330 -37.34925672610132 -26.99128818933364 0.875
2331 -40.1610894175018 -48.60885785392539 0.875
2332 -34.73322886433216 -79.97588280813122 0.875
2333 -59.65889841356585 -18.73049593658008 0.875
2334 -4.725146497294379 -68.90725200376168 0.875
2335 -15.97996681182947 -2.376221822045146 0.875
2336 -18.42959419623028 -9.44255289594053 0.875
2337 -57.3727554997119 -9.633708949704442 0.875
2338 -59.75316414900264 -6.079275434399797 0.875
2339 -2.451848784589057 -39.00251757878841 0.875
2340 -2.04122174575679 -43.83579657189787 0.875
2341 -4.377145377560762 -44.82947353933754 0.875
2342 -22.47302266004599 -14.08584436751414 0.875
2343 -1.983620242833783 -71.14104012905594 0.875
2344 -59.48498612884077 -68.86241408973039 0.875
2345 -59.44240397027241 -71.25615795259759 0.875
2346 -57.39943995661679 -70.29961819059335 0.875
2347 -57.12372270305182 -72.94444420051028 0.875
2348 -59.62756208627252 -76.23549909297633 0.875
2349 -40.92701836091743 -1.993733052068002 0.875
2350 -39.82078918688105 -4.189484535271426 0.875
2351 -21.29195381751305 -2.085755264545618 0.875
2352 -59.69300337370821 -31.34315603930832 0.875
2353 -59.70590072072942 -33.79233425305775 0.875
2354 -57.44048690693553 -32.55820136152862 0.875
2355 -2.165063509461085 -66.25 0.875
2356 -35.86362792291418 -71.13547459449616 0.875
2357 -45.50718241953275 -80.37120423753154 0.875
2358 -49.27540072232694 -78.15069500481349 0.875
2359 -26.17578789389281 -1.996376696616522 0.875
2360 -40.70026503004522 -80.54955156591127 0.875
2361 -18.53299473565809 -79.92021615378111 0.875
2362 -28.29048067065666 -80.5089844856755 0.875
2363 -29.25653900943021 -78.19353185246692 0.875
2364 -23.47964415126238 -80.50373066776089 0.875
2365 -45.88000000000009 -2.147743001385393 0.875
2366 -48.36399120084612 -2.145438680502565 0.875
2367 -49.75991562542534 -4.632664923625363 0.875
2368 -55.20967780339926 -80.36305367409406 0.875
2369 -26.33696129378291 -29.4854554549461 0.875
2370 -6.095991174865812 -79.94840782449077 0.875
2371 -6.204087038052684 -2.145383348865565 0.875
2372 -49.84334925087405 -36.30278219838826 0.875
2373 -32.99463408713971 -67.46016084947838 0.875
2374 -50.3340632148292 -42.55874748437145 0.875
2375 -48.95777114704481 -44.09212118804085 0.875
2376 -46.5368499670594 -44.26174050529914 0.875
2377 -50.35506338580271 -80.44599974513946 0.875
2378 -24.29454424564684 -12.06987529880927 0.875
2379 -33.09905735200237 -9.770531983376063 0.875
2380 -26.53183399739776 -66.44832277331881 0.875
2381 -33.8052003286062 -24.59730913506003 0.875
2382 -16.76026325496621 -37.07692981700151 0.875
2383 -2.137205404296065 -51.25 0.875
2384 -37.87349252271061 -77.15686561703308 0.875
2385 -28.59307341221466 -72.40632520090998 0.875
2386 -31.31542683004707 -76.37355400423995 0.875
2387 -59.73481731194326 -13.97745363312709 0.875
2388 -23.87615241477297 -5.730048012640239 0.875
2389 -10.058856899173 -77.1248260372038 0.875
2390 -29.70816349866695 -8.405648882681334 0.875
2391 -59.42001802150512 -22.74365438115299 0.875
2392 -20.67178336848612 -75.89640650715087 0.875
2393 -57.08245841152233 -28.46708285579054 0.875
2394 -56.68199158598811 -40.9429605897515 0.875
2395 -3.836009190928525 -29.49283994587439 0.875
2396 -31.02647220889072 -5.516799790868745 0.875
2397 -32.06613616561207 -20.75893591113611 0.875
2398 -14.40109758337915 -72.44552240044254 0.875
2399 -14.22183982002812 -4.413853579227514 0.875
2400 -22.57073460163834 -49.05806224097572 0.875
2401 -24.98418054625191 -71.0930029766219 0.875
2402 -31.64654654357753 -12.68450013025773 0.875
2403 -57.35342636185634 -52.1986708577768 0.875
2404 -2.051684338982216 -8.619862005397074 0.875
2405 -44.19738878655735 -78.33379551524337 0.875
2406 -12.41269551003176 -36.7265188466512 0.875
2407 -24.78901615439125 -78.31625287020441 0.875
2408 -13.50640705829657 -80.55355793564118 0.875
2409 -33.71779780314073 -58.54408651233251 0.875
2410 -9.679074440811199 -9.841880173558568 0.875
2411 -2.181858924977124 -21.53609700402506 0.875
2412 -11.06512384559204 -80.58659819816438 0.875
2413 -59.53441483048253 -61.05096082176475 0.875
2414 -57.64678768030436 -80.14338725873012 0.875
2415 -28.90084830382944 -16.44939947397187 0.875
2416 -1.85284306342507 -3.855032746324845 0.875
2417 -16.51728508611423 -71.26717463355604 0.875
2418 -59.28563662023522 -57.66168118792527 0.875
2419 -3.670297221437885 -80.43200815060766 0.875
2420 -58.34399114897101 -2.096129910336117 0.875
2421 -52.1605630845295 -5.695033541910746 0.875
2422 -45.54822278551121 -41.85218904674666 0.875
2423 -57.0137469788277 -66.5324665911817 0.875
2424 -38.17088890670223 -6.028533284464977 0.875
2425 -1.987084397811063 -23.91290148267938 0.875
2426 -26.16151042321364 -54.52330432909039 0.875
2427 -49.84609031642685 -75.25582291219331 0.875
2428 -18.96626486526724 -46.57055612332469 0.875
2429 -16.53268439780803 -78.23546698634613 0.875
2430 -20.60918450415921 -78.14266873789418 0.875
2431 -35.9732936950904 -28.91823437206122 0.875
2432 -48.12328827160735 -6.85502318889624 0.875
2433 -59.53702361394523 -48.69087442982858 0.875
2434 -53.26815140906268 -1.943009817583068 0.875
2435 -59.81736005005713 -43.7648471449529 0.875
2436 -31.81357298435285 -63.45214498228444 0.875
2437 -1.881159870526108 -15.96554986342742 0.875
2438 -42.65896031080194 -45.84462535541488 0.875
2439 -33.46006224031413 -1.957073175566663 0.875
2440 -11.07586882926723 -1.941858857206029 0.875
2441 -37.22532012347361 -3.991318625857893 0.875
2442 -41.77823463692096 -78.54258949757957 0.875
2443 -28.57262913680731 -1.957078213090305 0.875
2444 -7.997162369896468 -78.31133384840665 0.875
2445 -1.987029968533953 -63.84373063124937 0.875
2446 -53.27717234480046 -78.36251449752457 0.875
2447 -1.709540767338087 -48.79073787243132 0.875
2448 -59.91142673343166 -11.18157020014224 0.875
2449 -1.989385714129575 -33.93448734909276 0.875
2450 -16.84651427897502 -46.393921349492 0.875
2451 -36.06392144934154 -1.97650905143761 0.875
2452 -53.99987639978958 -34.11822931666875 0.875
2453 -50.38056777314883 -72.90882498029787 0.875
2454 -41.38589635785093 -7.153822437705031 0.875
2455 -54.91357751201086 -32.53512125469742 0.875
2456 -3.939145472845894 -35.44143022549725 0.875
2457 -8.925067307811346 -70.60289109554424 0.875
2458 -27.76922188582581 -20.3447806565184 0.875
2459 -21.72536336620058 -34.21551396547974 0.875
2460 -57.74956383385979 -77.24782731834041 0.875
2461 -51.93790462225409 -36.85555053969951 0.875
2462 -44.75304507712521 -45.60968078871903 0.875
2463 -28.8198971509862 -75.9170295099606 0.875
2464 -40.1752964543052 -33.32275339356329 0.875
2465 -25.1248317427929 -3.991965932108222 0.875
2466 -18.64408692843982 -40.27728011164948 0.875
2467 -36.86757289429614 -30.64117128115499 0.875
2468 -1.78752943337069 -29.18686319295193 0.875
2469 -44.90584950230591 -39.68155321488699 0.875
2470 -42.08397263179079 -30.99109304104807 0.875
2471 -12.52869135075409 -71.65039953147604 0.875
2472 -4.201333911803911 -66.89513121920837 0.875
2473 -40.37671372919426 -70.69605653425825 0.875
2474 -1.759326981772549 -76.316631955655 0.875
2475 -32.78530530639913 -80.61477510236412 0.875
2476 -31.18664120705508 -16.63409622545986 0.875
2477 -35.31290585581202 -62.14267303375487 0.875
2478 -60.11646978558311 -38.74000798951783 0.875
2479 -52.71802028564754 -46.58548181011434 0.875
2480 -4.385958154285326 -73.73811087723521 0.875
2481 -24.47440162101949 -66.93778042030652 0.875
2482 -3.931247728824349 -6.959411138213888 0.875
2483 -39.97586369521633 -10.08891252303722 0.875
2484 -29.57610405645237 -18.60114316209997 0.875
2485 -27.92982523642868 -57.75307613647557 0.875
2486 -57.97850883907186 -34.92533428438641 0.875
2487 -60.04317436196352 -20.97336832930139 0.875
2488 -39.4694570792153 -78.68849899605763 0.875
2489 -32.23759159637308 -3.791473431587264 0.875
2490 -29.78731604734507 -3.77407214369574 0.875
2491 -57.58554424064761 -46.70314674656968 0.875
2492 -3.909955172402938 -37.42550350871885 0.875
2493 -26.60109671716884 -72.46649079200219 0.875
2494 -34.10363961313794 -21.31856806788186 0.875
2495 -9.600181984454217 -3.898311838580724 0.875
2496 -23.93665410336745 -31.80310736905825 0.875
2497 -35.30381124585117 -13.71305404112724 0.875
2498 -3.937389824197751 -78.11917597581518 0.875
2499 -1.603883895040617 -61.28319177183172 0.875
2500 -39.02925641573415 -28.29847277182747 0.875
2501 -49.03899101349025 -34.38913110251669 0.875
2502 -22.70062293882708 -3.891764104481233 0.875
2503 -3.859019943703466 -40.93840217974105 0.875
2504 -15.70003262435055 -44.43514678087812 0.875
2505 -57.86839260713143 -30.30102917336089 0.875
2506 -44.64360046625178 -72.49692516928795 0.875
2507 -51.89720858488324 -3.772096568936163 0.875
2508 -20.72192350159496 -36.14613299347353 0.875
2509 -27.60891202210651 -24.02830600614774 0.875
2510 -59.68076542762874 -80.65912160302943 0.875
2511 -59.8305221037384 -53.3576058934851 0.875
2512 -20.73566115457075 -13.14185903817956 0.875
2513 -1.826298678278398 -80.66324210057405 0.875
2514 -3.850589082232098 -71.93924226806217 0.875
2515 -4.658654281151115 -46.88948086332297 0.875
2516 -39.24004588812085 -50.44831919995578 0.875
2517 -41.75027641314157 -33.66293420979444 0.875
2518 -60.16471044753685 -1.829450182741127 0.875
2519 -58.08120528762515 -4.593504179939643 0.875
2520 -34.27567815678764 -56.2990627755558 0.875
2521 -1.712030470957274 -1.798697226974085 0.875
2522 -36.98902110982264 -79.41535729475405 0.875
2523 -27.06194868651702 -78.9321919712997 0.875
2524 -58.02023548229662 -75.11505535712465 0.875
2525 -48.78994519367168 -46.35723241749797 0.875
2526 -31.37391945106105 -78.59006219484942 0.875
2527 -45.84985817993913 -33.83897977282444 0.875
2528 -36.82503903276421 -16.64707833294209 0.875
2529 -48.97735179074073 -71.44756917125187 0.875
2530 -60.04695614775834 -26.36341440477375 0.875
2531 -7.566298695859182 -3.679987196990297 0.875
2532 -51.37007483382612 -78.80344382523873 0.875
2533 -33.00068471029606 -65.54307219837239 0.875
2534 -6.304586236155327 -44.51285196633204 0.875
2535 -1.506623209660269 -53.72464738597504 0.875
2536 -58.2111661475458 -44.95425274538589 0.875
2537 -6.799693245710916 -12.6255777356981 0.875
2538 -22.35955120978749 -78.87151623844605 0.875
2539 -20.3928616897114 -3.859905350470321 0.875
2540 -35.24425751969306 -67.84113262555799 0.875
2541 -9.953269495785953 -35.83181679220422 0.875
2542 -42.36867986713466 -3.696148276679544 0.875
2543 -57.66768635267378 -68.18107617498433 0.875
2544 -14.77471299214801 -79.00270824513447 0.875
2545 -37.23973569051729 -53.21735092531561 0.875
2546 -34.473664859579 -23.04227375975203 0.875
2547 -59.94642805136988 -59.19093494323872 0.875
2548 -13.46659513503126 -44.60201991281232 0.875
2549 -40.01846622673671 -6.105437983981069 0.875
2550 -14.98887783007722 -36.35155612756611 0.875
2551 -60.12308735855262 -24.42198448581316 0.875
2552 -18.06933845833716 -38.3535518579878 0.875
2553 -25.12832129097279 -52.93313707339931 0.875
2554 -59.78981256481457 -55.8188075596848 0.875
2555 -16.7517804899129 -69.36196393205967 0.875
2556 -11.83294888961039 -9.694878494132809 0.875
2557 -3.592697170728613 -12.47706583839851 0.875
2558 -55.6643089907551 -10.46216699358877 0.875
2559 -9.822504491658734 -79.0464818132275 0.875
2560 -57.74350567435815 -64.84593794579125 0.875
2561 -41.82082461247113 -8.801681742275022 0.875
2562 -57.91790137175602 -50.3725905920072 0.875
2563 -3.547660730344955 -42.65828572308784 0.875
2564 -44.60022624766272 -3.468025749973698 0.875
2565 -60.4690391846073 -16.2865171893912 0.875
2566 -24.30570720314004 -49.40699288228285 0.875
2567 -1.636978214307053 -25.9529243061052 0.875
2568 -25.76391803050122 -50.77075899397716 0.875
2569 -53.54910640754281 -31.10415698229497 0.875
2570 -58.32064169862237 -26.94442036619823 0.875
2571 -7.796432836904764 -45.22611394964149 0.875
2572 -55.59519058785487 -69.6394621258669 0.875
2573 -6.150079346389681 -66.04281042451653 0.875
2574 -7.809057152291782 -71.88619761982977 0.875
2575 -40.61289887717491 -11.71409839796414 0.875
2576 -19.59412411899233 -48.05973510170297 0.875
2577 -1.777835993151758 -13.59488848099076 0.875
2578 -41.05453804939 -46.64896657805878 0.875
2579 -23.47042740446351 -65.52476296859172 0.875
2580 -4.422354225097209 -31.44067681529063 0.875
2581 -43.1728798131014 -39.39500848505931 0.875
2582 -3.436377819528065 -4.874339735399793 0.875
2583 -27.3199092705344 -27.86911994586924 0.875
2584 -49.04333277349431 -8.8022823962473 0.875
2585 -3.597952224400938 -70.24136728625676 0.875
2586 -42.61033689136509 -32.20159533452942 0.875
2587 -29.12074253849681 -27.08161794097073 0.875
2588 -4.971256625388417 -70.72332284688017 0.875
2589 -59.88926094437868 -64.49392539594263 0.875
$EndNodes
$Elements
6980
1 15 2 0 6 1
2 15 2 0 8 2
3 15 2 0 9 3
4 15 2 0 10 4
5 15 2 0 11 5
6 15 2 0 12 6
7 15 2 0 13 7
8 15 2 0 14 8
9 15 2 0 15 9
10 15 2 0 16 10
11 15 2 0 17 11
12 15 2 0 18 12
13 15 2 0 19 13
14 15 2 0 20 14
15 15 2 0 21 15
16 15 2 0 22 16
17 15 2 0 23 17
18 15 2 0 24 18
19 15 2 0 25 19
20 15 2 0 26 20
21 15 2 0 27 21
22 15 2 0 28 22
23 15 2 0 29 23
24 15 2 0 30 24
25 15 2 0 31 25
26 15 2 0 32 26
27 1 2 0 6 1 27
28 1 2 0 6 27 28
29 1 2 0 6 28 29
30 1 2 0 6 29 30
31 1 2 0 6 30 31
32 1 2 0 6 31 32
33 1 2 0 6 32 33
34 1 2 0 6 33 34
35 1 2 0 6 34 35
36 1 2 0 6 35 36
37 1 2 0 6 36 37
38 1 2 0 6 37 38
39 1 2 0 6 38 39
40 1 2 0 6 39 40
41 1 2 0 6 40 41
42 1 2 0 6 41 42
43 1 2 0 6 42 43
44 1 2 0 6 43 44
45 1 2 0 6 44 45
46 1 2 0 6 45 46
47 1 2 0 6 46 47
48 1 2 0 6 47 48
49 1 2 0 6 48 49
50 1 2 0 6 49 50
51 1 2 0 6 50 51
52 1 2 0 6 51 1
53 1 2 0 8 2 52
54 1 2 0 8 52 53
55 1 2 0 8 53 54
56 1 2 0 8 54 55
57 1 2 0 8 55 56
58 1 2 0 8 56 57
59 1 2 0 8 57 58
60 1 2 0 8 58 59
61 1 2 0 8 59 60
62 1 2 0 8 60 61
63 1 2 0 8 61 62
64 1 2 0 8 62 63
65 1 2 0 8 63 64
66 1 2 0 8 64 65
67 1 2 0 8 65 66
68 1 2 0 8 66 67
69 1 2 0 8 67 68
70 1 2 0 8 68 69
71 1 2 0 8 69 70
72 1 2 0 8 70 71
73 1 2 0 8 71 72
74 1 2 0 8 72 73
75 1 2 0 8 73 74
76 1 2 0 8 74 75
77 1 2 0 8 75 76
78 1 2 0 8 76 2
79 1 2 0 9 3 77
80 1 2 0 9 77 78
81 1 2 0 9 78 79
82 1 2 0 9 79 80
83 1 2 0 9 80 81
84 1 2 0 9 81 82
85 1 2 0 9 82 83
86 1 2 0 9 83 84
87 1 2 0 9 84 85
88 1 2 0 9 85 86
89 1 2 0 9 86 87
90 1 2 0 9 87 88
91 1 2 0 9 88 89
92 1 2 0 9 89 90
93 1 2 0 9 90 91
94 1 2 0 9 91 92
95 1 2 0 9 92 93
96 1 2 0 9 93 94
97 1 2 0 9 94 95
98 1 2 0 9 95 96
99 1 2 0 9 96 97
100 1 2 0 9 97 98
101 1 2 0 9 98 99
102 1 2 0 9 99 100
103 1 2 0 9 100 101
104 1 2 0 9 101 3
105 1 2 0 10 4 102
106 1 2 0 10 102 103
107 1 2 0 10 103 104
108 1 2 0 10 104 105
109 1 2 0 10 105 106
110 1 2 0 10 106 107
111 1 2 0 10 107 108
112 1 2 0 10 108 109
113 1 2 0 10 109 110
114 1 2 0 10 110 111
115 1 2 0 10 111 112
116 1 2 0 10 112 113
117 1 2 0 10 113 114
118 1 2 0 10 114 115
119 1 2 0 10 115 116
120 1 2 0 10 116 117
121 1 2 0 10 117 118
122 1 2 0 10 118 119
123 1 2 0 10 119 120
124 1 2 0 10 120 121
125 1 2 0 10 121 122
126 1 2 0 10 122 123
127 1 2 0 10 123 124
128 1 2 0 10 124 125
129 1 2 0 10 125 5
130 1 2 0 11 6 126
131 1 2 0 11 126 127
132 1 2 0 11 127 128
133 1 2 0 11 128 129
134 1 2 0 11 129 130
135 1 2 0 11 130 131
136 1 2 0 11 131 132
137 1 2 0 11 132 133
138 1 2 0 11 133 134
139 1 2 0 11 134 135
140 1 2 0 11 135 136
141 1 2 0 11 136 137
142 1 2 0 11 137 138
143 1 2 0 11 138 139
144 1 2 0 11 139 140
145 1 2 0 11 140 141
146 1 2 0 11 141 142
147 1 2 0 11 142 143
148 1 2 0 11 143 144
149 1 2 0 11 144 145
150 1 2 0 11 145 146
151 1 2 0 11 146 147
152 1 2 0 11 147 148
153 1 2 0 11 148 149
154 1 2 0 11 149 150
155 1 2 0 11 150 151
156 1 2 0 11 151 152
157 1 2 0 11 152 153
158 1 2 0 11 153 154
159 1 2 0 11 154 155
160 1 2 0 11 155 156
161 1 2 0 11 156 157
162 1 2 0 11 157 4
163 1 2 0 12 5 158
164 1 2 0 12 158 159
165 1 2 0 12 159 160
166 1 2 0 12 160 161
167 1 2 0 12 161 162
168 1 2 0 12 162 163
169 1 2 0 12 163 164
170 1 2 0 12 164 165
171 1 2 0 12 165 166
172 1 2 0 12 166 167
173 1 2 0 12 167 168
174 1 2 0 12 168 169
175 1 2 0 12 169 170
176 1 2 0 12 170 171
177 1 2 0 12 171 172
178 1 2 0 12 172 173
179 1 2 0 12 173 174
180 1 2 0 12 174 175
181 1 2 0 12 175 176
182 1 2 0 12 176 177
183 1 2 0 12 177 178
184 1 2 0 12 178 179
185 1 2 0 12 179 180
186 1 2 0 12 180 181
187 1 2 0 12 181 182
188 1 2 0 12 182 183
189 1 2 0 12 183 184
190 1 2 0 12 184 185
191 1 2 0 12 185 186
192 1 2 0 12 186 187
193 1 2 0 12 187 188
194 1 2 0 12 188 189
195 1 2 0 12 189 7
196 1 2 0 13 7 190
197 1 2 0 13 190 191
198 1 2 0 13 191 192
199 1 2 0 13 192 193
200 1 2 0 13 193 194
201 1 2 0 13 194 195
202 1 2 0 13 195 196
203 1 2 0 13 196 197
204 1 2 0 13 197 198
205 1 2 0 13 198 199
206 1 2 0 13 199 200
207 1 2 0 13 200 201
208 1 2 0 13 201 202
209 1 2 0 13 202 203
210 1 2 0 13 203 204
211 1 2 0 13 204 205
212 1 2 0 13 205 206
213 1 2 0 13 206 207
214 1 2 0 13 207 208
215 1 2 0 13 208 209
216 1 2 0 13 209 210
217 1 2 0 13 210 211
218 1 2 0 13 211 212
219 1 2 0 13 212 213
220 1 2 0 13 213 6
221 1 2 0 14 8 214
222 1 2 0 14 214 215
223 1 2 0 14 215 216
224 1 2 0 14 216 217
225 1 2 0 14 217 218
226 1 2 0 14 218 219
227 1 2 0 14 219 220
228 1 2 0 14 220 221
229 1 2 0 14 221 222
230 1 2 0 14 222 223
231 1 2 0 14 223 224
232 1 2 0 14 224 225
233 1 2 0 14 225 226
234 1 2 0 14 226 227
235 1 2 0 14 227 228
236 1 2 0 14 228 229
237 1 2 0 14 229 230
238 1 2 0 14 230 231
239 1 2 0 14 231 232
240 1 2 0 14 232 233
241 1 2 0 14 233 234
242 1 2 0 14 234 9
243 1 2 0 15 9 235
244 1 2 0 15 235 236
245 1 2 0 15 236 10
246 1 2 0 16 10 237
247 1 2 0 16 237 238
248 1 2 0 16 238 239
249 1 2 0 16 239 240
250 1 2 0 16 240 241
251 1 2 0 16 241 242
252 1 2 0 16 242 243
253 1 2 0 16 243 244
254 1 2 0 16 244 245
255 1 2 0 16 245 246
256 1 2 0 16 246 247
257 1 2 0 16 247 248
258 1 2 0 16 248 249
259 1 2 0 16 249 250
260 1 2 0 16 250 251
261 1 2 0 16 251 11
262 1 2 0 17 11 252
263 1 2 0 17 252 253
264 1 2 0 17 253 254
265 1 2 0 17 254 255
266 1 2 0 17 255 256
267 1 2 0 17 256 257
268 1 2 0 17 257 258
269 1 2 0 17 258 259
270 1 2 0 17 259 12
271 1 2 0 18 12 260
272 1 2 0 18 260 261
273 1 2 0 18 261 13
274 1 2 0 19 13 262
275 1 2 0 19 262 263
276 1 2 0 19 263 264
277 1 2 0 19 264 8
278 1 2 0 20 4 265
279 1 2 0 20 265 14
280 1 2 0 21 5 266
281 1 2 0 21 266 15
282 1 2 0 22 14 267
283 1 2 0 22 267 268
284 1 2 0 22 268 269
285 1 2 0 22 269 270
286 1 2 0 22 270 271
287 1 2 0 22 271 272
288 1 2 0 22 272 273
289 1 2 0 22 273 274
290 1 2 0 22 274 275
291 1 2 0 22 275 276
292 1 2 0 22 276 277
293 1 2 0 22 277 278
294 1 2 0 22 278 279
295 1 2 0 22 279 280
296 1 2 0 22 280 281
297 1 2 0 22 281 282
298 1 2 0 22 282 283
299 1 2 0 22 283 284
300 1 2 0 22 284 285
301 1 2 0 22 285 286
302 1 2 0 22 286 287
303 1 2 0 22 287 288
304 1 2 0 22 288 289
305 1 2 0 22 289 290
306 1 2 0 22 290 15
307 1 2 0 23 6 291
308 1 2 0 23 291 16
309 1 2 0 24 16 292
310 1 2 0 24 292 293
311 1 2 0 24 293 294
312 1 2 0 24 294 295
313 1 2 0 24 295 296
314 1 2 0 24 296 297
315 1 2 0 24 297 298
316 1 2 0 24 298 299
317 1 2 0 24 299 300
318 1 2 0 24 300 301
319 1 2 0 24 301 302
320 1 2 0 24 302 303
321 1 2 0 24 303 304
322 1 2 0 24 304 305
323 1 2 0 24 305 306
324 1 2 0 24 306 307
325 1 2 0 24 307 308
326 1 2 0 24 308 309
327 1 2 0 24 309 310
328 1 2 0 24 310 311
329 1 2 0 24 311 312
330 1 2 0 24 312 313
331 1 2 0 24 313 314
332 1 2 0 24 314 315
333 1 2 0 24 315 316
334 1 2 0 24 316 317
335 1 2 0 24 317 318
336 1 2 0 24 318 319
337 1 2 0 24 319 320
338 1 2 0 24 320 321
339 1 2 0 24 321 322
340 1 2 0 24 322 323
341 1 2 0 24 323 14
342 1 2 0 25 7 324
343 1 2 0 25 324 17
344 1 2 0 26 15 325
345 1 2 0 26 325 326
346 1 2 0 26 326 327
347 1 2 0 26 327 328
348 1 2 0 26 328 329
349 1 2 0 26 329 330
350 1 2 0 26 330 331
351 1 2 0 26 331 332
352 1 2 0 26 332 333
353 1 2 0 26 333 334
354 1 2 0 26 334 335
355 1 2 0 26 335 336
356 1 2 0 26 336 337
357 1 2 0 26 337 338
358 1 2 0 26 338 339
359 1 2 0 26 339 340
360 1 2 0 26 340 341
361 1 2 0 26 341 342
362 1 2 0 26 342 343
363 1 2 0 26 343 344
364 1 2 0 26 344 345
365 1 2 0 26 345 346
366 1 2 0 26 346 347
367 1 2 0 26 347 348
368 1 2 0 26 348 349
369 1 2 0 26 349 350
370 1 2 0 26 350 351
371 1 2 0 26 351 352
372 1 2 0 26 352 353
373 1 2 0 26 353 354
374 1 2 0 26 354 355
375 1 2 0 26 355 356
376 1 2 0 26 356 17
377 1 2 0 27 17 357
378 1 2 0 27 357 358
379 1 2 0 27 358 359
380 1 2 0 27 359 360
381 1 2 0 27 360 361
382 1 2 0 27 361 362
383 1 2 0 27 362 363
384 1 2 0 27 363 364
385 1 2 0 27 364 365
386 1 2 0 27 365 366
387 1 2 0 27 366 367
388 1 2 0 27 367 368
389 1 2 0 27 368 369
390 1 2 0 27 369 370
391 1 2 0 27 370 371
392 1 2 0 27 371 372
393 1 2 0 27 372 373
394 1 2 0 27 373 374
395 1 2 0 27 374 375
396 1 2 0 27 375 376
397 1 2 0 27 376 377
398 1 2 0 27 377 378
399 1 2 0 27 378 379
400 1 2 0 27 379 380
401 1 2 0 27 380 16
402 1 2 0 28 2 381
403 1 2 0 28 381 18
404 1 2 0 29 18 382
405 1 2 0 29 382 383
406 1 2 0 29 383 384
407 1 2 0 29 384 385
408 1 2 0 29 385 386
409 1 2 0 29 386 387
410 1 2 0 29 387 388
411 1 2 0 29 388 389
412 1 2 0 29 389 390
413 1 2 0 29 390 391
414 1 2 0 29 391 392
415 1 2 0 29 392 393
416 1 2 0 29 393 394
417 1 2 0 29 394 395
418 1 2 0 29 395 396
419 1 2 0 29 396 397
420 1 2 0 29 397 398
421 1 2 0 29 398 399
422 1 2 0 29 399 400
423 1 2 0 29 400 401
424 1 2 0 29 401 402
425 1 2 0 29 402 403
426 1 2 0 29 403 404
427 1 2 0 29 404 405
428 1 2 0 29 405 406
429 1 2 0 29 406 18
430 1 2 0 30 3 407
431 1 2 0 30 407 19
432 1 2 0 31 19 408
433 1 2 0 31 408 409
434 1 2 0 31 409 410
435 1 2 0 31 410 411
436 1 2 0 31 411 412
437 1 2 0 31 412 413
438 1 2 0 31 413 414
439 1 2 0 31 414 415
440 1 2 0 31 415 416
441 1 2 0 31 416 417
442 1 2 0 31 417 418
443 1 2 0 31 418 419
444 1 2 0 31 419 420
445 1 2 0 31 420 421
446 1 2 0 31 421 422
447 1 2 0 31 422 423
448 1 2 0 31 423 424
449 1 2 0 31 424 425
450 1 2 0 31 425 426
451 1 2 0 31 426 427
452 1 2 0 31 427 428
453 1 2 0 31 428 429
454 1 2 0 31 429 430
455 1 2 0 31 430 431
456 1 2 0 31 431 432
457 1 2 0 31 432 19
458 1 2 0 32 8 433
459 1 2 0 32 433 20
460 1 2 0 33 9 434
461 1 2 0 33 434 21
462 1 2 0 34 20 435
463 1 2 0 34 435 436
464 1 2 0 34 436 437
465 1 2 0 34 437 438
466 1 2 0 34 438 439
467 1 2 0 34 439 440
468 1 2 0 34 440 441
469 1 2 0 34 441 442
470 1 2 0 34 442 443
471 1 2 0 34 443 444
472 1 2 0 34 444 445
473 1 2 0 34 445 446
474 1 2 0 34 446 447
475 1 2 0 34 447 448
476 1 2 0 34 448 449
477 1 2 0 34 449 450
478 1 2 0 34 450 451
479 1 2 0 34 451 452
480 1 2 0 34 452 453
481 1 2 0 34 453 454
482 1 2 0 34 454 455
483 1 2 0 34 455 21
484 1 2 0 35 10 456
485 1 2 0 35 456 22
486 1 2 0 36 21 457
487 1 2 0 36 457 458
488 1 2 0 36 458 22
489 1 2 0 37 11 459
490 1 2 0 37 459 23
491 1 2 0 38 22 460
492 1 2 0 38 460 461
493 1 2 0 38 461 462
494 1 2 0 38 462 463
495 1 2 0 38 463 464
496 1 2 0 38 464 465
497 1 2 0 38 465 466
498 1 2 0 38 466 467
499 1 2 0 38 467 468
500 1 2 0 38 468 469
501 1 2 0 38 469 470
502 1 2 0 38 470 471
503 1 2 0 38 471 472
504 1 2 0 38 472 473
505 1 2 0 38 473 474
506 1 2 0 38 474 23
507 1 2 0 39 12 475
508 1 2 0 39 475 24
509 1 2 0 40 23 476
510 1 2 0 40 476 477
511 1 2 0 40 477 478
512 1 2 0 40 478 479
513 1 2 0 40 479 480
514 1 2 0 40 480 481
515 1 2 0 40 481 482
516 1 2 0 40 482 483
517 1 2 0 40 483 24
518 1 2 0 41 13 484
519 1 2 0 41 484 25
520 1 2 0 42 24 485
521 1 2 0 42 485 486
522 1 2 0 42 486 25
523 1 2 0 43 25 487
524 1 2 0 43 487 488
525 1 2 0 43 488 489
526 1 2 0 43 489 20
527 1 2 0 44 1 490
528 1 2 0 44 490 26
529 1 2 0 45 26 491
530 1 2 0 45 491 492
531 1 2 0 45 492 493
532 1 2 0 45 493 494
533 1 2 0 45 494 495
534 1 2 0 45 495 496
535 1 2 0 45 496 497
536 1 2 0 45 497 498
537 1 2 0 45 498 499
538 1 2 0 45 499 500
539 1 2 0 45 500 501
540 1 2 0 45 501 502
541 1 2 0 45 502 503
542 1 2 0 45 503 504
543 1 2 0 45 504 505
544 1 2 0 45 505 506
545 1 2 0 45 506 507
546 1 2 0 45 507 508
547 1 2 0 45 508 509
548 1 2 0 45 509 510
549 1 2 0 45 510 511
550 1 2 0 45 511 512
551 1 2 0 45 512 513
552 1 2 0 45 513 514
553 1 2 0 45 514 515
554 1 2 0 45 515 26
555 2 2 0 1 741 885 745
556 2 2 0 1 816 842 557
557 2 2 0 1 705 940 917
558 2 2 0 1 568 875 778
559 2 2 0 1 233 823 234
560 2 2 0 1 778 876 568
561 2 2 0 1 903 904 796
562 2 2 0 1 917 940 627
563 2 2 0 1 844 860 135
564 2 2 0 1 791 815 694
565 2 2 0 1 870 1060 199
566 2 2 0 1 594 969 259
567 2 2 0 1 694 814 791
568 2 2 0 1 746 998 952
569 2 2 0 1 811 894 676
570 2 2 0 1 225 871 226
571 2 2 0 1 728 968 899
572 2 2 0 1 782 917 627
573 2 2 0 1 746 952 906
574 2 2 0 1 627 928 782
575 2 2 0 1 568 986 875
576 2 2 0 1 871 1025 226
577 2 2 0 1 675 811 801
578 2 2 0 1 842 873 557
579 2 2 0 1 588 909 802
580 2 2 0 1 904 905 796
581 2 2 0 1 160 876 159
582 2 2 0 1 675 894 811
583 2 2 0 1 233 1065 823
584 2 2 0 1 200 870 199
585 2 2 0 1 263 868 845
586 2 2 0 1 875 986 772
587 2 2 0 1 901 1001 924
588 2 2 0 1 928 934 782
589 2 2 0 1 561 1057 852
590 2 2 0 1 958 1057 561
591 2 2 0 1 620 996 544
592 2 2 0 1 636 934 928
593 2 2 0 1 806 907 255
594 2 2 0 1 868 1038 574
595 2 2 0 1 544 1047 774
596 2 2 0 1 969 1005 259
597 2 2 0 1 740 885 741
598 2 2 0 1 899 967 728
599 2 2 0 1 725 995 804
600 2 2 0 1 545 1075 798
601 2 2 0 1 845 868 600
602 2 2 0 1 866 1017 617
603 2 2 0 1 830 1023 861
604 2 2 0 1 820 949 150
605 2 2 0 1 832 1047 544
606 2 2 0 1 645 960 914
607 2 2 0 1 914 1000 645
608 2 2 0 1 151 820 150
609 2 2 0 1 807 923 667
610 2 2 0 1 813 1095 573
611 2 2 0 1 789 990 619
612 2 2 0 1 1014 1022 953
613 2 2 0 1 650 1022 1014
614 2 2 0 1 826 1041 877
615 2 2 0 1 801 1011 675
616 2 2 0 1 619 999 789
617 2 2 0 1 531 862 654
618 2 2 0 1 135 860 134
619 2 2 0 1 255 1034 806
620 2 2 0 1 685 965 896
621 2 2 0 1 601 1004 11
622 2 2 0 1 689 863 691
623 2 2 0 1 877 1030 826
624 2 2 0 1 673 865 674
625 2 2 0 1 584 921 810
626 2 2 0 1 830 861 644
627 2 2 0 1 690 815 688
628 2 2 0 1 839 874 748
629 2 2 0 1 642 856 775
630 2 2 0 1 634 996 620
631 2 2 0 1 847 1095 813
632 2 2 0 1 709 834 714
633 2 2 0 1 667 1001 807
634 2 2 0 1 798 948 545
635 2 2 0 1 650 935 833
636 2 2 0 1 732 1015 76
637 2 2 0 1 550 859 857
638 2 2 0 1 880 916 622
639 2 2 0 1 691 863 825
640 2 2 0 1 861 1023 559
641 2 2 0 1 639 836 637
642 2 2 0 1 908 1036 731
643 2 2 0 1 802 1120 588
644 2 2 0 1 780 1017 866
645 2 2 0 1 804 995 540
646 2 2 0 1 906 984 746
647 2 2 0 1 775 822 644
648 2 2 0 1 568 876 160
649 2 2 0 1 774 821 582
650 2 2 0 1 804 1009 725
651 2 2 0 1 694 815 690
652 2 2 0 1 159 876 589
653 2 2 0 1 199 1060 525
654 2 2 0 1 574 969 868
655 2 2 0 1 642 775 571
656 2 2 0 1 643 651 247
657 2 2 0 1 809 1046 558
658 2 2 0 1 136 844 135
659 2 2 0 1 676 1078 811
660 2 2 0 1 55 869 803
661 2 2 0 1 825 829 691
662 2 2 0 1 793 1125 562
663 2 2 0 1 921 985 810
664 2 2 0 1 823 1124 234
665 2 2 0 1 519 621 620
666 2 2 0 1 792 974 681
667 2 2 0 1 949 963 149
668 2 2 0 1 520 1063 828
669 2 2 0 1 885 1062 745
670 2 2 0 1 136 1073 844
671 2 2 0 1 258 594 259
672 2 2 0 1 115 989 977
673 2 2 0 1 54 1083 818
674 2 2 0 1 706 809 581
675 2 2 0 1 533 932 859
676 2 2 0 1 707 708 94
677 2 2 0 1 798 1075 847
678 2 2 0 1 786 921 584
679 2 2 0 1 801 811 517
680 2 2 0 1 681 1015 792
681 2 2 0 1 846 932 533
682 2 2 0 1 796 1102 903
683 2 2 0 1 571 775 644
684 2 2 0 1 654 862 679
685 2 2 0 1 818 1054 54
686 2 2 0 1 997 1046 706
687 2 2 0 1 822 830 644
688 2 2 0 1 733 734 541
689 2 2 0 1 556 687 686
690 2 2 0 1 738 739 551
691 2 2 0 1 747 748 539
692 2 2 0 1 554 769 768
693 2 2 0 1 785 866 617
694 2 2 0 1 643 861 651
695 2 2 0 1 899 968 527
696 2 2 0 1 573 942 813
697 2 2 0 1 257 793 562
698 2 2 0 1 844 1073 786
699 2 2 0 1 11 1004 558
700 2 2 0 1 761 762 576
701 2 2 0 1 757 783 556
702 2 2 0 1 763 829 825
703 2 2 0 1 863 864 826
704 2 2 0 1 692 863 689
705 2 2 0 1 706 1046 809
706 2 2 0 1 771 772 583
707 2 2 0 1 833 1022 650
708 2 2 0 1 767 1011 801
709 2 2 0 1 842 937 873
710 2 2 0 1 914 1063 758
711 2 2 0 1 584 810 757
712 2 2 0 1 629 940 855
713 2 2 0 1 685 896 851
714 2 2 0 1 544 774 39
715 2 2 0 1 913 1063 914
716 2 2 0 1 731 982 908
717 2 2 0 1 38 620 544
718 2 2 0 1 550 1016 859
719 2 2 0 1 896 965 744
720 2 2 0 1 534 984 906
721 2 2 0 1 517 811 777
722 2 2 0 1 748 874 539
723 2 2 0 1 251 601 11
724 2 2 0 1 151 975 820
725 2 2 0 1 828 1063 913
726 2 2 0 1 836 874 637
727 2 2 0 1 535 865 767
728 2 2 0 1 76 1015 837
729 2 2 0 1 245 642 571
730 2 2 0 1 40 774 582
731 2 2 0 1 780 866 577
732 2 2 0 1 519 620 37
733 2 2 0 1 243 818 244
734 2 2 0 1 249 831 250
735 2 2 0 1 864 1041 826
736 2 2 0 1 750 839 748
737 2 2 0 1 240 645 241
738 2 2 0 1 642 1083 856
739 2 2 0 1 680 830 822
740 2 2 0 1 246 643 247
741 2 2 0 1 800 871 225
742 2 2 0 1 884 885 740
743 2 2 0 1 701 1099 1021
744 2 2 0 1 810 985 570
745 2 2 0 1 674 865 682
746 2 2 0 1 585 983 797
747 2 2 0 1 817 951 182
748 2 2 0 1 855 940 705
749 2 2 0 1 46 812 524
750 2 2 0 1 873 937 552
751 2 2 0 1 75 732 76
752 2 2 0 1 523 850 232
753 2 2 0 1 582 907 806
754 2 2 0 1 90 862 531
755 2 2 0 1 57 758 58
756 2 2 0 1 93 707 94
757 2 2 0 1 581 812 45
758 2 2 0 1 70 848 71
759 2 2 0 1 35 880 36
760 2 2 0 1 519 880 622
761 2 2 0 1 34 836 35
762 2 2 0 1 957 1036 908
763 2 2 0 1 44 706 581
764 2 2 0 1 582 806 41
765 2 2 0 1 707 834 709
766 2 2 0 1 2 837 542
767 2 2 0 1 524 761 47
768 2 2 0 1 82 686 536
769 2 2 0 1 684 848 788
770 2 2 0 1 43 835 706
771 2 2 0 1 520 780 59
772 2 2 0 1 806 835 42
773 2 2 0 1 74 801 517
774 2 2 0 1 767 801 73
775 2 2 0 1 559 862 89
776 2 2 0 1 535 767 72
777 2 2 0 1 574 1005 969
778 2 2 0 1 542 856 52
779 2 2 0 1 532 804 96
780 2 2 0 1 55 803 56
781 2 2 0 1 218 779 554
782 2 2 0 1 29 765 30
783 2 2 0 1 992 1099 701
784 2 2 0 1 221 733 541
785 2 2 0 1 556 686 81
786 2 2 0 1 33 747 539
787 2 2 0 1 554 768 219
788 2 2 0 1 855 1014 629
789 2 2 0 1 228 931 229
790 2 2 0 1 32 805 747
791 2 2 0 1 69 738 551
792 2 2 0 1 541 771 222
793 2 2 0 1 97 804 540
794 2 2 0 1 249 938 831
795 2 2 0 1 48 761 576
796 2 2 0 1 224 800 225
797 2 2 0 1 60 780 577
798 2 2 0 1 545 948 805
799 2 2 0 1 545 805 31
800 2 2 0 1 811 1078 777
801 2 2 0 1 977 989 784
802 2 2 0 1 837 947 542
803 2 2 0 1 905 970 796
804 2 2 0 1 910 1039 789
805 2 2 0 1 905 959 735
806 2 2 0 1 892 993 567
807 2 2 0 1 735 970 905
808 2 2 0 1 80 757 556
809 2 2 0 1 567 1043 892
810 2 2 0 1 570 1053 810
811 2 2 0 1 1026 1060 922
812 2 2 0 1 558 1090 809
813 2 2 0 1 569 738 68
814 2 2 0 1 223 771 583
815 2 2 0 1 812 944 524
816 2 2 0 1 243 1054 818
817 2 2 0 1 584 757 79
818 2 2 0 1 820 975 590
819 2 2 0 1 585 797 100
820 2 2 0 1 78 786 584
821 2 2 0 1 600 919 845
822 2 2 0 1 562 1125 596
823 2 2 0 1 673 1011 865
824 2 2 0 1 924 1001 667
825 2 2 0 1 28 820 590
826 2 2 0 1 50 933 840
827 2 2 0 1 639 916 880
828 2 2 0 1 227 929 799
829 2 2 0 1 77 844 786
830 2 2 0 1 797 860 101
831 2 2 0 1 577 941 61
832 2 2 0 1 525 1060 1026
833 2 2 0 1 3 860 844
834 2 2 0 1 819 1036 1012
835 2 2 0 1 8 646 214
836 2 2 0 1 1012 1036 579
837 2 2 0 1 758 1063 58
838 2 2 0 1 598 1125 821
839 2 2 0 1 852 853 561
840 2 2 0 1 583 925 800
841 2 2 0 1 64 951 65
842 2 2 0 1 62 941 824
843 2 2 0 1 893 983 585
844 2 2 0 1 789 1039 523
845 2 2 0 1 532 1009 804
846 2 2 0 1 861 964 651
847 2 2 0 1 971 1029 564
848 2 2 0 1 70 1067 848
849 2 2 0 1 834 1019 781
850 2 2 0 1 255 907 256
851 2 2 0 1 834 939 714
852 2 2 0 1 822 947 680
853 2 2 0 1 750 842 839
854 2 2 0 1 646 647 214
855 2 2 0 1 548 895 851
856 2 2 0 1 831 938 85
857 2 2 0 1 27 949 820
858 2 2 0 1 929 1089 799
859 2 2 0 1 108 873 107
860 2 2 0 1 563 905 904
861 2 2 0 1 867 1029 971
862 2 2 0 1 638 874 839
863 2 2 0 1 909 1069 802
864 2 2 0 1 149 963 148
865 2 2 0 1 524 1079 761
866 2 2 0 1 263 845 264
867 2 2 0 1 824 1092 63
868 2 2 0 1 987 994 560
869 2 2 0 1 765 1075 30
870 2 2 0 1 182 1127 817
871 2 2 0 1 63 1092 956
872 2 2 0 1 645 976 241
873 2 2 0 1 557 1077 816
874 2 2 0 1 924 1064 901
875 2 2 0 1 836 1050 35
876 2 2 0 1 86 938 838
877 2 2 0 1 941 1049 824
878 2 2 0 1 681 947 837
879 2 2 0 1 83 988 84
880 2 2 0 1 777 1078 911
881 2 2 0 1 542 1058 856
882 2 2 0 1 85 1114 831
883 2 2 0 1 1 963 949
884 2 2 0 1 778 1057 876
885 2 2 0 1 523 1039 850
886 2 2 0 1 686 1086 536
887 2 2 0 1 558 1046 252
888 2 2 0 1 230 1107 231
889 2 2 0 1 595 919 600
890 2 2 0 1 581 1088 812
891 2 2 0 1 98 1111 99
892 2 2 0 1 851 896 548
893 2 2 0 1 87 1091 88
894 2 2 0 1 549 967 899
895 2 2 0 1 231 1107 759
896 2 2 0 1 843 994 987
897 2 2 0 1 53 1083 54
898 2 2 0 1 84 988 966
899 2 2 0 1 805 1094 747
900 2 2 0 1 66 1098 67
901 2 2 0 1 850 1065 233
902 2 2 0 1 541 1096 771
903 2 2 0 1 760 1111 98
904 2 2 0 1 779 1099 554
905 2 2 0 1 596 1125 598
906 2 2 0 1 88 1091 964
907 2 2 0 1 952 998 578
908 2 2 0 1 520 1017 780
909 2 2 0 1 576 1118 49
910 2 2 0 1 216 1113 217
911 2 2 0 1 806 1034 835
912 2 2 0 1 521 1019 834
913 2 2 0 1 852 1057 778
914 2 2 0 1 740 1110 884
915 2 2 0 1 35 1050 880
916 2 2 0 1 49 1118 933
917 2 2 0 1 696 1113 216
918 2 2 0 1 835 997 706
919 2 2 0 1 55 1054 869
920 2 2 0 1 559 1023 862
921 2 2 0 1 925 1103 800
922 2 2 0 1 819 1012 555
923 2 2 0 1 107 873 552
924 2 2 0 1 557 873 108
925 2 2 0 1 133 1037 983
926 2 2 0 1 621 634 620
927 2 2 0 1 91 1117 92
928 2 2 0 1 996 1022 833
929 2 2 0 1 652 1117 91
930 2 2 0 1 67 1098 961
931 2 2 0 1 262 1038 868
932 2 2 0 1 808 1001 901
933 2 2 0 1 911 1071 777
934 2 2 0 1 840 1105 51
935 2 2 0 1 684 1044 848
936 2 2 0 1 637 874 638
937 2 2 0 1 815 1086 688
938 2 2 0 1 781 939 834
939 2 2 0 1 228 1108 931
940 2 2 0 1 54 1054 55
941 2 2 0 1 569 1110 738
942 2 2 0 1 555 1018 819
943 2 2 0 1 562 594 258
944 2 2 0 1 552 937 841
945 2 2 0 1 220 1122 733
946 2 2 0 1 51 1105 963
947 2 2 0 1 768 1122 220
948 2 2 0 1 577 1100 941
949 2 2 0 1 750 937 842
950 2 2 0 1 547 960 645
951 2 2 0 1 209 950 946
952 2 2 0 1 64 1085 951
953 2 2 0 1 933 1006 840
954 2 2 0 1 795 1080 794
955 2 2 0 1 562 595 594
956 2 2 0 1 1080 1102 794
957 2 2 0 1 603 1119 238
958 2 2 0 1 595 600 594
959 2 2 0 1 757 1053 783
960 2 2 0 1 634 1022 996
961 2 2 0 1 810 1053 757
962 2 2 0 1 238 1119 239
963 2 2 0 1 687 688 686
964 2 2 0 1 877 1041 530
965 2 2 0 1 254 997 835
966 2 2 0 1 707 709 708
967 2 2 0 1 761 763 762
968 2 2 0 1 646 648 647
969 2 2 0 1 554 770 769
970 2 2 0 1 747 749 748
971 2 2 0 1 733 735 734
972 2 2 0 1 895 943 851
973 2 2 0 1 519 622 621
974 2 2 0 1 814 1004 791
975 2 2 0 1 692 864 863
976 2 2 0 1 853 972 561
977 2 2 0 1 734 736 541
978 2 2 0 1 738 740 739
979 2 2 0 1 797 1037 860
980 2 2 0 1 905 1045 959
981 2 2 0 1 938 1104 838
982 2 2 0 1 936 955 713
983 2 2 0 1 10 1002 237
984 2 2 0 1 256 907 793
985 2 2 0 1 983 1037 797
986 2 2 0 1 762 843 576
987 2 2 0 1 771 1096 772
988 2 2 0 1 599 787 597
989 2 2 0 1 758 1000 914
990 2 2 0 1 841 978 552
991 2 2 0 1 822 1058 947
992 2 2 0 1 809 920 581
993 2 2 0 1 840 1006 147
994 2 2 0 1 821 1047 598
995 2 2 0 1 533 973 846
996 2 2 0 1 902 945 546
997 2 2 0 1 869 1116 803
998 2 2 0 1 772 925 583
999 2 2 0 1 648 935 650
1000 2 2 0 1 901 1061 808
1001 2 2 0 1 837 1015 681
1002 2 2 0 1 695 920 814
1003 2 2 0 1 629 1014 953
1004 2 2 0 1 234 1008 9
1005 2 2 0 1 572 1010 872
1006 2 2 0 1 259 1005 12
1007 2 2 0 1 596 597 595
1008 2 2 0 1 257 562 258
1009 2 2 0 1 763 1079 829
1010 2 2 0 1 908 982 529
1011 2 2 0 1 772 1096 875
1012 2 2 0 1 1095 1115 573
1013 2 2 0 1 597 919 595
1014 2 2 0 1 150 949 149
1015 2 2 0 1 896 915 548
1016 2 2 0 1 828 1017 520
1017 2 2 0 1 946 950 724
1018 2 2 0 1 38 544 39
1019 2 2 0 1 543 885 883
1020 2 2 0 1 184 882 591
1021 2 2 0 1 883 885 884
1022 2 2 0 1 866 867 577
1023 2 2 0 1 598 599 597
1024 2 2 0 1 256 793 257
1025 2 2 0 1 588 1120 954
1026 2 2 0 1 893 1010 572
1027 2 2 0 1 543 883 186
1028 2 2 0 1 859 1016 533
1029 2 2 0 1 39 774 40
1030 2 2 0 1 794 1102 796
1031 2 2 0 1 687 689 688
1032 2 2 0 1 580 1000 758
1033 2 2 0 1 142 877 530
1034 2 2 0 1 131 893 572
1035 2 2 0 1 165 871 164
1036 2 2 0 1 843 987 602
1037 2 2 0 1 944 1079 524
1038 2 2 0 1 530 878 141
1039 2 2 0 1 550 891 171
1040 2 2 0 1 169 890 587
1041 2 2 0 1 572 881 130
1042 2 2 0 1 883 884 882
1043 2 2 0 1 532 955 936
1044 2 2 0 1 37 620 38
1045 2 2 0 1 539 874 836
1046 2 2 0 1 85 938 86
1047 2 2 0 1 187 886 543
1048 2 2 0 1 622 623 621
1049 2 2 0 1 709 710 708
1050 2 2 0 1 891 892 890
1051 2 2 0 1 878 879 570
1052 2 2 0 1 586 776 601
1053 2 2 0 1 184 591 183
1054 2 2 0 1 586 601 251
1055 2 2 0 1 624 916 628
1056 2 2 0 1 244 818 642
1057 2 2 0 1 786 1073 921
1058 2 2 0 1 611 912 609
1059 2 2 0 1 250 831 586
1060 2 2 0 1 803 976 580
1061 2 2 0 1 185 883 882
1062 2 2 0 1 566 887 118
1063 2 2 0 1 120 904 903
1064 2 2 0 1 749 750 748
1065 2 2 0 1 770 794 769
1066 2 2 0 1 132 893 131
1067 2 2 0 1 571 644 643
1068 2 2 0 1 109 889 557
1069 2 2 0 1 740 741 739
1070 2 2 0 1 146 602 145
1071 2 2 0 1 763 764 762
1072 2 2 0 1 617 828 615
1073 2 2 0 1 185 882 184
1074 2 2 0 1 178 592 177
1075 2 2 0 1 560 877 143
1076 2 2 0 1 676 894 664
1077 2 2 0 1 622 916 624
1078 2 2 0 1 609 912 613
1079 2 2 0 1 575 604 603
1080 2 2 0 1 170 891 890
1081 2 2 0 1 119 903 566
1082 2 2 0 1 734 737 736
1083 2 2 0 1 242 869 243
1084 2 2 0 1 176 564 175
1085 2 2 0 1 140 878 570
1086 2 2 0 1 575 823 604
1087 2 2 0 1 548 915 194
1088 2 2 0 1 644 861 643
1089 2 2 0 1 129 881 555
1090 2 2 0 1 144 560 143
1091 2 2 0 1 689 690 688
1092 2 2 0 1 776 791 601
1093 2 2 0 1 887 888 538
1094 2 2 0 1 170 890 169
1095 2 2 0 1 169 587 168
1096 2 2 0 1 664 894 666
1097 2 2 0 1 578 886 188
1098 2 2 0 1 547 645 240
1099 2 2 0 1 828 913 912
1100 2 2 0 1 154 573 153
1101 2 2 0 1 140 570 139
1102 2 2 0 1 195 895 548
1103 2 2 0 1 187 543 186
1104 2 2 0 1 244 642 245
1105 2 2 0 1 161 568 160
1106 2 2 0 1 632 639 637
1107 2 2 0 1 571 643 246
1108 2 2 0 1 250 586 251
1109 2 2 0 1 562 596 595
1110 2 2 0 1 197 898 553
1111 2 2 0 1 575 603 238
1112 2 2 0 1 131 572 130
1113 2 2 0 1 142 530 141
1114 2 2 0 1 544 996 832
1115 2 2 0 1 604 606 605
1116 2 2 0 1 129 555 128
1117 2 2 0 1 174 533 173
1118 2 2 0 1 549 899 207
1119 2 2 0 1 604 605 603
1120 2 2 0 1 172 550 171
1121 2 2 0 1 546 900 203
1122 2 2 0 1 204 902 546
1123 2 2 0 1 189 578 188
1124 2 2 0 1 127 579 126
1125 2 2 0 1 563 904 121
1126 2 2 0 1 117 887 538
1127 2 2 0 1 526 889 110
1128 2 2 0 1 615 912 611
1129 2 2 0 1 237 575 238
1130 2 2 0 1 765 1095 847
1131 2 2 0 1 245 571 246
1132 2 2 0 1 186 883 185
1133 2 2 0 1 705 917 699
1134 2 2 0 1 606 607 605
1135 2 2 0 1 119 566 118
1136 2 2 0 1 120 903 119
1137 2 2 0 1 671 675 673
1138 2 2 0 1 900 901 516
1139 2 2 0 1 111 897 526
1140 2 2 0 1 143 877 142
1141 2 2 0 1 239 547 240
1142 2 2 0 1 109 557 108
1143 2 2 0 1 107 552 106
1144 2 2 0 1 141 878 140
1145 2 2 0 1 105 537 104
1146 2 2 0 1 130 881 129
1147 2 2 0 1 188 886 187
1148 2 2 0 1 159 589 158
1149 2 2 0 1 122 563 121
1150 2 2 0 1 124 561 123
1151 2 2 0 1 117 538 116
1152 2 2 0 1 171 891 170
1153 2 2 0 1 179 1092 1049
1154 2 2 0 1 111 526 110
1155 2 2 0 1 691 693 690
1156 2 2 0 1 553 895 196
1157 2 2 0 1 628 916 632
1158 2 2 0 1 666 894 671
1159 2 2 0 1 525 898 198
1160 2 2 0 1 671 673 672
1161 2 2 0 1 114 518 113
1162 2 2 0 1 206 899 527
1163 2 2 0 1 156 565 155
1164 2 2 0 1 202 900 516
1165 2 2 0 1 527 902 205
1166 2 2 0 1 197 553 196
1167 2 2 0 1 195 548 194
1168 2 2 0 1 682 684 683
1169 2 2 0 1 193 534 192
1170 2 2 0 1 208 549 207
1171 2 2 0 1 118 887 117
1172 2 2 0 1 121 904 120
1173 2 2 0 1 211 529 210
1174 2 2 0 1 199 525 198
1175 2 2 0 1 684 788 685
1176 2 2 0 1 211 908 529
1177 2 2 0 1 110 889 109
1178 2 2 0 1 606 910 607
1179 2 2 0 1 607 609 608
1180 2 2 0 1 657 911 658
1181 2 2 0 1 585 1010 893
1182 2 2 0 1 202 516 201
1183 2 2 0 1 204 546 203
1184 2 2 0 1 537 909 104
1185 2 2 0 1 206 527 205
1186 2 2 0 1 616 617 615
1187 2 2 0 1 674 682 678
1188 2 2 0 1 872 1010 760
1189 2 2 0 1 763 825 764
1190 2 2 0 1 632 637 633
1191 2 2 0 1 721 722 717
1192 2 2 0 1 666 671 670
1193 2 2 0 1 112 897 111
1194 2 2 0 1 689 691 690
1195 2 2 0 1 787 919 597
1196 2 2 0 1 609 613 608
1197 2 2 0 1 912 913 613
1198 2 2 0 1 196 895 195
1199 2 2 0 1 198 898 197
1200 2 2 0 1 865 1011 767
1201 2 2 0 1 207 899 206
1202 2 2 0 1 671 894 675
1203 2 2 0 1 658 911 662
1204 2 2 0 1 693 694 690
1205 2 2 0 1 203 900 202
1206 2 2 0 1 205 902 204
1207 2 2 0 1 662 676 664
1208 2 2 0 1 913 914 613
1209 2 2 0 1 103 909 588
1210 2 2 0 1 11 558 252
1211 2 2 0 1 741 742 739
1212 2 2 0 1 827 1115 1095
1213 2 2 0 1 638 839 816
1214 2 2 0 1 828 912 615
1215 2 2 0 1 661 781 659
1216 2 2 0 1 798 847 813
1217 2 2 0 1 534 906 192
1218 2 2 0 1 680 681 669
1219 2 2 0 1 662 911 676
1220 2 2 0 1 699 917 702
1221 2 2 0 1 673 674 672
1222 2 2 0 1 628 632 631
1223 2 2 0 1 693 695 694
1224 2 2 0 1 754 798 756
1225 2 2 0 1 607 608 605
1226 2 2 0 1 625 629 623
1227 2 2 0 1 607 610 609
1228 2 2 0 1 697 705 699
1229 2 2 0 1 671 672 670
1230 2 2 0 1 231 523 232
1231 2 2 0 1 781 918 659
1232 2 2 0 1 691 829 693
1233 2 2 0 1 702 782 704
1234 2 2 0 1 682 683 678
1235 2 2 0 1 46 524 47
1236 2 2 0 1 212 908 211
1237 2 2 0 1 684 685 683
1238 2 2 0 1 104 909 103
1239 2 2 0 1 58 520 59
1240 2 2 0 1 90 531 91
1241 2 2 0 1 614 615 611
1242 2 2 0 1 607 910 610
1243 2 2 0 1 619 858 857
1244 2 2 0 1 632 916 639
1245 2 2 0 1 679 680 669
1246 2 2 0 1 709 711 710
1247 2 2 0 1 194 915 193
1248 2 2 0 1 702 917 782
1249 2 2 0 1 193 915 534
1250 2 2 0 1 36 519 37
1251 2 2 0 1 712 713 710
1252 2 2 0 1 76 837 2
1253 2 2 0 1 192 906 191
1254 2 2 0 1 695 814 694
1255 2 2 0 1 596 598 597
1256 2 2 0 1 723 725 722
1257 2 2 0 1 82 536 83
1258 2 2 0 1 743 744 742
1259 2 2 0 1 45 812 46
1260 2 2 0 1 654 679 669
1261 2 2 0 1 825 863 826
1262 2 2 0 1 40 582 41
1263 2 2 0 1 531 652 91
1264 2 2 0 1 749 752 751
1265 2 2 0 1 531 653 652
1266 2 2 0 1 44 581 45
1267 2 2 0 1 654 669 655
1268 2 2 0 1 716 717 713
1269 2 2 0 1 89 862 90
1270 2 2 0 1 709 714 711
1271 2 2 0 1 777 792 732
1272 2 2 0 1 103 588 102
1273 2 2 0 1 637 638 633
1274 2 2 0 1 655 656 653
1275 2 2 0 1 612 619 618
1276 2 2 0 1 718 807 719
1277 2 2 0 1 655 657 656
1278 2 2 0 1 654 655 653
1279 2 2 0 1 770 795 794
1280 2 2 0 1 43 706 44
1281 2 2 0 1 714 718 715
1282 2 2 0 1 794 796 769
1283 2 2 0 1 92 521 93
1284 2 2 0 1 705 1035 855
1285 2 2 0 1 720 721 717
1286 2 2 0 1 232 850 233
1287 2 2 0 1 664 666 665
1288 2 2 0 1 662 664 663
1289 2 2 0 1 74 517 75
1290 2 2 0 1 632 633 631
1291 2 2 0 1 41 806 42
1292 2 2 0 1 666 670 668
1293 2 2 0 1 674 678 677
1294 2 2 0 1 517 732 75
1295 2 2 0 1 839 842 816
1296 2 2 0 1 658 662 660
1297 2 2 0 1 42 835 43
1298 2 2 0 1 531 654 653
1299 2 2 0 1 658 659 656
1300 2 2 0 1 737 853 852
1301 2 2 0 1 73 801 74
1302 2 2 0 1 653 918 652
1303 2 2 0 1 749 751 750
1304 2 2 0 1 72 767 73
1305 2 2 0 1 648 649 647
1306 2 2 0 1 660 661 659
1307 2 2 0 1 95 532 96
1308 2 2 0 1 648 650 649
1309 2 2 0 1 69 551 70
1310 2 2 0 1 622 624 623
1311 2 2 0 1 71 535 72
1312 2 2 0 1 36 880 519
1313 2 2 0 1 657 658 656
1314 2 2 0 1 2 542 52
1315 2 2 0 1 679 830 680
1316 2 2 0 1 215 522 216
1317 2 2 0 1 712 716 713
1318 2 2 0 1 517 777 732
1319 2 2 0 1 81 686 82
1320 2 2 0 1 700 701 698
1321 2 2 0 1 721 723 722
1322 2 2 0 1 687 692 689
1323 2 2 0 1 521 707 93
1324 2 2 0 1 674 677 672
1325 2 2 0 1 665 667 663
1326 2 2 0 1 662 663 660
1327 2 2 0 1 807 808 719
1328 2 2 0 1 658 660 659
1329 2 2 0 1 766 790 668
1330 2 2 0 1 664 665 663
1331 2 2 0 1 666 668 665
1332 2 2 0 1 718 719 715
1333 2 2 0 1 752 754 753
1334 2 2 0 1 616 785 617
1335 2 2 0 1 714 715 711
1336 2 2 0 1 88 559 89
1337 2 2 0 1 711 712 710
1338 2 2 0 1 217 779 218
1339 2 2 0 1 670 766 668
1340 2 2 0 1 656 918 653
1341 2 2 0 1 52 856 53
1342 2 2 0 1 716 720 717
1343 2 2 0 1 614 616 615
1344 2 2 0 1 47 761 48
1345 2 2 0 1 714 939 718
1346 2 2 0 1 720 724 721
1347 2 2 0 1 741 743 742
1348 2 2 0 1 71 848 535
1349 2 2 0 1 221 541 222
1350 2 2 0 1 33 539 34
1351 2 2 0 1 96 804 97
1352 2 2 0 1 231 759 523
1353 2 2 0 1 59 780 60
1354 2 2 0 1 719 773 715
1355 2 2 0 1 624 625 623
1356 2 2 0 1 685 851 683
1357 2 2 0 1 32 747 33
1358 2 2 0 1 766 870 790
1359 2 2 0 1 218 554 219
1360 2 2 0 1 521 834 707
1361 2 2 0 1 220 733 221
1362 2 2 0 1 610 611 609
1363 2 2 0 1 659 918 656
1364 2 2 0 1 712 728 716
1365 2 2 0 1 31 805 32
1366 2 2 0 1 219 768 220
1367 2 2 0 1 697 699 698
1368 2 2 0 1 522 697 696
1369 2 2 0 1 778 875 736
1370 2 2 0 1 522 696 216
1371 2 2 0 1 635 636 630
1372 2 2 0 1 624 628 626
1373 2 2 0 1 699 702 700
1374 2 2 0 1 539 836 34
1375 2 2 0 1 626 627 625
1376 2 2 0 1 672 922 670
1377 2 2 0 1 798 813 756
1378 2 2 0 1 752 753 751
1379 2 2 0 1 638 816 641
1380 2 2 0 1 80 556 81
1381 2 2 0 1 580 758 57
1382 2 2 0 1 628 631 630
1383 2 2 0 1 702 704 703
1384 2 2 0 1 697 698 696
1385 2 2 0 1 621 953 634
1386 2 2 0 1 670 922 766
1387 2 2 0 1 729 730 726
1388 2 2 0 1 723 726 725
1389 2 2 0 1 56 580 57
1390 2 2 0 1 660 923 661
1391 2 2 0 1 619 857 618
1392 2 2 0 1 759 789 523
1393 2 2 0 1 677 922 672
1394 2 2 0 1 723 727 726
1395 2 2 0 1 667 923 663
1396 2 2 0 1 727 731 729
1397 2 2 0 1 638 641 633
1398 2 2 0 1 699 700 698
1399 2 2 0 1 737 778 736
1400 2 2 0 1 825 826 764
1401 2 2 0 1 702 703 700
1402 2 2 0 1 754 755 753
1403 2 2 0 1 97 540 98
1404 2 2 0 1 665 924 667
1405 2 2 0 1 790 924 668
1406 2 2 0 1 86 838 87
1407 2 2 0 1 624 626 625
1408 2 2 0 1 30 545 31
1409 2 2 0 1 68 738 69
1410 2 2 0 1 663 923 660
1411 2 2 0 1 48 576 49
1412 2 2 0 1 635 640 636
1413 2 2 0 1 704 784 703
1414 2 2 0 1 60 577 61
1415 2 2 0 1 628 630 626
1416 2 2 0 1 754 756 755
1417 2 2 0 1 58 1063 520
1418 2 2 0 1 631 635 630
1419 2 2 0 1 668 924 665
1420 2 2 0 1 222 771 223
1421 2 2 0 1 727 729 726
1422 2 2 0 1 138 921 137
1423 2 2 0 1 879 1101 864
1424 2 2 0 1 753 841 751
1425 2 2 0 1 737 852 778
1426 2 2 0 1 741 745 743
1427 2 2 0 1 724 927 721
1428 2 2 0 1 745 746 743
1429 2 2 0 1 610 612 611
1430 2 2 0 1 606 1065 850
1431 2 2 0 1 721 927 723
1432 2 2 0 1 229 567 230
1433 2 2 0 1 731 819 729
1434 2 2 0 1 756 802 755
1435 2 2 0 1 857 859 618
1436 2 2 0 1 902 1076 945
1437 2 2 0 1 633 926 631
1438 2 2 0 1 99 585 100
1439 2 2 0 1 612 614 611
1440 2 2 0 1 832 833 599
1441 2 2 0 1 612 618 614
1442 2 2 0 1 79 757 80
1443 2 2 0 1 67 569 68
1444 2 2 0 1 723 927 727
1445 2 2 0 1 773 930 715
1446 2 2 0 1 616 846 785
1447 2 2 0 1 829 1079 944
1448 2 2 0 1 223 583 224
1449 2 2 0 1 712 930 728
1450 2 2 0 1 163 925 162
1451 2 2 0 1 631 926 635
1452 2 2 0 1 598 832 599
1453 2 2 0 1 636 928 630
1454 2 2 0 1 56 803 580
1455 2 2 0 1 626 928 627
1456 2 2 0 1 759 993 990
1457 2 2 0 1 599 935 787
1458 2 2 0 1 715 930 711
1459 2 2 0 1 711 930 712
1460 2 2 0 1 78 584 79
1461 2 2 0 1 641 926 633
1462 2 2 0 1 49 933 50
1463 2 2 0 1 540 760 98
1464 2 2 0 1 28 590 29
1465 2 2 0 1 947 1058 542
1466 2 2 0 1 630 928 626
1467 2 2 0 1 717 936 713
1468 2 2 0 1 859 932 618
1469 2 2 0 1 614 932 616
1470 2 2 0 1 77 786 78
1471 2 2 0 1 100 797 101
1472 2 2 0 1 227 799 228
1473 2 2 0 1 618 932 614
1474 2 2 0 1 27 820 28
1475 2 2 0 1 540 849 760
1476 2 2 0 1 590 765 29
1477 2 2 0 1 849 872 760
1478 2 2 0 1 229 931 567
1479 2 2 0 1 226 929 227
1480 2 2 0 1 661 939 781
1481 2 2 0 1 50 840 51
1482 2 2 0 1 62 824 63
1483 2 2 0 1 101 860 3
1484 2 2 0 1 616 932 846
1485 2 2 0 1 65 817 66
1486 2 2 0 1 3 844 77
1487 2 2 0 1 974 1071 657
1488 2 2 0 1 639 1050 836
1489 2 2 0 1 835 1034 254
1490 2 2 0 1 869 1054 243
1491 2 2 0 1 154 942 573
1492 2 2 0 1 583 800 224
1493 2 2 0 1 590 827 765
1494 2 2 0 1 625 940 629
1495 2 2 0 1 789 999 910
1496 2 2 0 1 565 942 155
1497 2 2 0 1 182 951 181
1498 2 2 0 1 944 1088 695
1499 2 2 0 1 649 855 854
1500 2 2 0 1 264 528 8
1501 2 2 0 1 841 937 751
1502 2 2 0 1 649 854 647
1503 2 2 0 1 693 944 695
1504 2 2 0 1 833 935 599
1505 2 2 0 1 848 1044 535
1506 2 2 0 1 752 948 754
1507 2 2 0 1 722 936 717
1508 2 2 0 1 782 934 704
1509 2 2 0 1 551 1067 70
1510 2 2 0 1 209 946 208
1511 2 2 0 1 854 1035 522
1512 2 2 0 1 864 1072 879
1513 2 2 0 1 759 1107 993
1514 2 2 0 1 262 868 263
1515 2 2 0 1 210 950 209
1516 2 2 0 1 851 943 683
1517 2 2 0 1 242 1116 869
1518 2 2 0 1 808 945 719
1519 2 2 0 1 553 943 895
1520 2 2 0 1 751 937 750
1521 2 2 0 1 623 953 621
1522 2 2 0 1 735 959 734
1523 2 2 0 1 563 1045 905
1524 2 2 0 1 590 975 827
1525 2 2 0 1 191 952 190
1526 2 2 0 1 61 941 62
1527 2 2 0 1 157 954 156
1528 2 2 0 1 264 845 528
1529 2 2 0 1 559 964 861
1530 2 2 0 1 812 1088 944
1531 2 2 0 1 619 990 858
1532 2 2 0 1 213 957 212
1533 2 2 0 1 881 1052 555
1534 2 2 0 1 831 966 586
1535 2 2 0 1 1049 1092 824
1536 2 2 0 1 125 958 124
1537 2 2 0 1 627 940 625
1538 2 2 0 1 791 1042 815
1539 2 2 0 1 734 959 737
1540 2 2 0 1 713 955 710
1541 2 2 0 1 856 1058 775
1542 2 2 0 1 613 960 608
1543 2 2 0 1 888 1080 795
1544 2 2 0 1 700 962 701
1545 2 2 0 1 818 1083 642
1546 2 2 0 1 936 1009 532
1547 2 2 0 1 155 942 154
1548 2 2 0 1 807 1031 923
1549 2 2 0 1 592 971 177
1550 2 2 0 1 176 971 564
1551 2 2 0 1 683 943 678
1552 2 2 0 1 761 1079 763
1553 2 2 0 1 564 973 175
1554 2 2 0 1 208 946 549
1555 2 2 0 1 829 944 693
1556 2 2 0 1 745 998 746
1557 2 2 0 1 680 947 681
1558 2 2 0 1 719 945 773
1559 2 2 0 1 965 991 742
1560 2 2 0 1 174 973 533
1561 2 2 0 1 897 1003 526
1562 2 2 0 1 754 948 798
1563 2 2 0 1 1 949 27
1564 2 2 0 1 122 972 563
1565 2 2 0 1 561 972 123
1566 2 2 0 1 792 1071 974
1567 2 2 0 1 30 1075 545
1568 2 2 0 1 897 981 640
1569 2 2 0 1 716 967 720
1570 2 2 0 1 552 978 106
1571 2 2 0 1 105 978 537
1572 2 2 0 1 529 950 210
1573 2 2 0 1 200 1013 870
1574 2 2 0 1 681 974 669
1575 2 2 0 1 640 1028 636
1576 2 2 0 1 655 974 657
1577 2 2 0 1 112 981 897
1578 2 2 0 1 115 977 114
1579 2 2 0 1 518 981 113
1580 2 2 0 1 960 1007 608
1581 2 2 0 1 602 987 145
1582 2 2 0 1 147 1105 840
1583 2 2 0 1 570 985 139
1584 2 2 0 1 133 983 132
1585 2 2 0 1 906 952 191
1586 2 2 0 1 752 1094 948
1587 2 2 0 1 161 986 568
1588 2 2 0 1 144 987 560
1589 2 2 0 1 850 1039 606
1590 2 2 0 1 870 1013 790
1591 2 2 0 1 65 951 817
1592 2 2 0 1 63 956 64
1593 2 2 0 1 522 1066 854
1594 2 2 0 1 636 1028 934
1595 2 2 0 1 976 1000 580
1596 2 2 0 1 710 955 708
1597 2 2 0 1 592 1049 941
1598 2 2 0 1 800 1103 871
1599 2 2 0 1 773 968 930
1600 2 2 0 1 138 985 921
1601 2 2 0 1 156 954 565
1602 2 2 0 1 629 953 623
1603 2 2 0 1 212 957 908
1604 2 2 0 1 784 979 703
1605 2 2 0 1 927 982 727
1606 2 2 0 1 978 1033 537
1607 2 2 0 1 772 986 925
1608 2 2 0 1 888 979 538
1609 2 2 0 1 892 1024 858
1610 2 2 0 1 124 958 561
1611 2 2 0 1 1010 1111 760
1612 2 2 0 1 746 984 743
1613 2 2 0 1 116 989 115
1614 2 2 0 1 871 1103 164
1615 2 2 0 1 882 1081 591
1616 2 2 0 1 737 959 853
1617 2 2 0 1 914 960 613
1618 2 2 0 1 868 969 600
1619 2 2 0 1 769 970 768
1620 2 2 0 1 553 980 943
1621 2 2 0 1 745 1062 998
1622 2 2 0 1 890 1043 587
1623 2 2 0 1 147 1006 146
1624 2 2 0 1 948 1094 805
1625 2 2 0 1 226 1025 929
1626 2 2 0 1 543 1062 885
1627 2 2 0 1 555 1012 128
1628 2 2 0 1 809 1090 920
1629 2 2 0 1 612 999 619
1630 2 2 0 1 127 1012 579
1631 2 2 0 1 945 1076 773
1632 2 2 0 1 533 1016 173
1633 2 2 0 1 802 1069 755
1634 2 2 0 1 172 1016 550
1635 2 2 0 1 1003 1040 526
1636 2 2 0 1 7 1048 189
1637 2 2 0 1 126 1051 6
1638 2 2 0 1 925 986 162
1639 2 2 0 1 725 1009 722
1640 2 2 0 1 190 1048 7
1641 2 2 0 1 910 999 610
1642 2 2 0 1 827 1095 765
1643 2 2 0 1 6 1051 213
1644 2 2 0 1 67 961 569
1645 2 2 0 1 88 964 559
1646 2 2 0 1 163 1103 925
1647 2 2 0 1 51 963 1
1648 2 2 0 1 605 1007 603
1649 2 2 0 1 587 1043 931
1650 2 2 0 1 201 1013 200
1651 2 2 0 1 703 962 700
1652 2 2 0 1 640 1003 897
1653 2 2 0 1 788 991 965
1654 2 2 0 1 1013 1064 790
1655 2 2 0 1 879 1053 570
1656 2 2 0 1 774 1047 821
1657 2 2 0 1 253 997 254
1658 2 2 0 1 600 969 594
1659 2 2 0 1 166 1025 165
1660 2 2 0 1 635 1003 640
1661 2 2 0 1 847 1075 765
1662 2 2 0 1 528 1084 1032
1663 2 2 0 1 929 1025 166
1664 2 2 0 1 522 1035 697
1665 2 2 0 1 183 1127 182
1666 2 2 0 1 698 1021 696
1667 2 2 0 1 158 1056 5
1668 2 2 0 1 573 1115 153
1669 2 2 0 1 592 1100 971
1670 2 2 0 1 5 1056 125
1671 2 2 0 1 975 1115 827
1672 2 2 0 1 911 1078 676
1673 2 2 0 1 179 1049 178
1674 2 2 0 1 918 1019 652
1675 2 2 0 1 887 1080 888
1676 2 2 0 1 943 980 678
1677 2 2 0 1 604 1065 606
1678 2 2 0 1 547 1007 960
1679 2 2 0 1 891 1024 892
1680 2 2 0 1 168 1068 167
1681 2 2 0 1 900 1061 901
1682 2 2 0 1 526 1040 889
1683 2 2 0 1 819 1018 729
1684 2 2 0 1 688 1086 686
1685 2 2 0 1 848 1067 788
1686 2 2 0 1 704 1027 784
1687 2 2 0 1 756 1020 802
1688 2 2 0 1 849 1112 730
1689 2 2 0 1 921 1073 137
1690 2 2 0 1 565 1020 942
1691 2 2 0 1 755 1033 753
1692 2 2 0 1 744 965 742
1693 2 2 0 1 235 593 236
1694 2 2 0 1 4 1059 157
1695 2 2 0 1 730 1126 849
1696 2 2 0 1 939 1031 718
1697 2 2 0 1 102 1059 4
1698 2 2 0 1 922 1060 766
1699 2 2 0 1 528 1032 646
1700 2 2 0 1 726 1112 725
1701 2 2 0 1 788 965 685
1702 2 2 0 1 586 966 776
1703 2 2 0 1 555 1052 1018
1704 2 2 0 1 747 1094 749
1705 2 2 0 1 720 1082 724
1706 2 2 0 1 528 646 8
1707 2 2 0 1 1081 1110 569
1708 2 2 0 1 708 1093 94
1709 2 2 0 1 1068 1089 167
1710 2 2 0 1 736 1096 541
1711 2 2 0 1 826 1030 764
1712 2 2 0 1 167 1089 166
1713 2 2 0 1 166 1089 929
1714 2 2 0 1 728 967 716
1715 2 2 0 1 898 980 553
1716 2 2 0 1 649 1014 855
1717 2 2 0 1 591 1081 961
1718 2 2 0 1 930 968 728
1719 2 2 0 1 962 979 888
1720 2 2 0 1 556 1109 687
1721 2 2 0 1 884 1110 1081
1722 2 2 0 1 783 1109 556
1723 2 2 0 1 796 970 769
1724 2 2 0 1 602 1118 843
1725 2 2 0 1 942 1020 813
1726 2 2 0 1 1040 1077 889
1727 2 2 0 1 739 991 551
1728 2 2 0 1 554 1099 770
1729 2 2 0 1 177 971 176
1730 2 2 0 1 1021 1099 779
1731 2 2 0 1 920 1088 581
1732 2 2 0 1 857 1024 550
1733 2 2 0 1 878 1101 879
1734 2 2 0 1 123 972 122
1735 2 2 0 1 669 974 655
1736 2 2 0 1 647 1066 214
1737 2 2 0 1 724 1097 927
1738 2 2 0 1 175 973 174
1739 2 2 0 1 931 1043 567
1740 2 2 0 1 724 1082 946
1741 2 2 0 1 862 1023 679
1742 2 2 0 1 152 975 151
1743 2 2 0 1 260 574 261
1744 2 2 0 1 776 1042 791
1745 2 2 0 1 661 1031 939
1746 2 2 0 1 742 991 739
1747 2 2 0 1 889 1077 557
1748 2 2 0 1 215 1066 522
1749 2 2 0 1 114 977 518
1750 2 2 0 1 106 978 105
1751 2 2 0 1 785 1029 866
1752 2 2 0 1 841 1033 978
1753 2 2 0 1 919 1084 845
1754 2 2 0 1 783 1053 879
1755 2 2 0 1 867 1100 577
1756 2 2 0 1 762 994 843
1757 2 2 0 1 879 1072 783
1758 2 2 0 1 784 989 979
1759 2 2 0 1 113 981 112
1760 2 2 0 1 678 980 677
1761 2 2 0 1 132 983 893
1762 2 2 0 1 790 1064 924
1763 2 2 0 1 795 1087 888
1764 2 2 0 1 518 1028 981
1765 2 2 0 1 727 982 731
1766 2 2 0 1 972 1045 563
1767 2 2 0 1 971 1100 867
1768 2 2 0 1 738 1110 740
1769 2 2 0 1 1027 1028 518
1770 2 2 0 1 858 993 892
1771 2 2 0 1 651 1106 247
1772 2 2 0 1 866 1029 867
1773 2 2 0 1 214 1066 215
1774 2 2 0 1 950 1097 724
1775 2 2 0 1 13 1038 262
1776 2 2 0 1 589 1057 958
1777 2 2 0 1 860 1037 134
1778 2 2 0 1 845 1084 528
1779 2 2 0 1 94 1093 95
1780 2 2 0 1 743 984 744
1781 2 2 0 1 898 1026 980
1782 2 2 0 1 692 1072 864
1783 2 2 0 1 181 1085 180
1784 2 2 0 1 139 985 138
1785 2 2 0 1 162 986 161
1786 2 2 0 1 935 1032 787
1787 2 2 0 1 821 1121 582
1788 2 2 0 1 145 987 144
1789 2 2 0 1 784 1027 977
1790 2 2 0 1 602 1006 933
1791 2 2 0 1 725 1112 995
1792 2 2 0 1 799 1108 228
1793 2 2 0 1 237 1055 575
1794 2 2 0 1 956 1085 64
1795 2 2 0 1 855 1035 854
1796 2 2 0 1 934 1028 1027
1797 2 2 0 1 538 989 116
1798 2 2 0 1 775 1058 822
1799 2 2 0 1 536 988 83
1800 2 2 0 1 606 1039 910
1801 2 2 0 1 536 1086 1042
1802 2 2 0 1 95 1093 532
1803 2 2 0 1 253 1046 997
1804 2 2 0 1 759 990 789
1805 2 2 0 1 744 1070 896
1806 2 2 0 1 770 992 795
1807 2 2 0 1 808 1061 945
1808 2 2 0 1 575 1055 823
1809 2 2 0 1 535 1044 865
1810 2 2 0 1 980 1026 677
1811 2 2 0 1 764 994 762
1812 2 2 0 1 907 1121 793
1813 2 2 0 1 814 1090 1004
1814 2 2 0 1 865 1044 682
1815 2 2 0 1 578 998 886
1816 2 2 0 1 703 979 962
1817 2 2 0 1 152 1115 975
1818 2 2 0 1 540 995 849
1819 2 2 0 1 718 1031 807
1820 2 2 0 1 755 1069 1033
1821 2 2 0 1 525 1026 898
1822 2 2 0 1 610 999 612
1823 2 2 0 1 236 1002 10
1824 2 2 0 1 807 1001 808
1825 2 2 0 1 146 1006 602
1826 2 2 0 1 876 1057 589
1827 2 2 0 1 791 1004 601
1828 2 2 0 1 550 1024 891
1829 2 2 0 1 832 996 833
1830 2 2 0 1 646 1032 648
1831 2 2 0 1 880 1050 639
1832 2 2 0 1 777 1071 792
1833 2 2 0 1 915 1070 534
1834 2 2 0 1 953 1022 634
1835 2 2 0 1 9 1008 235
1836 2 2 0 1 608 1007 605
1837 2 2 0 1 180 1085 956
1838 2 2 0 1 926 1003 635
1839 2 2 0 1 675 1011 673
1840 2 2 0 1 12 1005 260
1841 2 2 0 1 128 1012 127
1842 2 2 0 1 648 1032 935
1843 2 2 0 1 516 1013 201
1844 2 2 0 1 695 1088 920
1845 2 2 0 1 617 1017 828
1846 2 2 0 1 1042 1086 815
1847 2 2 0 1 945 1061 546
1848 2 2 0 1 165 1025 871
1849 2 2 0 1 579 1036 957
1850 2 2 0 1 781 1019 918
1851 2 2 0 1 532 1093 955
1852 2 2 0 1 998 1062 886
1853 2 2 0 1 792 1015 732
1854 2 2 0 1 173 1016 172
1855 2 2 0 1 966 988 776
1856 2 2 0 1 701 1021 698
1857 2 2 0 1 254 1034 255
1858 2 2 0 1 729 1018 730
1859 2 2 0 1 679 1023 830
1860 2 2 0 1 1020 1120 802
1861 2 2 0 1 858 1024 857
1862 2 2 0 1 722 1009 936
1863 2 2 0 1 247 1106 248
1864 2 2 0 1 560 1030 877
1865 2 2 0 1 813 1020 756
1866 2 2 0 1 650 1014 649
1867 2 2 0 1 979 989 538
1868 2 2 0 1 677 1026 922
1869 2 2 0 1 896 1070 915
1870 2 2 0 1 962 1087 701
1871 2 2 0 1 134 1037 133
1872 2 2 0 1 853 1045 972
1873 2 2 0 1 180 1092 179
1874 2 2 0 1 923 1031 661
1875 2 2 0 1 697 1035 705
1876 2 2 0 1 926 1040 1003
1877 2 2 0 1 753 1033 841
1878 2 2 0 1 248 1104 249
1879 2 2 0 1 564 1074 973
1880 2 2 0 1 516 1064 1013
1881 2 2 0 1 157 1059 954
1882 2 2 0 1 872 1123 572
1883 2 2 0 1 645 1000 976
1884 2 2 0 1 582 1121 907
1885 2 2 0 1 981 1028 640
1886 2 2 0 1 934 1027 704
1887 2 2 0 1 731 1036 819
1888 2 2 0 1 892 1043 890
1889 2 2 0 1 927 1097 982
1890 2 2 0 1 125 1056 958
1891 2 2 0 1 527 1076 902
1892 2 2 0 1 178 1049 592
1893 2 2 0 1 952 1048 190
1894 2 2 0 1 1021 1113 696
1895 2 2 0 1 213 1051 957
1896 2 2 0 1 189 1048 578
1897 2 2 0 1 682 1044 684
1898 2 2 0 1 933 1118 602
1899 2 2 0 1 579 1051 126
1900 2 2 0 1 641 1040 926
1901 2 2 0 1 886 1062 543
1902 2 2 0 1 252 1046 253
1903 2 2 0 1 831 1114 966
1904 2 2 0 1 589 1056 158
1905 2 2 0 1 1019 1117 652
1906 2 2 0 1 967 1082 720
1907 2 2 0 1 249 1104 938
1908 2 2 0 1 593 1002 236
1909 2 2 0 1 148 1105 147
1910 2 2 0 1 235 1008 593
1911 2 2 0 1 546 1061 900
1912 2 2 0 1 241 1116 242
1913 2 2 0 1 823 1065 604
1914 2 2 0 1 530 1101 878
1915 2 2 0 1 588 1059 102
1916 2 2 0 1 587 1068 168
1917 2 2 0 1 901 1064 516
1918 2 2 0 1 766 1060 870
1919 2 2 0 1 1007 1119 603
1920 2 2 0 1 572 1123 881
1921 2 2 0 1 733 1122 735
1922 2 2 0 1 641 1077 1040
1923 2 2 0 1 846 1074 785
1924 2 2 0 1 261 1038 13
1925 2 2 0 1 566 1080 887
1926 2 2 0 1 884 1081 882
1927 2 2 0 1 537 1069 909
1928 2 2 0 1 961 1081 569
1929 2 2 0 1 1091 1106 651
1930 2 2 0 1 566 1102 1080
1931 2 2 0 1 657 1071 911
1932 2 2 0 1 137 1073 136
1933 2 2 0 1 574 1038 261
1934 2 2 0 1 591 1127 183
1935 2 2 0 1 843 1118 576
1936 2 2 0 1 961 1098 591
1937 2 2 0 1 598 1047 832
1938 2 2 0 1 787 1084 919
1939 2 2 0 1 799 1089 1068
1940 2 2 0 1 903 1102 566
1941 2 2 0 1 239 1119 547
1942 2 2 0 1 931 1108 587
1943 2 2 0 1 854 1066 647
1944 2 2 0 1 816 1077 641
1945 2 2 0 1 749 1094 752
1946 2 2 0 1 1004 1090 558
1947 2 2 0 1 838 1106 1091
1948 2 2 0 1 875 1096 736
1949 2 2 0 1 164 1103 163
1950 2 2 0 1 977 1027 518
1951 2 2 0 1 856 1083 53
1952 2 2 0 1 153 1115 152
1953 2 2 0 1 920 1090 814
1954 2 2 0 1 730 1112 726
1955 2 2 0 1 954 1059 588
1956 2 2 0 1 956 1092 180
1957 2 2 0 1 92 1117 521
1958 2 2 0 1 260 1005 574
1959 2 2 0 1 84 1114 85
1960 2 2 0 1 990 993 858
1961 2 2 0 1 217 1113 779
1962 2 2 0 1 838 1091 87
1963 2 2 0 1 687 1109 692
1964 2 2 0 1 773 1076 968
1965 2 2 0 1 567 1107 230
1966 2 2 0 1 99 1111 585
1967 2 2 0 1 817 1098 66
1968 2 2 0 1 849 1126 872
1969 2 2 0 1 534 1070 984
1970 2 2 0 1 578 1048 952
1971 2 2 0 1 958 1056 589
1972 2 2 0 1 957 1051 579
1973 2 2 0 1 536 1042 988
1974 2 2 0 1 1002 1055 237
1975 2 2 0 1 959 1045 853
1976 2 2 0 1 1032 1084 787
1977 2 2 0 1 946 1082 549
1978 2 2 0 1 1098 1127 591
1979 2 2 0 1 941 1100 592
1980 2 2 0 1 968 1076 527
1981 2 2 0 1 992 1087 795
1982 2 2 0 1 701 1087 992
1983 2 2 0 1 529 1097 950
1984 2 2 0 1 964 1091 651
1985 2 2 0 1 973 1074 846
1986 2 2 0 1 549 1082 967
1987 2 2 0 1 955 1093 708
1988 2 2 0 1 764 1030 994
1989 2 2 0 1 951 1085 181
1990 2 2 0 1 993 1107 567
1991 2 2 0 1 234 1124 1008
1992 2 2 0 1 1033 1069 537
1993 2 2 0 1 994 1030 560
1994 2 2 0 1 954 1120 565
1995 2 2 0 1 982 1097 529
1996 2 2 0 1 1055 1124 823
1997 2 2 0 1 991 1067 551
1998 2 2 0 1 888 1087 962
1999 2 2 0 1 976 1116 241
2000 2 2 0 1 788 1067 991
2001 2 2 0 1 966 1114 84
2002 2 2 0 1 988 1042 776
2003 2 2 0 1 995 1112 849
2004 2 2 0 1 565 1120 1020
2005 2 2 0 1 593 1055 1002
2006 2 2 0 1 963 1105 148
2007 2 2 0 1 984 1070 744
2008 2 2 0 1 735 1122 970
2009 2 2 0 1 970 1122 768
2010 2 2 0 1 803 1116 976
2011 2 2 0 1 1018 1052 730
2012 2 2 0 1 593 1124 1055
2013 2 2 0 1 785 1074 1029
2014 2 2 0 1 585 1111 1010
2015 2 2 0 1 817 1127 1098
2016 2 2 0 1 1104 1106 838
2017 2 2 0 1 770 1099 992
2018 2 2 0 1 248 1106 1104
2019 2 2 0 1 1052 1126 730
2020 2 2 0 1 547 1119 1007
2021 2 2 0 1 1029 1074 564
2022 2 2 0 1 821 1125 1121
2023 2 2 0 1 1121 1125 793
2024 2 2 0 1 1008 1124 593
2025 2 2 0 1 521 1117 1019
2026 2 2 0 1 779 1113 1021
2027 2 2 0 1 1041 1101 530
2028 2 2 0 1 587 1108 1068
2029 2 2 0 1 864 1101 1041
2030 2 2 0 1 881 1123 1052
2031 2 2 0 1 1068 1108 799
2032 2 2 0 1 692 1109 1072
2033 2 2 0 1 1072 1109 783
2034 2 2 0 1 872 1126 1123
2035 2 2 0 1 1123 1126 1052
2036 2 2 0 15 1591 1735 1595
2037 2 2 0 15 1666 1692 1407
2038 2 2 0 15 1555 1790 1767
2039 2 2 0 15 1418 1725 1628
2040 2 2 0 15 454 1673 455
2041 2 2 0 15 1628 1726 1418
2042 2 2 0 15 1753 1754 1646
2043 2 2 0 15 1767 1790 1477
2044 2 2 0 15 1694 1710 301
2045 2 2 0 15 1641 1665 1544
2046 2 2 0 15 1720 1910 366
2047 2 2 0 15 1444 1819 483
2048 2 2 0 15 1544 1664 1641
2049 2 2 0 15 1596 1848 1802
2050 2 2 0 15 1661 1744 1526
2051 2 2 0 15 446 1721 447
2052 2 2 0 15 1578 1818 1749
2053 2 2 0 15 1632 1767 1477
2054 2 2 0 15 1596 1802 1756
2055 2 2 0 15 1477 1778 1632
2056 2 2 0 15 1418 1836 1725
2057 2 2 0 15 1721 1875 447
2058 2 2 0 15 1525 1661 1651
2059 2 2 0 15 1692 1723 1407
2060 2 2 0 15 1438 1759 1652
2061 2 2 0 15 1754 1755 1646
2062 2 2 0 15 327 1726 326
2063 2 2 0 15 1525 1744 1661
2064 2 2 0 15 454 1915 1673
2065 2 2 0 15 367 1720 366
2066 2 2 0 15 488 1718 1695
2067 2 2 0 15 1725 1836 1622
2068 2 2 0 15 1751 1851 1774
2069 2 2 0 15 1778 1784 1632
2070 2 2 0 15 1411 1907 1702
2071 2 2 0 15 1808 1907 1411
2072 2 2 0 15 1470 1846 1394
2073 2 2 0 15 1486 1784 1778
2074 2 2 0 15 1656 1757 479
2075 2 2 0 15 1718 1888 1424
2076 2 2 0 15 1394 1897 1624
2077 2 2 0 15 1819 1855 483
2078 2 2 0 15 1590 1735 1591
2079 2 2 0 15 1749 1817 1578
2080 2 2 0 15 1575 1845 1654
2081 2 2 0 15 1395 1925 1648
2082 2 2 0 15 1695 1718 1450
2083 2 2 0 15 1716 1867 1467
2084 2 2 0 15 1680 1873 1711
2085 2 2 0 15 1670 1799 316
2086 2 2 0 15 1682 1897 1394
2087 2 2 0 15 1495 1810 1764
2088 2 2 0 15 1764 1850 1495
2089 2 2 0 15 317 1670 316
2090 2 2 0 15 1657 1773 1517
2091 2 2 0 15 1663 1945 1423
2092 2 2 0 15 1639 1840 1469
2093 2 2 0 15 1864 1872 1803
2094 2 2 0 15 1500 1872 1864
2095 2 2 0 15 1676 1891 1727
2096 2 2 0 15 1651 1861 1525
2097 2 2 0 15 1469 1849 1639
2098 2 2 0 15 1381 1712 1504
2099 2 2 0 15 301 1710 300
2100 2 2 0 15 479 1884 1656
2101 2 2 0 15 1535 1815 1746
2102 2 2 0 15 1451 1854 23
2103 2 2 0 15 1539 1713 1541
2104 2 2 0 15 1727 1880 1676
2105 2 2 0 15 1523 1715 1524
2106 2 2 0 15 1434 1771 1660
2107 2 2 0 15 1680 1711 1494
2108 2 2 0 15 1540 1665 1538
2109 2 2 0 15 1689 1724 1598
2110 2 2 0 15 1492 1706 1625
2111 2 2 0 15 1484 1846 1470
2112 2 2 0 15 1697 1945 1663
2113 2 2 0 15 1559 1684 1564
2114 2 2 0 15 1517 1851 1657
2115 2 2 0 15 1648 1798 1395
2116 2 2 0 15 1500 1785 1683
2117 2 2 0 15 1582 1865 406
2118 2 2 0 15 1400 1709 1707
2119 2 2 0 15 1730 1766 1472
2120 2 2 0 15 1541 1713 1675
2121 2 2 0 15 1711 1873 1409
2122 2 2 0 15 1489 1686 1487
2123 2 2 0 15 1758 1886 1581
2124 2 2 0 15 1652 1970 1438
2125 2 2 0 15 1630 1867 1716
2126 2 2 0 15 1654 1845 1390
2127 2 2 0 15 1756 1834 1596
2128 2 2 0 15 1625 1672 1494
2129 2 2 0 15 1418 1726 327
2130 2 2 0 15 1624 1671 1432
2131 2 2 0 15 1654 1859 1575
2132 2 2 0 15 1544 1665 1540
2133 2 2 0 15 326 1726 1439
2134 2 2 0 15 366 1910 1375
2135 2 2 0 15 1424 1819 1718
2136 2 2 0 15 1492 1625 1421
2137 2 2 0 15 1493 1501 470
2138 2 2 0 15 1659 1896 1408
2139 2 2 0 15 302 1694 301
2140 2 2 0 15 1526 1928 1661
2141 2 2 0 15 385 1719 1653
2142 2 2 0 15 1675 1679 1541
2143 2 2 0 15 1643 1975 1412
2144 2 2 0 15 1771 1835 1660
2145 2 2 0 15 1673 1974 455
2146 2 2 0 15 1369 1471 1470
2147 2 2 0 15 1642 1824 1531
2148 2 2 0 15 1799 1813 315
2149 2 2 0 15 1370 1913 1678
2150 2 2 0 15 1735 1912 1595
2151 2 2 0 15 302 1923 1694
2152 2 2 0 15 482 1444 483
2153 2 2 0 15 280 1839 1827
2154 2 2 0 15 384 1933 1668
2155 2 2 0 15 1556 1659 1431
2156 2 2 0 15 1383 1782 1709
2157 2 2 0 15 1557 1558 425
2158 2 2 0 15 1648 1925 1697
2159 2 2 0 15 1636 1771 1434
2160 2 2 0 15 1651 1661 1367
2161 2 2 0 15 1531 1865 1642
2162 2 2 0 15 1696 1782 1383
2163 2 2 0 15 1646 1952 1753
2164 2 2 0 15 1421 1625 1494
2165 2 2 0 15 1504 1712 1529
2166 2 2 0 15 1668 1904 384
2167 2 2 0 15 1847 1896 1556
2168 2 2 0 15 1672 1680 1494
2169 2 2 0 15 1583 1584 1391
2170 2 2 0 15 1406 1537 1536
2171 2 2 0 15 1588 1589 1401
2172 2 2 0 15 1597 1598 1389
2173 2 2 0 15 1404 1619 1618
2174 2 2 0 15 1635 1716 1467
2175 2 2 0 15 1493 1711 1501
2176 2 2 0 15 1749 1818 1377
2177 2 2 0 15 1423 1792 1663
2178 2 2 0 15 481 1643 1412
2179 2 2 0 15 1694 1923 1636
2180 2 2 0 15 23 1854 1408
2181 2 2 0 15 1611 1612 1426
2182 2 2 0 15 1607 1633 1406
2183 2 2 0 15 1613 1679 1675
2184 2 2 0 15 1713 1714 1676
2185 2 2 0 15 1542 1713 1539
2186 2 2 0 15 1556 1896 1659
2187 2 2 0 15 1621 1622 1433
2188 2 2 0 15 1683 1872 1500
2189 2 2 0 15 1617 1861 1651
2190 2 2 0 15 1692 1787 1723
2191 2 2 0 15 1764 1913 1608
2192 2 2 0 15 1434 1660 1607
2193 2 2 0 15 1479 1790 1705
2194 2 2 0 15 1535 1746 1701
2195 2 2 0 15 1394 1624 503
2196 2 2 0 15 1763 1913 1764
2197 2 2 0 15 1581 1832 1758
2198 2 2 0 15 502 1470 1394
2199 2 2 0 15 1400 1866 1709
2200 2 2 0 15 1746 1815 1594
2201 2 2 0 15 1384 1834 1756
2202 2 2 0 15 1367 1661 1627
2203 2 2 0 15 1598 1724 1389
2204 2 2 0 15 474 1451 23
2205 2 2 0 15 317 1825 1670
2206 2 2 0 15 1678 1913 1763
2207 2 2 0 15 1686 1724 1487
2208 2 2 0 15 1385 1715 1617
2209 2 2 0 15 406 1865 1687
2210 2 2 0 15 468 1492 1421
2211 2 2 0 15 504 1624 1432
2212 2 2 0 15 1630 1716 1427
2213 2 2 0 15 1369 1470 501
2214 2 2 0 15 466 1668 467
2215 2 2 0 15 472 1681 473
2216 2 2 0 15 1714 1891 1676
2217 2 2 0 15 1600 1689 1598
2218 2 2 0 15 463 1495 464
2219 2 2 0 15 1492 1933 1706
2220 2 2 0 15 1530 1680 1672
2221 2 2 0 15 469 1493 470
2222 2 2 0 15 1650 1721 446
2223 2 2 0 15 1734 1735 1590
2224 2 2 0 15 1551 1949 1871
2225 2 2 0 15 1660 1835 1420
2226 2 2 0 15 1524 1715 1532
2227 2 2 0 15 1435 1833 1647
2228 2 2 0 15 1667 1801 349
2229 2 2 0 15 1705 1790 1555
2230 2 2 0 15 510 1662 1374
2231 2 2 0 15 1723 1787 1402
2232 2 2 0 15 405 1582 406
2233 2 2 0 15 1373 1700 453
2234 2 2 0 15 1432 1757 1656
2235 2 2 0 15 421 1712 1381
2236 2 2 0 15 387 1608 388
2237 2 2 0 15 424 1557 425
2238 2 2 0 15 1431 1662 509
2239 2 2 0 15 400 1698 401
2240 2 2 0 15 499 1730 500
2241 2 2 0 15 1369 1730 1472
2242 2 2 0 15 498 1686 499
2243 2 2 0 15 1807 1886 1758
2244 2 2 0 15 508 1556 1431
2245 2 2 0 15 1432 1656 505
2246 2 2 0 15 1557 1684 1559
2247 2 2 0 15 18 1687 1392
2248 2 2 0 15 1374 1611 511
2249 2 2 0 15 413 1536 1386
2250 2 2 0 15 1534 1698 1638
2251 2 2 0 15 507 1685 1556
2252 2 2 0 15 1370 1630 389
2253 2 2 0 15 1656 1685 506
2254 2 2 0 15 404 1651 1367
2255 2 2 0 15 1617 1651 403
2256 2 2 0 15 1409 1712 420
2257 2 2 0 15 1385 1617 402
2258 2 2 0 15 1424 1855 1819
2259 2 2 0 15 1392 1706 382
2260 2 2 0 15 1382 1654 427
2261 2 2 0 15 385 1653 386
2262 2 2 0 15 439 1629 1404
2263 2 2 0 15 493 1615 494
2264 2 2 0 15 1842 1949 1551
2265 2 2 0 15 442 1583 1391
2266 2 2 0 15 1406 1536 412
2267 2 2 0 15 497 1597 1389
2268 2 2 0 15 1404 1618 440
2269 2 2 0 15 1705 1864 1479
2270 2 2 0 15 449 1781 450
2271 2 2 0 15 496 1655 1597
2272 2 2 0 15 399 1588 1401
2273 2 2 0 15 1391 1621 443
2274 2 2 0 15 428 1654 1390
2275 2 2 0 15 472 1788 1681
2276 2 2 0 15 512 1611 1426
2277 2 2 0 15 445 1650 446
2278 2 2 0 15 390 1630 1427
2279 2 2 0 15 1395 1798 1655
2280 2 2 0 15 1395 1655 495
2281 2 2 0 15 1661 1928 1627
2282 2 2 0 15 1827 1839 1634
2283 2 2 0 15 1687 1797 1392
2284 2 2 0 15 1755 1820 1646
2285 2 2 0 15 1760 1889 1639
2286 2 2 0 15 1755 1809 1585
2287 2 2 0 15 1742 1843 1417
2288 2 2 0 15 1585 1820 1755
2289 2 2 0 15 411 1607 1406
2290 2 2 0 15 1417 1893 1742
2291 2 2 0 15 1420 1903 1660
2292 2 2 0 15 1876 1910 1772
2293 2 2 0 15 1408 1940 1659
2294 2 2 0 15 1419 1588 398
2295 2 2 0 15 444 1621 1433
2296 2 2 0 15 1662 1794 1374
2297 2 2 0 15 466 1904 1668
2298 2 2 0 15 1434 1607 410
2299 2 2 0 15 1670 1825 1440
2300 2 2 0 15 1435 1647 431
2301 2 2 0 15 409 1636 1434
2302 2 2 0 15 1450 1769 1695
2303 2 2 0 15 1412 1975 1446
2304 2 2 0 15 1523 1861 1715
2305 2 2 0 15 1774 1851 1517
2306 2 2 0 15 492 1670 1440
2307 2 2 0 15 514 1783 1690
2308 2 2 0 15 1489 1766 1730
2309 2 2 0 15 448 1779 1649
2310 2 2 0 15 408 1694 1636
2311 2 2 0 15 1647 1710 432
2312 2 2 0 15 1427 1791 391
2313 2 2 0 15 1375 1910 1876
2314 2 2 0 15 19 1710 1694
2315 2 2 0 15 1669 1886 1862
2316 2 2 0 15 20 1496 435
2317 2 2 0 15 1862 1886 1429
2318 2 2 0 15 1608 1913 388
2319 2 2 0 15 1448 1975 1671
2320 2 2 0 15 1702 1703 1411
2321 2 2 0 15 1433 1775 1650
2322 2 2 0 15 394 1801 395
2323 2 2 0 15 392 1791 1674
2324 2 2 0 15 1743 1833 1435
2325 2 2 0 15 1639 1889 1373
2326 2 2 0 15 1382 1859 1654
2327 2 2 0 15 1711 1814 1501
2328 2 2 0 15 1821 1879 1414
2329 2 2 0 15 400 1917 1698
2330 2 2 0 15 1684 1869 1631
2331 2 2 0 15 479 1757 480
2332 2 2 0 15 1684 1789 1564
2333 2 2 0 15 1672 1797 1530
2334 2 2 0 15 1600 1692 1689
2335 2 2 0 15 1496 1497 435
2336 2 2 0 15 1398 1745 1701
2337 2 2 0 15 1681 1788 416
2338 2 2 0 15 491 1799 1670
2339 2 2 0 15 1779 1939 1649
2340 2 2 0 15 273 1723 272
2341 2 2 0 15 1413 1755 1754
2342 2 2 0 15 1717 1879 1821
2343 2 2 0 15 1488 1724 1689
2344 2 2 0 15 1759 1919 1652
2345 2 2 0 15 315 1813 314
2346 2 2 0 15 1374 1929 1611
2347 2 2 0 15 488 1695 489
2348 2 2 0 15 1674 1942 393
2349 2 2 0 15 1837 1844 1410
2350 2 2 0 15 1615 1925 494
2351 2 2 0 15 349 1977 1667
2352 2 2 0 15 393 1942 1806
2353 2 2 0 15 1495 1826 464
2354 2 2 0 15 1407 1927 1666
2355 2 2 0 15 1774 1914 1751
2356 2 2 0 15 1686 1900 499
2357 2 2 0 15 417 1788 1688
2358 2 2 0 15 1791 1899 1674
2359 2 2 0 15 1531 1797 1687
2360 2 2 0 15 414 1838 415
2361 2 2 0 15 1627 1928 1761
2362 2 2 0 15 1392 1908 1706
2363 2 2 0 15 416 1964 1681
2364 2 2 0 15 26 1813 1799
2365 2 2 0 15 1628 1907 1726
2366 2 2 0 15 1373 1889 1700
2367 2 2 0 15 1536 1936 1386
2368 2 2 0 15 1408 1896 476
2369 2 2 0 15 451 1957 452
2370 2 2 0 15 1445 1769 1450
2371 2 2 0 15 1431 1938 1662
2372 2 2 0 15 429 1961 430
2373 2 2 0 15 1701 1746 1398
2374 2 2 0 15 418 1941 419
2375 2 2 0 15 1399 1817 1749
2376 2 2 0 15 452 1957 1609
2377 2 2 0 15 1693 1844 1837
2378 2 2 0 15 383 1933 384
2379 2 2 0 15 415 1838 1816
2380 2 2 0 15 1655 1944 1597
2381 2 2 0 15 396 1948 397
2382 2 2 0 15 1700 1915 454
2383 2 2 0 15 1391 1946 1621
2384 2 2 0 15 1610 1961 429
2385 2 2 0 15 1629 1949 1404
2386 2 2 0 15 1446 1975 1448
2387 2 2 0 15 419 1941 1814
2388 2 2 0 15 1802 1848 1428
2389 2 2 0 15 1370 1867 1630
2390 2 2 0 15 1426 1968 513
2391 2 2 0 15 437 1963 438
2392 2 2 0 15 1656 1884 1685
2393 2 2 0 15 1371 1869 1684
2394 2 2 0 15 1702 1907 1628
2395 2 2 0 15 1590 1960 1734
2396 2 2 0 15 499 1900 1730
2397 2 2 0 15 513 1968 1783
2398 2 2 0 15 1546 1963 437
2399 2 2 0 15 1685 1847 1556
2400 2 2 0 15 385 1904 1719
2401 2 2 0 15 1409 1873 1712
2402 2 2 0 15 1775 1953 1650
2403 2 2 0 15 1669 1862 1405
2404 2 2 0 15 272 1723 1402
2405 2 2 0 15 1407 1723 273
2406 2 2 0 15 299 1887 1833
2407 2 2 0 15 1471 1484 1470
2408 2 2 0 15 422 1967 423
2409 2 2 0 15 1846 1872 1683
2410 2 2 0 15 1502 1967 422
2411 2 2 0 15 397 1948 1811
2412 2 2 0 15 487 1888 1718
2413 2 2 0 15 1658 1851 1751
2414 2 2 0 15 1761 1921 1627
2415 2 2 0 15 1690 1955 515
2416 2 2 0 15 1534 1894 1698
2417 2 2 0 15 1487 1724 1488
2418 2 2 0 15 1665 1936 1538
2419 2 2 0 15 1631 1789 1684
2420 2 2 0 15 449 1958 1781
2421 2 2 0 15 384 1904 385
2422 2 2 0 15 1419 1960 1588
2423 2 2 0 15 1405 1868 1669
2424 2 2 0 15 1412 1444 482
2425 2 2 0 15 1402 1787 1691
2426 2 2 0 15 441 1972 1583
2427 2 2 0 15 515 1955 1813
2428 2 2 0 15 1618 1972 441
2429 2 2 0 15 1427 1950 1791
2430 2 2 0 15 1600 1787 1692
2431 2 2 0 15 1397 1810 1495
2432 2 2 0 15 376 1800 1796
2433 2 2 0 15 394 1935 1801
2434 2 2 0 15 1783 1856 1690
2435 2 2 0 15 1645 1930 1644
2436 2 2 0 15 1412 1445 1444
2437 2 2 0 15 1930 1952 1644
2438 2 2 0 15 1453 1969 461
2439 2 2 0 15 1445 1450 1444
2440 2 2 0 15 1607 1903 1633
2441 2 2 0 15 1484 1872 1846
2442 2 2 0 15 1660 1903 1607
2443 2 2 0 15 461 1969 462
2444 2 2 0 15 1537 1538 1536
2445 2 2 0 15 1727 1891 1380
2446 2 2 0 15 478 1847 1685
2447 2 2 0 15 1557 1559 1558
2448 2 2 0 15 1611 1613 1612
2449 2 2 0 15 1496 1498 1497
2450 2 2 0 15 1404 1620 1619
2451 2 2 0 15 1597 1599 1598
2452 2 2 0 15 1583 1585 1584
2453 2 2 0 15 1745 1793 1701
2454 2 2 0 15 1369 1472 1471
2455 2 2 0 15 1664 1854 1641
2456 2 2 0 15 1542 1714 1713
2457 2 2 0 15 1703 1822 1411
2458 2 2 0 15 1584 1586 1391
2459 2 2 0 15 1588 1590 1589
2460 2 2 0 15 1647 1887 1710
2461 2 2 0 15 1755 1895 1809
2462 2 2 0 15 1788 1954 1688
2463 2 2 0 15 1786 1805 1563
2464 2 2 0 15 22 1852 460
2465 2 2 0 15 480 1757 1643
2466 2 2 0 15 1833 1887 1647
2467 2 2 0 15 1612 1693 1426
2468 2 2 0 15 1621 1946 1622
2469 2 2 0 15 1449 1637 1447
2470 2 2 0 15 1608 1850 1764
2471 2 2 0 15 1691 1828 1402
2472 2 2 0 15 1672 1908 1797
2473 2 2 0 15 1659 1770 1431
2474 2 2 0 15 1690 1856 313
2475 2 2 0 15 1671 1897 1448
2476 2 2 0 15 1383 1823 1696
2477 2 2 0 15 1752 1795 1396
2478 2 2 0 15 1719 1966 1653
2479 2 2 0 15 1622 1775 1433
2480 2 2 0 15 1498 1785 1500
2481 2 2 0 15 1751 1911 1658
2482 2 2 0 15 1687 1865 1531
2483 2 2 0 15 1545 1770 1664
2484 2 2 0 15 1479 1864 1803
2485 2 2 0 15 455 1858 21
2486 2 2 0 15 1422 1860 1722
2487 2 2 0 15 483 1855 24
2488 2 2 0 15 1446 1447 1445
2489 2 2 0 15 481 1412 482
2490 2 2 0 15 1613 1929 1679
2491 2 2 0 15 1758 1832 1379
2492 2 2 0 15 1622 1946 1725
2493 2 2 0 15 1945 1965 1423
2494 2 2 0 15 1447 1769 1445
2495 2 2 0 15 316 1799 315
2496 2 2 0 15 1746 1765 1398
2497 2 2 0 15 1678 1867 1370
2498 2 2 0 15 1796 1800 1574
2499 2 2 0 15 502 1394 503
2500 2 2 0 15 1393 1735 1733
2501 2 2 0 15 351 1732 1441
2502 2 2 0 15 1733 1735 1734
2503 2 2 0 15 1716 1717 1427
2504 2 2 0 15 1448 1449 1447
2505 2 2 0 15 480 1643 481
2506 2 2 0 15 1438 1970 1804
2507 2 2 0 15 1743 1860 1422
2508 2 2 0 15 1393 1733 353
2509 2 2 0 15 1709 1866 1383
2510 2 2 0 15 503 1624 504
2511 2 2 0 15 1644 1952 1646
2512 2 2 0 15 1537 1539 1538
2513 2 2 0 15 1430 1850 1608
2514 2 2 0 15 308 1727 1380
2515 2 2 0 15 297 1743 1422
2516 2 2 0 15 332 1721 331
2517 2 2 0 15 1693 1837 1452
2518 2 2 0 15 1794 1929 1374
2519 2 2 0 15 1380 1728 307
2520 2 2 0 15 1400 1741 338
2521 2 2 0 15 336 1740 1437
2522 2 2 0 15 1422 1731 296
2523 2 2 0 15 1733 1734 1732
2524 2 2 0 15 1382 1805 1786
2525 2 2 0 15 501 1470 502
2526 2 2 0 15 1389 1724 1686
2527 2 2 0 15 416 1788 417
2528 2 2 0 15 354 1736 1393
2529 2 2 0 15 1472 1473 1471
2530 2 2 0 15 1559 1560 1558
2531 2 2 0 15 1741 1742 1740
2532 2 2 0 15 1728 1729 1420
2533 2 2 0 15 1436 1626 1451
2534 2 2 0 15 351 1441 350
2535 2 2 0 15 1436 1451 474
2536 2 2 0 15 1474 1766 1478
2537 2 2 0 15 467 1668 1492
2538 2 2 0 15 1636 1923 1771
2539 2 2 0 15 1461 1762 1459
2540 2 2 0 15 473 1681 1436
2541 2 2 0 15 1653 1826 1430
2542 2 2 0 15 352 1733 1732
2543 2 2 0 15 1416 1737 283
2544 2 2 0 15 285 1754 1753
2545 2 2 0 15 1599 1600 1598
2546 2 2 0 15 1620 1644 1619
2547 2 2 0 15 298 1743 297
2548 2 2 0 15 1421 1494 1493
2549 2 2 0 15 274 1739 1407
2550 2 2 0 15 1590 1591 1589
2551 2 2 0 15 312 1452 311
2552 2 2 0 15 1613 1614 1612
2553 2 2 0 15 1467 1678 1465
2554 2 2 0 15 352 1732 351
2555 2 2 0 15 345 1442 344
2556 2 2 0 15 1410 1727 309
2557 2 2 0 15 1526 1744 1514
2558 2 2 0 15 1472 1766 1474
2559 2 2 0 15 1459 1762 1463
2560 2 2 0 15 1425 1454 1453
2561 2 2 0 15 337 1741 1740
2562 2 2 0 15 284 1753 1416
2563 2 2 0 15 1584 1587 1586
2564 2 2 0 15 465 1719 466
2565 2 2 0 15 343 1414 342
2566 2 2 0 15 306 1728 1420
2567 2 2 0 15 1425 1673 1454
2568 2 2 0 15 1398 1765 361
2569 2 2 0 15 1494 1711 1493
2570 2 2 0 15 295 1731 1405
2571 2 2 0 15 310 1410 309
2572 2 2 0 15 1539 1540 1538
2573 2 2 0 15 1626 1641 1451
2574 2 2 0 15 1737 1738 1388
2575 2 2 0 15 337 1740 336
2576 2 2 0 15 336 1437 335
2577 2 2 0 15 1514 1744 1516
2578 2 2 0 15 1428 1736 355
2579 2 2 0 15 1397 1495 463
2580 2 2 0 15 1678 1763 1762
2581 2 2 0 15 320 1423 319
2582 2 2 0 15 306 1420 305
2583 2 2 0 15 362 1745 1398
2584 2 2 0 15 354 1393 353
2585 2 2 0 15 467 1492 468
2586 2 2 0 15 328 1418 327
2587 2 2 0 15 1482 1489 1487
2588 2 2 0 15 1421 1493 469
2589 2 2 0 15 473 1436 474
2590 2 2 0 15 1412 1446 1445
2591 2 2 0 15 364 1748 1403
2592 2 2 0 15 1425 1453 461
2593 2 2 0 15 297 1422 296
2594 2 2 0 15 308 1380 307
2595 2 2 0 15 1394 1846 1682
2596 2 2 0 15 1454 1456 1455
2597 2 2 0 15 295 1405 294
2598 2 2 0 15 341 1383 340
2599 2 2 0 15 1399 1749 374
2600 2 2 0 15 1454 1455 1453
2601 2 2 0 15 339 1400 338
2602 2 2 0 15 1396 1750 370
2603 2 2 0 15 371 1752 1396
2604 2 2 0 15 356 1428 355
2605 2 2 0 15 293 1429 292
2606 2 2 0 15 1413 1754 286
2607 2 2 0 15 282 1737 1388
2608 2 2 0 15 1376 1739 275
2609 2 2 0 15 1465 1762 1461
2610 2 2 0 15 460 1425 461
2611 2 2 0 15 1615 1945 1697
2612 2 2 0 15 468 1421 469
2613 2 2 0 15 353 1733 352
2614 2 2 0 15 1555 1767 1549
2615 2 2 0 15 1456 1457 1455
2616 2 2 0 15 284 1416 283
2617 2 2 0 15 285 1753 284
2618 2 2 0 15 1521 1525 1523
2619 2 2 0 15 1750 1751 1366
2620 2 2 0 15 276 1747 1376
2621 2 2 0 15 309 1727 308
2622 2 2 0 15 462 1397 463
2623 2 2 0 15 274 1407 273
2624 2 2 0 15 272 1402 271
2625 2 2 0 15 307 1728 306
2626 2 2 0 15 270 1387 269
2627 2 2 0 15 296 1731 295
2628 2 2 0 15 355 1736 354
2629 2 2 0 15 326 1439 325
2630 2 2 0 15 287 1413 286
2631 2 2 0 15 289 1411 288
2632 2 2 0 15 282 1388 281
2633 2 2 0 15 338 1741 337
2634 2 2 0 15 346 1942 1899
2635 2 2 0 15 276 1376 275
2636 2 2 0 15 1541 1543 1540
2637 2 2 0 15 1403 1745 363
2638 2 2 0 15 1478 1766 1482
2639 2 2 0 15 1516 1744 1521
2640 2 2 0 15 1375 1748 365
2641 2 2 0 15 1521 1523 1522
2642 2 2 0 15 279 1368 278
2643 2 2 0 15 373 1749 1377
2644 2 2 0 15 322 1415 321
2645 2 2 0 15 369 1750 1366
2646 2 2 0 15 1377 1752 372
2647 2 2 0 15 364 1403 363
2648 2 2 0 15 362 1398 361
2649 2 2 0 15 1532 1534 1533
2650 2 2 0 15 360 1384 359
2651 2 2 0 15 375 1399 374
2652 2 2 0 15 283 1737 282
2653 2 2 0 15 286 1754 285
2654 2 2 0 15 378 1379 377
2655 2 2 0 15 366 1375 365
2656 2 2 0 15 1534 1638 1535
2657 2 2 0 15 378 1758 1379
2658 2 2 0 15 275 1739 274
2659 2 2 0 15 1456 1760 1457
2660 2 2 0 15 1457 1459 1458
2661 2 2 0 15 1507 1761 1508
2662 2 2 0 15 1435 1860 1743
2663 2 2 0 15 369 1366 368
2664 2 2 0 15 371 1396 370
2665 2 2 0 15 1387 1759 269
2666 2 2 0 15 373 1377 372
2667 2 2 0 15 1466 1467 1465
2668 2 2 0 15 1524 1532 1528
2669 2 2 0 15 1722 1860 1610
2670 2 2 0 15 1613 1675 1614
2671 2 2 0 15 1482 1487 1483
2672 2 2 0 15 1571 1572 1567
2673 2 2 0 15 1516 1521 1520
2674 2 2 0 15 277 1747 276
2675 2 2 0 15 1539 1541 1540
2676 2 2 0 15 1637 1769 1447
2677 2 2 0 15 1459 1463 1458
2678 2 2 0 15 1762 1763 1463
2679 2 2 0 15 363 1745 362
2680 2 2 0 15 365 1748 364
2681 2 2 0 15 1715 1861 1617
2682 2 2 0 15 374 1749 373
2683 2 2 0 15 1521 1744 1525
2684 2 2 0 15 1508 1761 1512
2685 2 2 0 15 1543 1544 1540
2686 2 2 0 15 370 1750 369
2687 2 2 0 15 372 1752 371
2688 2 2 0 15 1512 1526 1514
2689 2 2 0 15 1763 1764 1463
2690 2 2 0 15 268 1759 1438
2691 2 2 0 15 23 1408 476
2692 2 2 0 15 1591 1592 1589
2693 2 2 0 15 1677 1965 1945
2694 2 2 0 15 1488 1689 1666
2695 2 2 0 15 1678 1762 1465
2696 2 2 0 15 1511 1631 1509
2697 2 2 0 15 1648 1697 1663
2698 2 2 0 15 1384 1756 359
2699 2 2 0 15 1530 1531 1519
2700 2 2 0 15 1512 1761 1526
2701 2 2 0 15 1549 1767 1552
2702 2 2 0 15 1523 1524 1522
2703 2 2 0 15 1478 1482 1481
2704 2 2 0 15 1543 1545 1544
2705 2 2 0 15 1604 1648 1606
2706 2 2 0 15 1457 1458 1455
2707 2 2 0 15 1475 1479 1473
2708 2 2 0 15 1457 1460 1459
2709 2 2 0 15 1547 1555 1549
2710 2 2 0 15 1521 1522 1520
2711 2 2 0 15 452 1373 453
2712 2 2 0 15 1631 1768 1509
2713 2 2 0 15 1541 1679 1543
2714 2 2 0 15 1552 1632 1554
2715 2 2 0 15 1532 1533 1528
2716 2 2 0 15 510 1374 511
2717 2 2 0 15 379 1758 378
2718 2 2 0 15 1534 1535 1533
2719 2 2 0 15 269 1759 268
2720 2 2 0 15 388 1370 389
2721 2 2 0 15 421 1381 422
2722 2 2 0 15 1464 1465 1461
2723 2 2 0 15 1457 1760 1460
2724 2 2 0 15 1469 1708 1707
2725 2 2 0 15 1482 1766 1489
2726 2 2 0 15 1529 1530 1519
2727 2 2 0 15 1559 1561 1560
2728 2 2 0 15 361 1765 360
2729 2 2 0 15 1552 1767 1632
2730 2 2 0 15 360 1765 1384
2731 2 2 0 15 500 1369 501
2732 2 2 0 15 1562 1563 1560
2733 2 2 0 15 406 1687 18
2734 2 2 0 15 359 1756 358
2735 2 2 0 15 1545 1664 1544
2736 2 2 0 15 1446 1448 1447
2737 2 2 0 15 1573 1575 1572
2738 2 2 0 15 413 1386 414
2739 2 2 0 15 1593 1594 1592
2740 2 2 0 15 509 1662 510
2741 2 2 0 15 1504 1529 1519
2742 2 2 0 15 1675 1713 1676
2743 2 2 0 15 504 1432 505
2744 2 2 0 15 1381 1502 422
2745 2 2 0 15 1599 1602 1601
2746 2 2 0 15 1381 1503 1502
2747 2 2 0 15 508 1431 509
2748 2 2 0 15 1504 1519 1505
2749 2 2 0 15 1566 1567 1563
2750 2 2 0 15 420 1712 421
2751 2 2 0 15 1559 1564 1561
2752 2 2 0 15 1627 1642 1582
2753 2 2 0 15 268 1438 267
2754 2 2 0 15 1487 1488 1483
2755 2 2 0 15 1505 1506 1503
2756 2 2 0 15 1462 1469 1468
2757 2 2 0 15 1568 1657 1569
2758 2 2 0 15 1505 1507 1506
2759 2 2 0 15 1504 1505 1503
2760 2 2 0 15 1620 1645 1644
2761 2 2 0 15 507 1556 508
2762 2 2 0 15 1564 1568 1565
2763 2 2 0 15 1644 1646 1619
2764 2 2 0 15 423 1371 424
2765 2 2 0 15 1555 1885 1705
2766 2 2 0 15 1570 1571 1567
2767 2 2 0 15 453 1700 454
2768 2 2 0 15 1514 1516 1515
2769 2 2 0 15 1512 1514 1513
2770 2 2 0 15 404 1367 405
2771 2 2 0 15 1482 1483 1481
2772 2 2 0 15 505 1656 506
2773 2 2 0 15 1516 1520 1518
2774 2 2 0 15 1524 1528 1527
2775 2 2 0 15 1367 1582 405
2776 2 2 0 15 1689 1692 1666
2777 2 2 0 15 1508 1512 1510
2778 2 2 0 15 506 1685 507
2779 2 2 0 15 1381 1504 1503
2780 2 2 0 15 1508 1509 1506
2781 2 2 0 15 1587 1703 1702
2782 2 2 0 15 403 1651 404
2783 2 2 0 15 1503 1768 1502
2784 2 2 0 15 1599 1601 1600
2785 2 2 0 15 402 1617 403
2786 2 2 0 15 1498 1499 1497
2787 2 2 0 15 1510 1511 1509
2788 2 2 0 15 426 1382 427
2789 2 2 0 15 1498 1500 1499
2790 2 2 0 15 399 1401 400
2791 2 2 0 15 1472 1474 1473
2792 2 2 0 15 401 1385 402
2793 2 2 0 15 500 1730 1369
2794 2 2 0 15 1507 1508 1506
2795 2 2 0 15 18 1392 382
2796 2 2 0 15 1529 1680 1530
2797 2 2 0 15 436 1372 437
2798 2 2 0 15 1562 1566 1563
2799 2 2 0 15 1367 1627 1582
2800 2 2 0 15 412 1536 413
2801 2 2 0 15 1550 1551 1548
2802 2 2 0 15 1571 1573 1572
2803 2 2 0 15 1537 1542 1539
2804 2 2 0 15 1371 1557 424
2805 2 2 0 15 1524 1527 1522
2806 2 2 0 15 1515 1517 1513
2807 2 2 0 15 1512 1513 1510
2808 2 2 0 15 1657 1658 1569
2809 2 2 0 15 1508 1510 1509
2810 2 2 0 15 1616 1640 1518
2811 2 2 0 15 1514 1515 1513
2812 2 2 0 15 1516 1518 1515
2813 2 2 0 15 1568 1569 1565
2814 2 2 0 15 1602 1604 1603
2815 2 2 0 15 1466 1635 1467
2816 2 2 0 15 1564 1565 1561
2817 2 2 0 15 419 1409 420
2818 2 2 0 15 1561 1562 1560
2819 2 2 0 15 438 1629 439
2820 2 2 0 15 1520 1616 1518
2821 2 2 0 15 1506 1768 1503
2822 2 2 0 15 382 1706 383
2823 2 2 0 15 1566 1570 1567
2824 2 2 0 15 1464 1466 1465
2825 2 2 0 15 511 1611 512
2826 2 2 0 15 1564 1789 1568
2827 2 2 0 15 1570 1574 1571
2828 2 2 0 15 1591 1593 1592
2829 2 2 0 15 401 1698 1385
2830 2 2 0 15 442 1391 443
2831 2 2 0 15 497 1389 498
2832 2 2 0 15 427 1654 428
2833 2 2 0 15 452 1609 1373
2834 2 2 0 15 389 1630 390
2835 2 2 0 15 1569 1623 1565
2836 2 2 0 15 1474 1475 1473
2837 2 2 0 15 1535 1701 1533
2838 2 2 0 15 496 1597 497
2839 2 2 0 15 1616 1720 1640
2840 2 2 0 15 439 1404 440
2841 2 2 0 15 1371 1684 1557
2842 2 2 0 15 441 1583 442
2843 2 2 0 15 1460 1461 1459
2844 2 2 0 15 1509 1768 1506
2845 2 2 0 15 1562 1578 1566
2846 2 2 0 15 495 1655 496
2847 2 2 0 15 440 1618 441
2848 2 2 0 15 1547 1549 1548
2849 2 2 0 15 1372 1547 1546
2850 2 2 0 15 1628 1725 1586
2851 2 2 0 15 1372 1546 437
2852 2 2 0 15 1485 1486 1480
2853 2 2 0 15 1474 1478 1476
2854 2 2 0 15 1549 1552 1550
2855 2 2 0 15 1389 1686 498
2856 2 2 0 15 1476 1477 1475
2857 2 2 0 15 1522 1772 1520
2858 2 2 0 15 1648 1663 1606
2859 2 2 0 15 1602 1603 1601
2860 2 2 0 15 1488 1666 1491
2861 2 2 0 15 411 1406 412
2862 2 2 0 15 1430 1608 387
2863 2 2 0 15 1478 1481 1480
2864 2 2 0 15 1552 1554 1553
2865 2 2 0 15 1547 1548 1546
2866 2 2 0 15 1471 1803 1484
2867 2 2 0 15 1520 1772 1616
2868 2 2 0 15 1579 1580 1576
2869 2 2 0 15 1573 1576 1575
2870 2 2 0 15 386 1430 387
2871 2 2 0 15 1510 1773 1511
2872 2 2 0 15 1469 1707 1468
2873 2 2 0 15 1609 1639 1373
2874 2 2 0 15 1527 1772 1522
2875 2 2 0 15 1573 1577 1576
2876 2 2 0 15 1517 1773 1513
2877 2 2 0 15 1577 1581 1579
2878 2 2 0 15 1488 1491 1483
2879 2 2 0 15 1549 1550 1548
2880 2 2 0 15 1587 1628 1586
2881 2 2 0 15 1675 1676 1614
2882 2 2 0 15 1552 1553 1550
2883 2 2 0 15 1604 1605 1603
2884 2 2 0 15 428 1390 429
2885 2 2 0 15 1515 1774 1517
2886 2 2 0 15 1640 1774 1518
2887 2 2 0 15 417 1688 418
2888 2 2 0 15 1474 1476 1475
2889 2 2 0 15 494 1395 495
2890 2 2 0 15 398 1588 399
2891 2 2 0 15 1513 1773 1510
2892 2 2 0 15 512 1426 513
2893 2 2 0 15 1485 1490 1486
2894 2 2 0 15 1554 1634 1553
2895 2 2 0 15 390 1427 391
2896 2 2 0 15 1478 1480 1476
2897 2 2 0 15 1604 1606 1605
2898 2 2 0 15 388 1913 1370
2899 2 2 0 15 1481 1485 1480
2900 2 2 0 15 1518 1774 1515
2901 2 2 0 15 443 1621 444
2902 2 2 0 15 1577 1579 1576
2903 2 2 0 15 304 1771 303
2904 2 2 0 15 1729 1951 1714
2905 2 2 0 15 1603 1691 1601
2906 2 2 0 15 1587 1702 1628
2907 2 2 0 15 1591 1595 1593
2908 2 2 0 15 1574 1777 1571
2909 2 2 0 15 1595 1596 1593
2910 2 2 0 15 1460 1462 1461
2911 2 2 0 15 1456 1915 1700
2912 2 2 0 15 1571 1777 1573
2913 2 2 0 15 450 1417 451
2914 2 2 0 15 1581 1669 1579
2915 2 2 0 15 1606 1652 1605
2916 2 2 0 15 1707 1709 1468
2917 2 2 0 15 1752 1926 1795
2918 2 2 0 15 1483 1776 1481
2919 2 2 0 15 430 1435 431
2920 2 2 0 15 1462 1464 1461
2921 2 2 0 15 1682 1683 1449
2922 2 2 0 15 1462 1468 1464
2923 2 2 0 15 410 1607 411
2924 2 2 0 15 397 1419 398
2925 2 2 0 15 1573 1777 1577
2926 2 2 0 15 1623 1780 1565
2927 2 2 0 15 1466 1696 1635
2928 2 2 0 15 1679 1929 1794
2929 2 2 0 15 444 1433 445
2930 2 2 0 15 1562 1780 1578
2931 2 2 0 15 330 1775 329
2932 2 2 0 15 1481 1776 1485
2933 2 2 0 15 1448 1682 1449
2934 2 2 0 15 1486 1778 1480
2935 2 2 0 15 386 1653 1430
2936 2 2 0 15 1476 1778 1477
2937 2 2 0 15 1609 1843 1840
2938 2 2 0 15 1449 1785 1637
2939 2 2 0 15 1565 1780 1561
2940 2 2 0 15 1561 1780 1562
2941 2 2 0 15 409 1434 410
2942 2 2 0 15 1491 1776 1483
2943 2 2 0 15 513 1783 514
2944 2 2 0 15 1390 1610 429
2945 2 2 0 15 492 1440 493
2946 2 2 0 15 1797 1908 1392
2947 2 2 0 15 1480 1778 1476
2948 2 2 0 15 1567 1786 1563
2949 2 2 0 15 1709 1782 1468
2950 2 2 0 15 1464 1782 1466
2951 2 2 0 15 408 1636 409
2952 2 2 0 15 431 1647 432
2953 2 2 0 15 448 1649 449
2954 2 2 0 15 1468 1782 1464
2955 2 2 0 15 491 1670 492
2956 2 2 0 15 1390 1699 1610
2957 2 2 0 15 1440 1615 493
2958 2 2 0 15 1699 1722 1610
2959 2 2 0 15 450 1781 1417
2960 2 2 0 15 447 1779 448
2961 2 2 0 15 1511 1789 1631
2962 2 2 0 15 514 1690 515
2963 2 2 0 15 392 1674 393
2964 2 2 0 15 432 1710 19
2965 2 2 0 15 1466 1782 1696
2966 2 2 0 15 395 1667 396
2967 2 2 0 15 19 1694 408
2968 2 2 0 15 1824 1921 1507
2969 2 2 0 15 1489 1900 1686
2970 2 2 0 15 1685 1884 478
2971 2 2 0 15 1719 1904 466
2972 2 2 0 15 320 1792 1423
2973 2 2 0 15 1433 1650 445
2974 2 2 0 15 1440 1677 1615
2975 2 2 0 15 1475 1790 1479
2976 2 2 0 15 1639 1849 1760
2977 2 2 0 15 1415 1792 321
2978 2 2 0 15 349 1801 348
2979 2 2 0 15 1794 1938 1545
2980 2 2 0 15 1499 1705 1704
2981 2 2 0 15 489 1378 20
2982 2 2 0 15 1691 1787 1601
2983 2 2 0 15 1499 1704 1497
2984 2 2 0 15 1543 1794 1545
2985 2 2 0 15 1683 1785 1449
2986 2 2 0 15 1698 1894 1385
2987 2 2 0 15 1602 1798 1604
2988 2 2 0 15 1572 1786 1567
2989 2 2 0 15 1632 1784 1554
2990 2 2 0 15 1401 1917 400
2991 2 2 0 15 376 1796 375
2992 2 2 0 15 1704 1885 1372
2993 2 2 0 15 1714 1922 1729
2994 2 2 0 15 1609 1957 1843
2995 2 2 0 15 487 1718 488
2996 2 2 0 15 377 1800 376
2997 2 2 0 15 1701 1793 1533
2998 2 2 0 15 465 1966 1719
2999 2 2 0 15 1658 1795 1569
3000 2 2 0 15 1403 1793 1745
3001 2 2 0 15 1601 1787 1600
3002 2 2 0 15 1473 1803 1471
3003 2 2 0 15 1585 1809 1584
3004 2 2 0 15 1413 1895 1755
3005 2 2 0 15 1440 1825 1677
3006 2 2 0 15 358 1802 357
3007 2 2 0 15 391 1791 392
3008 2 2 0 15 323 1804 322
3009 2 2 0 15 489 1695 1378
3010 2 2 0 15 1409 1814 1711
3011 2 2 0 15 1662 1938 1794
3012 2 2 0 15 1469 1840 1708
3013 2 2 0 15 380 1807 379
3014 2 2 0 15 1731 1902 1405
3015 2 2 0 15 1681 1816 1436
3016 2 2 0 15 1899 1942 1674
3017 2 2 0 15 290 1808 289
3018 2 2 0 15 1477 1790 1475
3019 2 2 0 15 1641 1892 1665
3020 2 2 0 15 1584 1809 1587
3021 2 2 0 15 1563 1805 1560
3022 2 2 0 15 1706 1908 1625
3023 2 2 0 15 1463 1810 1458
3024 2 2 0 15 1738 1930 1645
3025 2 2 0 15 1550 1812 1551
3026 2 2 0 15 1668 1933 1492
3027 2 2 0 15 1786 1859 1382
3028 2 2 0 15 321 1792 320
3029 2 2 0 15 1657 1881 1773
3030 2 2 0 15 1442 1821 344
3031 2 2 0 15 343 1821 1414
3032 2 2 0 15 1533 1793 1528
3033 2 2 0 15 1611 1929 1613
3034 2 2 0 15 1414 1823 342
3035 2 2 0 15 375 1796 1399
3036 2 2 0 15 1679 1794 1543
3037 2 2 0 15 1595 1848 1596
3038 2 2 0 15 1530 1797 1531
3039 2 2 0 15 1569 1795 1623
3040 2 2 0 15 1815 1841 1592
3041 2 2 0 15 341 1823 1383
3042 2 2 0 15 1747 1853 1376
3043 2 2 0 15 1604 1798 1648
3044 2 2 0 15 26 1799 491
3045 2 2 0 15 287 1822 1413
3046 2 2 0 15 1411 1822 288
3047 2 2 0 15 1642 1921 1824
3048 2 2 0 15 494 1925 1395
3049 2 2 0 15 1747 1831 1490
3050 2 2 0 15 1566 1817 1570
3051 2 2 0 15 1402 1828 271
3052 2 2 0 15 270 1828 1387
3053 2 2 0 15 1379 1800 377
3054 2 2 0 15 367 1863 1720
3055 2 2 0 15 1531 1824 1519
3056 2 2 0 15 1490 1878 1486
3057 2 2 0 15 1505 1824 1507
3058 2 2 0 15 277 1831 1747
3059 2 2 0 15 280 1827 279
3060 2 2 0 15 1368 1831 278
3061 2 2 0 15 1810 1857 1458
3062 2 2 0 15 1452 1837 311
3063 2 2 0 15 313 1955 1690
3064 2 2 0 15 1420 1835 305
3065 2 2 0 15 299 1833 298
3066 2 2 0 15 1756 1802 358
3067 2 2 0 15 1602 1944 1798
3068 2 2 0 15 328 1836 1418
3069 2 2 0 15 310 1837 1410
3070 2 2 0 15 1700 1889 1456
3071 2 2 0 15 1720 1863 1640
3072 2 2 0 15 395 1801 1667
3073 2 2 0 15 393 1806 394
3074 2 2 0 15 1372 1916 1704
3075 2 2 0 15 1486 1878 1784
3076 2 2 0 15 1826 1850 1430
3077 2 2 0 15 1560 1805 1558
3078 2 2 0 15 1442 1899 1791
3079 2 2 0 15 1650 1953 1721
3080 2 2 0 15 1623 1818 1780
3081 2 2 0 15 304 1835 1771
3082 2 2 0 15 322 1804 1415
3083 2 2 0 15 1479 1803 1473
3084 2 2 0 15 379 1807 1758
3085 2 2 0 15 1634 1829 1553
3086 2 2 0 15 1777 1832 1577
3087 2 2 0 15 1828 1883 1387
3088 2 2 0 15 1622 1836 1775
3089 2 2 0 15 1738 1829 1388
3090 2 2 0 15 1742 1874 1708
3091 2 2 0 15 289 1808 1411
3092 2 2 0 15 1860 1961 1610
3093 2 2 0 15 1596 1834 1593
3094 2 2 0 15 281 1839 280
3095 2 2 0 15 1721 1953 331
3096 2 2 0 15 1732 1931 1441
3097 2 2 0 15 1587 1809 1703
3098 2 2 0 15 1764 1810 1463
3099 2 2 0 15 1718 1819 1450
3100 2 2 0 15 1619 1820 1618
3101 2 2 0 15 1403 1830 1793
3102 2 2 0 15 1595 1912 1848
3103 2 2 0 15 1740 1893 1437
3104 2 2 0 15 313 1856 312
3105 2 2 0 15 1798 1944 1655
3106 2 2 0 15 447 1875 1779
3107 2 2 0 15 1393 1912 1735
3108 2 2 0 15 1405 1862 294
3109 2 2 0 15 1659 1940 1770
3110 2 2 0 15 1462 1849 1469
3111 2 2 0 15 293 1862 1429
3112 2 2 0 15 1795 1926 1623
3113 2 2 0 15 1383 1866 340
3114 2 2 0 15 1652 1919 1605
3115 2 2 0 15 339 1866 1400
3116 2 2 0 15 1853 1890 1376
3117 2 2 0 15 17 1898 356
3118 2 2 0 15 292 1901 16
3119 2 2 0 15 1775 1836 329
3120 2 2 0 15 1575 1859 1572
3121 2 2 0 15 357 1898 17
3122 2 2 0 15 1760 1849 1460
3123 2 2 0 15 1677 1945 1615
3124 2 2 0 15 16 1901 380
3125 2 2 0 15 397 1811 1419
3126 2 2 0 15 419 1814 1409
3127 2 2 0 15 330 1953 1775
3128 2 2 0 15 515 1813 26
3129 2 2 0 15 1455 1857 1453
3130 2 2 0 15 1437 1893 1781
3131 2 2 0 15 368 1863 367
3132 2 2 0 15 1553 1812 1550
3133 2 2 0 15 1490 1853 1747
3134 2 2 0 15 1638 1841 1815
3135 2 2 0 15 1863 1914 1640
3136 2 2 0 15 1729 1903 1420
3137 2 2 0 15 1624 1897 1671
3138 2 2 0 15 477 1847 478
3139 2 2 0 15 1450 1819 1444
3140 2 2 0 15 333 1875 332
3141 2 2 0 15 1485 1853 1490
3142 2 2 0 15 1697 1925 1615
3143 2 2 0 15 1378 1934 1882
3144 2 2 0 15 1779 1875 333
3145 2 2 0 15 1372 1885 1547
3146 2 2 0 15 350 1977 349
3147 2 2 0 15 1548 1871 1546
3148 2 2 0 15 325 1906 15
3149 2 2 0 15 1423 1965 319
3150 2 2 0 15 1442 1950 1821
3151 2 2 0 15 15 1906 290
3152 2 2 0 15 1825 1965 1677
3153 2 2 0 15 1761 1928 1526
3154 2 2 0 15 346 1899 345
3155 2 2 0 15 1768 1869 1502
3156 2 2 0 15 1737 1930 1738
3157 2 2 0 15 1793 1830 1528
3158 2 2 0 15 1454 1915 1456
3159 2 2 0 15 1397 1857 1810
3160 2 2 0 15 1741 1874 1742
3161 2 2 0 15 335 1918 334
3162 2 2 0 15 1750 1911 1751
3163 2 2 0 15 1376 1890 1739
3164 2 2 0 15 1669 1868 1579
3165 2 2 0 15 1538 1936 1536
3166 2 2 0 15 1698 1917 1638
3167 2 2 0 15 1554 1877 1634
3168 2 2 0 15 1606 1870 1652
3169 2 2 0 15 1699 1962 1580
3170 2 2 0 15 1771 1923 303
3171 2 2 0 15 1415 1870 1792
3172 2 2 0 15 1605 1883 1603
3173 2 2 0 15 1594 1815 1592
3174 2 2 0 15 457 1443 458
3175 2 2 0 15 14 1909 323
3176 2 2 0 15 1580 1976 1699
3177 2 2 0 15 1789 1881 1568
3178 2 2 0 15 267 1909 14
3179 2 2 0 15 1772 1910 1616
3180 2 2 0 15 1378 1882 1496
3181 2 2 0 15 1576 1962 1575
3182 2 2 0 15 1638 1815 1535
3183 2 2 0 15 1436 1816 1626
3184 2 2 0 15 1405 1902 1868
3185 2 2 0 15 1597 1944 1599
3186 2 2 0 15 1570 1932 1574
3187 2 2 0 15 1378 1496 20
3188 2 2 0 15 1931 1960 1419
3189 2 2 0 15 1558 1943 425
3190 2 2 0 15 1918 1939 334
3191 2 2 0 15 1586 1946 1391
3192 2 2 0 15 1676 1880 1614
3193 2 2 0 15 334 1939 333
3194 2 2 0 15 333 1939 1779
3195 2 2 0 15 1578 1817 1566
3196 2 2 0 15 1748 1830 1403
3197 2 2 0 15 1499 1864 1705
3198 2 2 0 15 1441 1931 1811
3199 2 2 0 15 1780 1818 1578
3200 2 2 0 15 1812 1829 1738
3201 2 2 0 15 1406 1959 1537
3202 2 2 0 15 1734 1960 1931
3203 2 2 0 15 1633 1959 1406
3204 2 2 0 15 1646 1820 1619
3205 2 2 0 15 1452 1968 1693
3206 2 2 0 15 1792 1870 1663
3207 2 2 0 15 1890 1927 1739
3208 2 2 0 15 1589 1841 1401
3209 2 2 0 15 1404 1949 1620
3210 2 2 0 15 344 1821 343
3211 2 2 0 15 1871 1949 1629
3212 2 2 0 15 1770 1938 1431
3213 2 2 0 15 1707 1874 1400
3214 2 2 0 15 1728 1951 1729
3215 2 2 0 15 288 1822 287
3216 2 2 0 15 1519 1824 1505
3217 2 2 0 15 1497 1916 435
3218 2 2 0 15 1574 1947 1777
3219 2 2 0 15 342 1823 341
3220 2 2 0 15 1781 1893 1417
3221 2 2 0 15 1574 1932 1796
3222 2 2 0 15 1712 1873 1529
3223 2 2 0 15 318 1825 317
3224 2 2 0 15 485 1424 486
3225 2 2 0 15 1626 1892 1641
3226 2 2 0 15 1511 1881 1789
3227 2 2 0 15 1592 1841 1589
3228 2 2 0 15 1739 1927 1407
3229 2 2 0 15 436 1916 1372
3230 2 2 0 15 279 1827 1368
3231 2 2 0 15 271 1828 270
3232 2 2 0 15 1635 1879 1716
3233 2 2 0 15 1691 1883 1828
3234 2 2 0 15 1769 1934 1695
3235 2 2 0 15 1633 1903 1729
3236 2 2 0 15 1717 1950 1427
3237 2 2 0 15 1612 1844 1693
3238 2 2 0 15 1729 1922 1633
3239 2 2 0 15 1634 1839 1829
3240 2 2 0 15 278 1831 277
3241 2 2 0 15 1528 1830 1527
3242 2 2 0 15 298 1833 1743
3243 2 2 0 15 1640 1914 1774
3244 2 2 0 15 1645 1937 1738
3245 2 2 0 15 1368 1878 1831
3246 2 2 0 15 1577 1832 1581
3247 2 2 0 15 1822 1895 1413
3248 2 2 0 15 1821 1950 1717
3249 2 2 0 15 1588 1960 1590
3250 2 2 0 15 1877 1878 1368
3251 2 2 0 15 1708 1843 1742
3252 2 2 0 15 1501 1956 470
3253 2 2 0 15 1716 1879 1717
3254 2 2 0 15 435 1916 436
3255 2 2 0 15 1800 1947 1574
3256 2 2 0 15 25 1888 487
3257 2 2 0 15 1439 1907 1808
3258 2 2 0 15 1710 1887 300
3259 2 2 0 15 1695 1934 1378
3260 2 2 0 15 425 1943 426
3261 2 2 0 15 1593 1834 1594
3262 2 2 0 15 1748 1876 1830
3263 2 2 0 15 1542 1922 1714
3264 2 2 0 15 348 1935 347
3265 2 2 0 15 305 1835 304
3266 2 2 0 15 329 1836 328
3267 2 2 0 15 1785 1882 1637
3268 2 2 0 15 1671 1971 1432
3269 2 2 0 15 311 1837 310
3270 2 2 0 15 1634 1877 1827
3271 2 2 0 15 1452 1856 1783
3272 2 2 0 15 1575 1962 1845
3273 2 2 0 15 1649 1958 449
3274 2 2 0 15 460 1905 1425
3275 2 2 0 15 1806 1935 394
3276 2 2 0 15 1705 1885 1704
3277 2 2 0 15 1784 1878 1877
3278 2 2 0 15 1388 1839 281
3279 2 2 0 15 1625 1908 1672
3280 2 2 0 15 1386 1838 414
3281 2 2 0 15 1456 1889 1760
3282 2 2 0 15 1386 1936 1892
3283 2 2 0 15 426 1943 1382
3284 2 2 0 15 477 1896 1847
3285 2 2 0 15 1609 1840 1639
3286 2 2 0 15 1594 1920 1746
3287 2 2 0 15 1620 1842 1645
3288 2 2 0 15 1658 1911 1795
3289 2 2 0 15 1425 1905 1673
3290 2 2 0 15 1385 1894 1715
3291 2 2 0 15 1830 1876 1527
3292 2 2 0 15 1614 1844 1612
3293 2 2 0 15 1757 1971 1643
3294 2 2 0 15 1664 1940 1854
3295 2 2 0 15 1715 1894 1532
3296 2 2 0 15 1428 1848 1736
3297 2 2 0 15 1553 1829 1812
3298 2 2 0 15 318 1965 1825
3299 2 2 0 15 1390 1845 1699
3300 2 2 0 15 1568 1881 1657
3301 2 2 0 15 1605 1919 1883
3302 2 2 0 15 1375 1876 1748
3303 2 2 0 15 1460 1849 1462
3304 2 2 0 15 458 1852 22
3305 2 2 0 15 1657 1851 1658
3306 2 2 0 15 312 1856 1452
3307 2 2 0 15 1726 1907 1439
3308 2 2 0 15 1641 1854 1451
3309 2 2 0 15 1400 1874 1741
3310 2 2 0 15 1682 1846 1683
3311 2 2 0 15 1496 1882 1498
3312 2 2 0 15 1730 1900 1489
3313 2 2 0 15 1627 1921 1642
3314 2 2 0 15 1765 1920 1384
3315 2 2 0 15 1803 1872 1484
3316 2 2 0 15 21 1858 457
3317 2 2 0 15 1458 1857 1455
3318 2 2 0 15 347 1935 1806
3319 2 2 0 15 1776 1853 1485
3320 2 2 0 15 1525 1861 1523
3321 2 2 0 15 24 1855 485
3322 2 2 0 15 294 1862 293
3323 2 2 0 15 1498 1882 1785
3324 2 2 0 15 1366 1863 368
3325 2 2 0 15 1545 1938 1770
3326 2 2 0 15 1467 1867 1678
3327 2 2 0 15 1892 1936 1665
3328 2 2 0 15 1795 1911 1396
3329 2 2 0 15 332 1875 1721
3330 2 2 0 15 1429 1886 1807
3331 2 2 0 15 1631 1869 1768
3332 2 2 0 15 1382 1943 1805
3333 2 2 0 15 1848 1912 1736
3334 2 2 0 15 1642 1865 1582
3335 2 2 0 15 340 1866 339
3336 2 2 0 15 1816 1838 1626
3337 2 2 0 15 1551 1871 1548
3338 2 2 0 15 478 1884 479
3339 2 2 0 15 1579 1868 1580
3340 2 2 0 15 1529 1873 1680
3341 2 2 0 15 1870 1970 1652
3342 2 2 0 15 1708 1874 1707
3343 2 2 0 15 1572 1859 1786
3344 2 2 0 15 470 1956 471
3345 2 2 0 15 1410 1880 1727
3346 2 2 0 15 1663 1870 1606
3347 2 2 0 15 1500 1864 1499
3348 2 2 0 15 1829 1839 1388
3349 2 2 0 15 1527 1876 1772
3350 2 2 0 15 1746 1920 1765
3351 2 2 0 15 1812 1937 1551
3352 2 2 0 15 300 1887 299
3353 2 2 0 15 1703 1895 1822
3354 2 2 0 15 347 1942 346
3355 2 2 0 15 1773 1881 1511
3356 2 2 0 15 1547 1885 1555
3357 2 2 0 15 1776 1890 1853
3358 2 2 0 15 1603 1883 1691
3359 2 2 0 15 471 1954 472
3360 2 2 0 15 1414 1924 1823
3361 2 2 0 15 1366 1914 1863
3362 2 2 0 15 323 1909 1804
3363 2 2 0 15 1722 1973 1422
3364 2 2 0 15 1495 1850 1826
3365 2 2 0 15 1432 1971 1757
3366 2 2 0 15 1831 1878 1490
3367 2 2 0 15 1784 1877 1554
3368 2 2 0 15 1581 1886 1669
3369 2 2 0 15 1742 1893 1740
3370 2 2 0 15 1777 1947 1832
3371 2 2 0 15 290 1906 1808
3372 2 2 0 15 1377 1926 1752
3373 2 2 0 15 345 1899 1442
3374 2 2 0 15 1802 1898 357
3375 2 2 0 15 1871 1963 1546
3376 2 2 0 15 380 1901 1807
3377 2 2 0 15 356 1898 1428
3378 2 2 0 15 1532 1894 1534
3379 2 2 0 15 1783 1968 1452
3380 2 2 0 15 1429 1901 292
3381 2 2 0 15 1491 1890 1776
3382 2 2 0 15 1736 1912 1393
3383 2 2 0 15 476 1896 477
3384 2 2 0 15 1681 1964 1816
3385 2 2 0 15 1439 1906 325
3386 2 2 0 15 1869 1967 1502
3387 2 2 0 15 1817 1932 1570
3388 2 2 0 15 472 1954 1788
3389 2 2 0 15 1443 1852 458
3390 2 2 0 15 314 1955 313
3391 2 2 0 15 457 1858 1443
3392 2 2 0 15 1396 1911 1750
3393 2 2 0 15 464 1966 465
3394 2 2 0 15 1673 1915 1454
3395 2 2 0 15 1380 1951 1728
3396 2 2 0 15 1438 1909 267
3397 2 2 0 15 1437 1918 335
3398 2 2 0 15 1751 1914 1366
3399 2 2 0 15 1616 1910 1720
3400 2 2 0 15 1857 1969 1453
3401 2 2 0 15 1422 1973 1731
3402 2 2 0 15 1583 1972 1585
3403 2 2 0 15 1491 1927 1890
3404 2 2 0 15 1696 1924 1635
3405 2 2 0 15 486 1888 25
3406 2 2 0 15 1416 1930 1737
3407 2 2 0 15 1734 1931 1732
3408 2 2 0 15 1387 1919 1759
3409 2 2 0 15 1811 1931 1419
3410 2 2 0 15 1941 1956 1501
3411 2 2 0 15 1416 1952 1930
3412 2 2 0 15 1507 1921 1761
3413 2 2 0 15 303 1923 302
3414 2 2 0 15 1424 1888 486
3415 2 2 0 15 1441 1977 350
3416 2 2 0 15 1693 1968 1426
3417 2 2 0 15 1811 1948 1441
3418 2 2 0 15 1448 1897 1682
3419 2 2 0 15 1637 1934 1769
3420 2 2 0 15 1649 1939 1918
3421 2 2 0 15 1753 1952 1416
3422 2 2 0 15 462 1969 1397
3423 2 2 0 15 1781 1958 1437
3424 2 2 0 15 1704 1916 1497
3425 2 2 0 15 1666 1927 1491
3426 2 2 0 15 1599 1944 1602
3427 2 2 0 15 1854 1940 1408
3428 2 2 0 15 1688 1956 1941
3429 2 2 0 15 1725 1946 1586
3430 2 2 0 15 331 1953 330
3431 2 2 0 15 1827 1877 1368
3432 2 2 0 15 1706 1933 383
3433 2 2 0 15 319 1965 318
3434 2 2 0 15 1770 1940 1664
3435 2 2 0 15 1580 1962 1576
3436 2 2 0 15 1804 1909 1438
3437 2 2 0 15 1806 1942 347
3438 2 2 0 15 423 1967 1371
3439 2 2 0 15 485 1855 1424
3440 2 2 0 15 415 1964 416
3441 2 2 0 15 1840 1843 1708
3442 2 2 0 15 438 1963 1629
3443 2 2 0 15 1688 1941 418
3444 2 2 0 15 1537 1959 1542
3445 2 2 0 15 1623 1926 1818
3446 2 2 0 15 1417 1957 451
3447 2 2 0 15 430 1961 1435
3448 2 2 0 15 1667 1948 396
3449 2 2 0 15 1699 1976 1722
3450 2 2 0 15 1384 1920 1834
3451 2 2 0 15 1428 1898 1802
3452 2 2 0 15 1808 1906 1439
3453 2 2 0 15 1807 1901 1429
3454 2 2 0 15 1386 1892 1838
3455 2 2 0 15 1852 1905 460
3456 2 2 0 15 1809 1895 1703
3457 2 2 0 15 1882 1934 1637
3458 2 2 0 15 1796 1932 1399
3459 2 2 0 15 1948 1977 1441
3460 2 2 0 15 1791 1950 1442
3461 2 2 0 15 1818 1926 1377
3462 2 2 0 15 1842 1937 1645
3463 2 2 0 15 1551 1937 1842
3464 2 2 0 15 1379 1947 1800
3465 2 2 0 15 1814 1941 1501
3466 2 2 0 15 1823 1924 1696
3467 2 2 0 15 1399 1932 1817
3468 2 2 0 15 1805 1943 1558
3469 2 2 0 15 1614 1880 1844
3470 2 2 0 15 1801 1935 348
3471 2 2 0 15 1843 1957 1417
3472 2 2 0 15 455 1974 1858
3473 2 2 0 15 1883 1919 1387
3474 2 2 0 15 1844 1880 1410
3475 2 2 0 15 1804 1970 1415
3476 2 2 0 15 1832 1947 1379
3477 2 2 0 15 1905 1974 1673
3478 2 2 0 15 1841 1917 1401
3479 2 2 0 15 1738 1937 1812
3480 2 2 0 15 1826 1966 464
3481 2 2 0 15 1638 1917 1841
3482 2 2 0 15 1816 1964 415
3483 2 2 0 15 1838 1892 1626
3484 2 2 0 15 1845 1962 1699
3485 2 2 0 15 1415 1970 1870
3486 2 2 0 15 1443 1905 1852
3487 2 2 0 15 1813 1955 314
3488 2 2 0 15 1834 1920 1594
3489 2 2 0 15 1585 1972 1820
3490 2 2 0 15 1820 1972 1618
3491 2 2 0 15 1653 1966 1826
3492 2 2 0 15 1868 1902 1580
3493 2 2 0 15 1443 1974 1905
3494 2 2 0 15 1635 1924 1879
3495 2 2 0 15 1435 1961 1860
3496 2 2 0 15 1667 1977 1948
3497 2 2 0 15 1954 1956 1688
3498 2 2 0 15 1620 1949 1842
3499 2 2 0 15 471 1956 1954
3500 2 2 0 15 1902 1976 1580
3501 2 2 0 15 1397 1969 1857
3502 2 2 0 15 1879 1924 1414
3503 2 2 0 15 1671 1975 1971
3504 2 2 0 15 1971 1975 1643
3505 2 2 0 15 1858 1974 1443
3506 2 2 0 15 1371 1967 1869
3507 2 2 0 15 1629 1963 1871
3508 2 2 0 15 1891 1951 1380
3509 2 2 0 15 1437 1958 1918
3510 2 2 0 15 1714 1951 1891
3511 2 2 0 15 1731 1973 1902
3512 2 2 0 15 1918 1958 1649
3513 2 2 0 15 1542 1959 1922
3514 2 2 0 15 1922 1959 1633
3515 2 2 0 15 1722 1976 1973
3516 2 2 0 15 1973 1976 1902
3517 3 2 0 2 4 102 1128 265
3518 3 2 0 2 265 1128 267 14
3519 3 2 0 2 102 103 1129 1128
3520 3 2 0 2 1128 1129 268 267
3521 3 2 0 2 103 104 1130 1129
3522 3 2 0 2 1129 1130 269 268
3523 3 2 0 2 104 105 1131 1130
3524 3 2 0 2 1130 1131 270 269
3525 3 2 0 2 105 106 1132 1131
3526 3 2 0 2 1131 1132 271 270
3527 3 2 0 2 106 107 1133 1132
3528 3 2 0 2 1132 1133 272 271
3529 3 2 0 2 107 108 1134 1133
3530 3 2 0 2 1133 1134 273 272
3531 3 2 0 2 108 109 1135 1134
3532 3 2 0 2 1134 1135 274 273
3533 3 2 0 2 109 110 1136 1135
3534 3 2 0 2 1135 1136 275 274
3535 3 2 0 2 110 111 1137 1136
3536 3 2 0 2 1136 1137 276 275
3537 3 2 0 2 111 112 1138 1137
3538 3 2 0 2 1137 1138 277 276
3539 3 2 0 2 112 113 1139 1138
3540 3 2 0 2 1138 1139 278 277
3541 3 2 0 2 113 114 1140 1139
3542 3 2 0 2 1139 1140 279 278
3543 3 2 0 2 114 115 1141 1140
3544 3 2 0 2 1140 1141 280 279
3545 3 2 0 2 115 116 1142 1141
3546 3 2 0 2 1141 1142 281 280
3547 3 2 0 2 116 117 1143 1142
3548 3 2 0 2 1142 1143 282 281
3549 3 2 0 2 117 118 1144 1143
3550 3 2 0 2 1143 1144 283 282
3551 3 2 0 2 118 119 1145 1144
3552 3 2 0 2 1144 1145 284 283
3553 3 2 0 2 119 120 1146 1145
3554 3 2 0 2 1145 1146 285 284
3555 3 2 0 2 120 121 1147 1146
3556 3 2 0 2 1146 1147 286 285
3557 3 2 0 2 121 122 1148 1147
3558 3 2 0 2 1147 1148 287 286
3559 3 2 0 2 122 123 1149 1148
3560 3 2 0 2 1148 1149 288 287
3561 3 2 0 2 123 124 1150 1149
3562 3 2 0 2 1149 1150 289 288
3563 3 2 0 2 124 125 1151 1150
3564 3 2 0 2 1150 1151 290 289
3565 3 2 0 2 125 5 266 1151
3566 3 2 0 2 1151 266 15 290
3567 3 2 0 3 6 126 1152 291
3568 3 2 0 3 291 1152 292 16
3569 3 2 0 3 126 127 1153 1152
3570 3 2 0 3 1152 1153 293 292
3571 3 2 0 3 127 128 1154 1153
3572 3 2 0 3 1153 1154 294 293
3573 3 2 0 3 128 129 1155 1154
3574 3 2 0 3 1154 1155 295 294
3575 3 2 0 3 129 130 1156 1155
3576 3 2 0 3 1155 1156 296 295
3577 3 2 0 3 130 131 1157 1156
3578 3 2 0 3 1156 1157 297 296
3579 3 2 0 3 131 132 1158 1157
3580 3 2 0 3 1157 1158 298 297
3581 3 2 0 3 132 133 1159 1158
3582 3 2 0 3 1158 1159 299 298
3583 3 2 0 3 133 134 1160 1159
3584 3 2 0 3 1159 1160 300 299
3585 3 2 0 3 134 135 1161 1160
3586 3 2 0 3 1160 1161 301 300
3587 3 2 0 3 135 136 1162 1161
3588 3 2 0 3 1161 1162 302 301
3589 3 2 0 3 136 137 1163 1162
3590 3 2 0 3 1162 1163 303 302
3591 3 2 0 3 137 138 1164 1163
3592 3 2 0 3 1163 1164 304 303
3593 3 2 0 3 138 139 1165 1164
3594 3 2 0 3 1164 1165 305 304
3595 3 2 0 3 139 140 1166 1165
3596 3 2 0 3 1165 1166 306 305
3597 3 2 0 3 140 141 1167 1166
3598 3 2 0 3 1166 1167 307 306
3599 3 2 0 3 141 142 1168 1167
3600 3 2 0 3 1167 1168 308 307
3601 3 2 0 3 142 143 1169 1168
3602 3 2 0 3 1168 1169 309 308
3603 3 2 0 3 143 144 1170 1169
3604 3 2 0 3 1169 1170 310 309
3605 3 2 0 3 144 145 1171 1170
3606 3 2 0 3 1170 1171 311 310
3607 3 2 0 3 145 146 1172 1171
3608 3 2 0 3 1171 1172 312 311
3609 3 2 0 3 146 147 1173 1172
3610 3 2 0 3 1172 1173 313 312
3611 3 2 0 3 147 148 1174 1173
3612 3 2 0 3 1173 1174 314 313
3613 3 2 0 3 148 149 1175 1174
3614 3 2 0 3 1174 1175 315 314
3615 3 2 0 3 149 150 1176 1175
3616 3 2 0 3 1175 1176 316 315
3617 3 2 0 3 150 151 1177 1176
3618 3 2 0 3 1176 1177 317 316
3619 3 2 0 3 151 152 1178 1177
3620 3 2 0 3 1177 1178 318 317
3621 3 2 0 3 152 153 1179 1178
3622 3 2 0 3 1178 1179 319 318
3623 3 2 0 3 153 154 1180 1179
3624 3 2 0 3 1179 1180 320 319
3625 3 2 0 3 154 155 1181 1180
3626 3 2 0 3 1180 1181 321 320
3627 3 2 0 3 155 156 1182 1181
3628 3 2 0 3 1181 1182 322 321
3629 3 2 0 3 156 157 1183 1182
3630 3 2 0 3 1182 1183 323 322
3631 3 2 0 3 157 4 265 1183
3632 3 2 0 3 1183 265 14 323
3633 3 2 0 4 5 158 1184 266
3634 3 2 0 4 266 1184 325 15
3635 3 2 0 4 158 159 1185 1184
3636 3 2 0 4 1184 1185 326 325
3637 3 2 0 4 159 160 1186 1185
3638 3 2 0 4 1185 1186 327 326
3639 3 2 0 4 160 161 1187 1186
3640 3 2 0 4 1186 1187 328 327
3641 3 2 0 4 161 162 1188 1187
3642 3 2 0 4 1187 1188 329 328
3643 3 2 0 4 162 163 1189 1188
3644 3 2 0 4 1188 1189 330 329
3645 3 2 0 4 163 164 1190 1189
3646 3 2 0 4 1189 1190 331 330
3647 3 2 0 4 164 165 1191 1190
3648 3 2 0 4 1190 1191 332 331
3649 3 2 0 4 165 166 1192 1191
3650 3 2 0 4 1191 1192 333 332
3651 3 2 0 4 166 167 1193 1192
3652 3 2 0 4 1192 1193 334 333
3653 3 2 0 4 167 168 1194 1193
3654 3 2 0 4 1193 1194 335 334
3655 3 2 0 4 168 169 1195 1194
3656 3 2 0 4 1194 1195 336 335
3657 3 2 0 4 169 170 1196 1195
3658 3 2 0 4 1195 1196 337 336
3659 3 2 0 4 170 171 1197 1196
3660 3 2 0 4 1196 1197 338 337
3661 3 2 0 4 171 172 1198 1197
3662 3 2 0 4 1197 1198 339 338
3663 3 2 0 4 172 173 1199 1198
3664 3 2 0 4 1198 1199 340 339
3665 3 2 0 4 173 174 1200 1199
3666 3 2 0 4 1199 1200 341 340
3667 3 2 0 4 174 175 1201 1200
3668 3 2 0 4 1200 1201 342 341
3669 3 2 0 4 175 176 1202 1201
3670 3 2 0 4 1201 1202 343 342
3671 3 2 0 4 176 177 1203 1202
3672 3 2 0 4 1202 1203 344 343
3673 3 2 0 4 177 178 1204 1203
3674 3 2 0 4 1203 1204 345 344
3675 3 2 0 4 178 179 1205 1204
3676 3 2 0 4 1204 1205 346 345
3677 3 2 0 4 179 180 1206 1205
3678 3 2 0 4 1205 1206 347 346
3679 3 2 0 4 180 181 1207 1206
3680 3 2 0 4 1206 1207 348 347
3681 3 2 0 4 181 182 1208 1207
3682 3 2 0 4 1207 1208 349 348
3683 3 2 0 4 182 183 1209 1208
3684 3 2 0 4 1208 1209 350 349
3685 3 2 0 4 183 184 1210 1209
3686 3 2 0 4 1209 1210 351 350
3687 3 2 0 4 184 185 1211 1210
3688 3 2 0 4 1210 1211 352 351
3689 3 2 0 4 185 186 1212 1211
3690 3 2 0 4 1211 1212 353 352
3691 3 2 0 4 186 187 1213 1212
3692 3 2 0 4 1212 1213 354 353
3693 3 2 0 4 187 188 1214 1213
3694 3 2 0 4 1213 1214 355 354
3695 3 2 0 4 188 189 1215 1214
3696 3 2 0 4 1214 1215 356 355
3697 3 2 0 4 189 7 324 1215
3698 3 2 0 4 1215 324 17 356
3699 3 2 0 5 7 190 1216 324
3700 3 2 0 5 324 1216 357 17
3701 3 2 0 5 190 191 1217 1216
3702 3 2 0 5 1216 1217 358 357
3703 3 2 0 5 191 192 1218 1217
3704 3 2 0 5 1217 1218 359 358
3705 3 2 0 5 192 193 1219 1218
3706 3 2 0 5 1218 1219 360 359
3707 3 2 0 5 193 194 1220 1219
3708 3 2 0 5 1219 1220 361 360
3709 3 2 0 5 194 195 1221 1220
3710 3 2 0 5 1220 1221 362 361
3711 3 2 0 5 195 196 1222 1221
3712 3 2 0 5 1221 1222 363 362
3713 3 2 0 5 196 197 1223 1222
3714 3 2 0 5 1222 1223 364 363
3715 3 2 0 5 197 198 1224 1223
3716 3 2 0 5 1223 1224 365 364
3717 3 2 0 5 198 199 1225 1224
3718 3 2 0 5 1224 1225 366 365
3719 3 2 0 5 199 200 1226 1225
3720 3 2 0 5 1225 1226 367 366
3721 3 2 0 5 200 201 1227 1226
3722 3 2 0 5 1226 1227 368 367
3723 3 2 0 5 201 202 1228 1227
3724 3 2 0 5 1227 1228 369 368
3725 3 2 0 5 202 203 1229 1228
3726 3 2 0 5 1228 1229 370 369
3727 3 2 0 5 203 204 1230 1229
3728 3 2 0 5 1229 1230 371 370
3729 3 2 0 5 204 205 1231 1230
3730 3 2 0 5 1230 1231 372 371
3731 3 2 0 5 205 206 1232 1231
3732 3 2 0 5 1231 1232 373 372
3733 3 2 0 5 206 207 1233 1232
3734 3 2 0 5 1232 1233 374 373
3735 3 2 0 5 207 208 1234 1233
3736 3 2 0 5 1233 1234 375 374
3737 3 2 0 5 208 209 1235 1234
3738 3 2 0 5 1234 1235 376 375
3739 3 2 0 5 209 210 1236 1235
3740 3 2 0 5 1235 1236 377 376
3741 3 2 0 5 210 211 1237 1236
3742 3 2 0 5 1236 1237 378 377
3743 3 2 0 5 211 212 1238 1237
3744 3 2 0 5 1237 1238 379 378
3745 3 2 0 5 212 213 1239 1238
3746 3 2 0 5 1238 1239 380 379
3747 3 2 0 5 213 6 291 1239
3748 3 2 0 5 1239 291 16 380
3749 3 2 0 6 2 381 1240 52
3750 3 2 0 6 381 18 382 1240
3751 3 2 0 6 52 1240 1241 53
3752 3 2 0 6 1240 382 383 1241
3753 3 2 0 6 53 1241 1242 54
3754 3 2 0 6 1241 383 384 1242
3755 3 2 0 6 54 1242 1243 55
3756 3 2 0 6 1242 384 385 1243
3757 3 2 0 6 55 1243 1244 56
3758 3 2 0 6 1243 385 386 1244
3759 3 2 0 6 56 1244 1245 57
3760 3 2 0 6 1244 386 387 1245
3761 3 2 0 6 57 1245 1246 58
3762 3 2 0 6 1245 387 388 1246
3763 3 2 0 6 58 1246 1247 59
3764 3 2 0 6 1246 388 389 1247
3765 3 2 0 6 59 1247 1248 60
3766 3 2 0 6 1247 389 390 1248
3767 3 2 0 6 60 1248 1249 61
3768 3 2 0 6 1248 390 391 1249
3769 3 2 0 6 61 1249 1250 62
3770 3 2 0 6 1249 391 392 1250
3771 3 2 0 6 62 1250 1251 63
3772 3 2 0 6 1250 392 393 1251
3773 3 2 0 6 63 1251 1252 64
3774 3 2 0 6 1251 393 394 1252
3775 3 2 0 6 64 1252 1253 65
3776 3 2 0 6 1252 394 395 1253
3777 3 2 0 6 65 1253 1254 66
3778 3 2 0 6 1253 395 396 1254
3779 3 2 0 6 66 1254 1255 67
3780 3 2 0 6 1254 396 397 1255
3781 3 2 0 6 67 1255 1256 68
3782 3 2 0 6 1255 397 398 1256
3783 3 2 0 6 68 1256 1257 69
3784 3 2 0 6 1256 398 399 1257
3785 3 2 0 6 69 1257 1258 70
3786 3 2 0 6 1257 399 400 1258
3787 3 2 0 6 70 1258 1259 71
3788 3 2 0 6 1258 400 401 1259
3789 3 2 0 6 71 1259 1260 72
3790 3 2 0 6 1259 401 402 1260
3791 3 2 0 6 72 1260 1261 73
3792 3 2 0 6 1260 402 403 1261
3793 3 2 0 6 73 1261 1262 74
3794 3 2 0 6 1261 403 404 1262
3795 3 2 0 6 74 1262 1263 75
3796 3 2 0 6 1262 404 405 1263
3797 3 2 0 6 75 1263 1264 76
3798 3 2 0 6 1263 405 406 1264
3799 3 2 0 6 76 1264 381 2
3800 3 2 0 6 1264 406 18 381
3801 3 2 0 7 3 407 1265 77
3802 3 2 0 7 407 19 408 1265
3803 3 2 0 7 77 1265 1266 78
3804 3 2 0 7 1265 408 409 1266
3805 3 2 0 7 78 1266 1267 79
3806 3 2 0 7 1266 409 410 1267
3807 3 2 0 7 79 1267 1268 80
3808 3 2 0 7 1267 410 411 1268
3809 3 2 0 7 80 1268 1269 81
3810 3 2 0 7 1268 411 412 1269
3811 3 2 0 7 81 1269 1270 82
3812 3 2 0 7 1269 412 413 1270
3813 3 2 0 7 82 1270 1271 83
3814 3 2 0 7 1270 413 414 1271
3815 3 2 0 7 83 1271 1272 84
3816 3 2 0 7 1271 414 415 1272
3817 3 2 0 7 84 1272 1273 85
3818 3 2 0 7 1272 415 416 1273
3819 3 2 0 7 85 1273 1274 86
3820 3 2 0 7 1273 416 417 1274
3821 3 2 0 7 86 1274 1275 87
3822 3 2 0 7 1274 417 418 1275
3823 3 2 0 7 87 1275 1276 88
3824 3 2 0 7 1275 418 419 1276
3825 3 2 0 7 88 1276 1277 89
3826 3 2 0 7 1276 419 420 1277
3827 3 2 0 7 89 1277 1278 90
3828 3 2 0 7 1277 420 421 1278
3829 3 2 0 7 90 1278 1279 91
3830 3 2 0 7 1278 421 422 1279
3831 3 2 0 7 91 1279 1280 92
3832 3 2 0 7 1279 422 423 1280
3833 3 2 0 7 92 1280 1281 93
3834 3 2 0 7 1280 423 424 1281
3835 3 2 0 7 93 1281 1282 94
3836 3 2 0 7 1281 424 425 1282
3837 3 2 0 7 94 1282 1283 95
3838 3 2 0 7 1282 425 426 1283
3839 3 2 0 7 95 1283 1284 96
3840 3 2 0 7 1283 426 427 1284
3841 3 2 0 7 96 1284 1285 97
3842 3 2 0 7 1284 427 428 1285
3843 3 2 0 7 97 1285 1286 98
3844 3 2 0 7 1285 428 429 1286
3845 3 2 0 7 98 1286 1287 99
3846 3 2 0 7 1286 429 430 1287
3847 3 2 0 7 99 1287 1288 100
3848 3 2 0 7 1287 430 431 1288
3849 3 2 0 7 100 1288 1289 101
3850 3 2 0 7 1288 431 432 1289
3851 3 2 0 7 101 1289 407 3
3852 3 2 0 7 1289 432 19 407
3853 3 2 0 8 8 433 1290 214
3854 3 2 0 8 433 20 435 1290
3855 3 2 0 8 214 1290 1291 215
3856 3 2 0 8 1290 435 436 1291
3857 3 2 0 8 215 1291 1292 216
3858 3 2 0 8 1291 436 437 1292
3859 3 2 0 8 216 1292 1293 217
3860 3 2 0 8 1292 437 438 1293
3861 3 2 0 8 217 1293 1294 218
3862 3 2 0 8 1293 438 439 1294
3863 3 2 0 8 218 1294 1295 219
3864 3 2 0 8 1294 439 440 1295
3865 3 2 0 8 219 1295 1296 220
3866 3 2 0 8 1295 440 441 1296
3867 3 2 0 8 220 1296 1297 221
3868 3 2 0 8 1296 441 442 1297
3869 3 2 0 8 221 1297 1298 222
3870 3 2 0 8 1297 442 443 1298
3871 3 2 0 8 222 1298 1299 223
3872 3 2 0 8 1298 443 444 1299
3873 3 2 0 8 223 1299 1300 224
3874 3 2 0 8 1299 444 445 1300
3875 3 2 0 8 224 1300 1301 225
3876 3 2 0 8 1300 445 446 1301
3877 3 2 0 8 225 1301 1302 226
3878 3 2 0 8 1301 446 447 1302
3879 3 2 0 8 226 1302 1303 227
3880 3 2 0 8 1302 447 448 1303
3881 3 2 0 8 227 1303 1304 228
3882 3 2 0 8 1303 448 449 1304
3883 3 2 0 8 228 1304 1305 229
3884 3 2 0 8 1304 449 450 1305
3885 3 2 0 8 229 1305 1306 230
3886 3 2 0 8 1305 450 451 1306
3887 3 2 0 8 230 1306 1307 231
3888 3 2 0 8 1306 451 452 1307
3889 3 2 0 8 231 1307 1308 232
3890 3 2 0 8 1307 452 453 1308
3891 3 2 0 8 232 1308 1309 233
3892 3 2 0 8 1308 453 454 1309
3893 3 2 0 8 233 1309 1310 234
3894 3 2 0 8 1309 454 455 1310
3895 3 2 0 8 234 1310 434 9
3896 3 2 0 8 1310 455 21 434
3897 3 2 0 9 9 434 1311 235
3898 3 2 0 9 434 21 457 1311
3899 3 2 0 9 235 1311 1312 236
3900 3 2 0 9 1311 457 458 1312
3901 3 2 0 9 236 1312 456 10
3902 3 2 0 9 1312 458 22 456
3903 3 2 0 10 10 456 1313 237
3904 3 2 0 10 456 22 460 1313
3905 3 2 0 10 237 1313 1314 238
3906 3 2 0 10 1313 460 461 1314
3907 3 2 0 10 238 1314 1315 239
3908 3 2 0 10 1314 461 462 1315
3909 3 2 0 10 239 1315 1316 240
3910 3 2 0 10 1315 462 463 1316
3911 3 2 0 10 240 1316 1317 241
3912 3 2 0 10 1316 463 464 1317
3913 3 2 0 10 241 1317 1318 242
3914 3 2 0 10 1317 464 465 1318
3915 3 2 0 10 242 1318 1319 243
3916 3 2 0 10 1318 465 466 1319
3917 3 2 0 10 243 1319 1320 244
3918 3 2 0 10 1319 466 467 1320
3919 3 2 0 10 244 1320 1321 245
3920 3 2 0 10 1320 467 468 1321
3921 3 2 0 10 245 1321 1322 246
3922 3 2 0 10 1321 468 469 1322
3923 3 2 0 10 246 1322 1323 247
3924 3 2 0 10 1322 469 470 1323
3925 3 2 0 10 247 1323 1324 248
3926 3 2 0 10 1323 470 471 1324
3927 3 2 0 10 248 1324 1325 249
3928 3 2 0 10 1324 471 472 1325
3929 3 2 0 10 249 1325 1326 250
3930 3 2 0 10 1325 472 473 1326
3931 3 2 0 10 250 1326 1327 251
3932 3 2 0 10 1326 473 474 1327
3933 3 2 0 10 251 1327 459 11
3934 3 2 0 10 1327 474 23 459
3935 3 2 0 11 11 459 1328 252
3936 3 2 0 11 459 23 476 1328
3937 3 2 0 11 252 1328 1329 253
3938 3 2 0 11 1328 476 477 1329
3939 3 2 0 11 253 1329 1330 254
3940 3 2 0 11 1329 477 478 1330
3941 3 2 0 11 254 1330 1331 255
3942 3 2 0 11 1330 478 479 1331
3943 3 2 0 11 255 1331 1332 256
3944 3 2 0 11 1331 479 480 1332
3945 3 2 0 11 256 1332 1333 257
3946 3 2 0 11 1332 480 481 1333
3947 3 2 0 11 257 1333 1334 258
3948 3 2 0 11 1333 481 482 1334
3949 3 2 0 11 258 1334 1335 259
3950 3 2 0 11 1334 482 483 1335
3951 3 2 0 11 259 1335 475 12
3952 3 2 0 11 1335 483 24 475
3953 3 2 0 12 12 475 1336 260
3954 3 2 0 12 475 24 485 1336
3955 3 2 0 12 260 1336 1337 261
3956 3 2 0 12 1336 485 486 1337
3957 3 2 0 12 261 1337 484 13
3958 3 2 0 12 1337 486 25 484
3959 3 2 0 13 13 484 1338 262
3960 3 2 0 13 484 25 487 1338
3961 3 2 0 13 262 1338 1339 263
3962 3 2 0 13 1338 487 488 1339
3963 3 2 0 13 263 1339 1340 264
3964 3 2 0 13 1339 488 489 1340
3965 3 2 0 13 264 1340 433 8
3966 3 2 0 13 1340 489 20 433
3967 3 2 0 14 1 490 1341 27
3968 3 2 0 14 490 26 491 1341
3969 3 2 0 14 27 1341 1342 28
3970 3 2 0 14 1341 491 492 1342
3971 3 2 0 14 28 1342 1343 29
3972 3 2 0 14 1342 492 493 1343
3973 3 2 0 14 29 1343 1344 30
3974 3 2 0 14 1343 493 494 1344
3975 3 2 0 14 30 1344 1345 31
3976 3 2 0 14 1344 494 495 1345
3977 3 2 0 14 31 1345 1346 32
3978 3 2 0 14 1345 495 496 1346
3979 3 2 0 14 32 1346 1347 33
3980 3 2 0 14 1346 496 497 1347
3981 3 2 0 14 33 1347 1348 34
3982 3 2 0 14 1347 497 498 1348
3983 3 2 0 14 34 1348 1349 35
3984 3 2 0 14 1348 498 499 1349
3985 3 2 0 14 35 1349 1350 36
3986 3 2 0 14 1349 499 500 1350
3987 3 2 0 14 36 1350 1351 37
3988 3 2 0 14 1350 500 501 1351
3989 3 2 0 14 37 1351 1352 38
3990 3 2 0 14 1351 501 502 1352
3991 3 2 0 14 38 1352 1353 39
3992 3 2 0 14 1352 502 503 1353
3993 3 2 0 14 39 1353 1354 40
3994 3 2 0 14 1353 503 504 1354
3995 3 2 0 14 40 1354 1355 41
3996 3 2 0 14 1354 504 505 1355
3997 3 2 0 14 41 1355 1356 42
3998 3 2 0 14 1355 505 506 1356
3999 3 2 0 14 42 1356 1357 43
4000 3 2 0 14 1356 506 507 1357
4001 3 2 0 14 43 1357 1358 44
4002 3 2 0 14 1357 507 508 1358
4003 3 2 0 14 44 1358 1359 45
4004 3 2 0 14 1358 508 509 1359
4005 3 2 0 14 45 1359 1360 46
4006 3 2 0 14 1359 509 510 1360
4007 3 2 0 14 46 1360 1361 47
4008 3 2 0 14 1360 510 511 1361
4009 3 2 0 14 47 1361 1362 48
4010 3 2 0 14 1361 511 512 1362
4011 3 2 0 14 48 1362 1363 49
4012 3 2 0 14 1362 512 513 1363
4013 3 2 0 14 49 1363 1364 50
4014 3 2 0 14 1363 513 514 1364
4015 3 2 0 14 50 1364 1365 51
4016 3 2 0 14 1364 514 515 1365
4017 3 2 0 14 51 1365 490 1
4018 3 2 0 14 1365 515 26 490
4019 6 2 0 1 745 741 885 2207 2203 2347
4020 6 2 0 1 2207 2203 2347 1595 1591 1735
4021 6 2 0 1 557 816 842 2019 2278 2304
4022 6 2 0 1 2019 2278 2304 1407 1666 1692
4023 6 2 0 1 917 705 940 2379 2167 2402
4024 6 2 0 1 2379 2167 2402 1767 1555 1790
4025 6 2 0 1 778 568 875 2240 2030 2337
4026 6 2 0 1 2240 2030 2337 1628 1418 1725
4027 6 2 0 1 234 233 823 1310 1309 2285
4028 6 2 0 1 1310 1309 2285 455 454 1673
4029 6 2 0 1 568 778 876 2030 2240 2338
4030 6 2 0 1 2030 2240 2338 1418 1628 1726
4031 6 2 0 1 796 903 904 2258 2365 2366
4032 6 2 0 1 2258 2365 2366 1646 1753 1754
4033 6 2 0 1 627 917 940 2089 2379 2402
4034 6 2 0 1 2089 2379 2402 1477 1767 1790
4035 6 2 0 1 135 844 860 1161 2306 2322
4036 6 2 0 1 1161 2306 2322 301 1694 1710
4037 6 2 0 1 694 791 815 2156 2253 2277
4038 6 2 0 1 2156 2253 2277 1544 1641 1665
4039 6 2 0 1 199 870 1060 1225 2332 2522
4040 6 2 0 1 1225 2332 2522 366 1720 1910
4041 6 2 0 1 259 594 969 1335 2056 2431
4042 6 2 0 1 1335 2056 2431 483 1444 1819
4043 6 2 0 1 791 694 814 2253 2156 2276
4044 6 2 0 1 2253 2156 2276 1641 1544 1664
4045 6 2 0 1 952 746 998 2414 2208 2460
4046 6 2 0 1 2414 2208 2460 1802 1596 1848
4047 6 2 0 1 676 811 894 2138 2273 2356
4048 6 2 0 1 2138 2273 2356 1526 1661 1744
4049 6 2 0 1 226 225 871 1302 1301 2333
4050 6 2 0 1 1302 1301 2333 447 446 1721
4051 6 2 0 1 899 728 968 2361 2190 2430
4052 6 2 0 1 2361 2190 2430 1749 1578 1818
4053 6 2 0 1 627 782 917 2089 2244 2379
4054 6 2 0 1 2089 2244 2379 1477 1632 1767
4055 6 2 0 1 906 746 952 2368 2208 2414
4056 6 2 0 1 2368 2208 2414 1756 1596 1802
4057 6 2 0 1 782 627 928 2244 2089 2390
4058 6 2 0 1 2244 2089 2390 1632 1477 1778
4059 6 2 0 1 875 568 986 2337 2030 2448
4060 6 2 0 1 2337 2030 2448 1725 1418 1836
4061 6 2 0 1 226 871 1025 1302 2333 2487
4062 6 2 0 1 1302 2333 2487 447 1721 1875
4063 6 2 0 1 801 675 811 2263 2137 2273
4064 6 2 0 1 2263 2137 2273 1651 1525 1661
4065 6 2 0 1 557 842 873 2019 2304 2335
4066 6 2 0 1 2019 2304 2335 1407 1692 1723
4067 6 2 0 1 802 588 909 2264 2050 2371
4068 6 2 0 1 2264 2050 2371 1652 1438 1759
4069 6 2 0 1 796 904 905 2258 2366 2367
4070 6 2 0 1 2258 2366 2367 1646 1754 1755
4071 6 2 0 1 159 160 876 1185 1186 2338
4072 6 2 0 1 1185 1186 2338 326 327 1726
4073 6 2 0 1 811 675 894 2273 2137 2356
4074 6 2 0 1 2273 2137 2356 1661 1525 1744
4075 6 2 0 1 823 233 1065 2285 1309 2527
4076 6 2 0 1 2285 1309 2527 1673 454 1915
4077 6 2 0 1 199 200 870 1225 1226 2332
4078 6 2 0 1 1225 1226 2332 366 367 1720
4079 6 2 0 1 845 263 868 2307 1339 2330
4080 6 2 0 1 2307 1339 2330 1695 488 1718
4081 6 2 0 1 772 875 986 2234 2337 2448
4082 6 2 0 1 2234 2337 2448 1622 1725 1836
4083 6 2 0 1 924 901 1001 2386 2363 2463
4084 6 2 0 1 2386 2363 2463 1774 1751 1851
4085 6 2 0 1 782 928 934 2244 2390 2396
4086 6 2 0 1 2244 2390 2396 1632 1778 1784
4087 6 2 0 1 852 561 1057 2314 2023 2519
4088 6 2 0 1 2314 2023 2519 1702 1411 1907
4089 6 2 0 1 561 958 1057 2023 2420 2519
4090 6 2 0 1 2023 2420 2519 1411 1808 1907
4091 6 2 0 1 544 620 996 2006 2082 2458
4092 6 2 0 1 2006 2082 2458 1394 1470 1846
4093 6 2 0 1 928 636 934 2390 2098 2396
4094 6 2 0 1 2390 2098 2396 1778 1486 1784
4095 6 2 0 1 255 806 907 1331 2268 2369
4096 6 2 0 1 1331 2268 2369 479 1656 1757
4097 6 2 0 1 574 868 1038 2036 2330 2500
4098 6 2 0 1 2036 2330 2500 1424 1718 1888
4099 6 2 0 1 774 544 1047 2236 2006 2509
4100 6 2 0 1 2236 2006 2509 1624 1394 1897
4101 6 2 0 1 259 969 1005 1335 2431 2467
4102 6 2 0 1 1335 2431 2467 483 1819 1855
4103 6 2 0 1 741 740 885 2203 2202 2347
4104 6 2 0 1 2203 2202 2347 1591 1590 1735
4105 6 2 0 1 728 899 967 2190 2361 2429
4106 6 2 0 1 2190 2361 2429 1578 1749 1817
4107 6 2 0 1 804 725 995 2266 2187 2457
4108 6 2 0 1 2266 2187 2457 1654 1575 1845
4109 6 2 0 1 798 545 1075 2260 2007 2537
4110 6 2 0 1 2260 2007 2537 1648 1395 1925
4111 6 2 0 1 600 845 868 2062 2307 2330
4112 6 2 0 1 2062 2307 2330 1450 1695 1718
4113 6 2 0 1 617 866 1017 2079 2328 2479
4114 6 2 0 1 2079 2328 2479 1467 1716 1867
4115 6 2 0 1 861 830 1023 2323 2292 2485
4116 6 2 0 1 2323 2292 2485 1711 1680 1873
4117 6 2 0 1 150 820 949 1176 2282 2411
4118 6 2 0 1 1176 2282 2411 316 1670 1799
4119 6 2 0 1 544 832 1047 2006 2294 2509
4120 6 2 0 1 2006 2294 2509 1394 1682 1897
4121 6 2 0 1 914 645 960 2376 2107 2422
4122 6 2 0 1 2376 2107 2422 1764 1495 1810
4123 6 2 0 1 645 914 1000 2107 2376 2462
4124 6 2 0 1 2107 2376 2462 1495 1764 1850
4125 6 2 0 1 150 151 820 1176 1177 2282
4126 6 2 0 1 1176 1177 2282 316 317 1670
4127 6 2 0 1 667 807 923 2129 2269 2385
4128 6 2 0 1 2129 2269 2385 1517 1657 1773
4129 6 2 0 1 573 813 1095 2035 2275 2557
4130 6 2 0 1 2035 2275 2557 1423 1663 1945
4131 6 2 0 1 619 789 990 2081 2251 2452
4132 6 2 0 1 2081 2251 2452 1469 1639 1840
4133 6 2 0 1 953 1014 1022 2415 2476 2484
4134 6 2 0 1 2415 2476 2484 1803 1864 1872
4135 6 2 0 1 1014 650 1022 2476 2112 2484
4136 6 2 0 1 2476 2112 2484 1864 1500 1872
4137 6 2 0 1 877 826 1041 2339 2288 2503
4138 6 2 0 1 2339 2288 2503 1727 1676 1891
4139 6 2 0 1 675 801 1011 2137 2263 2473
4140 6 2 0 1 2137 2263 2473 1525 1651 1861
4141 6 2 0 1 789 619 999 2251 2081 2461
4142 6 2 0 1 2251 2081 2461 1639 1469 1849
4143 6 2 0 1 654 531 862 2116 1993 2324
4144 6 2 0 1 2116 1993 2324 1504 1381 1712
4145 6 2 0 1 134 135 860 1160 1161 2322
4146 6 2 0 1 1160 1161 2322 300 301 1710
4147 6 2 0 1 806 255 1034 2268 1331 2496
4148 6 2 0 1 2268 1331 2496 1656 479 1884
4149 6 2 0 1 896 685 965 2358 2147 2427
4150 6 2 0 1 2358 2147 2427 1746 1535 1815
4151 6 2 0 1 11 601 1004 459 2063 2466
4152 6 2 0 1 459 2063 2466 23 1451 1854
4153 6 2 0 1 691 689 863 2153 2151 2325
4154 6 2 0 1 2153 2151 2325 1541 1539 1713
4155 6 2 0 1 826 877 1030 2288 2339 2492
4156 6 2 0 1 2288 2339 2492 1676 1727 1880
4157 6 2 0 1 674 673 865 2136 2135 2327
4158 6 2 0 1 2136 2135 2327 1524 1523 1715
4159 6 2 0 1 810 584 921 2272 2046 2383
4160 6 2 0 1 2272 2046 2383 1660 1434 1771
4161 6 2 0 1 644 830 861 2106 2292 2323
4162 6 2 0 1 2106 2292 2323 1494 1680 1711
4163 6 2 0 1 688 690 815 2150 2152 2277
4164 6 2 0 1 2150 2152 2277 1538 1540 1665
4165 6 2 0 1 748 839 874 2210 2301 2336
4166 6 2 0 1 2210 2301 2336 1598 1689 1724
4167 6 2 0 1 775 642 856 2237 2104 2318
4168 6 2 0 1 2237 2104 2318 1625 1492 1706
4169 6 2 0 1 620 634 996 2082 2096 2458
4170 6 2 0 1 2082 2096 2458 1470 1484 1846
4171 6 2 0 1 813 847 1095 2275 2309 2557
4172 6 2 0 1 2275 2309 2557 1663 1697 1945
4173 6 2 0 1 714 709 834 2176 2171 2296
4174 6 2 0 1 2176 2171 2296 1564 1559 1684
4175 6 2 0 1 807 667 1001 2269 2129 2463
4176 6 2 0 1 2269 2129 2463 1657 1517 1851
4177 6 2 0 1 545 798 948 2007 2260 2410
4178 6 2 0 1 2007 2260 2410 1395 1648 1798
4179 6 2 0 1 833 650 935 2295 2112 2397
4180 6 2 0 1 2295 2112 2397 1683 1500 1785
4181 6 2 0 1 76 732 1015 1264 2194 2477
4182 6 2 0 1 1264 2194 2477 406 1582 1865
4183 6 2 0 1 857 550 859 2319 2012 2321
4184 6 2 0 1 2319 2012 2321 1707 1400 1709
4185 6 2 0 1 622 880 916 2084 2342 2378
4186 6 2 0 1 2084 2342 2378 1472 1730 1766
4187 6 2 0 1 825 691 863 2287 2153 2325
4188 6 2 0 1 2287 2153 2325 1675 1541 1713
4189 6 2 0 1 559 861 1023 2021 2323 2485
4190 6 2 0 1 2021 2323 2485 1409 1711 1873
4191 6 2 0 1 637 639 836 2099 2101 2298
4192 6 2 0 1 2099 2101 2298 1487 1489 1686
4193 6 2 0 1 731 908 1036 2193 2370 2498
4194 6 2 0 1 2193 2370 2498 1581 1758 1886
4195 6 2 0 1 588 802 1120 2050 2264 2582
4196 6 2 0 1 2050 2264 2582 1438 1652 1970
4197 6 2 0 1 866 780 1017 2328 2242 2479
4198 6 2 0 1 2328 2242 2479 1716 1630 1867
4199 6 2 0 1 540 804 995 2002 2266 2457
4200 6 2 0 1 2002 2266 2457 1390 1654 1845
4201 6 2 0 1 746 906 984 2208 2368 2446
4202 6 2 0 1 2208 2368 2446 1596 1756 1834
4203 6 2 0 1 644 775 822 2106 2237 2284
4204 6 2 0 1 2106 2237 2284 1494 1625 1672
4205 6 2 0 1 160 568 876 1186 2030 2338
4206 6 2 0 1 1186 2030 2338 327 1418 1726
4207 6 2 0 1 582 774 821 2044 2236 2283
4208 6 2 0 1 2044 2236 2283 1432 1624 1671
4209 6 2 0 1 725 804 1009 2187 2266 2471
4210 6 2 0 1 2187 2266 2471 1575 1654 1859
4211 6 2 0 1 690 694 815 2152 2156 2277
4212 6 2 0 1 2152 2156 2277 1540 1544 1665
4213 6 2 0 1 589 159 876 2051 1185 2338
4214 6 2 0 1 2051 1185 2338 1439 326 1726
4215 6 2 0 1 525 199 1060 1987 1225 2522
4216 6 2 0 1 1987 1225 2522 1375 366 1910
4217 6 2 0 1 868 574 969 2330 2036 2431
4218 6 2 0 1 2330 2036 2431 1718 1424 1819
4219 6 2 0 1 571 642 775 2033 2104 2237
4220 6 2 0 1 2033 2104 2237 1421 1492 1625
4221 6 2 0 1 247 643 651 1323 2105 2113
4222 6 2 0 1 1323 2105 2113 470 1493 1501
4223 6 2 0 1 558 809 1046 2020 2271 2508
4224 6 2 0 1 2020 2271 2508 1408 1659 1896
4225 6 2 0 1 135 136 844 1161 1162 2306
4226 6 2 0 1 1161 1162 2306 301 302 1694
4227 6 2 0 1 811 676 1078 2273 2138 2540
4228 6 2 0 1 2273 2138 2540 1661 1526 1928
4229 6 2 0 1 803 55 869 2265 1243 2331
4230 6 2 0 1 2265 1243 2331 1653 385 1719
4231 6 2 0 1 691 825 829 2153 2287 2291
4232 6 2 0 1 2153 2287 2291 1541 1675 1679
4233 6 2 0 1 562 793 1125 2024 2255 2587
4234 6 2 0 1 2024 2255 2587 1412 1643 1975
4235 6 2 0 1 810 921 985 2272 2383 2447
4236 6 2 0 1 2272 2383 2447 1660 1771 1835
4237 6 2 0 1 234 823 1124 1310 2285 2586
4238 6 2 0 1 1310 2285 2586 455 1673 1974
4239 6 2 0 1 620 519 621 2082 1981 2083
4240 6 2 0 1 2082 1981 2083 1470 1369 1471
4241 6 2 0 1 681 792 974 2143 2254 2436
4242 6 2 0 1 2143 2254 2436 1531 1642 1824
4243 6 2 0 1 149 949 963 1175 2411 2425
4244 6 2 0 1 1175 2411 2425 315 1799 1813
4245 6 2 0 1 828 520 1063 2290 1982 2525
4246 6 2 0 1 2290 1982 2525 1678 1370 1913
4247 6 2 0 1 745 885 1062 2207 2347 2524
4248 6 2 0 1 2207 2347 2524 1595 1735 1912
4249 6 2 0 1 844 136 1073 2306 1162 2535
4250 6 2 0 1 2306 1162 2535 1694 302 1923
4251 6 2 0 1 259 258 594 1335 1334 2056
4252 6 2 0 1 1335 1334 2056 483 482 1444
4253 6 2 0 1 977 115 989 2439 1141 2451
4254 6 2 0 1 2439 1141 2451 1827 280 1839
4255 6 2 0 1 818 54 1083 2280 1242 2545
4256 6 2 0 1 2280 1242 2545 1668 384 1933
4257 6 2 0 1 581 706 809 2043 2168 2271
4258 6 2 0 1 2043 2168 2271 1431 1556 1659
4259 6 2 0 1 859 533 932 2321 1995 2394
4260 6 2 0 1 2321 1995 2394 1709 1383 1782
4261 6 2 0 1 94 707 708 1282 2169 2170
4262 6 2 0 1 1282 2169 2170 425 1557 1558
4263 6 2 0 1 847 798 1075 2309 2260 2537
4264 6 2 0 1 2309 2260 2537 1697 1648 1925
4265 6 2 0 1 584 786 921 2046 2248 2383
4266 6 2 0 1 2046 2248 2383 1434 1636 1771
4267 6 2 0 1 517 801 811 1979 2263 2273
4268 6 2 0 1 1979 2263 2273 1367 1651 1661
4269 6 2 0 1 792 681 1015 2254 2143 2477
4270 6 2 0 1 2254 2143 2477 1642 1531 1865
4271 6 2 0 1 533 846 932 1995 2308 2394
4272 6 2 0 1 1995 2308 2394 1383 1696 1782
4273 6 2 0 1 903 796 1102 2365 2258 2564
4274 6 2 0 1 2365 2258 2564 1753 1646 1952
4275 6 2 0 1 644 571 775 2106 2033 2237
4276 6 2 0 1 2106 2033 2237 1494 1421 1625
4277 6 2 0 1 679 654 862 2141 2116 2324
4278 6 2 0 1 2141 2116 2324 1529 1504 1712
4279 6 2 0 1 54 818 1054 1242 2280 2516
4280 6 2 0 1 1242 2280 2516 384 1668 1904
4281 6 2 0 1 706 997 1046 2168 2459 2508
4282 6 2 0 1 2168 2459 2508 1556 1847 1896
4283 6 2 0 1 644 822 830 2106 2284 2292
4284 6 2 0 1 2106 2284 2292 1494 1672 1680
4285 6 2 0 1 541 733 734 2003 2195 2196
4286 6 2 0 1 2003 2195 2196 1391 1583 1584
4287 6 2 0 1 686 556 687 2148 2018 2149
4288 6 2 0 1 2148 2018 2149 1536 1406 1537
4289 6 2 0 1 551 738 739 2013 2200 2201
4290 6 2 0 1 2013 2200 2201 1401 1588 1589
4291 6 2 0 1 539 747 748 2001 2209 2210
4292 6 2 0 1 2001 2209 2210 1389 1597 1598
4293 6 2 0 1 768 554 769 2230 2016 2231
4294 6 2 0 1 2230 2016 2231 1618 1404 1619
4295 6 2 0 1 617 785 866 2079 2247 2328
4296 6 2 0 1 2079 2247 2328 1467 1635 1716
4297 6 2 0 1 651 643 861 2113 2105 2323
4298 6 2 0 1 2113 2105 2323 1501 1493 1711
4299 6 2 0 1 527 899 968 1989 2361 2430
4300 6 2 0 1 1989 2361 2430 1377 1749 1818
4301 6 2 0 1 813 573 942 2275 2035 2404
4302 6 2 0 1 2275 2035 2404 1663 1423 1792
4303 6 2 0 1 562 257 793 2024 1333 2255
4304 6 2 0 1 2024 1333 2255 1412 481 1643
4305 6 2 0 1 786 844 1073 2248 2306 2535
4306 6 2 0 1 2248 2306 2535 1636 1694 1923
4307 6 2 0 1 558 11 1004 2020 459 2466
4308 6 2 0 1 2020 459 2466 1408 23 1854
4309 6 2 0 1 576 761 762 2038 2223 2224
4310 6 2 0 1 2038 2223 2224 1426 1611 1612
4311 6 2 0 1 556 757 783 2018 2219 2245
4312 6 2 0 1 2018 2219 2245 1406 1607 1633
4313 6 2 0 1 825 763 829 2287 2225 2291
4314 6 2 0 1 2287 2225 2291 1675 1613 1679
4315 6 2 0 1 826 863 864 2288 2325 2326
4316 6 2 0 1 2288 2325 2326 1676 1713 1714
4317 6 2 0 1 689 692 863 2151 2154 2325
4318 6 2 0 1 2151 2154 2325 1539 1542 1713
4319 6 2 0 1 809 706 1046 2271 2168 2508
4320 6 2 0 1 2271 2168 2508 1659 1556 1896
4321 6 2 0 1 583 771 772 2045 2233 2234
4322 6 2 0 1 2045 2233 2234 1433 1621 1622
4323 6 2 0 1 650 833 1022 2112 2295 2484
4324 6 2 0 1 2112 2295 2484 1500 1683 1872
4325 6 2 0 1 801 767 1011 2263 2229 2473
4326 6 2 0 1 2263 2229 2473 1651 1617 1861
4327 6 2 0 1 873 842 937 2335 2304 2399
4328 6 2 0 1 2335 2304 2399 1723 1692 1787
4329 6 2 0 1 758 914 1063 2220 2376 2525
4330 6 2 0 1 2220 2376 2525 1608 1764 1913
4331 6 2 0 1 757 584 810 2219 2046 2272
4332 6 2 0 1 2219 2046 2272 1607 1434 1660
4333 6 2 0 1 855 629 940 2317 2091 2402
4334 6 2 0 1 2317 2091 2402 1705 1479 1790
4335 6 2 0 1 851 685 896 2313 2147 2358
4336 6 2 0 1 2313 2147 2358 1701 1535 1746
4337 6 2 0 1 39 544 774 1353 2006 2236
4338 6 2 0 1 1353 2006 2236 503 1394 1624
4339 6 2 0 1 914 913 1063 2376 2375 2525
4340 6 2 0 1 2376 2375 2525 1764 1763 1913
4341 6 2 0 1 908 731 982 2370 2193 2444
4342 6 2 0 1 2370 2193 2444 1758 1581 1832
4343 6 2 0 1 544 38 620 2006 1352 2082
4344 6 2 0 1 2006 1352 2082 1394 502 1470
4345 6 2 0 1 859 550 1016 2321 2012 2478
4346 6 2 0 1 2321 2012 2478 1709 1400 1866
4347 6 2 0 1 744 896 965 2206 2358 2427
4348 6 2 0 1 2206 2358 2427 1594 1746 1815
4349 6 2 0 1 906 534 984 2368 1996 2446
4350 6 2 0 1 2368 1996 2446 1756 1384 1834
4351 6 2 0 1 777 517 811 2239 1979 2273
4352 6 2 0 1 2239 1979 2273 1627 1367 1661
4353 6 2 0 1 539 748 874 2001 2210 2336
4354 6 2 0 1 2001 2210 2336 1389 1598 1724
4355 6 2 0 1 11 251 601 459 1327 2063
4356 6 2 0 1 459 1327 2063 23 474 1451
4357 6 2 0 1 820 151 975 2282 1177 2437
4358 6 2 0 1 2282 1177 2437 1670 317 1825
4359 6 2 0 1 913 828 1063 2375 2290 2525
4360 6 2 0 1 2375 2290 2525 1763 1678 1913
4361 6 2 0 1 637 836 874 2099 2298 2336
4362 6 2 0 1 2099 2298 2336 1487 1686 1724
4363 6 2 0 1 767 535 865 2229 1997 2327
4364 6 2 0 1 2229 1997 2327 1617 1385 1715
4365 6 2 0 1 837 76 1015 2299 1264 2477
4366 6 2 0 1 2299 1264 2477 1687 406 1865
4367 6 2 0 1 571 245 642 2033 1321 2104
4368 6 2 0 1 2033 1321 2104 1421 468 1492
4369 6 2 0 1 582 40 774 2044 1354 2236
4370 6 2 0 1 2044 1354 2236 1432 504 1624
4371 6 2 0 1 577 780 866 2039 2242 2328
4372 6 2 0 1 2039 2242 2328 1427 1630 1716
4373 6 2 0 1 37 519 620 1351 1981 2082
4374 6 2 0 1 1351 1981 2082 501 1369 1470
4375 6 2 0 1 244 243 818 1320 1319 2280
4376 6 2 0 1 1320 1319 2280 467 466 1668
4377 6 2 0 1 250 249 831 1326 1325 2293
4378 6 2 0 1 1326 1325 2293 473 472 1681
4379 6 2 0 1 826 864 1041 2288 2326 2503
4380 6 2 0 1 2288 2326 2503 1676 1714 1891
4381 6 2 0 1 748 750 839 2210 2212 2301
4382 6 2 0 1 2210 2212 2301 1598 1600 1689
4383 6 2 0 1 241 240 645 1317 1316 2107
4384 6 2 0 1 1317 1316 2107 464 463 1495
4385 6 2 0 1 856 642 1083 2318 2104 2545
4386 6 2 0 1 2318 2104 2545 1706 1492 1933
4387 6 2 0 1 822 680 830 2284 2142 2292
4388 6 2 0 1 2284 2142 2292 1672 1530 1680
4389 6 2 0 1 247 246 643 1323 1322 2105
4390 6 2 0 1 1323 1322 2105 470 469 1493
4391 6 2 0 1 225 800 871 1301 2262 2333
4392 6 2 0 1 1301 2262 2333 446 1650 1721
4393 6 2 0 1 740 884 885 2202 2346 2347
4394 6 2 0 1 2202 2346 2347 1590 1734 1735
4395 6 2 0 1 1021 701 1099 2483 2163 2561
4396 6 2 0 1 2483 2163 2561 1871 1551 1949
4397 6 2 0 1 570 810 985 2032 2272 2447
4398 6 2 0 1 2032 2272 2447 1420 1660 1835
4399 6 2 0 1 682 674 865 2144 2136 2327
4400 6 2 0 1 2144 2136 2327 1532 1524 1715
4401 6 2 0 1 797 585 983 2259 2047 2445
4402 6 2 0 1 2259 2047 2445 1647 1435 1833
4403 6 2 0 1 182 817 951 1208 2279 2413
4404 6 2 0 1 1208 2279 2413 349 1667 1801
4405 6 2 0 1 705 855 940 2167 2317 2402
4406 6 2 0 1 2167 2317 2402 1555 1705 1790
4407 6 2 0 1 524 46 812 1986 1360 2274
4408 6 2 0 1 1986 1360 2274 1374 510 1662
4409 6 2 0 1 552 873 937 2014 2335 2399
4410 6 2 0 1 2014 2335 2399 1402 1723 1787
4411 6 2 0 1 76 75 732 1264 1263 2194
4412 6 2 0 1 1264 1263 2194 406 405 1582
4413 6 2 0 1 232 523 850 1308 1985 2312
4414 6 2 0 1 1308 1985 2312 453 1373 1700
4415 6 2 0 1 806 582 907 2268 2044 2369
4416 6 2 0 1 2268 2044 2369 1656 1432 1757
4417 6 2 0 1 531 90 862 1993 1278 2324
4418 6 2 0 1 1993 1278 2324 1381 421 1712
4419 6 2 0 1 58 57 758 1246 1245 2220
4420 6 2 0 1 1246 1245 2220 388 387 1608
4421 6 2 0 1 94 93 707 1282 1281 2169
4422 6 2 0 1 1282 1281 2169 425 424 1557
4423 6 2 0 1 45 581 812 1359 2043 2274
4424 6 2 0 1 1359 2043 2274 509 1431 1662
4425 6 2 0 1 71 70 848 1259 1258 2310
4426 6 2 0 1 1259 1258 2310 401 400 1698
4427 6 2 0 1 36 35 880 1350 1349 2342
4428 6 2 0 1 1350 1349 2342 500 499 1730
4429 6 2 0 1 622 519 880 2084 1981 2342
4430 6 2 0 1 2084 1981 2342 1472 1369 1730
4431 6 2 0 1 35 34 836 1349 1348 2298
4432 6 2 0 1 1349 1348 2298 499 498 1686
4433 6 2 0 1 908 957 1036 2370 2419 2498
4434 6 2 0 1 2370 2419 2498 1758 1807 1886
4435 6 2 0 1 581 44 706 2043 1358 2168
4436 6 2 0 1 2043 1358 2168 1431 508 1556
4437 6 2 0 1 41 582 806 1355 2044 2268
4438 6 2 0 1 1355 2044 2268 505 1432 1656
4439 6 2 0 1 709 707 834 2171 2169 2296
4440 6 2 0 1 2171 2169 2296 1559 1557 1684
4441 6 2 0 1 542 2 837 2004 381 2299
4442 6 2 0 1 2004 381 2299 1392 18 1687
4443 6 2 0 1 47 524 761 1361 1986 2223
4444 6 2 0 1 1361 1986 2223 511 1374 1611
4445 6 2 0 1 536 82 686 1998 1270 2148
4446 6 2 0 1 1998 1270 2148 1386 413 1536
4447 6 2 0 1 788 684 848 2250 2146 2310
4448 6 2 0 1 2250 2146 2310 1638 1534 1698
4449 6 2 0 1 706 43 835 2168 1357 2297
4450 6 2 0 1 2168 1357 2297 1556 507 1685
4451 6 2 0 1 59 520 780 1247 1982 2242
4452 6 2 0 1 1247 1982 2242 389 1370 1630
4453 6 2 0 1 42 806 835 1356 2268 2297
4454 6 2 0 1 1356 2268 2297 506 1656 1685
4455 6 2 0 1 517 74 801 1979 1262 2263
4456 6 2 0 1 1979 1262 2263 1367 404 1651
4457 6 2 0 1 73 767 801 1261 2229 2263
4458 6 2 0 1 1261 2229 2263 403 1617 1651
4459 6 2 0 1 89 559 862 1277 2021 2324
4460 6 2 0 1 1277 2021 2324 420 1409 1712
4461 6 2 0 1 72 535 767 1260 1997 2229
4462 6 2 0 1 1260 1997 2229 402 1385 1617
4463 6 2 0 1 969 574 1005 2431 2036 2467
4464 6 2 0 1 2431 2036 2467 1819 1424 1855
4465 6 2 0 1 52 542 856 1240 2004 2318
4466 6 2 0 1 1240 2004 2318 382 1392 1706
4467 6 2 0 1 96 532 804 1284 1994 2266
4468 6 2 0 1 1284 1994 2266 427 1382 1654
4469 6 2 0 1 56 55 803 1244 1243 2265
4470 6 2 0 1 1244 1243 2265 386 385 1653
4471 6 2 0 1 554 218 779 2016 1294 2241
4472 6 2 0 1 2016 1294 2241 1404 439 1629
4473 6 2 0 1 30 29 765 1344 1343 2227
4474 6 2 0 1 1344 1343 2227 494 493 1615
4475 6 2 0 1 701 992 1099 2163 2454 2561
4476 6 2 0 1 2163 2454 2561 1551 1842 1949
4477 6 2 0 1 541 221 733 2003 1297 2195
4478 6 2 0 1 2003 1297 2195 1391 442 1583
4479 6 2 0 1 81 556 686 1269 2018 2148
4480 6 2 0 1 1269 2018 2148 412 1406 1536
4481 6 2 0 1 539 33 747 2001 1347 2209
4482 6 2 0 1 2001 1347 2209 1389 497 1597
4483 6 2 0 1 219 554 768 1295 2016 2230
4484 6 2 0 1 1295 2016 2230 440 1404 1618
4485 6 2 0 1 629 855 1014 2091 2317 2476
4486 6 2 0 1 2091 2317 2476 1479 1705 1864
4487 6 2 0 1 229 228 931 1305 1304 2393
4488 6 2 0 1 1305 1304 2393 450 449 1781
4489 6 2 0 1 747 32 805 2209 1346 2267
4490 6 2 0 1 2209 1346 2267 1597 496 1655
4491 6 2 0 1 551 69 738 2013 1257 2200
4492 6 2 0 1 2013 1257 2200 1401 399 1588
4493 6 2 0 1 222 541 771 1298 2003 2233
4494 6 2 0 1 1298 2003 2233 443 1391 1621
4495 6 2 0 1 540 97 804 2002 1285 2266
4496 6 2 0 1 2002 1285 2266 1390 428 1654
4497 6 2 0 1 831 249 938 2293 1325 2400
4498 6 2 0 1 2293 1325 2400 1681 472 1788
4499 6 2 0 1 576 48 761 2038 1362 2223
4500 6 2 0 1 2038 1362 2223 1426 512 1611
4501 6 2 0 1 225 224 800 1301 1300 2262
4502 6 2 0 1 1301 1300 2262 446 445 1650
4503 6 2 0 1 577 60 780 2039 1248 2242
4504 6 2 0 1 2039 1248 2242 1427 390 1630
4505 6 2 0 1 805 545 948 2267 2007 2410
4506 6 2 0 1 2267 2007 2410 1655 1395 1798
4507 6 2 0 1 31 545 805 1345 2007 2267
4508 6 2 0 1 1345 2007 2267 495 1395 1655
4509 6 2 0 1 777 811 1078 2239 2273 2540
4510 6 2 0 1 2239 2273 2540 1627 1661 1928
4511 6 2 0 1 784 977 989 2246 2439 2451
4512 6 2 0 1 2246 2439 2451 1634 1827 1839
4513 6 2 0 1 542 837 947 2004 2299 2409
4514 6 2 0 1 2004 2299 2409 1392 1687 1797
4515 6 2 0 1 796 905 970 2258 2367 2432
4516 6 2 0 1 2258 2367 2432 1646 1755 1820
4517 6 2 0 1 789 910 1039 2251 2372 2501
4518 6 2 0 1 2251 2372 2501 1639 1760 1889
4519 6 2 0 1 735 905 959 2197 2367 2421
4520 6 2 0 1 2197 2367 2421 1585 1755 1809
4521 6 2 0 1 567 892 993 2029 2354 2455
4522 6 2 0 1 2029 2354 2455 1417 1742 1843
4523 6 2 0 1 905 735 970 2367 2197 2432
4524 6 2 0 1 2367 2197 2432 1755 1585 1820
4525 6 2 0 1 556 80 757 2018 1268 2219
4526 6 2 0 1 2018 1268 2219 1406 411 1607
4527 6 2 0 1 892 567 1043 2354 2029 2505
4528 6 2 0 1 2354 2029 2505 1742 1417 1893
4529 6 2 0 1 810 570 1053 2272 2032 2515
4530 6 2 0 1 2272 2032 2515 1660 1420 1903
4531 6 2 0 1 922 1026 1060 2384 2488 2522
4532 6 2 0 1 2384 2488 2522 1772 1876 1910
4533 6 2 0 1 809 558 1090 2271 2020 2552
4534 6 2 0 1 2271 2020 2552 1659 1408 1940
4535 6 2 0 1 68 569 738 1256 2031 2200
4536 6 2 0 1 1256 2031 2200 398 1419 1588
4537 6 2 0 1 583 223 771 2045 1299 2233
4538 6 2 0 1 2045 1299 2233 1433 444 1621
4539 6 2 0 1 524 812 944 1986 2274 2406
4540 6 2 0 1 1986 2274 2406 1374 1662 1794
4541 6 2 0 1 818 243 1054 2280 1319 2516
4542 6 2 0 1 2280 1319 2516 1668 466 1904
4543 6 2 0 1 79 584 757 1267 2046 2219
4544 6 2 0 1 1267 2046 2219 410 1434 1607
4545 6 2 0 1 590 820 975 2052 2282 2437
4546 6 2 0 1 2052 2282 2437 1440 1670 1825
4547 6 2 0 1 100 585 797 1288 2047 2259
4548 6 2 0 1 1288 2047 2259 431 1435 1647
4549 6 2 0 1 584 78 786 2046 1266 2248
4550 6 2 0 1 2046 1266 2248 1434 409 1636
4551 6 2 0 1 845 600 919 2307 2062 2381
4552 6 2 0 1 2307 2062 2381 1695 1450 1769
4553 6 2 0 1 596 562 1125 2058 2024 2587
4554 6 2 0 1 2058 2024 2587 1446 1412 1975
4555 6 2 0 1 865 673 1011 2327 2135 2473
4556 6 2 0 1 2327 2135 2473 1715 1523 1861
4557 6 2 0 1 667 924 1001 2129 2386 2463
4558 6 2 0 1 2129 2386 2463 1517 1774 1851
4559 6 2 0 1 590 28 820 2052 1342 2282
4560 6 2 0 1 2052 1342 2282 1440 492 1670
4561 6 2 0 1 840 50 933 2302 1364 2395
4562 6 2 0 1 2302 1364 2395 1690 514 1783
4563 6 2 0 1 880 639 916 2342 2101 2378
4564 6 2 0 1 2342 2101 2378 1730 1489 1766
4565 6 2 0 1 799 227 929 2261 1303 2391
4566 6 2 0 1 2261 1303 2391 1649 448 1779
4567 6 2 0 1 786 77 844 2248 1265 2306
4568 6 2 0 1 2248 1265 2306 1636 408 1694
4569 6 2 0 1 101 797 860 1289 2259 2322
4570 6 2 0 1 1289 2259 2322 432 1647 1710
4571 6 2 0 1 61 577 941 1249 2039 2403
4572 6 2 0 1 1249 2039 2403 391 1427 1791
4573 6 2 0 1 1026 525 1060 2488 1987 2522
4574 6 2 0 1 2488 1987 2522 1876 1375 1910
4575 6 2 0 1 844 3 860 2306 407 2322
4576 6 2 0 1 2306 407 2322 1694 19 1710
4577 6 2 0 1 1012 819 1036 2474 2281 2498
4578 6 2 0 1 2474 2281 2498 1862 1669 1886
4579 6 2 0 1 214 8 646 1290 433 2108
4580 6 2 0 1 1290 433 2108 435 20 1496
4581 6 2 0 1 579 1012 1036 2041 2474 2498
4582 6 2 0 1 2041 2474 2498 1429 1862 1886
4583 6 2 0 1 58 758 1063 1246 2220 2525
4584 6 2 0 1 1246 2220 2525 388 1608 1913
4585 6 2 0 1 821 598 1125 2283 2060 2587
4586 6 2 0 1 2283 2060 2587 1671 1448 1975
4587 6 2 0 1 561 852 853 2023 2314 2315
4588 6 2 0 1 2023 2314 2315 1411 1702 1703
4589 6 2 0 1 800 583 925 2262 2045 2387
4590 6 2 0 1 2262 2045 2387 1650 1433 1775
4591 6 2 0 1 65 64 951 1253 1252 2413
4592 6 2 0 1 1253 1252 2413 395 394 1801
4593 6 2 0 1 824 62 941 2286 1250 2403
4594 6 2 0 1 2286 1250 2403 1674 392 1791
4595 6 2 0 1 585 893 983 2047 2355 2445
4596 6 2 0 1 2047 2355 2445 1435 1743 1833
4597 6 2 0 1 523 789 1039 1985 2251 2501
4598 6 2 0 1 1985 2251 2501 1373 1639 1889
4599 6 2 0 1 804 532 1009 2266 1994 2471
4600 6 2 0 1 2266 1994 2471 1654 1382 1859
4601 6 2 0 1 651 861 964 2113 2323 2426
4602 6 2 0 1 2113 2323 2426 1501 1711 1814
4603 6 2 0 1 564 971 1029 2026 2433 2491
4604 6 2 0 1 2026 2433 2491 1414 1821 1879
4605 6 2 0 1 848 70 1067 2310 1258 2529
4606 6 2 0 1 2310 1258 2529 1698 400 1917
4607 6 2 0 1 781 834 1019 2243 2296 2481
4608 6 2 0 1 2243 2296 2481 1631 1684 1869
4609 6 2 0 1 256 255 907 1332 1331 2369
4610 6 2 0 1 1332 1331 2369 480 479 1757
4611 6 2 0 1 714 834 939 2176 2296 2401
4612 6 2 0 1 2176 2296 2401 1564 1684 1789
4613 6 2 0 1 680 822 947 2142 2284 2409
4614 6 2 0 1 2142 2284 2409 1530 1672 1797
4615 6 2 0 1 839 750 842 2301 2212 2304
4616 6 2 0 1 2301 2212 2304 1689 1600 1692
4617 6 2 0 1 214 646 647 1290 2108 2109
4618 6 2 0 1 1290 2108 2109 435 1496 1497
4619 6 2 0 1 851 548 895 2313 2010 2357
4620 6 2 0 1 2313 2010 2357 1701 1398 1745
4621 6 2 0 1 85 831 938 1273 2293 2400
4622 6 2 0 1 1273 2293 2400 416 1681 1788
4623 6 2 0 1 820 27 949 2282 1341 2411
4624 6 2 0 1 2282 1341 2411 1670 491 1799
4625 6 2 0 1 799 929 1089 2261 2391 2551
4626 6 2 0 1 2261 2391 2551 1649 1779 1939
4627 6 2 0 1 107 108 873 1133 1134 2335
4628 6 2 0 1 1133 1134 2335 272 273 1723
4629 6 2 0 1 904 563 905 2366 2025 2367
4630 6 2 0 1 2366 2025 2367 1754 1413 1755
4631 6 2 0 1 971 867 1029 2433 2329 2491
4632 6 2 0 1 2433 2329 2491 1821 1717 1879
4633 6 2 0 1 839 638 874 2301 2100 2336
4634 6 2 0 1 2301 2100 2336 1689 1488 1724
4635 6 2 0 1 802 909 1069 2264 2371 2531
4636 6 2 0 1 2264 2371 2531 1652 1759 1919
4637 6 2 0 1 148 149 963 1174 1175 2425
4638 6 2 0 1 1174 1175 2425 314 315 1813
4639 6 2 0 1 761 524 1079 2223 1986 2541
4640 6 2 0 1 2223 1986 2541 1611 1374 1929
4641 6 2 0 1 264 263 845 1340 1339 2307
4642 6 2 0 1 1340 1339 2307 489 488 1695
4643 6 2 0 1 63 824 1092 1251 2286 2554
4644 6 2 0 1 1251 2286 2554 393 1674 1942
4645 6 2 0 1 560 987 994 2022 2449 2456
4646 6 2 0 1 2022 2449 2456 1410 1837 1844
4647 6 2 0 1 30 765 1075 1344 2227 2537
4648 6 2 0 1 1344 2227 2537 494 1615 1925
4649 6 2 0 1 817 182 1127 2279 1208 2589
4650 6 2 0 1 2279 1208 2589 1667 349 1977
4651 6 2 0 1 956 63 1092 2418 1251 2554
4652 6 2 0 1 2418 1251 2554 1806 393 1942
4653 6 2 0 1 241 645 976 1317 2107 2438
4654 6 2 0 1 1317 2107 2438 464 1495 1826
4655 6 2 0 1 816 557 1077 2278 2019 2539
4656 6 2 0 1 2278 2019 2539 1666 1407 1927
4657 6 2 0 1 901 924 1064 2363 2386 2526
4658 6 2 0 1 2363 2386 2526 1751 1774 1914
4659 6 2 0 1 35 836 1050 1349 2298 2512
4660 6 2 0 1 1349 2298 2512 499 1686 1900
4661 6 2 0 1 838 86 938 2300 1274 2400
4662 6 2 0 1 2300 1274 2400 1688 417 1788
4663 6 2 0 1 824 941 1049 2286 2403 2511
4664 6 2 0 1 2286 2403 2511 1674 1791 1899
4665 6 2 0 1 837 681 947 2299 2143 2409
4666 6 2 0 1 2299 2143 2409 1687 1531 1797
4667 6 2 0 1 84 83 988 1272 1271 2450
4668 6 2 0 1 1272 1271 2450 415 414 1838
4669 6 2 0 1 911 777 1078 2373 2239 2540
4670 6 2 0 1 2373 2239 2540 1761 1627 1928
4671 6 2 0 1 856 542 1058 2318 2004 2520
4672 6 2 0 1 2318 2004 2520 1706 1392 1908
4673 6 2 0 1 831 85 1114 2293 1273 2576
4674 6 2 0 1 2293 1273 2576 1681 416 1964
4675 6 2 0 1 949 1 963 2411 490 2425
4676 6 2 0 1 2411 490 2425 1799 26 1813
4677 6 2 0 1 876 778 1057 2338 2240 2519
4678 6 2 0 1 2338 2240 2519 1726 1628 1907
4679 6 2 0 1 850 523 1039 2312 1985 2501
4680 6 2 0 1 2312 1985 2501 1700 1373 1889
4681 6 2 0 1 536 686 1086 1998 2148 2548
4682 6 2 0 1 1998 2148 2548 1386 1536 1936
4683 6 2 0 1 252 558 1046 1328 2020 2508
4684 6 2 0 1 1328 2020 2508 476 1408 1896
4685 6 2 0 1 231 230 1107 1307 1306 2569
4686 6 2 0 1 1307 1306 2569 452 451 1957
4687 6 2 0 1 600 595 919 2062 2057 2381
4688 6 2 0 1 2062 2057 2381 1450 1445 1769
4689 6 2 0 1 812 581 1088 2274 2043 2550
4690 6 2 0 1 2274 2043 2550 1662 1431 1938
4691 6 2 0 1 99 98 1111 1287 1286 2573
4692 6 2 0 1 1287 1286 2573 430 429 1961
4693 6 2 0 1 548 851 896 2010 2313 2358
4694 6 2 0 1 2010 2313 2358 1398 1701 1746
4695 6 2 0 1 88 87 1091 1276 1275 2553
4696 6 2 0 1 1276 1275 2553 419 418 1941
4697 6 2 0 1 899 549 967 2361 2011 2429
4698 6 2 0 1 2361 2011 2429 1749 1399 1817
4699 6 2 0 1 759 231 1107 2221 1307 2569
4700 6 2 0 1 2221 1307 2569 1609 452 1957
4701 6 2 0 1 987 843 994 2449 2305 2456
4702 6 2 0 1 2449 2305 2456 1837 1693 1844
4703 6 2 0 1 54 53 1083 1242 1241 2545
4704 6 2 0 1 1242 1241 2545 384 383 1933
4705 6 2 0 1 966 84 988 2428 1272 2450
4706 6 2 0 1 2428 1272 2450 1816 415 1838
4707 6 2 0 1 747 805 1094 2209 2267 2556
4708 6 2 0 1 2209 2267 2556 1597 1655 1944
4709 6 2 0 1 67 66 1098 1255 1254 2560
4710 6 2 0 1 1255 1254 2560 397 396 1948
4711 6 2 0 1 233 850 1065 1309 2312 2527
4712 6 2 0 1 1309 2312 2527 454 1700 1915
4713 6 2 0 1 771 541 1096 2233 2003 2558
4714 6 2 0 1 2233 2003 2558 1621 1391 1946
4715 6 2 0 1 98 760 1111 1286 2222 2573
4716 6 2 0 1 1286 2222 2573 429 1610 1961
4717 6 2 0 1 554 779 1099 2016 2241 2561
4718 6 2 0 1 2016 2241 2561 1404 1629 1949
4719 6 2 0 1 598 596 1125 2060 2058 2587
4720 6 2 0 1 2060 2058 2587 1448 1446 1975
4721 6 2 0 1 964 88 1091 2426 1276 2553
4722 6 2 0 1 2426 1276 2553 1814 419 1941
4723 6 2 0 1 578 952 998 2040 2414 2460
4724 6 2 0 1 2040 2414 2460 1428 1802 1848
4725 6 2 0 1 780 520 1017 2242 1982 2479
4726 6 2 0 1 2242 1982 2479 1630 1370 1867
4727 6 2 0 1 49 576 1118 1363 2038 2580
4728 6 2 0 1 1363 2038 2580 513 1426 1968
4729 6 2 0 1 217 216 1113 1293 1292 2575
4730 6 2 0 1 1293 1292 2575 438 437 1963
4731 6 2 0 1 835 806 1034 2297 2268 2496
4732 6 2 0 1 2297 2268 2496 1685 1656 1884
4733 6 2 0 1 834 521 1019 2296 1983 2481
4734 6 2 0 1 2296 1983 2481 1684 1371 1869
4735 6 2 0 1 778 852 1057 2240 2314 2519
4736 6 2 0 1 2240 2314 2519 1628 1702 1907
4737 6 2 0 1 884 740 1110 2346 2202 2572
4738 6 2 0 1 2346 2202 2572 1734 1590 1960
4739 6 2 0 1 880 35 1050 2342 1349 2512
4740 6 2 0 1 2342 1349 2512 1730 499 1900
4741 6 2 0 1 933 49 1118 2395 1363 2580
4742 6 2 0 1 2395 1363 2580 1783 513 1968
4743 6 2 0 1 216 696 1113 1292 2158 2575
4744 6 2 0 1 1292 2158 2575 437 1546 1963
4745 6 2 0 1 706 835 997 2168 2297 2459
4746 6 2 0 1 2168 2297 2459 1556 1685 1847
4747 6 2 0 1 869 55 1054 2331 1243 2516
4748 6 2 0 1 2331 1243 2516 1719 385 1904
4749 6 2 0 1 862 559 1023 2324 2021 2485
4750 6 2 0 1 2324 2021 2485 1712 1409 1873
4751 6 2 0 1 800 925 1103 2262 2387 2565
4752 6 2 0 1 2262 2387 2565 1650 1775 1953
4753 6 2 0 1 555 819 1012 2017 2281 2474
4754 6 2 0 1 2017 2281 2474 1405 1669 1862
4755 6 2 0 1 552 107 873 2014 1133 2335
4756 6 2 0 1 2014 1133 2335 1402 272 1723
4757 6 2 0 1 108 557 873 1134 2019 2335
4758 6 2 0 1 1134 2019 2335 273 1407 1723
4759 6 2 0 1 983 133 1037 2445 1159 2499
4760 6 2 0 1 2445 1159 2499 1833 299 1887
4761 6 2 0 1 620 621 634 2082 2083 2096
4762 6 2 0 1 2082 2083 2096 1470 1471 1484
4763 6 2 0 1 92 91 1117 1280 1279 2579
4764 6 2 0 1 1280 1279 2579 423 422 1967
4765 6 2 0 1 833 996 1022 2295 2458 2484
4766 6 2 0 1 2295 2458 2484 1683 1846 1872
4767 6 2 0 1 91 652 1117 1279 2114 2579
4768 6 2 0 1 1279 2114 2579 422 1502 1967
4769 6 2 0 1 961 67 1098 2423 1255 2560
4770 6 2 0 1 2423 1255 2560 1811 397 1948
4771 6 2 0 1 868 262 1038 2330 1338 2500
4772 6 2 0 1 2330 1338 2500 1718 487 1888
4773 6 2 0 1 901 808 1001 2363 2270 2463
4774 6 2 0 1 2363 2270 2463 1751 1658 1851
4775 6 2 0 1 777 911 1071 2239 2373 2533
4776 6 2 0 1 2239 2373 2533 1627 1761 1921
4777 6 2 0 1 51 840 1105 1365 2302 2567
4778 6 2 0 1 1365 2302 2567 515 1690 1955
4779 6 2 0 1 848 684 1044 2310 2146 2506
4780 6 2 0 1 2310 2146 2506 1698 1534 1894
4781 6 2 0 1 638 637 874 2100 2099 2336
4782 6 2 0 1 2100 2099 2336 1488 1487 1724
4783 6 2 0 1 688 815 1086 2150 2277 2548
4784 6 2 0 1 2150 2277 2548 1538 1665 1936
4785 6 2 0 1 834 781 939 2296 2243 2401
4786 6 2 0 1 2296 2243 2401 1684 1631 1789
4787 6 2 0 1 931 228 1108 2393 1304 2570
4788 6 2 0 1 2393 1304 2570 1781 449 1958
4789 6 2 0 1 55 54 1054 1243 1242 2516
4790 6 2 0 1 1243 1242 2516 385 384 1904
4791 6 2 0 1 738 569 1110 2200 2031 2572
4792 6 2 0 1 2200 2031 2572 1588 1419 1960
4793 6 2 0 1 819 555 1018 2281 2017 2480
4794 6 2 0 1 2281 2017 2480 1669 1405 1868
4795 6 2 0 1 258 562 594 1334 2024 2056
4796 6 2 0 1 1334 2024 2056 482 1412 1444
4797 6 2 0 1 841 552 937 2303 2014 2399
4798 6 2 0 1 2303 2014 2399 1691 1402 1787
4799 6 2 0 1 733 220 1122 2195 1296 2584
4800 6 2 0 1 2195 1296 2584 1583 441 1972
4801 6 2 0 1 963 51 1105 2425 1365 2567
4802 6 2 0 1 2425 1365 2567 1813 515 1955
4803 6 2 0 1 220 768 1122 1296 2230 2584
4804 6 2 0 1 1296 2230 2584 441 1618 1972
4805 6 2 0 1 941 577 1100 2403 2039 2562
4806 6 2 0 1 2403 2039 2562 1791 1427 1950
4807 6 2 0 1 842 750 937 2304 2212 2399
4808 6 2 0 1 2304 2212 2399 1692 1600 1787
4809 6 2 0 1 645 547 960 2107 2009 2422
4810 6 2 0 1 2107 2009 2422 1495 1397 1810
4811 6 2 0 1 946 209 950 2408 1235 2412
4812 6 2 0 1 2408 1235 2412 1796 376 1800
4813 6 2 0 1 951 64 1085 2413 1252 2547
4814 6 2 0 1 2413 1252 2547 1801 394 1935
4815 6 2 0 1 840 933 1006 2302 2395 2468
4816 6 2 0 1 2302 2395 2468 1690 1783 1856
4817 6 2 0 1 794 795 1080 2256 2257 2542
4818 6 2 0 1 2256 2257 2542 1644 1645 1930
4819 6 2 0 1 594 562 595 2056 2024 2057
4820 6 2 0 1 2056 2024 2057 1444 1412 1445
4821 6 2 0 1 794 1080 1102 2256 2542 2564
4822 6 2 0 1 2256 2542 2564 1644 1930 1952
4823 6 2 0 1 238 603 1119 1314 2065 2581
4824 6 2 0 1 1314 2065 2581 461 1453 1969
4825 6 2 0 1 594 595 600 2056 2057 2062
4826 6 2 0 1 2056 2057 2062 1444 1445 1450
4827 6 2 0 1 783 757 1053 2245 2219 2515
4828 6 2 0 1 2245 2219 2515 1633 1607 1903
4829 6 2 0 1 996 634 1022 2458 2096 2484
4830 6 2 0 1 2458 2096 2484 1846 1484 1872
4831 6 2 0 1 757 810 1053 2219 2272 2515
4832 6 2 0 1 2219 2272 2515 1607 1660 1903
4833 6 2 0 1 239 238 1119 1315 1314 2581
4834 6 2 0 1 1315 1314 2581 462 461 1969
4835 6 2 0 1 686 687 688 2148 2149 2150
4836 6 2 0 1 2148 2149 2150 1536 1537 1538
4837 6 2 0 1 530 877 1041 1992 2339 2503
4838 6 2 0 1 1992 2339 2503 1380 1727 1891
4839 6 2 0 1 835 254 997 2297 1330 2459
4840 6 2 0 1 2297 1330 2459 1685 478 1847
4841 6 2 0 1 708 707 709 2170 2169 2171
4842 6 2 0 1 2170 2169 2171 1558 1557 1559
4843 6 2 0 1 762 761 763 2224 2223 2225
4844 6 2 0 1 2224 2223 2225 1612 1611 1613
4845 6 2 0 1 647 646 648 2109 2108 2110
4846 6 2 0 1 2109 2108 2110 1497 1496 1498
4847 6 2 0 1 769 554 770 2231 2016 2232
4848 6 2 0 1 2231 2016 2232 1619 1404 1620
4849 6 2 0 1 748 747 749 2210 2209 2211
4850 6 2 0 1 2210 2209 2211 1598 1597 1599
4851 6 2 0 1 734 733 735 2196 2195 2197
4852 6 2 0 1 2196 2195 2197 1584 1583 1585
4853 6 2 0 1 851 895 943 2313 2357 2405
4854 6 2 0 1 2313 2357 2405 1701 1745 1793
4855 6 2 0 1 621 519 622 2083 1981 2084
4856 6 2 0 1 2083 1981 2084 1471 1369 1472
4857 6 2 0 1 791 814 1004 2253 2276 2466
4858 6 2 0 1 2253 2276 2466 1641 1664 1854
4859 6 2 0 1 863 692 864 2325 2154 2326
4860 6 2 0 1 2325 2154 2326 1713 1542 1714
4861 6 2 0 1 561 853 972 2023 2315 2434
4862 6 2 0 1 2023 2315 2434 1411 1703 1822
4863 6 2 0 1 541 734 736 2003 2196 2198
4864 6 2 0 1 2003 2196 2198 1391 1584 1586
4865 6 2 0 1 739 738 740 2201 2200 2202
4866 6 2 0 1 2201 2200 2202 1589 1588 1590
4867 6 2 0 1 860 797 1037 2322 2259 2499
4868 6 2 0 1 2322 2259 2499 1710 1647 1887
4869 6 2 0 1 959 905 1045 2421 2367 2507
4870 6 2 0 1 2421 2367 2507 1809 1755 1895
4871 6 2 0 1 838 938 1104 2300 2400 2566
4872 6 2 0 1 2300 2400 2566 1688 1788 1954
4873 6 2 0 1 713 936 955 2175 2398 2417
4874 6 2 0 1 2175 2398 2417 1563 1786 1805
4875 6 2 0 1 237 10 1002 1313 456 2464
4876 6 2 0 1 1313 456 2464 460 22 1852
4877 6 2 0 1 793 256 907 2255 1332 2369
4878 6 2 0 1 2255 1332 2369 1643 480 1757
4879 6 2 0 1 797 983 1037 2259 2445 2499
4880 6 2 0 1 2259 2445 2499 1647 1833 1887
4881 6 2 0 1 576 762 843 2038 2224 2305
4882 6 2 0 1 2038 2224 2305 1426 1612 1693
4883 6 2 0 1 772 771 1096 2234 2233 2558
4884 6 2 0 1 2234 2233 2558 1622 1621 1946
4885 6 2 0 1 597 599 787 2059 2061 2249
4886 6 2 0 1 2059 2061 2249 1447 1449 1637
4887 6 2 0 1 914 758 1000 2376 2220 2462
4888 6 2 0 1 2376 2220 2462 1764 1608 1850
4889 6 2 0 1 552 841 978 2014 2303 2440
4890 6 2 0 1 2014 2303 2440 1402 1691 1828
4891 6 2 0 1 947 822 1058 2409 2284 2520
4892 6 2 0 1 2409 2284 2520 1797 1672 1908
4893 6 2 0 1 581 809 920 2043 2271 2382
4894 6 2 0 1 2043 2271 2382 1431 1659 1770
4895 6 2 0 1 147 840 1006 1173 2302 2468
4896 6 2 0 1 1173 2302 2468 313 1690 1856
4897 6 2 0 1 598 821 1047 2060 2283 2509
4898 6 2 0 1 2060 2283 2509 1448 1671 1897
4899 6 2 0 1 846 533 973 2308 1995 2435
4900 6 2 0 1 2308 1995 2435 1696 1383 1823
4901 6 2 0 1 546 902 945 2008 2364 2407
4902 6 2 0 1 2008 2364 2407 1396 1752 1795
4903 6 2 0 1 803 869 1116 2265 2331 2578
4904 6 2 0 1 2265 2331 2578 1653 1719 1966
4905 6 2 0 1 583 772 925 2045 2234 2387
4906 6 2 0 1 2045 2234 2387 1433 1622 1775
4907 6 2 0 1 650 648 935 2112 2110 2397
4908 6 2 0 1 2112 2110 2397 1500 1498 1785
4909 6 2 0 1 808 901 1061 2270 2363 2523
4910 6 2 0 1 2270 2363 2523 1658 1751 1911
4911 6 2 0 1 681 837 1015 2143 2299 2477
4912 6 2 0 1 2143 2299 2477 1531 1687 1865
4913 6 2 0 1 814 695 920 2276 2157 2382
4914 6 2 0 1 2276 2157 2382 1664 1545 1770
4915 6 2 0 1 953 629 1014 2415 2091 2476
4916 6 2 0 1 2415 2091 2476 1803 1479 1864
4917 6 2 0 1 9 234 1008 434 1310 2470
4918 6 2 0 1 434 1310 2470 21 455 1858
4919 6 2 0 1 872 572 1010 2334 2034 2472
4920 6 2 0 1 2334 2034 2472 1722 1422 1860
4921 6 2 0 1 12 259 1005 475 1335 2467
4922 6 2 0 1 475 1335 2467 24 483 1855
4923 6 2 0 1 595 596 597 2057 2058 2059
4924 6 2 0 1 2057 2058 2059 1445 1446 1447
4925 6 2 0 1 258 257 562 1334 1333 2024
4926 6 2 0 1 1334 1333 2024 482 481 1412
4927 6 2 0 1 829 763 1079 2291 2225 2541
4928 6 2 0 1 2291 2225 2541 1679 1613 1929
4929 6 2 0 1 529 908 982 1991 2370 2444
4930 6 2 0 1 1991 2370 2444 1379 1758 1832
4931 6 2 0 1 875 772 1096 2337 2234 2558
4932 6 2 0 1 2337 2234 2558 1725 1622 1946
4933 6 2 0 1 573 1095 1115 2035 2557 2577
4934 6 2 0 1 2035 2557 2577 1423 1945 1965
4935 6 2 0 1 595 597 919 2057 2059 2381
4936 6 2 0 1 2057 2059 2381 1445 1447 1769
4937 6 2 0 1 149 150 949 1175 1176 2411
4938 6 2 0 1 1175 1176 2411 315 316 1799
4939 6 2 0 1 548 896 915 2010 2358 2377
4940 6 2 0 1 2010 2358 2377 1398 1746 1765
4941 6 2 0 1 520 828 1017 1982 2290 2479
4942 6 2 0 1 1982 2290 2479 1370 1678 1867
4943 6 2 0 1 724 946 950 2186 2408 2412
4944 6 2 0 1 2186 2408 2412 1574 1796 1800
4945 6 2 0 1 39 38 544 1353 1352 2006
4946 6 2 0 1 1353 1352 2006 503 502 1394
4947 6 2 0 1 883 543 885 2345 2005 2347
4948 6 2 0 1 2345 2005 2347 1733 1393 1735
4949 6 2 0 1 591 184 882 2053 1210 2344
4950 6 2 0 1 2053 1210 2344 1441 351 1732
4951 6 2 0 1 884 883 885 2346 2345 2347
4952 6 2 0 1 2346 2345 2347 1734 1733 1735
4953 6 2 0 1 577 866 867 2039 2328 2329
4954 6 2 0 1 2039 2328 2329 1427 1716 1717
4955 6 2 0 1 597 598 599 2059 2060 2061
4956 6 2 0 1 2059 2060 2061 1447 1448 1449
4957 6 2 0 1 257 256 793 1333 1332 2255
4958 6 2 0 1 1333 1332 2255 481 480 1643
4959 6 2 0 1 954 588 1120 2416 2050 2582
4960 6 2 0 1 2416 2050 2582 1804 1438 1970
4961 6 2 0 1 572 893 1010 2034 2355 2472
4962 6 2 0 1 2034 2355 2472 1422 1743 1860
4963 6 2 0 1 186 543 883 1212 2005 2345
4964 6 2 0 1 1212 2005 2345 353 1393 1733
4965 6 2 0 1 533 859 1016 1995 2321 2478
4966 6 2 0 1 1995 2321 2478 1383 1709 1866
4967 6 2 0 1 40 39 774 1354 1353 2236
4968 6 2 0 1 1354 1353 2236 504 503 1624
4969 6 2 0 1 796 794 1102 2258 2256 2564
4970 6 2 0 1 2258 2256 2564 1646 1644 1952
4971 6 2 0 1 688 687 689 2150 2149 2151
4972 6 2 0 1 2150 2149 2151 1538 1537 1539
4973 6 2 0 1 758 580 1000 2220 2042 2462
4974 6 2 0 1 2220 2042 2462 1608 1430 1850
4975 6 2 0 1 530 142 877 1992 1168 2339
4976 6 2 0 1 1992 1168 2339 1380 308 1727
4977 6 2 0 1 572 131 893 2034 1157 2355
4978 6 2 0 1 2034 1157 2355 1422 297 1743
4979 6 2 0 1 164 165 871 1190 1191 2333
4980 6 2 0 1 1190 1191 2333 331 332 1721
4981 6 2 0 1 602 843 987 2064 2305 2449
4982 6 2 0 1 2064 2305 2449 1452 1693 1837
4983 6 2 0 1 524 944 1079 1986 2406 2541
4984 6 2 0 1 1986 2406 2541 1374 1794 1929
4985 6 2 0 1 141 530 878 1167 1992 2340
4986 6 2 0 1 1167 1992 2340 307 1380 1728
4987 6 2 0 1 171 550 891 1197 2012 2353
4988 6 2 0 1 1197 2012 2353 338 1400 1741
4989 6 2 0 1 587 169 890 2049 1195 2352
4990 6 2 0 1 2049 1195 2352 1437 336 1740
4991 6 2 0 1 130 572 881 1156 2034 2343
4992 6 2 0 1 1156 2034 2343 296 1422 1731
4993 6 2 0 1 882 883 884 2344 2345 2346
4994 6 2 0 1 2344 2345 2346 1732 1733 1734
4995 6 2 0 1 936 532 955 2398 1994 2417
4996 6 2 0 1 2398 1994 2417 1786 1382 1805
4997 6 2 0 1 38 37 620 1352 1351 2082
4998 6 2 0 1 1352 1351 2082 502 501 1470
4999 6 2 0 1 836 539 874 2298 2001 2336
5000 6 2 0 1 2298 2001 2336 1686 1389 1724
5001 6 2 0 1 86 85 938 1274 1273 2400
5002 6 2 0 1 1274 1273 2400 417 416 1788
5003 6 2 0 1 543 187 886 2005 1213 2348
5004 6 2 0 1 2005 1213 2348 1393 354 1736
5005 6 2 0 1 621 622 623 2083 2084 2085
5006 6 2 0 1 2083 2084 2085 1471 1472 1473
5007 6 2 0 1 708 709 710 2170 2171 2172
5008 6 2 0 1 2170 2171 2172 1558 1559 1560
5009 6 2 0 1 890 891 892 2352 2353 2354
5010 6 2 0 1 2352 2353 2354 1740 1741 1742
5011 6 2 0 1 570 878 879 2032 2340 2341
5012 6 2 0 1 2032 2340 2341 1420 1728 1729
5013 6 2 0 1 601 586 776 2063 2048 2238
5014 6 2 0 1 2063 2048 2238 1451 1436 1626
5015 6 2 0 1 183 184 591 1209 1210 2053
5016 6 2 0 1 1209 1210 2053 350 351 1441
5017 6 2 0 1 251 586 601 1327 2048 2063
5018 6 2 0 1 1327 2048 2063 474 1436 1451
5019 6 2 0 1 628 624 916 2090 2086 2378
5020 6 2 0 1 2090 2086 2378 1478 1474 1766
5021 6 2 0 1 642 244 818 2104 1320 2280
5022 6 2 0 1 2104 1320 2280 1492 467 1668
5023 6 2 0 1 921 786 1073 2383 2248 2535
5024 6 2 0 1 2383 2248 2535 1771 1636 1923
5025 6 2 0 1 609 611 912 2071 2073 2374
5026 6 2 0 1 2071 2073 2374 1459 1461 1762
5027 6 2 0 1 586 250 831 2048 1326 2293
5028 6 2 0 1 2048 1326 2293 1436 473 1681
5029 6 2 0 1 580 803 976 2042 2265 2438
5030 6 2 0 1 2042 2265 2438 1430 1653 1826
5031 6 2 0 1 882 185 883 2344 1211 2345
5032 6 2 0 1 2344 1211 2345 1732 352 1733
5033 6 2 0 1 118 566 887 1144 2028 2349
5034 6 2 0 1 1144 2028 2349 283 1416 1737
5035 6 2 0 1 903 120 904 2365 1146 2366
5036 6 2 0 1 2365 1146 2366 1753 285 1754
5037 6 2 0 1 748 749 750 2210 2211 2212
5038 6 2 0 1 2210 2211 2212 1598 1599 1600
5039 6 2 0 1 769 770 794 2231 2232 2256
5040 6 2 0 1 2231 2232 2256 1619 1620 1644
5041 6 2 0 1 131 132 893 1157 1158 2355
5042 6 2 0 1 1157 1158 2355 297 298 1743
5043 6 2 0 1 643 571 644 2105 2033 2106
5044 6 2 0 1 2105 2033 2106 1493 1421 1494
5045 6 2 0 1 557 109 889 2019 1135 2351
5046 6 2 0 1 2019 1135 2351 1407 274 1739
5047 6 2 0 1 739 740 741 2201 2202 2203
5048 6 2 0 1 2201 2202 2203 1589 1590 1591
5049 6 2 0 1 145 146 602 1171 1172 2064
5050 6 2 0 1 1171 1172 2064 311 312 1452
5051 6 2 0 1 762 763 764 2224 2225 2226
5052 6 2 0 1 2224 2225 2226 1612 1613 1614
5053 6 2 0 1 615 617 828 2077 2079 2290
5054 6 2 0 1 2077 2079 2290 1465 1467 1678
5055 6 2 0 1 184 185 882 1210 1211 2344
5056 6 2 0 1 1210 1211 2344 351 352 1732
5057 6 2 0 1 177 178 592 1203 1204 2054
5058 6 2 0 1 1203 1204 2054 344 345 1442
5059 6 2 0 1 143 560 877 1169 2022 2339
5060 6 2 0 1 1169 2022 2339 309 1410 1727
5061 6 2 0 1 664 676 894 2126 2138 2356
5062 6 2 0 1 2126 2138 2356 1514 1526 1744
5063 6 2 0 1 624 622 916 2086 2084 2378
5064 6 2 0 1 2086 2084 2378 1474 1472 1766
5065 6 2 0 1 613 609 912 2075 2071 2374
5066 6 2 0 1 2075 2071 2374 1463 1459 1762
5067 6 2 0 1 603 575 604 2065 2037 2066
5068 6 2 0 1 2065 2037 2066 1453 1425 1454
5069 6 2 0 1 890 170 891 2352 1196 2353
5070 6 2 0 1 2352 1196 2353 1740 337 1741
5071 6 2 0 1 566 119 903 2028 1145 2365
5072 6 2 0 1 2028 1145 2365 1416 284 1753
5073 6 2 0 1 736 734 737 2198 2196 2199
5074 6 2 0 1 2198 2196 2199 1586 1584 1587
5075 6 2 0 1 243 242 869 1319 1318 2331
5076 6 2 0 1 1319 1318 2331 466 465 1719
5077 6 2 0 1 175 176 564 1201 1202 2026
5078 6 2 0 1 1201 1202 2026 342 343 1414
5079 6 2 0 1 570 140 878 2032 1166 2340
5080 6 2 0 1 2032 1166 2340 1420 306 1728
5081 6 2 0 1 604 575 823 2066 2037 2285
5082 6 2 0 1 2066 2037 2285 1454 1425 1673
5083 6 2 0 1 194 548 915 1220 2010 2377
5084 6 2 0 1 1220 2010 2377 361 1398 1765
5085 6 2 0 1 643 644 861 2105 2106 2323
5086 6 2 0 1 2105 2106 2323 1493 1494 1711
5087 6 2 0 1 555 129 881 2017 1155 2343
5088 6 2 0 1 2017 1155 2343 1405 295 1731
5089 6 2 0 1 143 144 560 1169 1170 2022
5090 6 2 0 1 1169 1170 2022 309 310 1410
5091 6 2 0 1 688 689 690 2150 2151 2152
5092 6 2 0 1 2150 2151 2152 1538 1539 1540
5093 6 2 0 1 601 776 791 2063 2238 2253
5094 6 2 0 1 2063 2238 2253 1451 1626 1641
5095 6 2 0 1 538 887 888 2000 2349 2350
5096 6 2 0 1 2000 2349 2350 1388 1737 1738
5097 6 2 0 1 169 170 890 1195 1196 2352
5098 6 2 0 1 1195 1196 2352 336 337 1740
5099 6 2 0 1 168 169 587 1194 1195 2049
5100 6 2 0 1 1194 1195 2049 335 336 1437
5101 6 2 0 1 666 664 894 2128 2126 2356
5102 6 2 0 1 2128 2126 2356 1516 1514 1744
5103 6 2 0 1 188 578 886 1214 2040 2348
5104 6 2 0 1 1214 2040 2348 355 1428 1736
5105 6 2 0 1 240 547 645 1316 2009 2107
5106 6 2 0 1 1316 2009 2107 463 1397 1495
5107 6 2 0 1 912 828 913 2374 2290 2375
5108 6 2 0 1 2374 2290 2375 1762 1678 1763
5109 6 2 0 1 153 154 573 1179 1180 2035
5110 6 2 0 1 1179 1180 2035 319 320 1423
5111 6 2 0 1 139 140 570 1165 1166 2032
5112 6 2 0 1 1165 1166 2032 305 306 1420
5113 6 2 0 1 548 195 895 2010 1221 2357
5114 6 2 0 1 2010 1221 2357 1398 362 1745
5115 6 2 0 1 186 187 543 1212 1213 2005
5116 6 2 0 1 1212 1213 2005 353 354 1393
5117 6 2 0 1 245 244 642 1321 1320 2104
5118 6 2 0 1 1321 1320 2104 468 467 1492
5119 6 2 0 1 160 161 568 1186 1187 2030
5120 6 2 0 1 1186 1187 2030 327 328 1418
5121 6 2 0 1 637 632 639 2099 2094 2101
5122 6 2 0 1 2099 2094 2101 1487 1482 1489
5123 6 2 0 1 246 571 643 1322 2033 2105
5124 6 2 0 1 1322 2033 2105 469 1421 1493
5125 6 2 0 1 251 250 586 1327 1326 2048
5126 6 2 0 1 1327 1326 2048 474 473 1436
5127 6 2 0 1 595 562 596 2057 2024 2058
5128 6 2 0 1 2057 2024 2058 1445 1412 1446
5129 6 2 0 1 553 197 898 2015 1223 2360
5130 6 2 0 1 2015 1223 2360 1403 364 1748
5131 6 2 0 1 238 575 603 1314 2037 2065
5132 6 2 0 1 1314 2037 2065 461 1425 1453
5133 6 2 0 1 130 131 572 1156 1157 2034
5134 6 2 0 1 1156 1157 2034 296 297 1422
5135 6 2 0 1 141 142 530 1167 1168 1992
5136 6 2 0 1 1167 1168 1992 307 308 1380
5137 6 2 0 1 832 544 996 2294 2006 2458
5138 6 2 0 1 2294 2006 2458 1682 1394 1846
5139 6 2 0 1 605 604 606 2067 2066 2068
5140 6 2 0 1 2067 2066 2068 1455 1454 1456
5141 6 2 0 1 128 129 555 1154 1155 2017
5142 6 2 0 1 1154 1155 2017 294 295 1405
5143 6 2 0 1 173 174 533 1199 1200 1995
5144 6 2 0 1 1199 1200 1995 340 341 1383
5145 6 2 0 1 207 549 899 1233 2011 2361
5146 6 2 0 1 1233 2011 2361 374 1399 1749
5147 6 2 0 1 603 604 605 2065 2066 2067
5148 6 2 0 1 2065 2066 2067 1453 1454 1455
5149 6 2 0 1 171 172 550 1197 1198 2012
5150 6 2 0 1 1197 1198 2012 338 339 1400
5151 6 2 0 1 203 546 900 1229 2008 2362
5152 6 2 0 1 1229 2008 2362 370 1396 1750
5153 6 2 0 1 546 204 902 2008 1230 2364
5154 6 2 0 1 2008 1230 2364 1396 371 1752
5155 6 2 0 1 188 189 578 1214 1215 2040
5156 6 2 0 1 1214 1215 2040 355 356 1428
5157 6 2 0 1 126 127 579 1152 1153 2041
5158 6 2 0 1 1152 1153 2041 292 293 1429
5159 6 2 0 1 121 563 904 1147 2025 2366
5160 6 2 0 1 1147 2025 2366 286 1413 1754
5161 6 2 0 1 538 117 887 2000 1143 2349
5162 6 2 0 1 2000 1143 2349 1388 282 1737
5163 6 2 0 1 110 526 889 1136 1988 2351
5164 6 2 0 1 1136 1988 2351 275 1376 1739
5165 6 2 0 1 611 615 912 2073 2077 2374
5166 6 2 0 1 2073 2077 2374 1461 1465 1762
5167 6 2 0 1 238 237 575 1314 1313 2037
5168 6 2 0 1 1314 1313 2037 461 460 1425
5169 6 2 0 1 847 765 1095 2309 2227 2557
5170 6 2 0 1 2309 2227 2557 1697 1615 1945
5171 6 2 0 1 246 245 571 1322 1321 2033
5172 6 2 0 1 1322 1321 2033 469 468 1421
5173 6 2 0 1 185 186 883 1211 1212 2345
5174 6 2 0 1 1211 1212 2345 352 353 1733
5175 6 2 0 1 699 705 917 2161 2167 2379
5176 6 2 0 1 2161 2167 2379 1549 1555 1767
5177 6 2 0 1 605 606 607 2067 2068 2069
5178 6 2 0 1 2067 2068 2069 1455 1456 1457
5179 6 2 0 1 118 119 566 1144 1145 2028
5180 6 2 0 1 1144 1145 2028 283 284 1416
5181 6 2 0 1 119 120 903 1145 1146 2365
5182 6 2 0 1 1145 1146 2365 284 285 1753
5183 6 2 0 1 673 671 675 2135 2133 2137
5184 6 2 0 1 2135 2133 2137 1523 1521 1525
5185 6 2 0 1 516 900 901 1978 2362 2363
5186 6 2 0 1 1978 2362 2363 1366 1750 1751
5187 6 2 0 1 526 111 897 1988 1137 2359
5188 6 2 0 1 1988 1137 2359 1376 276 1747
5189 6 2 0 1 142 143 877 1168 1169 2339
5190 6 2 0 1 1168 1169 2339 308 309 1727
5191 6 2 0 1 240 239 547 1316 1315 2009
5192 6 2 0 1 1316 1315 2009 463 462 1397
5193 6 2 0 1 108 109 557 1134 1135 2019
5194 6 2 0 1 1134 1135 2019 273 274 1407
5195 6 2 0 1 106 107 552 1132 1133 2014
5196 6 2 0 1 1132 1133 2014 271 272 1402
5197 6 2 0 1 140 141 878 1166 1167 2340
5198 6 2 0 1 1166 1167 2340 306 307 1728
5199 6 2 0 1 104 105 537 1130 1131 1999
5200 6 2 0 1 1130 1131 1999 269 270 1387
5201 6 2 0 1 129 130 881 1155 1156 2343
5202 6 2 0 1 1155 1156 2343 295 296 1731
5203 6 2 0 1 187 188 886 1213 1214 2348
5204 6 2 0 1 1213 1214 2348 354 355 1736
5205 6 2 0 1 158 159 589 1184 1185 2051
5206 6 2 0 1 1184 1185 2051 325 326 1439
5207 6 2 0 1 121 122 563 1147 1148 2025
5208 6 2 0 1 1147 1148 2025 286 287 1413
5209 6 2 0 1 123 124 561 1149 1150 2023
5210 6 2 0 1 1149 1150 2023 288 289 1411
5211 6 2 0 1 116 117 538 1142 1143 2000
5212 6 2 0 1 1142 1143 2000 281 282 1388
5213 6 2 0 1 170 171 891 1196 1197 2353
5214 6 2 0 1 1196 1197 2353 337 338 1741
5215 6 2 0 1 1049 179 1092 2511 1205 2554
5216 6 2 0 1 2511 1205 2554 1899 346 1942
5217 6 2 0 1 110 111 526 1136 1137 1988
5218 6 2 0 1 1136 1137 1988 275 276 1376
5219 6 2 0 1 690 691 693 2152 2153 2155
5220 6 2 0 1 2152 2153 2155 1540 1541 1543
5221 6 2 0 1 196 553 895 1222 2015 2357
5222 6 2 0 1 1222 2015 2357 363 1403 1745
5223 6 2 0 1 632 628 916 2094 2090 2378
5224 6 2 0 1 2094 2090 2378 1482 1478 1766
5225 6 2 0 1 671 666 894 2133 2128 2356
5226 6 2 0 1 2133 2128 2356 1521 1516 1744
5227 6 2 0 1 198 525 898 1224 1987 2360
5228 6 2 0 1 1224 1987 2360 365 1375 1748
5229 6 2 0 1 672 671 673 2134 2133 2135
5230 6 2 0 1 2134 2133 2135 1522 1521 1523
5231 6 2 0 1 113 114 518 1139 1140 1980
5232 6 2 0 1 1139 1140 1980 278 279 1368
5233 6 2 0 1 527 206 899 1989 1232 2361
5234 6 2 0 1 1989 1232 2361 1377 373 1749
5235 6 2 0 1 155 156 565 1181 1182 2027
5236 6 2 0 1 1181 1182 2027 321 322 1415
5237 6 2 0 1 516 202 900 1978 1228 2362
5238 6 2 0 1 1978 1228 2362 1366 369 1750
5239 6 2 0 1 205 527 902 1231 1989 2364
5240 6 2 0 1 1231 1989 2364 372 1377 1752
5241 6 2 0 1 196 197 553 1222 1223 2015
5242 6 2 0 1 1222 1223 2015 363 364 1403
5243 6 2 0 1 194 195 548 1220 1221 2010
5244 6 2 0 1 1220 1221 2010 361 362 1398
5245 6 2 0 1 683 682 684 2145 2144 2146
5246 6 2 0 1 2145 2144 2146 1533 1532 1534
5247 6 2 0 1 192 193 534 1218 1219 1996
5248 6 2 0 1 1218 1219 1996 359 360 1384
5249 6 2 0 1 207 208 549 1233 1234 2011
5250 6 2 0 1 1233 1234 2011 374 375 1399
5251 6 2 0 1 117 118 887 1143 1144 2349
5252 6 2 0 1 1143 1144 2349 282 283 1737
5253 6 2 0 1 120 121 904 1146 1147 2366
5254 6 2 0 1 1146 1147 2366 285 286 1754
5255 6 2 0 1 210 211 529 1236 1237 1991
5256 6 2 0 1 1236 1237 1991 377 378 1379
5257 6 2 0 1 198 199 525 1224 1225 1987
5258 6 2 0 1 1224 1225 1987 365 366 1375
5259 6 2 0 1 685 684 788 2147 2146 2250
5260 6 2 0 1 2147 2146 2250 1535 1534 1638
5261 6 2 0 1 529 211 908 1991 1237 2370
5262 6 2 0 1 1991 1237 2370 1379 378 1758
5263 6 2 0 1 109 110 889 1135 1136 2351
5264 6 2 0 1 1135 1136 2351 274 275 1739
5265 6 2 0 1 607 606 910 2069 2068 2372
5266 6 2 0 1 2069 2068 2372 1457 1456 1760
5267 6 2 0 1 608 607 609 2070 2069 2071
5268 6 2 0 1 2070 2069 2071 1458 1457 1459
5269 6 2 0 1 658 657 911 2120 2119 2373
5270 6 2 0 1 2120 2119 2373 1508 1507 1761
5271 6 2 0 1 893 585 1010 2355 2047 2472
5272 6 2 0 1 2355 2047 2472 1743 1435 1860
5273 6 2 0 1 201 202 516 1227 1228 1978
5274 6 2 0 1 1227 1228 1978 368 369 1366
5275 6 2 0 1 203 204 546 1229 1230 2008
5276 6 2 0 1 1229 1230 2008 370 371 1396
5277 6 2 0 1 104 537 909 1130 1999 2371
5278 6 2 0 1 1130 1999 2371 269 1387 1759
5279 6 2 0 1 205 206 527 1231 1232 1989
5280 6 2 0 1 1231 1232 1989 372 373 1377
5281 6 2 0 1 615 616 617 2077 2078 2079
5282 6 2 0 1 2077 2078 2079 1465 1466 1467
5283 6 2 0 1 678 674 682 2140 2136 2144
5284 6 2 0 1 2140 2136 2144 1528 1524 1532
5285 6 2 0 1 760 872 1010 2222 2334 2472
5286 6 2 0 1 2222 2334 2472 1610 1722 1860
5287 6 2 0 1 764 763 825 2226 2225 2287
5288 6 2 0 1 2226 2225 2287 1614 1613 1675
5289 6 2 0 1 633 632 637 2095 2094 2099
5290 6 2 0 1 2095 2094 2099 1483 1482 1487
5291 6 2 0 1 717 721 722 2179 2183 2184
5292 6 2 0 1 2179 2183 2184 1567 1571 1572
5293 6 2 0 1 670 666 671 2132 2128 2133
5294 6 2 0 1 2132 2128 2133 1520 1516 1521
5295 6 2 0 1 111 112 897 1137 1138 2359
5296 6 2 0 1 1137 1138 2359 276 277 1747
5297 6 2 0 1 690 689 691 2152 2151 2153
5298 6 2 0 1 2152 2151 2153 1540 1539 1541
5299 6 2 0 1 597 787 919 2059 2249 2381
5300 6 2 0 1 2059 2249 2381 1447 1637 1769
5301 6 2 0 1 608 609 613 2070 2071 2075
5302 6 2 0 1 2070 2071 2075 1458 1459 1463
5303 6 2 0 1 613 912 913 2075 2374 2375
5304 6 2 0 1 2075 2374 2375 1463 1762 1763
5305 6 2 0 1 195 196 895 1221 1222 2357
5306 6 2 0 1 1221 1222 2357 362 363 1745
5307 6 2 0 1 197 198 898 1223 1224 2360
5308 6 2 0 1 1223 1224 2360 364 365 1748
5309 6 2 0 1 767 865 1011 2229 2327 2473
5310 6 2 0 1 2229 2327 2473 1617 1715 1861
5311 6 2 0 1 206 207 899 1232 1233 2361
5312 6 2 0 1 1232 1233 2361 373 374 1749
5313 6 2 0 1 675 671 894 2137 2133 2356
5314 6 2 0 1 2137 2133 2356 1525 1521 1744
5315 6 2 0 1 662 658 911 2124 2120 2373
5316 6 2 0 1 2124 2120 2373 1512 1508 1761
5317 6 2 0 1 690 693 694 2152 2155 2156
5318 6 2 0 1 2152 2155 2156 1540 1543 1544
5319 6 2 0 1 202 203 900 1228 1229 2362
5320 6 2 0 1 1228 1229 2362 369 370 1750
5321 6 2 0 1 204 205 902 1230 1231 2364
5322 6 2 0 1 1230 1231 2364 371 372 1752
5323 6 2 0 1 664 662 676 2126 2124 2138
5324 6 2 0 1 2126 2124 2138 1514 1512 1526
5325 6 2 0 1 613 913 914 2075 2375 2376
5326 6 2 0 1 2075 2375 2376 1463 1763 1764
5327 6 2 0 1 588 103 909 2050 1129 2371
5328 6 2 0 1 2050 1129 2371 1438 268 1759
5329 6 2 0 1 252 11 558 1328 459 2020
5330 6 2 0 1 1328 459 2020 476 23 1408
5331 6 2 0 1 739 741 742 2201 2203 2204
5332 6 2 0 1 2201 2203 2204 1589 1591 1592
5333 6 2 0 1 1095 827 1115 2557 2289 2577
5334 6 2 0 1 2557 2289 2577 1945 1677 1965
5335 6 2 0 1 816 638 839 2278 2100 2301
5336 6 2 0 1 2278 2100 2301 1666 1488 1689
5337 6 2 0 1 615 828 912 2077 2290 2374
5338 6 2 0 1 2077 2290 2374 1465 1678 1762
5339 6 2 0 1 659 661 781 2121 2123 2243
5340 6 2 0 1 2121 2123 2243 1509 1511 1631
5341 6 2 0 1 813 798 847 2275 2260 2309
5342 6 2 0 1 2275 2260 2309 1663 1648 1697
5343 6 2 0 1 192 534 906 1218 1996 2368
5344 6 2 0 1 1218 1996 2368 359 1384 1756
5345 6 2 0 1 669 680 681 2131 2142 2143
5346 6 2 0 1 2131 2142 2143 1519 1530 1531
5347 6 2 0 1 676 662 911 2138 2124 2373
5348 6 2 0 1 2138 2124 2373 1526 1512 1761
5349 6 2 0 1 702 699 917 2164 2161 2379
5350 6 2 0 1 2164 2161 2379 1552 1549 1767
5351 6 2 0 1 672 673 674 2134 2135 2136
5352 6 2 0 1 2134 2135 2136 1522 1523 1524
5353 6 2 0 1 631 628 632 2093 2090 2094
5354 6 2 0 1 2093 2090 2094 1481 1478 1482
5355 6 2 0 1 694 693 695 2156 2155 2157
5356 6 2 0 1 2156 2155 2157 1544 1543 1545
5357 6 2 0 1 756 754 798 2218 2216 2260
5358 6 2 0 1 2218 2216 2260 1606 1604 1648
5359 6 2 0 1 605 607 608 2067 2069 2070
5360 6 2 0 1 2067 2069 2070 1455 1457 1458
5361 6 2 0 1 623 625 629 2085 2087 2091
5362 6 2 0 1 2085 2087 2091 1473 1475 1479
5363 6 2 0 1 609 607 610 2071 2069 2072
5364 6 2 0 1 2071 2069 2072 1459 1457 1460
5365 6 2 0 1 699 697 705 2161 2159 2167
5366 6 2 0 1 2161 2159 2167 1549 1547 1555
5367 6 2 0 1 670 671 672 2132 2133 2134
5368 6 2 0 1 2132 2133 2134 1520 1521 1522
5369 6 2 0 1 232 231 523 1308 1307 1985
5370 6 2 0 1 1308 1307 1985 453 452 1373
5371 6 2 0 1 659 781 918 2121 2243 2380
5372 6 2 0 1 2121 2243 2380 1509 1631 1768
5373 6 2 0 1 693 691 829 2155 2153 2291
5374 6 2 0 1 2155 2153 2291 1543 1541 1679
5375 6 2 0 1 704 702 782 2166 2164 2244
5376 6 2 0 1 2166 2164 2244 1554 1552 1632
5377 6 2 0 1 678 682 683 2140 2144 2145
5378 6 2 0 1 2140 2144 2145 1528 1532 1533
5379 6 2 0 1 47 46 524 1361 1360 1986
5380 6 2 0 1 1361 1360 1986 511 510 1374
5381 6 2 0 1 211 212 908 1237 1238 2370
5382 6 2 0 1 1237 1238 2370 378 379 1758
5383 6 2 0 1 683 684 685 2145 2146 2147
5384 6 2 0 1 2145 2146 2147 1533 1534 1535
5385 6 2 0 1 103 104 909 1129 1130 2371
5386 6 2 0 1 1129 1130 2371 268 269 1759
5387 6 2 0 1 59 58 520 1247 1246 1982
5388 6 2 0 1 1247 1246 1982 389 388 1370
5389 6 2 0 1 91 90 531 1279 1278 1993
5390 6 2 0 1 1279 1278 1993 422 421 1381
5391 6 2 0 1 611 614 615 2073 2076 2077
5392 6 2 0 1 2073 2076 2077 1461 1464 1465
5393 6 2 0 1 610 607 910 2072 2069 2372
5394 6 2 0 1 2072 2069 2372 1460 1457 1760
5395 6 2 0 1 857 619 858 2319 2081 2320
5396 6 2 0 1 2319 2081 2320 1707 1469 1708
5397 6 2 0 1 639 632 916 2101 2094 2378
5398 6 2 0 1 2101 2094 2378 1489 1482 1766
5399 6 2 0 1 669 679 680 2131 2141 2142
5400 6 2 0 1 2131 2141 2142 1519 1529 1530
5401 6 2 0 1 710 709 711 2172 2171 2173
5402 6 2 0 1 2172 2171 2173 1560 1559 1561
5403 6 2 0 1 193 194 915 1219 1220 2377
5404 6 2 0 1 1219 1220 2377 360 361 1765
5405 6 2 0 1 782 702 917 2244 2164 2379
5406 6 2 0 1 2244 2164 2379 1632 1552 1767
5407 6 2 0 1 534 193 915 1996 1219 2377
5408 6 2 0 1 1996 1219 2377 1384 360 1765
5409 6 2 0 1 37 36 519 1351 1350 1981
5410 6 2 0 1 1351 1350 1981 501 500 1369
5411 6 2 0 1 710 712 713 2172 2174 2175
5412 6 2 0 1 2172 2174 2175 1560 1562 1563
5413 6 2 0 1 2 76 837 381 1264 2299
5414 6 2 0 1 381 1264 2299 18 406 1687
5415 6 2 0 1 191 192 906 1217 1218 2368
5416 6 2 0 1 1217 1218 2368 358 359 1756
5417 6 2 0 1 694 695 814 2156 2157 2276
5418 6 2 0 1 2156 2157 2276 1544 1545 1664
5419 6 2 0 1 597 596 598 2059 2058 2060
5420 6 2 0 1 2059 2058 2060 1447 1446 1448
5421 6 2 0 1 722 723 725 2184 2185 2187
5422 6 2 0 1 2184 2185 2187 1572 1573 1575
5423 6 2 0 1 83 82 536 1271 1270 1998
5424 6 2 0 1 1271 1270 1998 414 413 1386
5425 6 2 0 1 742 743 744 2204 2205 2206
5426 6 2 0 1 2204 2205 2206 1592 1593 1594
5427 6 2 0 1 46 45 812 1360 1359 2274
5428 6 2 0 1 1360 1359 2274 510 509 1662
5429 6 2 0 1 669 654 679 2131 2116 2141
5430 6 2 0 1 2131 2116 2141 1519 1504 1529
5431 6 2 0 1 826 825 863 2288 2287 2325
5432 6 2 0 1 2288 2287 2325 1676 1675 1713
5433 6 2 0 1 41 40 582 1355 1354 2044
5434 6 2 0 1 1355 1354 2044 505 504 1432
5435 6 2 0 1 91 531 652 1279 1993 2114
5436 6 2 0 1 1279 1993 2114 422 1381 1502
5437 6 2 0 1 751 749 752 2213 2211 2214
5438 6 2 0 1 2213 2211 2214 1601 1599 1602
5439 6 2 0 1 652 531 653 2114 1993 2115
5440 6 2 0 1 2114 1993 2115 1502 1381 1503
5441 6 2 0 1 45 44 581 1359 1358 2043
5442 6 2 0 1 1359 1358 2043 509 508 1431
5443 6 2 0 1 655 654 669 2117 2116 2131
5444 6 2 0 1 2117 2116 2131 1505 1504 1519
5445 6 2 0 1 713 716 717 2175 2178 2179
5446 6 2 0 1 2175 2178 2179 1563 1566 1567
5447 6 2 0 1 90 89 862 1278 1277 2324
5448 6 2 0 1 1278 1277 2324 421 420 1712
5449 6 2 0 1 711 709 714 2173 2171 2176
5450 6 2 0 1 2173 2171 2176 1561 1559 1564
5451 6 2 0 1 732 777 792 2194 2239 2254
5452 6 2 0 1 2194 2239 2254 1582 1627 1642
5453 6 2 0 1 102 103 588 1128 1129 2050
5454 6 2 0 1 1128 1129 2050 267 268 1438
5455 6 2 0 1 633 637 638 2095 2099 2100
5456 6 2 0 1 2095 2099 2100 1483 1487 1488
5457 6 2 0 1 653 655 656 2115 2117 2118
5458 6 2 0 1 2115 2117 2118 1503 1505 1506
5459 6 2 0 1 618 612 619 2080 2074 2081
5460 6 2 0 1 2080 2074 2081 1468 1462 1469
5461 6 2 0 1 719 718 807 2181 2180 2269
5462 6 2 0 1 2181 2180 2269 1569 1568 1657
5463 6 2 0 1 656 655 657 2118 2117 2119
5464 6 2 0 1 2118 2117 2119 1506 1505 1507
5465 6 2 0 1 653 654 655 2115 2116 2117
5466 6 2 0 1 2115 2116 2117 1503 1504 1505
5467 6 2 0 1 794 770 795 2256 2232 2257
5468 6 2 0 1 2256 2232 2257 1644 1620 1645
5469 6 2 0 1 44 43 706 1358 1357 2168
5470 6 2 0 1 1358 1357 2168 508 507 1556
5471 6 2 0 1 715 714 718 2177 2176 2180
5472 6 2 0 1 2177 2176 2180 1565 1564 1568
5473 6 2 0 1 769 794 796 2231 2256 2258
5474 6 2 0 1 2231 2256 2258 1619 1644 1646
5475 6 2 0 1 93 92 521 1281 1280 1983
5476 6 2 0 1 1281 1280 1983 424 423 1371
5477 6 2 0 1 855 705 1035 2317 2167 2497
5478 6 2 0 1 2317 2167 2497 1705 1555 1885
5479 6 2 0 1 717 720 721 2179 2182 2183
5480 6 2 0 1 2179 2182 2183 1567 1570 1571
5481 6 2 0 1 233 232 850 1309 1308 2312
5482 6 2 0 1 1309 1308 2312 454 453 1700
5483 6 2 0 1 665 664 666 2127 2126 2128
5484 6 2 0 1 2127 2126 2128 1515 1514 1516
5485 6 2 0 1 663 662 664 2125 2124 2126
5486 6 2 0 1 2125 2124 2126 1513 1512 1514
5487 6 2 0 1 75 74 517 1263 1262 1979
5488 6 2 0 1 1263 1262 1979 405 404 1367
5489 6 2 0 1 631 632 633 2093 2094 2095
5490 6 2 0 1 2093 2094 2095 1481 1482 1483
5491 6 2 0 1 42 41 806 1356 1355 2268
5492 6 2 0 1 1356 1355 2268 506 505 1656
5493 6 2 0 1 668 666 670 2130 2128 2132
5494 6 2 0 1 2130 2128 2132 1518 1516 1520
5495 6 2 0 1 677 674 678 2139 2136 2140
5496 6 2 0 1 2139 2136 2140 1527 1524 1528
5497 6 2 0 1 75 517 732 1263 1979 2194
5498 6 2 0 1 1263 1979 2194 405 1367 1582
5499 6 2 0 1 816 839 842 2278 2301 2304
5500 6 2 0 1 2278 2301 2304 1666 1689 1692
5501 6 2 0 1 660 658 662 2122 2120 2124
5502 6 2 0 1 2122 2120 2124 1510 1508 1512
5503 6 2 0 1 43 42 835 1357 1356 2297
5504 6 2 0 1 1357 1356 2297 507 506 1685
5505 6 2 0 1 653 531 654 2115 1993 2116
5506 6 2 0 1 2115 1993 2116 1503 1381 1504
5507 6 2 0 1 656 658 659 2118 2120 2121
5508 6 2 0 1 2118 2120 2121 1506 1508 1509
5509 6 2 0 1 852 737 853 2314 2199 2315
5510 6 2 0 1 2314 2199 2315 1702 1587 1703
5511 6 2 0 1 74 73 801 1262 1261 2263
5512 6 2 0 1 1262 1261 2263 404 403 1651
5513 6 2 0 1 652 653 918 2114 2115 2380
5514 6 2 0 1 2114 2115 2380 1502 1503 1768
5515 6 2 0 1 750 749 751 2212 2211 2213
5516 6 2 0 1 2212 2211 2213 1600 1599 1601
5517 6 2 0 1 73 72 767 1261 1260 2229
5518 6 2 0 1 1261 1260 2229 403 402 1617
5519 6 2 0 1 647 648 649 2109 2110 2111
5520 6 2 0 1 2109 2110 2111 1497 1498 1499
5521 6 2 0 1 659 660 661 2121 2122 2123
5522 6 2 0 1 2121 2122 2123 1509 1510 1511
5523 6 2 0 1 96 95 532 1284 1283 1994
5524 6 2 0 1 1284 1283 1994 427 426 1382
5525 6 2 0 1 649 648 650 2111 2110 2112
5526 6 2 0 1 2111 2110 2112 1499 1498 1500
5527 6 2 0 1 70 69 551 1258 1257 2013
5528 6 2 0 1 1258 1257 2013 400 399 1401
5529 6 2 0 1 623 622 624 2085 2084 2086
5530 6 2 0 1 2085 2084 2086 1473 1472 1474
5531 6 2 0 1 72 71 535 1260 1259 1997
5532 6 2 0 1 1260 1259 1997 402 401 1385
5533 6 2 0 1 519 36 880 1981 1350 2342
5534 6 2 0 1 1981 1350 2342 1369 500 1730
5535 6 2 0 1 656 657 658 2118 2119 2120
5536 6 2 0 1 2118 2119 2120 1506 1507 1508
5537 6 2 0 1 52 2 542 1240 381 2004
5538 6 2 0 1 1240 381 2004 382 18 1392
5539 6 2 0 1 680 679 830 2142 2141 2292
5540 6 2 0 1 2142 2141 2292 1530 1529 1680
5541 6 2 0 1 216 215 522 1292 1291 1984
5542 6 2 0 1 1292 1291 1984 437 436 1372
5543 6 2 0 1 713 712 716 2175 2174 2178
5544 6 2 0 1 2175 2174 2178 1563 1562 1566
5545 6 2 0 1 732 517 777 2194 1979 2239
5546 6 2 0 1 2194 1979 2239 1582 1367 1627
5547 6 2 0 1 82 81 686 1270 1269 2148
5548 6 2 0 1 1270 1269 2148 413 412 1536
5549 6 2 0 1 698 700 701 2160 2162 2163
5550 6 2 0 1 2160 2162 2163 1548 1550 1551
5551 6 2 0 1 722 721 723 2184 2183 2185
5552 6 2 0 1 2184 2183 2185 1572 1571 1573
5553 6 2 0 1 689 687 692 2151 2149 2154
5554 6 2 0 1 2151 2149 2154 1539 1537 1542
5555 6 2 0 1 93 521 707 1281 1983 2169
5556 6 2 0 1 1281 1983 2169 424 1371 1557
5557 6 2 0 1 672 674 677 2134 2136 2139
5558 6 2 0 1 2134 2136 2139 1522 1524 1527
5559 6 2 0 1 663 665 667 2125 2127 2129
5560 6 2 0 1 2125 2127 2129 1513 1515 1517
5561 6 2 0 1 660 662 663 2122 2124 2125
5562 6 2 0 1 2122 2124 2125 1510 1512 1513
5563 6 2 0 1 719 807 808 2181 2269 2270
5564 6 2 0 1 2181 2269 2270 1569 1657 1658
5565 6 2 0 1 659 658 660 2121 2120 2122
5566 6 2 0 1 2121 2120 2122 1509 1508 1510
5567 6 2 0 1 668 766 790 2130 2228 2252
5568 6 2 0 1 2130 2228 2252 1518 1616 1640
5569 6 2 0 1 663 664 665 2125 2126 2127
5570 6 2 0 1 2125 2126 2127 1513 1514 1515
5571 6 2 0 1 665 666 668 2127 2128 2130
5572 6 2 0 1 2127 2128 2130 1515 1516 1518
5573 6 2 0 1 715 718 719 2177 2180 2181
5574 6 2 0 1 2177 2180 2181 1565 1568 1569
5575 6 2 0 1 753 752 754 2215 2214 2216
5576 6 2 0 1 2215 2214 2216 1603 1602 1604
5577 6 2 0 1 617 616 785 2079 2078 2247
5578 6 2 0 1 2079 2078 2247 1467 1466 1635
5579 6 2 0 1 711 714 715 2173 2176 2177
5580 6 2 0 1 2173 2176 2177 1561 1564 1565
5581 6 2 0 1 89 88 559 1277 1276 2021
5582 6 2 0 1 1277 1276 2021 420 419 1409
5583 6 2 0 1 710 711 712 2172 2173 2174
5584 6 2 0 1 2172 2173 2174 1560 1561 1562
5585 6 2 0 1 218 217 779 1294 1293 2241
5586 6 2 0 1 1294 1293 2241 439 438 1629
5587 6 2 0 1 668 670 766 2130 2132 2228
5588 6 2 0 1 2130 2132 2228 1518 1520 1616
5589 6 2 0 1 653 656 918 2115 2118 2380
5590 6 2 0 1 2115 2118 2380 1503 1506 1768
5591 6 2 0 1 53 52 856 1241 1240 2318
5592 6 2 0 1 1241 1240 2318 383 382 1706
5593 6 2 0 1 717 716 720 2179 2178 2182
5594 6 2 0 1 2179 2178 2182 1567 1566 1570
5595 6 2 0 1 615 614 616 2077 2076 2078
5596 6 2 0 1 2077 2076 2078 1465 1464 1466
5597 6 2 0 1 48 47 761 1362 1361 2223
5598 6 2 0 1 1362 1361 2223 512 511 1611
5599 6 2 0 1 718 714 939 2180 2176 2401
5600 6 2 0 1 2180 2176 2401 1568 1564 1789
5601 6 2 0 1 721 720 724 2183 2182 2186
5602 6 2 0 1 2183 2182 2186 1571 1570 1574
5603 6 2 0 1 742 741 743 2204 2203 2205
5604 6 2 0 1 2204 2203 2205 1592 1591 1593
5605 6 2 0 1 535 71 848 1997 1259 2310
5606 6 2 0 1 1997 1259 2310 1385 401 1698
5607 6 2 0 1 222 221 541 1298 1297 2003
5608 6 2 0 1 1298 1297 2003 443 442 1391
5609 6 2 0 1 34 33 539 1348 1347 2001
5610 6 2 0 1 1348 1347 2001 498 497 1389
5611 6 2 0 1 97 96 804 1285 1284 2266
5612 6 2 0 1 1285 1284 2266 428 427 1654
5613 6 2 0 1 523 231 759 1985 1307 2221
5614 6 2 0 1 1985 1307 2221 1373 452 1609
5615 6 2 0 1 60 59 780 1248 1247 2242
5616 6 2 0 1 1248 1247 2242 390 389 1630
5617 6 2 0 1 715 719 773 2177 2181 2235
5618 6 2 0 1 2177 2181 2235 1565 1569 1623
5619 6 2 0 1 623 624 625 2085 2086 2087
5620 6 2 0 1 2085 2086 2087 1473 1474 1475
5621 6 2 0 1 683 685 851 2145 2147 2313
5622 6 2 0 1 2145 2147 2313 1533 1535 1701
5623 6 2 0 1 33 32 747 1347 1346 2209
5624 6 2 0 1 1347 1346 2209 497 496 1597
5625 6 2 0 1 790 766 870 2252 2228 2332
5626 6 2 0 1 2252 2228 2332 1640 1616 1720
5627 6 2 0 1 219 218 554 1295 1294 2016
5628 6 2 0 1 1295 1294 2016 440 439 1404
5629 6 2 0 1 707 521 834 2169 1983 2296
5630 6 2 0 1 2169 1983 2296 1557 1371 1684
5631 6 2 0 1 221 220 733 1297 1296 2195
5632 6 2 0 1 1297 1296 2195 442 441 1583
5633 6 2 0 1 609 610 611 2071 2072 2073
5634 6 2 0 1 2071 2072 2073 1459 1460 1461
5635 6 2 0 1 656 659 918 2118 2121 2380
5636 6 2 0 1 2118 2121 2380 1506 1509 1768
5637 6 2 0 1 716 712 728 2178 2174 2190
5638 6 2 0 1 2178 2174 2190 1566 1562 1578
5639 6 2 0 1 32 31 805 1346 1345 2267
5640 6 2 0 1 1346 1345 2267 496 495 1655
5641 6 2 0 1 220 219 768 1296 1295 2230
5642 6 2 0 1 1296 1295 2230 441 440 1618
5643 6 2 0 1 698 697 699 2160 2159 2161
5644 6 2 0 1 2160 2159 2161 1548 1547 1549
5645 6 2 0 1 696 522 697 2158 1984 2159
5646 6 2 0 1 2158 1984 2159 1546 1372 1547
5647 6 2 0 1 736 778 875 2198 2240 2337
5648 6 2 0 1 2198 2240 2337 1586 1628 1725
5649 6 2 0 1 216 522 696 1292 1984 2158
5650 6 2 0 1 1292 1984 2158 437 1372 1546
5651 6 2 0 1 630 635 636 2092 2097 2098
5652 6 2 0 1 2092 2097 2098 1480 1485 1486
5653 6 2 0 1 626 624 628 2088 2086 2090
5654 6 2 0 1 2088 2086 2090 1476 1474 1478
5655 6 2 0 1 700 699 702 2162 2161 2164
5656 6 2 0 1 2162 2161 2164 1550 1549 1552
5657 6 2 0 1 34 539 836 1348 2001 2298
5658 6 2 0 1 1348 2001 2298 498 1389 1686
5659 6 2 0 1 625 626 627 2087 2088 2089
5660 6 2 0 1 2087 2088 2089 1475 1476 1477
5661 6 2 0 1 670 672 922 2132 2134 2384
5662 6 2 0 1 2132 2134 2384 1520 1522 1772
5663 6 2 0 1 756 798 813 2218 2260 2275
5664 6 2 0 1 2218 2260 2275 1606 1648 1663
5665 6 2 0 1 751 752 753 2213 2214 2215
5666 6 2 0 1 2213 2214 2215 1601 1602 1603
5667 6 2 0 1 641 638 816 2103 2100 2278
5668 6 2 0 1 2103 2100 2278 1491 1488 1666
5669 6 2 0 1 81 80 556 1269 1268 2018
5670 6 2 0 1 1269 1268 2018 412 411 1406
5671 6 2 0 1 57 580 758 1245 2042 2220
5672 6 2 0 1 1245 2042 2220 387 1430 1608
5673 6 2 0 1 630 628 631 2092 2090 2093
5674 6 2 0 1 2092 2090 2093 1480 1478 1481
5675 6 2 0 1 703 702 704 2165 2164 2166
5676 6 2 0 1 2165 2164 2166 1553 1552 1554
5677 6 2 0 1 696 697 698 2158 2159 2160
5678 6 2 0 1 2158 2159 2160 1546 1547 1548
5679 6 2 0 1 634 621 953 2096 2083 2415
5680 6 2 0 1 2096 2083 2415 1484 1471 1803
5681 6 2 0 1 766 670 922 2228 2132 2384
5682 6 2 0 1 2228 2132 2384 1616 1520 1772
5683 6 2 0 1 726 729 730 2188 2191 2192
5684 6 2 0 1 2188 2191 2192 1576 1579 1580
5685 6 2 0 1 725 723 726 2187 2185 2188
5686 6 2 0 1 2187 2185 2188 1575 1573 1576
5687 6 2 0 1 57 56 580 1245 1244 2042
5688 6 2 0 1 1245 1244 2042 387 386 1430
5689 6 2 0 1 661 660 923 2123 2122 2385
5690 6 2 0 1 2123 2122 2385 1511 1510 1773
5691 6 2 0 1 618 619 857 2080 2081 2319
5692 6 2 0 1 2080 2081 2319 1468 1469 1707
5693 6 2 0 1 523 759 789 1985 2221 2251
5694 6 2 0 1 1985 2221 2251 1373 1609 1639
5695 6 2 0 1 672 677 922 2134 2139 2384
5696 6 2 0 1 2134 2139 2384 1522 1527 1772
5697 6 2 0 1 726 723 727 2188 2185 2189
5698 6 2 0 1 2188 2185 2189 1576 1573 1577
5699 6 2 0 1 663 667 923 2125 2129 2385
5700 6 2 0 1 2125 2129 2385 1513 1517 1773
5701 6 2 0 1 729 727 731 2191 2189 2193
5702 6 2 0 1 2191 2189 2193 1579 1577 1581
5703 6 2 0 1 633 638 641 2095 2100 2103
5704 6 2 0 1 2095 2100 2103 1483 1488 1491
5705 6 2 0 1 698 699 700 2160 2161 2162
5706 6 2 0 1 2160 2161 2162 1548 1549 1550
5707 6 2 0 1 736 737 778 2198 2199 2240
5708 6 2 0 1 2198 2199 2240 1586 1587 1628
5709 6 2 0 1 764 825 826 2226 2287 2288
5710 6 2 0 1 2226 2287 2288 1614 1675 1676
5711 6 2 0 1 700 702 703 2162 2164 2165
5712 6 2 0 1 2162 2164 2165 1550 1552 1553
5713 6 2 0 1 753 754 755 2215 2216 2217
5714 6 2 0 1 2215 2216 2217 1603 1604 1605
5715 6 2 0 1 98 97 540 1286 1285 2002
5716 6 2 0 1 1286 1285 2002 429 428 1390
5717 6 2 0 1 667 665 924 2129 2127 2386
5718 6 2 0 1 2129 2127 2386 1517 1515 1774
5719 6 2 0 1 668 790 924 2130 2252 2386
5720 6 2 0 1 2130 2252 2386 1518 1640 1774
5721 6 2 0 1 87 86 838 1275 1274 2300
5722 6 2 0 1 1275 1274 2300 418 417 1688
5723 6 2 0 1 625 624 626 2087 2086 2088
5724 6 2 0 1 2087 2086 2088 1475 1474 1476
5725 6 2 0 1 31 30 545 1345 1344 2007
5726 6 2 0 1 1345 1344 2007 495 494 1395
5727 6 2 0 1 69 68 738 1257 1256 2200
5728 6 2 0 1 1257 1256 2200 399 398 1588
5729 6 2 0 1 660 663 923 2122 2125 2385
5730 6 2 0 1 2122 2125 2385 1510 1513 1773
5731 6 2 0 1 49 48 576 1363 1362 2038
5732 6 2 0 1 1363 1362 2038 513 512 1426
5733 6 2 0 1 636 635 640 2098 2097 2102
5734 6 2 0 1 2098 2097 2102 1486 1485 1490
5735 6 2 0 1 703 704 784 2165 2166 2246
5736 6 2 0 1 2165 2166 2246 1553 1554 1634
5737 6 2 0 1 61 60 577 1249 1248 2039
5738 6 2 0 1 1249 1248 2039 391 390 1427
5739 6 2 0 1 626 628 630 2088 2090 2092
5740 6 2 0 1 2088 2090 2092 1476 1478 1480
5741 6 2 0 1 755 754 756 2217 2216 2218
5742 6 2 0 1 2217 2216 2218 1605 1604 1606
5743 6 2 0 1 520 58 1063 1982 1246 2525
5744 6 2 0 1 1982 1246 2525 1370 388 1913
5745 6 2 0 1 630 631 635 2092 2093 2097
5746 6 2 0 1 2092 2093 2097 1480 1481 1485
5747 6 2 0 1 665 668 924 2127 2130 2386
5748 6 2 0 1 2127 2130 2386 1515 1518 1774
5749 6 2 0 1 223 222 771 1299 1298 2233
5750 6 2 0 1 1299 1298 2233 444 443 1621
5751 6 2 0 1 726 727 729 2188 2189 2191
5752 6 2 0 1 2188 2189 2191 1576 1577 1579
5753 6 2 0 1 137 138 921 1163 1164 2383
5754 6 2 0 1 1163 1164 2383 303 304 1771
5755 6 2 0 1 864 879 1101 2326 2341 2563
5756 6 2 0 1 2326 2341 2563 1714 1729 1951
5757 6 2 0 1 751 753 841 2213 2215 2303
5758 6 2 0 1 2213 2215 2303 1601 1603 1691
5759 6 2 0 1 778 737 852 2240 2199 2314
5760 6 2 0 1 2240 2199 2314 1628 1587 1702
5761 6 2 0 1 743 741 745 2205 2203 2207
5762 6 2 0 1 2205 2203 2207 1593 1591 1595
5763 6 2 0 1 721 724 927 2183 2186 2389
5764 6 2 0 1 2183 2186 2389 1571 1574 1777
5765 6 2 0 1 743 745 746 2205 2207 2208
5766 6 2 0 1 2205 2207 2208 1593 1595 1596
5767 6 2 0 1 611 610 612 2073 2072 2074
5768 6 2 0 1 2073 2072 2074 1461 1460 1462
5769 6 2 0 1 850 606 1065 2312 2068 2527
5770 6 2 0 1 2312 2068 2527 1700 1456 1915
5771 6 2 0 1 723 721 927 2185 2183 2389
5772 6 2 0 1 2185 2183 2389 1573 1571 1777
5773 6 2 0 1 230 229 567 1306 1305 2029
5774 6 2 0 1 1306 1305 2029 451 450 1417
5775 6 2 0 1 729 731 819 2191 2193 2281
5776 6 2 0 1 2191 2193 2281 1579 1581 1669
5777 6 2 0 1 755 756 802 2217 2218 2264
5778 6 2 0 1 2217 2218 2264 1605 1606 1652
5779 6 2 0 1 618 857 859 2080 2319 2321
5780 6 2 0 1 2080 2319 2321 1468 1707 1709
5781 6 2 0 1 945 902 1076 2407 2364 2538
5782 6 2 0 1 2407 2364 2538 1795 1752 1926
5783 6 2 0 1 631 633 926 2093 2095 2388
5784 6 2 0 1 2093 2095 2388 1481 1483 1776
5785 6 2 0 1 100 99 585 1288 1287 2047
5786 6 2 0 1 1288 1287 2047 431 430 1435
5787 6 2 0 1 611 612 614 2073 2074 2076
5788 6 2 0 1 2073 2074 2076 1461 1462 1464
5789 6 2 0 1 599 832 833 2061 2294 2295
5790 6 2 0 1 2061 2294 2295 1449 1682 1683
5791 6 2 0 1 614 612 618 2076 2074 2080
5792 6 2 0 1 2076 2074 2080 1464 1462 1468
5793 6 2 0 1 80 79 757 1268 1267 2219
5794 6 2 0 1 1268 1267 2219 411 410 1607
5795 6 2 0 1 68 67 569 1256 1255 2031
5796 6 2 0 1 1256 1255 2031 398 397 1419
5797 6 2 0 1 727 723 927 2189 2185 2389
5798 6 2 0 1 2189 2185 2389 1577 1573 1777
5799 6 2 0 1 715 773 930 2177 2235 2392
5800 6 2 0 1 2177 2235 2392 1565 1623 1780
5801 6 2 0 1 785 616 846 2247 2078 2308
5802 6 2 0 1 2247 2078 2308 1635 1466 1696
5803 6 2 0 1 944 829 1079 2406 2291 2541
5804 6 2 0 1 2406 2291 2541 1794 1679 1929
5805 6 2 0 1 224 223 583 1300 1299 2045
5806 6 2 0 1 1300 1299 2045 445 444 1433
5807 6 2 0 1 728 712 930 2190 2174 2392
5808 6 2 0 1 2190 2174 2392 1578 1562 1780
5809 6 2 0 1 162 163 925 1188 1189 2387
5810 6 2 0 1 1188 1189 2387 329 330 1775
5811 6 2 0 1 635 631 926 2097 2093 2388
5812 6 2 0 1 2097 2093 2388 1485 1481 1776
5813 6 2 0 1 599 598 832 2061 2060 2294
5814 6 2 0 1 2061 2060 2294 1449 1448 1682
5815 6 2 0 1 630 636 928 2092 2098 2390
5816 6 2 0 1 2092 2098 2390 1480 1486 1778
5817 6 2 0 1 580 56 803 2042 1244 2265
5818 6 2 0 1 2042 1244 2265 1430 386 1653
5819 6 2 0 1 627 626 928 2089 2088 2390
5820 6 2 0 1 2089 2088 2390 1477 1476 1778
5821 6 2 0 1 990 759 993 2452 2221 2455
5822 6 2 0 1 2452 2221 2455 1840 1609 1843
5823 6 2 0 1 787 599 935 2249 2061 2397
5824 6 2 0 1 2249 2061 2397 1637 1449 1785
5825 6 2 0 1 711 715 930 2173 2177 2392
5826 6 2 0 1 2173 2177 2392 1561 1565 1780
5827 6 2 0 1 712 711 930 2174 2173 2392
5828 6 2 0 1 2174 2173 2392 1562 1561 1780
5829 6 2 0 1 79 78 584 1267 1266 2046
5830 6 2 0 1 1267 1266 2046 410 409 1434
5831 6 2 0 1 633 641 926 2095 2103 2388
5832 6 2 0 1 2095 2103 2388 1483 1491 1776
5833 6 2 0 1 50 49 933 1364 1363 2395
5834 6 2 0 1 1364 1363 2395 514 513 1783
5835 6 2 0 1 98 540 760 1286 2002 2222
5836 6 2 0 1 1286 2002 2222 429 1390 1610
5837 6 2 0 1 29 28 590 1343 1342 2052
5838 6 2 0 1 1343 1342 2052 493 492 1440
5839 6 2 0 1 542 947 1058 2004 2409 2520
5840 6 2 0 1 2004 2409 2520 1392 1797 1908
5841 6 2 0 1 626 630 928 2088 2092 2390
5842 6 2 0 1 2088 2092 2390 1476 1480 1778
5843 6 2 0 1 713 717 936 2175 2179 2398
5844 6 2 0 1 2175 2179 2398 1563 1567 1786
5845 6 2 0 1 618 859 932 2080 2321 2394
5846 6 2 0 1 2080 2321 2394 1468 1709 1782
5847 6 2 0 1 616 614 932 2078 2076 2394
5848 6 2 0 1 2078 2076 2394 1466 1464 1782
5849 6 2 0 1 78 77 786 1266 1265 2248
5850 6 2 0 1 1266 1265 2248 409 408 1636
5851 6 2 0 1 101 100 797 1289 1288 2259
5852 6 2 0 1 1289 1288 2259 432 431 1647
5853 6 2 0 1 228 227 799 1304 1303 2261
5854 6 2 0 1 1304 1303 2261 449 448 1649
5855 6 2 0 1 614 618 932 2076 2080 2394
5856 6 2 0 1 2076 2080 2394 1464 1468 1782
5857 6 2 0 1 28 27 820 1342 1341 2282
5858 6 2 0 1 1342 1341 2282 492 491 1670
5859 6 2 0 1 760 540 849 2222 2002 2311
5860 6 2 0 1 2222 2002 2311 1610 1390 1699
5861 6 2 0 1 29 590 765 1343 2052 2227
5862 6 2 0 1 1343 2052 2227 493 1440 1615
5863 6 2 0 1 760 849 872 2222 2311 2334
5864 6 2 0 1 2222 2311 2334 1610 1699 1722
5865 6 2 0 1 567 229 931 2029 1305 2393
5866 6 2 0 1 2029 1305 2393 1417 450 1781
5867 6 2 0 1 227 226 929 1303 1302 2391
5868 6 2 0 1 1303 1302 2391 448 447 1779
5869 6 2 0 1 781 661 939 2243 2123 2401
5870 6 2 0 1 2243 2123 2401 1631 1511 1789
5871 6 2 0 1 51 50 840 1365 1364 2302
5872 6 2 0 1 1365 1364 2302 515 514 1690
5873 6 2 0 1 63 62 824 1251 1250 2286
5874 6 2 0 1 1251 1250 2286 393 392 1674
5875 6 2 0 1 3 101 860 407 1289 2322
5876 6 2 0 1 407 1289 2322 19 432 1710
5877 6 2 0 1 846 616 932 2308 2078 2394
5878 6 2 0 1 2308 2078 2394 1696 1466 1782
5879 6 2 0 1 66 65 817 1254 1253 2279
5880 6 2 0 1 1254 1253 2279 396 395 1667
5881 6 2 0 1 77 3 844 1265 407 2306
5882 6 2 0 1 1265 407 2306 408 19 1694
5883 6 2 0 1 657 974 1071 2119 2436 2533
5884 6 2 0 1 2119 2436 2533 1507 1824 1921
5885 6 2 0 1 836 639 1050 2298 2101 2512
5886 6 2 0 1 2298 2101 2512 1686 1489 1900
5887 6 2 0 1 254 835 1034 1330 2297 2496
5888 6 2 0 1 1330 2297 2496 478 1685 1884
5889 6 2 0 1 243 869 1054 1319 2331 2516
5890 6 2 0 1 1319 2331 2516 466 1719 1904
5891 6 2 0 1 573 154 942 2035 1180 2404
5892 6 2 0 1 2035 1180 2404 1423 320 1792
5893 6 2 0 1 224 583 800 1300 2045 2262
5894 6 2 0 1 1300 2045 2262 445 1433 1650
5895 6 2 0 1 765 590 827 2227 2052 2289
5896 6 2 0 1 2227 2052 2289 1615 1440 1677
5897 6 2 0 1 629 625 940 2091 2087 2402
5898 6 2 0 1 2091 2087 2402 1479 1475 1790
5899 6 2 0 1 910 789 999 2372 2251 2461
5900 6 2 0 1 2372 2251 2461 1760 1639 1849
5901 6 2 0 1 155 565 942 1181 2027 2404
5902 6 2 0 1 1181 2027 2404 321 1415 1792
5903 6 2 0 1 181 182 951 1207 1208 2413
5904 6 2 0 1 1207 1208 2413 348 349 1801
5905 6 2 0 1 695 944 1088 2157 2406 2550
5906 6 2 0 1 2157 2406 2550 1545 1794 1938
5907 6 2 0 1 854 649 855 2316 2111 2317
5908 6 2 0 1 2316 2111 2317 1704 1499 1705
5909 6 2 0 1 8 264 528 433 1340 1990
5910 6 2 0 1 433 1340 1990 20 489 1378
5911 6 2 0 1 751 841 937 2213 2303 2399
5912 6 2 0 1 2213 2303 2399 1601 1691 1787
5913 6 2 0 1 647 649 854 2109 2111 2316
5914 6 2 0 1 2109 2111 2316 1497 1499 1704
5915 6 2 0 1 695 693 944 2157 2155 2406
5916 6 2 0 1 2157 2155 2406 1545 1543 1794
5917 6 2 0 1 599 833 935 2061 2295 2397
5918 6 2 0 1 2061 2295 2397 1449 1683 1785
5919 6 2 0 1 535 848 1044 1997 2310 2506
5920 6 2 0 1 1997 2310 2506 1385 1698 1894
5921 6 2 0 1 754 752 948 2216 2214 2410
5922 6 2 0 1 2216 2214 2410 1604 1602 1798
5923 6 2 0 1 717 722 936 2179 2184 2398
5924 6 2 0 1 2179 2184 2398 1567 1572 1786
5925 6 2 0 1 704 782 934 2166 2244 2396
5926 6 2 0 1 2166 2244 2396 1554 1632 1784
5927 6 2 0 1 70 551 1067 1258 2013 2529
5928 6 2 0 1 1258 2013 2529 400 1401 1917
5929 6 2 0 1 208 209 946 1234 1235 2408
5930 6 2 0 1 1234 1235 2408 375 376 1796
5931 6 2 0 1 522 854 1035 1984 2316 2497
5932 6 2 0 1 1984 2316 2497 1372 1704 1885
5933 6 2 0 1 879 864 1072 2341 2326 2534
5934 6 2 0 1 2341 2326 2534 1729 1714 1922
5935 6 2 0 1 993 759 1107 2455 2221 2569
5936 6 2 0 1 2455 2221 2569 1843 1609 1957
5937 6 2 0 1 263 262 868 1339 1338 2330
5938 6 2 0 1 1339 1338 2330 488 487 1718
5939 6 2 0 1 209 210 950 1235 1236 2412
5940 6 2 0 1 1235 1236 2412 376 377 1800
5941 6 2 0 1 683 851 943 2145 2313 2405
5942 6 2 0 1 2145 2313 2405 1533 1701 1793
5943 6 2 0 1 869 242 1116 2331 1318 2578
5944 6 2 0 1 2331 1318 2578 1719 465 1966
5945 6 2 0 1 719 808 945 2181 2270 2407
5946 6 2 0 1 2181 2270 2407 1569 1658 1795
5947 6 2 0 1 895 553 943 2357 2015 2405
5948 6 2 0 1 2357 2015 2405 1745 1403 1793
5949 6 2 0 1 750 751 937 2212 2213 2399
5950 6 2 0 1 2212 2213 2399 1600 1601 1787
5951 6 2 0 1 621 623 953 2083 2085 2415
5952 6 2 0 1 2083 2085 2415 1471 1473 1803
5953 6 2 0 1 734 735 959 2196 2197 2421
5954 6 2 0 1 2196 2197 2421 1584 1585 1809
5955 6 2 0 1 905 563 1045 2367 2025 2507
5956 6 2 0 1 2367 2025 2507 1755 1413 1895
5957 6 2 0 1 827 590 975 2289 2052 2437
5958 6 2 0 1 2289 2052 2437 1677 1440 1825
5959 6 2 0 1 190 191 952 1216 1217 2414
5960 6 2 0 1 1216 1217 2414 357 358 1802
5961 6 2 0 1 62 61 941 1250 1249 2403
5962 6 2 0 1 1250 1249 2403 392 391 1791
5963 6 2 0 1 156 157 954 1182 1183 2416
5964 6 2 0 1 1182 1183 2416 322 323 1804
5965 6 2 0 1 528 264 845 1990 1340 2307
5966 6 2 0 1 1990 1340 2307 1378 489 1695
5967 6 2 0 1 861 559 964 2323 2021 2426
5968 6 2 0 1 2323 2021 2426 1711 1409 1814
5969 6 2 0 1 944 812 1088 2406 2274 2550
5970 6 2 0 1 2406 2274 2550 1794 1662 1938
5971 6 2 0 1 858 619 990 2320 2081 2452
5972 6 2 0 1 2320 2081 2452 1708 1469 1840
5973 6 2 0 1 212 213 957 1238 1239 2419
5974 6 2 0 1 1238 1239 2419 379 380 1807
5975 6 2 0 1 555 881 1052 2017 2343 2514
5976 6 2 0 1 2017 2343 2514 1405 1731 1902
5977 6 2 0 1 586 831 966 2048 2293 2428
5978 6 2 0 1 2048 2293 2428 1436 1681 1816
5979 6 2 0 1 824 1049 1092 2286 2511 2554
5980 6 2 0 1 2286 2511 2554 1674 1899 1942
5981 6 2 0 1 124 125 958 1150 1151 2420
5982 6 2 0 1 1150 1151 2420 289 290 1808
5983 6 2 0 1 625 627 940 2087 2089 2402
5984 6 2 0 1 2087 2089 2402 1475 1477 1790
5985 6 2 0 1 815 791 1042 2277 2253 2504
5986 6 2 0 1 2277 2253 2504 1665 1641 1892
5987 6 2 0 1 737 734 959 2199 2196 2421
5988 6 2 0 1 2199 2196 2421 1587 1584 1809
5989 6 2 0 1 710 713 955 2172 2175 2417
5990 6 2 0 1 2172 2175 2417 1560 1563 1805
5991 6 2 0 1 775 856 1058 2237 2318 2520
5992 6 2 0 1 2237 2318 2520 1625 1706 1908
5993 6 2 0 1 608 613 960 2070 2075 2422
5994 6 2 0 1 2070 2075 2422 1458 1463 1810
5995 6 2 0 1 795 888 1080 2257 2350 2542
5996 6 2 0 1 2257 2350 2542 1645 1738 1930
5997 6 2 0 1 701 700 962 2163 2162 2424
5998 6 2 0 1 2163 2162 2424 1551 1550 1812
5999 6 2 0 1 642 818 1083 2104 2280 2545
6000 6 2 0 1 2104 2280 2545 1492 1668 1933
6001 6 2 0 1 532 936 1009 1994 2398 2471
6002 6 2 0 1 1994 2398 2471 1382 1786 1859
6003 6 2 0 1 154 155 942 1180 1181 2404
6004 6 2 0 1 1180 1181 2404 320 321 1792
6005 6 2 0 1 923 807 1031 2385 2269 2493
6006 6 2 0 1 2385 2269 2493 1773 1657 1881
6007 6 2 0 1 177 592 971 1203 2054 2433
6008 6 2 0 1 1203 2054 2433 344 1442 1821
6009 6 2 0 1 564 176 971 2026 1202 2433
6010 6 2 0 1 2026 1202 2433 1414 343 1821
6011 6 2 0 1 678 683 943 2140 2145 2405
6012 6 2 0 1 2140 2145 2405 1528 1533 1793
6013 6 2 0 1 763 761 1079 2225 2223 2541
6014 6 2 0 1 2225 2223 2541 1613 1611 1929
6015 6 2 0 1 175 564 973 1201 2026 2435
6016 6 2 0 1 1201 2026 2435 342 1414 1823
6017 6 2 0 1 549 208 946 2011 1234 2408
6018 6 2 0 1 2011 1234 2408 1399 375 1796
6019 6 2 0 1 693 829 944 2155 2291 2406
6020 6 2 0 1 2155 2291 2406 1543 1679 1794
6021 6 2 0 1 746 745 998 2208 2207 2460
6022 6 2 0 1 2208 2207 2460 1596 1595 1848
6023 6 2 0 1 681 680 947 2143 2142 2409
6024 6 2 0 1 2143 2142 2409 1531 1530 1797
6025 6 2 0 1 773 719 945 2235 2181 2407
6026 6 2 0 1 2235 2181 2407 1623 1569 1795
6027 6 2 0 1 742 965 991 2204 2427 2453
6028 6 2 0 1 2204 2427 2453 1592 1815 1841
6029 6 2 0 1 533 174 973 1995 1200 2435
6030 6 2 0 1 1995 1200 2435 1383 341 1823
6031 6 2 0 1 526 897 1003 1988 2359 2465
6032 6 2 0 1 1988 2359 2465 1376 1747 1853
6033 6 2 0 1 798 754 948 2260 2216 2410
6034 6 2 0 1 2260 2216 2410 1648 1604 1798
6035 6 2 0 1 27 1 949 1341 490 2411
6036 6 2 0 1 1341 490 2411 491 26 1799
6037 6 2 0 1 563 122 972 2025 1148 2434
6038 6 2 0 1 2025 1148 2434 1413 287 1822
6039 6 2 0 1 123 561 972 1149 2023 2434
6040 6 2 0 1 1149 2023 2434 288 1411 1822
6041 6 2 0 1 974 792 1071 2436 2254 2533
6042 6 2 0 1 2436 2254 2533 1824 1642 1921
6043 6 2 0 1 545 30 1075 2007 1344 2537
6044 6 2 0 1 2007 1344 2537 1395 494 1925
6045 6 2 0 1 640 897 981 2102 2359 2443
6046 6 2 0 1 2102 2359 2443 1490 1747 1831
6047 6 2 0 1 720 716 967 2182 2178 2429
6048 6 2 0 1 2182 2178 2429 1570 1566 1817
6049 6 2 0 1 106 552 978 1132 2014 2440
6050 6 2 0 1 1132 2014 2440 271 1402 1828
6051 6 2 0 1 537 105 978 1999 1131 2440
6052 6 2 0 1 1999 1131 2440 1387 270 1828
6053 6 2 0 1 210 529 950 1236 1991 2412
6054 6 2 0 1 1236 1991 2412 377 1379 1800
6055 6 2 0 1 870 200 1013 2332 1226 2475
6056 6 2 0 1 2332 1226 2475 1720 367 1863
6057 6 2 0 1 669 681 974 2131 2143 2436
6058 6 2 0 1 2131 2143 2436 1519 1531 1824
6059 6 2 0 1 636 640 1028 2098 2102 2490
6060 6 2 0 1 2098 2102 2490 1486 1490 1878
6061 6 2 0 1 657 655 974 2119 2117 2436
6062 6 2 0 1 2119 2117 2436 1507 1505 1824
6063 6 2 0 1 897 112 981 2359 1138 2443
6064 6 2 0 1 2359 1138 2443 1747 277 1831
6065 6 2 0 1 114 115 977 1140 1141 2439
6066 6 2 0 1 1140 1141 2439 279 280 1827
6067 6 2 0 1 113 518 981 1139 1980 2443
6068 6 2 0 1 1139 1980 2443 278 1368 1831
6069 6 2 0 1 608 960 1007 2070 2422 2469
6070 6 2 0 1 2070 2422 2469 1458 1810 1857
6071 6 2 0 1 145 602 987 1171 2064 2449
6072 6 2 0 1 1171 2064 2449 311 1452 1837
6073 6 2 0 1 840 147 1105 2302 1173 2567
6074 6 2 0 1 2302 1173 2567 1690 313 1955
6075 6 2 0 1 139 570 985 1165 2032 2447
6076 6 2 0 1 1165 2032 2447 305 1420 1835
6077 6 2 0 1 132 133 983 1158 1159 2445
6078 6 2 0 1 1158 1159 2445 298 299 1833
6079 6 2 0 1 191 906 952 1217 2368 2414
6080 6 2 0 1 1217 2368 2414 358 1756 1802
6081 6 2 0 1 948 752 1094 2410 2214 2556
6082 6 2 0 1 2410 2214 2556 1798 1602 1944
6083 6 2 0 1 568 161 986 2030 1187 2448
6084 6 2 0 1 2030 1187 2448 1418 328 1836
6085 6 2 0 1 560 144 987 2022 1170 2449
6086 6 2 0 1 2022 1170 2449 1410 310 1837
6087 6 2 0 1 606 850 1039 2068 2312 2501
6088 6 2 0 1 2068 2312 2501 1456 1700 1889
6089 6 2 0 1 790 870 1013 2252 2332 2475
6090 6 2 0 1 2252 2332 2475 1640 1720 1863
6091 6 2 0 1 817 65 951 2279 1253 2413
6092 6 2 0 1 2279 1253 2413 1667 395 1801
6093 6 2 0 1 64 63 956 1252 1251 2418
6094 6 2 0 1 1252 1251 2418 394 393 1806
6095 6 2 0 1 854 522 1066 2316 1984 2528
6096 6 2 0 1 2316 1984 2528 1704 1372 1916
6097 6 2 0 1 934 636 1028 2396 2098 2490
6098 6 2 0 1 2396 2098 2490 1784 1486 1878
6099 6 2 0 1 580 976 1000 2042 2438 2462
6100 6 2 0 1 2042 2438 2462 1430 1826 1850
6101 6 2 0 1 708 710 955 2170 2172 2417
6102 6 2 0 1 2170 2172 2417 1558 1560 1805
6103 6 2 0 1 941 592 1049 2403 2054 2511
6104 6 2 0 1 2403 2054 2511 1791 1442 1899
6105 6 2 0 1 871 800 1103 2333 2262 2565
6106 6 2 0 1 2333 2262 2565 1721 1650 1953
6107 6 2 0 1 930 773 968 2392 2235 2430
6108 6 2 0 1 2392 2235 2430 1780 1623 1818
6109 6 2 0 1 921 138 985 2383 1164 2447
6110 6 2 0 1 2383 1164 2447 1771 304 1835
6111 6 2 0 1 565 156 954 2027 1182 2416
6112 6 2 0 1 2027 1182 2416 1415 322 1804
6113 6 2 0 1 623 629 953 2085 2091 2415
6114 6 2 0 1 2085 2091 2415 1473 1479 1803
6115 6 2 0 1 908 212 957 2370 1238 2419
6116 6 2 0 1 2370 1238 2419 1758 379 1807
6117 6 2 0 1 703 784 979 2165 2246 2441
6118 6 2 0 1 2165 2246 2441 1553 1634 1829
6119 6 2 0 1 727 927 982 2189 2389 2444
6120 6 2 0 1 2189 2389 2444 1577 1777 1832
6121 6 2 0 1 537 978 1033 1999 2440 2495
6122 6 2 0 1 1999 2440 2495 1387 1828 1883
6123 6 2 0 1 925 772 986 2387 2234 2448
6124 6 2 0 1 2387 2234 2448 1775 1622 1836
6125 6 2 0 1 538 888 979 2000 2350 2441
6126 6 2 0 1 2000 2350 2441 1388 1738 1829
6127 6 2 0 1 858 892 1024 2320 2354 2486
6128 6 2 0 1 2320 2354 2486 1708 1742 1874
6129 6 2 0 1 561 124 958 2023 1150 2420
6130 6 2 0 1 2023 1150 2420 1411 289 1808
6131 6 2 0 1 760 1010 1111 2222 2472 2573
6132 6 2 0 1 2222 2472 2573 1610 1860 1961
6133 6 2 0 1 743 746 984 2205 2208 2446
6134 6 2 0 1 2205 2208 2446 1593 1596 1834
6135 6 2 0 1 115 116 989 1141 1142 2451
6136 6 2 0 1 1141 1142 2451 280 281 1839
6137 6 2 0 1 164 871 1103 1190 2333 2565
6138 6 2 0 1 1190 2333 2565 331 1721 1953
6139 6 2 0 1 591 882 1081 2053 2344 2543
6140 6 2 0 1 2053 2344 2543 1441 1732 1931
6141 6 2 0 1 853 737 959 2315 2199 2421
6142 6 2 0 1 2315 2199 2421 1703 1587 1809
6143 6 2 0 1 613 914 960 2075 2376 2422
6144 6 2 0 1 2075 2376 2422 1463 1764 1810
6145 6 2 0 1 600 868 969 2062 2330 2431
6146 6 2 0 1 2062 2330 2431 1450 1718 1819
6147 6 2 0 1 768 769 970 2230 2231 2432
6148 6 2 0 1 2230 2231 2432 1618 1619 1820
6149 6 2 0 1 943 553 980 2405 2015 2442
6150 6 2 0 1 2405 2015 2442 1793 1403 1830
6151 6 2 0 1 998 745 1062 2460 2207 2524
6152 6 2 0 1 2460 2207 2524 1848 1595 1912
6153 6 2 0 1 587 890 1043 2049 2352 2505
6154 6 2 0 1 2049 2352 2505 1437 1740 1893
6155 6 2 0 1 146 147 1006 1172 1173 2468
6156 6 2 0 1 1172 1173 2468 312 313 1856
6157 6 2 0 1 805 948 1094 2267 2410 2556
6158 6 2 0 1 2267 2410 2556 1655 1798 1944
6159 6 2 0 1 929 226 1025 2391 1302 2487
6160 6 2 0 1 2391 1302 2487 1779 447 1875
6161 6 2 0 1 885 543 1062 2347 2005 2524
6162 6 2 0 1 2347 2005 2524 1735 1393 1912
6163 6 2 0 1 128 555 1012 1154 2017 2474
6164 6 2 0 1 1154 2017 2474 294 1405 1862
6165 6 2 0 1 920 809 1090 2382 2271 2552
6166 6 2 0 1 2382 2271 2552 1770 1659 1940
6167 6 2 0 1 619 612 999 2081 2074 2461
6168 6 2 0 1 2081 2074 2461 1469 1462 1849
6169 6 2 0 1 579 127 1012 2041 1153 2474
6170 6 2 0 1 2041 1153 2474 1429 293 1862
6171 6 2 0 1 773 945 1076 2235 2407 2538
6172 6 2 0 1 2235 2407 2538 1623 1795 1926
6173 6 2 0 1 173 533 1016 1199 1995 2478
6174 6 2 0 1 1199 1995 2478 340 1383 1866
6175 6 2 0 1 755 802 1069 2217 2264 2531
6176 6 2 0 1 2217 2264 2531 1605 1652 1919
6177 6 2 0 1 550 172 1016 2012 1198 2478
6178 6 2 0 1 2012 1198 2478 1400 339 1866
6179 6 2 0 1 526 1003 1040 1988 2465 2502
6180 6 2 0 1 1988 2465 2502 1376 1853 1890
6181 6 2 0 1 189 7 1048 1215 324 2510
6182 6 2 0 1 1215 324 2510 356 17 1898
6183 6 2 0 1 6 126 1051 291 1152 2513
6184 6 2 0 1 291 1152 2513 16 292 1901
6185 6 2 0 1 162 925 986 1188 2387 2448
6186 6 2 0 1 1188 2387 2448 329 1775 1836
6187 6 2 0 1 722 725 1009 2184 2187 2471
6188 6 2 0 1 2184 2187 2471 1572 1575 1859
6189 6 2 0 1 7 190 1048 324 1216 2510
6190 6 2 0 1 324 1216 2510 17 357 1898
6191 6 2 0 1 610 910 999 2072 2372 2461
6192 6 2 0 1 2072 2372 2461 1460 1760 1849
6193 6 2 0 1 765 827 1095 2227 2289 2557
6194 6 2 0 1 2227 2289 2557 1615 1677 1945
6195 6 2 0 1 213 6 1051 1239 291 2513
6196 6 2 0 1 1239 291 2513 380 16 1901
6197 6 2 0 1 569 67 961 2031 1255 2423
6198 6 2 0 1 2031 1255 2423 1419 397 1811
6199 6 2 0 1 559 88 964 2021 1276 2426
6200 6 2 0 1 2021 1276 2426 1409 419 1814
6201 6 2 0 1 925 163 1103 2387 1189 2565
6202 6 2 0 1 2387 1189 2565 1775 330 1953
6203 6 2 0 1 1 51 963 490 1365 2425
6204 6 2 0 1 490 1365 2425 26 515 1813
6205 6 2 0 1 603 605 1007 2065 2067 2469
6206 6 2 0 1 2065 2067 2469 1453 1455 1857
6207 6 2 0 1 931 587 1043 2393 2049 2505
6208 6 2 0 1 2393 2049 2505 1781 1437 1893
6209 6 2 0 1 200 201 1013 1226 1227 2475
6210 6 2 0 1 1226 1227 2475 367 368 1863
6211 6 2 0 1 700 703 962 2162 2165 2424
6212 6 2 0 1 2162 2165 2424 1550 1553 1812
6213 6 2 0 1 897 640 1003 2359 2102 2465
6214 6 2 0 1 2359 2102 2465 1747 1490 1853
6215 6 2 0 1 965 788 991 2427 2250 2453
6216 6 2 0 1 2427 2250 2453 1815 1638 1841
6217 6 2 0 1 790 1013 1064 2252 2475 2526
6218 6 2 0 1 2252 2475 2526 1640 1863 1914
6219 6 2 0 1 570 879 1053 2032 2341 2515
6220 6 2 0 1 2032 2341 2515 1420 1729 1903
6221 6 2 0 1 821 774 1047 2283 2236 2509
6222 6 2 0 1 2283 2236 2509 1671 1624 1897
6223 6 2 0 1 254 253 997 1330 1329 2459
6224 6 2 0 1 1330 1329 2459 478 477 1847
6225 6 2 0 1 594 600 969 2056 2062 2431
6226 6 2 0 1 2056 2062 2431 1444 1450 1819
6227 6 2 0 1 165 166 1025 1191 1192 2487
6228 6 2 0 1 1191 1192 2487 332 333 1875
6229 6 2 0 1 640 635 1003 2102 2097 2465
6230 6 2 0 1 2102 2097 2465 1490 1485 1853
6231 6 2 0 1 765 847 1075 2227 2309 2537
6232 6 2 0 1 2227 2309 2537 1615 1697 1925
6233 6 2 0 1 1032 528 1084 2494 1990 2546
6234 6 2 0 1 2494 1990 2546 1882 1378 1934
6235 6 2 0 1 166 929 1025 1192 2391 2487
6236 6 2 0 1 1192 2391 2487 333 1779 1875
6237 6 2 0 1 697 522 1035 2159 1984 2497
6238 6 2 0 1 2159 1984 2497 1547 1372 1885
6239 6 2 0 1 182 183 1127 1208 1209 2589
6240 6 2 0 1 1208 1209 2589 349 350 1977
6241 6 2 0 1 696 698 1021 2158 2160 2483
6242 6 2 0 1 2158 2160 2483 1546 1548 1871
6243 6 2 0 1 5 158 1056 266 1184 2518
6244 6 2 0 1 266 1184 2518 15 325 1906
6245 6 2 0 1 153 573 1115 1179 2035 2577
6246 6 2 0 1 1179 2035 2577 319 1423 1965
6247 6 2 0 1 971 592 1100 2433 2054 2562
6248 6 2 0 1 2433 2054 2562 1821 1442 1950
6249 6 2 0 1 125 5 1056 1151 266 2518
6250 6 2 0 1 1151 266 2518 290 15 1906
6251 6 2 0 1 827 975 1115 2289 2437 2577
6252 6 2 0 1 2289 2437 2577 1677 1825 1965
6253 6 2 0 1 676 911 1078 2138 2373 2540
6254 6 2 0 1 2138 2373 2540 1526 1761 1928
6255 6 2 0 1 178 179 1049 1204 1205 2511
6256 6 2 0 1 1204 1205 2511 345 346 1899
6257 6 2 0 1 652 918 1019 2114 2380 2481
6258 6 2 0 1 2114 2380 2481 1502 1768 1869
6259 6 2 0 1 888 887 1080 2350 2349 2542
6260 6 2 0 1 2350 2349 2542 1738 1737 1930
6261 6 2 0 1 678 943 980 2140 2405 2442
6262 6 2 0 1 2140 2405 2442 1528 1793 1830
6263 6 2 0 1 606 604 1065 2068 2066 2527
6264 6 2 0 1 2068 2066 2527 1456 1454 1915
6265 6 2 0 1 960 547 1007 2422 2009 2469
6266 6 2 0 1 2422 2009 2469 1810 1397 1857
6267 6 2 0 1 892 891 1024 2354 2353 2486
6268 6 2 0 1 2354 2353 2486 1742 1741 1874
6269 6 2 0 1 167 168 1068 1193 1194 2530
6270 6 2 0 1 1193 1194 2530 334 335 1918
6271 6 2 0 1 901 900 1061 2363 2362 2523
6272 6 2 0 1 2363 2362 2523 1751 1750 1911
6273 6 2 0 1 889 526 1040 2351 1988 2502
6274 6 2 0 1 2351 1988 2502 1739 1376 1890
6275 6 2 0 1 729 819 1018 2191 2281 2480
6276 6 2 0 1 2191 2281 2480 1579 1669 1868
6277 6 2 0 1 686 688 1086 2148 2150 2548
6278 6 2 0 1 2148 2150 2548 1536 1538 1936
6279 6 2 0 1 788 848 1067 2250 2310 2529
6280 6 2 0 1 2250 2310 2529 1638 1698 1917
6281 6 2 0 1 784 704 1027 2246 2166 2489
6282 6 2 0 1 2246 2166 2489 1634 1554 1877
6283 6 2 0 1 802 756 1020 2264 2218 2482
6284 6 2 0 1 2264 2218 2482 1652 1606 1870
6285 6 2 0 1 730 849 1112 2192 2311 2574
6286 6 2 0 1 2192 2311 2574 1580 1699 1962
6287 6 2 0 1 137 921 1073 1163 2383 2535
6288 6 2 0 1 1163 2383 2535 303 1771 1923
6289 6 2 0 1 942 565 1020 2404 2027 2482
6290 6 2 0 1 2404 2027 2482 1792 1415 1870
6291 6 2 0 1 753 755 1033 2215 2217 2495
6292 6 2 0 1 2215 2217 2495 1603 1605 1883
6293 6 2 0 1 742 744 965 2204 2206 2427
6294 6 2 0 1 2204 2206 2427 1592 1594 1815
6295 6 2 0 1 236 235 593 1312 1311 2055
6296 6 2 0 1 1312 1311 2055 458 457 1443
6297 6 2 0 1 157 4 1059 1183 265 2521
6298 6 2 0 1 1183 265 2521 323 14 1909
6299 6 2 0 1 849 730 1126 2311 2192 2588
6300 6 2 0 1 2311 2192 2588 1699 1580 1976
6301 6 2 0 1 718 939 1031 2180 2401 2493
6302 6 2 0 1 2180 2401 2493 1568 1789 1881
6303 6 2 0 1 4 102 1059 265 1128 2521
6304 6 2 0 1 265 1128 2521 14 267 1909
6305 6 2 0 1 766 922 1060 2228 2384 2522
6306 6 2 0 1 2228 2384 2522 1616 1772 1910
6307 6 2 0 1 646 528 1032 2108 1990 2494
6308 6 2 0 1 2108 1990 2494 1496 1378 1882
6309 6 2 0 1 725 726 1112 2187 2188 2574
6310 6 2 0 1 2187 2188 2574 1575 1576 1962
6311 6 2 0 1 685 788 965 2147 2250 2427
6312 6 2 0 1 2147 2250 2427 1535 1638 1815
6313 6 2 0 1 776 586 966 2238 2048 2428
6314 6 2 0 1 2238 2048 2428 1626 1436 1816
6315 6 2 0 1 1018 555 1052 2480 2017 2514
6316 6 2 0 1 2480 2017 2514 1868 1405 1902
6317 6 2 0 1 749 747 1094 2211 2209 2556
6318 6 2 0 1 2211 2209 2556 1599 1597 1944
6319 6 2 0 1 724 720 1082 2186 2182 2544
6320 6 2 0 1 2186 2182 2544 1574 1570 1932
6321 6 2 0 1 8 528 646 433 1990 2108
6322 6 2 0 1 433 1990 2108 20 1378 1496
6323 6 2 0 1 569 1081 1110 2031 2543 2572
6324 6 2 0 1 2031 2543 2572 1419 1931 1960
6325 6 2 0 1 94 708 1093 1282 2170 2555
6326 6 2 0 1 1282 2170 2555 425 1558 1943
6327 6 2 0 1 167 1068 1089 1193 2530 2551
6328 6 2 0 1 1193 2530 2551 334 1918 1939
6329 6 2 0 1 541 736 1096 2003 2198 2558
6330 6 2 0 1 2003 2198 2558 1391 1586 1946
6331 6 2 0 1 764 826 1030 2226 2288 2492
6332 6 2 0 1 2226 2288 2492 1614 1676 1880
6333 6 2 0 1 166 167 1089 1192 1193 2551
6334 6 2 0 1 1192 1193 2551 333 334 1939
6335 6 2 0 1 929 166 1089 2391 1192 2551
6336 6 2 0 1 2391 1192 2551 1779 333 1939
6337 6 2 0 1 716 728 967 2178 2190 2429
6338 6 2 0 1 2178 2190 2429 1566 1578 1817
6339 6 2 0 1 553 898 980 2015 2360 2442
6340 6 2 0 1 2015 2360 2442 1403 1748 1830
6341 6 2 0 1 855 649 1014 2317 2111 2476
6342 6 2 0 1 2317 2111 2476 1705 1499 1864
6343 6 2 0 1 961 591 1081 2423 2053 2543
6344 6 2 0 1 2423 2053 2543 1811 1441 1931
6345 6 2 0 1 728 930 968 2190 2392 2430
6346 6 2 0 1 2190 2392 2430 1578 1780 1818
6347 6 2 0 1 888 962 979 2350 2424 2441
6348 6 2 0 1 2350 2424 2441 1738 1812 1829
6349 6 2 0 1 687 556 1109 2149 2018 2571
6350 6 2 0 1 2149 2018 2571 1537 1406 1959
6351 6 2 0 1 1081 884 1110 2543 2346 2572
6352 6 2 0 1 2543 2346 2572 1931 1734 1960
6353 6 2 0 1 556 783 1109 2018 2245 2571
6354 6 2 0 1 2018 2245 2571 1406 1633 1959
6355 6 2 0 1 769 796 970 2231 2258 2432
6356 6 2 0 1 2231 2258 2432 1619 1646 1820
6357 6 2 0 1 843 602 1118 2305 2064 2580
6358 6 2 0 1 2305 2064 2580 1693 1452 1968
6359 6 2 0 1 813 942 1020 2275 2404 2482
6360 6 2 0 1 2275 2404 2482 1663 1792 1870
6361 6 2 0 1 889 1040 1077 2351 2502 2539
6362 6 2 0 1 2351 2502 2539 1739 1890 1927
6363 6 2 0 1 551 739 991 2013 2201 2453
6364 6 2 0 1 2013 2201 2453 1401 1589 1841
6365 6 2 0 1 770 554 1099 2232 2016 2561
6366 6 2 0 1 2232 2016 2561 1620 1404 1949
6367 6 2 0 1 176 177 971 1202 1203 2433
6368 6 2 0 1 1202 1203 2433 343 344 1821
6369 6 2 0 1 779 1021 1099 2241 2483 2561
6370 6 2 0 1 2241 2483 2561 1629 1871 1949
6371 6 2 0 1 581 920 1088 2043 2382 2550
6372 6 2 0 1 2043 2382 2550 1431 1770 1938
6373 6 2 0 1 550 857 1024 2012 2319 2486
6374 6 2 0 1 2012 2319 2486 1400 1707 1874
6375 6 2 0 1 879 878 1101 2341 2340 2563
6376 6 2 0 1 2341 2340 2563 1729 1728 1951
6377 6 2 0 1 122 123 972 1148 1149 2434
6378 6 2 0 1 1148 1149 2434 287 288 1822
6379 6 2 0 1 655 669 974 2117 2131 2436
6380 6 2 0 1 2117 2131 2436 1505 1519 1824
6381 6 2 0 1 214 647 1066 1290 2109 2528
6382 6 2 0 1 1290 2109 2528 435 1497 1916
6383 6 2 0 1 927 724 1097 2389 2186 2559
6384 6 2 0 1 2389 2186 2559 1777 1574 1947
6385 6 2 0 1 174 175 973 1200 1201 2435
6386 6 2 0 1 1200 1201 2435 341 342 1823
6387 6 2 0 1 567 931 1043 2029 2393 2505
6388 6 2 0 1 2029 2393 2505 1417 1781 1893
6389 6 2 0 1 946 724 1082 2408 2186 2544
6390 6 2 0 1 2408 2186 2544 1796 1574 1932
6391 6 2 0 1 679 862 1023 2141 2324 2485
6392 6 2 0 1 2141 2324 2485 1529 1712 1873
6393 6 2 0 1 151 152 975 1177 1178 2437
6394 6 2 0 1 1177 1178 2437 317 318 1825
6395 6 2 0 1 261 260 574 1337 1336 2036
6396 6 2 0 1 1337 1336 2036 486 485 1424
6397 6 2 0 1 791 776 1042 2253 2238 2504
6398 6 2 0 1 2253 2238 2504 1641 1626 1892
6399 6 2 0 1 939 661 1031 2401 2123 2493
6400 6 2 0 1 2401 2123 2493 1789 1511 1881
6401 6 2 0 1 739 742 991 2201 2204 2453
6402 6 2 0 1 2201 2204 2453 1589 1592 1841
6403 6 2 0 1 557 889 1077 2019 2351 2539
6404 6 2 0 1 2019 2351 2539 1407 1739 1927
6405 6 2 0 1 522 215 1066 1984 1291 2528
6406 6 2 0 1 1984 1291 2528 1372 436 1916
6407 6 2 0 1 518 114 977 1980 1140 2439
6408 6 2 0 1 1980 1140 2439 1368 279 1827
6409 6 2 0 1 105 106 978 1131 1132 2440
6410 6 2 0 1 1131 1132 2440 270 271 1828
6411 6 2 0 1 866 785 1029 2328 2247 2491
6412 6 2 0 1 2328 2247 2491 1716 1635 1879
6413 6 2 0 1 978 841 1033 2440 2303 2495
6414 6 2 0 1 2440 2303 2495 1828 1691 1883
6415 6 2 0 1 845 919 1084 2307 2381 2546
6416 6 2 0 1 2307 2381 2546 1695 1769 1934
6417 6 2 0 1 879 783 1053 2341 2245 2515
6418 6 2 0 1 2341 2245 2515 1729 1633 1903
6419 6 2 0 1 577 867 1100 2039 2329 2562
6420 6 2 0 1 2039 2329 2562 1427 1717 1950
6421 6 2 0 1 843 762 994 2305 2224 2456
6422 6 2 0 1 2305 2224 2456 1693 1612 1844
6423 6 2 0 1 783 879 1072 2245 2341 2534
6424 6 2 0 1 2245 2341 2534 1633 1729 1922
6425 6 2 0 1 979 784 989 2441 2246 2451
6426 6 2 0 1 2441 2246 2451 1829 1634 1839
6427 6 2 0 1 112 113 981 1138 1139 2443
6428 6 2 0 1 1138 1139 2443 277 278 1831
6429 6 2 0 1 677 678 980 2139 2140 2442
6430 6 2 0 1 2139 2140 2442 1527 1528 1830
6431 6 2 0 1 893 132 983 2355 1158 2445
6432 6 2 0 1 2355 1158 2445 1743 298 1833
6433 6 2 0 1 924 790 1064 2386 2252 2526
6434 6 2 0 1 2386 2252 2526 1774 1640 1914
6435 6 2 0 1 888 795 1087 2350 2257 2549
6436 6 2 0 1 2350 2257 2549 1738 1645 1937
6437 6 2 0 1 981 518 1028 2443 1980 2490
6438 6 2 0 1 2443 1980 2490 1831 1368 1878
6439 6 2 0 1 731 727 982 2193 2189 2444
6440 6 2 0 1 2193 2189 2444 1581 1577 1832
6441 6 2 0 1 563 972 1045 2025 2434 2507
6442 6 2 0 1 2025 2434 2507 1413 1822 1895
6443 6 2 0 1 867 971 1100 2329 2433 2562
6444 6 2 0 1 2329 2433 2562 1717 1821 1950
6445 6 2 0 1 740 738 1110 2202 2200 2572
6446 6 2 0 1 2202 2200 2572 1590 1588 1960
6447 6 2 0 1 518 1027 1028 1980 2489 2490
6448 6 2 0 1 1980 2489 2490 1368 1877 1878
6449 6 2 0 1 892 858 993 2354 2320 2455
6450 6 2 0 1 2354 2320 2455 1742 1708 1843
6451 6 2 0 1 247 651 1106 1323 2113 2568
6452 6 2 0 1 1323 2113 2568 470 1501 1956
6453 6 2 0 1 867 866 1029 2329 2328 2491
6454 6 2 0 1 2329 2328 2491 1717 1716 1879
6455 6 2 0 1 215 214 1066 1291 1290 2528
6456 6 2 0 1 1291 1290 2528 436 435 1916
6457 6 2 0 1 724 950 1097 2186 2412 2559
6458 6 2 0 1 2186 2412 2559 1574 1800 1947
6459 6 2 0 1 262 13 1038 1338 484 2500
6460 6 2 0 1 1338 484 2500 487 25 1888
6461 6 2 0 1 958 589 1057 2420 2051 2519
6462 6 2 0 1 2420 2051 2519 1808 1439 1907
6463 6 2 0 1 134 860 1037 1160 2322 2499
6464 6 2 0 1 1160 2322 2499 300 1710 1887
6465 6 2 0 1 528 845 1084 1990 2307 2546
6466 6 2 0 1 1990 2307 2546 1378 1695 1934
6467 6 2 0 1 95 94 1093 1283 1282 2555
6468 6 2 0 1 1283 1282 2555 426 425 1943
6469 6 2 0 1 744 743 984 2206 2205 2446
6470 6 2 0 1 2206 2205 2446 1594 1593 1834
6471 6 2 0 1 980 898 1026 2442 2360 2488
6472 6 2 0 1 2442 2360 2488 1830 1748 1876
6473 6 2 0 1 864 692 1072 2326 2154 2534
6474 6 2 0 1 2326 2154 2534 1714 1542 1922
6475 6 2 0 1 180 181 1085 1206 1207 2547
6476 6 2 0 1 1206 1207 2547 347 348 1935
6477 6 2 0 1 138 139 985 1164 1165 2447
6478 6 2 0 1 1164 1165 2447 304 305 1835
6479 6 2 0 1 161 162 986 1187 1188 2448
6480 6 2 0 1 1187 1188 2448 328 329 1836
6481 6 2 0 1 787 935 1032 2249 2397 2494
6482 6 2 0 1 2249 2397 2494 1637 1785 1882
6483 6 2 0 1 582 821 1121 2044 2283 2583
6484 6 2 0 1 2044 2283 2583 1432 1671 1971
6485 6 2 0 1 144 145 987 1170 1171 2449
6486 6 2 0 1 1170 1171 2449 310 311 1837
6487 6 2 0 1 977 784 1027 2439 2246 2489
6488 6 2 0 1 2439 2246 2489 1827 1634 1877
6489 6 2 0 1 933 602 1006 2395 2064 2468
6490 6 2 0 1 2395 2064 2468 1783 1452 1856
6491 6 2 0 1 995 725 1112 2457 2187 2574
6492 6 2 0 1 2457 2187 2574 1845 1575 1962
6493 6 2 0 1 228 799 1108 1304 2261 2570
6494 6 2 0 1 1304 2261 2570 449 1649 1958
6495 6 2 0 1 575 237 1055 2037 1313 2517
6496 6 2 0 1 2037 1313 2517 1425 460 1905
6497 6 2 0 1 64 956 1085 1252 2418 2547
6498 6 2 0 1 1252 2418 2547 394 1806 1935
6499 6 2 0 1 854 855 1035 2316 2317 2497
6500 6 2 0 1 2316 2317 2497 1704 1705 1885
6501 6 2 0 1 1027 934 1028 2489 2396 2490
6502 6 2 0 1 2489 2396 2490 1877 1784 1878
6503 6 2 0 1 116 538 989 1142 2000 2451
6504 6 2 0 1 1142 2000 2451 281 1388 1839
6505 6 2 0 1 822 775 1058 2284 2237 2520
6506 6 2 0 1 2284 2237 2520 1672 1625 1908
6507 6 2 0 1 83 536 988 1271 1998 2450
6508 6 2 0 1 1271 1998 2450 414 1386 1838
6509 6 2 0 1 910 606 1039 2372 2068 2501
6510 6 2 0 1 2372 2068 2501 1760 1456 1889
6511 6 2 0 1 1042 536 1086 2504 1998 2548
6512 6 2 0 1 2504 1998 2548 1892 1386 1936
6513 6 2 0 1 532 95 1093 1994 1283 2555
6514 6 2 0 1 1994 1283 2555 1382 426 1943
6515 6 2 0 1 997 253 1046 2459 1329 2508
6516 6 2 0 1 2459 1329 2508 1847 477 1896
6517 6 2 0 1 789 759 990 2251 2221 2452
6518 6 2 0 1 2251 2221 2452 1639 1609 1840
6519 6 2 0 1 896 744 1070 2358 2206 2532
6520 6 2 0 1 2358 2206 2532 1746 1594 1920
6521 6 2 0 1 795 770 992 2257 2232 2454
6522 6 2 0 1 2257 2232 2454 1645 1620 1842
6523 6 2 0 1 945 808 1061 2407 2270 2523
6524 6 2 0 1 2407 2270 2523 1795 1658 1911
6525 6 2 0 1 823 575 1055 2285 2037 2517
6526 6 2 0 1 2285 2037 2517 1673 1425 1905
6527 6 2 0 1 865 535 1044 2327 1997 2506
6528 6 2 0 1 2327 1997 2506 1715 1385 1894
6529 6 2 0 1 677 980 1026 2139 2442 2488
6530 6 2 0 1 2139 2442 2488 1527 1830 1876
6531 6 2 0 1 762 764 994 2224 2226 2456
6532 6 2 0 1 2224 2226 2456 1612 1614 1844
6533 6 2 0 1 793 907 1121 2255 2369 2583
6534 6 2 0 1 2255 2369 2583 1643 1757 1971
6535 6 2 0 1 1004 814 1090 2466 2276 2552
6536 6 2 0 1 2466 2276 2552 1854 1664 1940
6537 6 2 0 1 682 865 1044 2144 2327 2506
6538 6 2 0 1 2144 2327 2506 1532 1715 1894
6539 6 2 0 1 886 578 998 2348 2040 2460
6540 6 2 0 1 2348 2040 2460 1736 1428 1848
6541 6 2 0 1 962 703 979 2424 2165 2441
6542 6 2 0 1 2424 2165 2441 1812 1553 1829
6543 6 2 0 1 975 152 1115 2437 1178 2577
6544 6 2 0 1 2437 1178 2577 1825 318 1965
6545 6 2 0 1 849 540 995 2311 2002 2457
6546 6 2 0 1 2311 2002 2457 1699 1390 1845
6547 6 2 0 1 807 718 1031 2269 2180 2493
6548 6 2 0 1 2269 2180 2493 1657 1568 1881
6549 6 2 0 1 1033 755 1069 2495 2217 2531
6550 6 2 0 1 2495 2217 2531 1883 1605 1919
6551 6 2 0 1 898 525 1026 2360 1987 2488
6552 6 2 0 1 2360 1987 2488 1748 1375 1876
6553 6 2 0 1 612 610 999 2074 2072 2461
6554 6 2 0 1 2074 2072 2461 1462 1460 1849
6555 6 2 0 1 10 236 1002 456 1312 2464
6556 6 2 0 1 456 1312 2464 22 458 1852
6557 6 2 0 1 808 807 1001 2270 2269 2463
6558 6 2 0 1 2270 2269 2463 1658 1657 1851
6559 6 2 0 1 602 146 1006 2064 1172 2468
6560 6 2 0 1 2064 1172 2468 1452 312 1856
6561 6 2 0 1 589 876 1057 2051 2338 2519
6562 6 2 0 1 2051 2338 2519 1439 1726 1907
6563 6 2 0 1 601 791 1004 2063 2253 2466
6564 6 2 0 1 2063 2253 2466 1451 1641 1854
6565 6 2 0 1 891 550 1024 2353 2012 2486
6566 6 2 0 1 2353 2012 2486 1741 1400 1874
6567 6 2 0 1 833 832 996 2295 2294 2458
6568 6 2 0 1 2295 2294 2458 1683 1682 1846
6569 6 2 0 1 648 646 1032 2110 2108 2494
6570 6 2 0 1 2110 2108 2494 1498 1496 1882
6571 6 2 0 1 639 880 1050 2101 2342 2512
6572 6 2 0 1 2101 2342 2512 1489 1730 1900
6573 6 2 0 1 792 777 1071 2254 2239 2533
6574 6 2 0 1 2254 2239 2533 1642 1627 1921
6575 6 2 0 1 534 915 1070 1996 2377 2532
6576 6 2 0 1 1996 2377 2532 1384 1765 1920
6577 6 2 0 1 634 953 1022 2096 2415 2484
6578 6 2 0 1 2096 2415 2484 1484 1803 1872
6579 6 2 0 1 235 9 1008 1311 434 2470
6580 6 2 0 1 1311 434 2470 457 21 1858
6581 6 2 0 1 605 608 1007 2067 2070 2469
6582 6 2 0 1 2067 2070 2469 1455 1458 1857
6583 6 2 0 1 956 180 1085 2418 1206 2547
6584 6 2 0 1 2418 1206 2547 1806 347 1935
6585 6 2 0 1 635 926 1003 2097 2388 2465
6586 6 2 0 1 2097 2388 2465 1485 1776 1853
6587 6 2 0 1 673 675 1011 2135 2137 2473
6588 6 2 0 1 2135 2137 2473 1523 1525 1861
6589 6 2 0 1 260 12 1005 1336 475 2467
6590 6 2 0 1 1336 475 2467 485 24 1855
6591 6 2 0 1 127 128 1012 1153 1154 2474
6592 6 2 0 1 1153 1154 2474 293 294 1862
6593 6 2 0 1 935 648 1032 2397 2110 2494
6594 6 2 0 1 2397 2110 2494 1785 1498 1882
6595 6 2 0 1 201 516 1013 1227 1978 2475
6596 6 2 0 1 1227 1978 2475 368 1366 1863
6597 6 2 0 1 920 695 1088 2382 2157 2550
6598 6 2 0 1 2382 2157 2550 1770 1545 1938
6599 6 2 0 1 828 617 1017 2290 2079 2479
6600 6 2 0 1 2290 2079 2479 1678 1467 1867
6601 6 2 0 1 815 1042 1086 2277 2504 2548
6602 6 2 0 1 2277 2504 2548 1665 1892 1936
6603 6 2 0 1 546 945 1061 2008 2407 2523
6604 6 2 0 1 2008 2407 2523 1396 1795 1911
6605 6 2 0 1 871 165 1025 2333 1191 2487
6606 6 2 0 1 2333 1191 2487 1721 332 1875
6607 6 2 0 1 957 579 1036 2419 2041 2498
6608 6 2 0 1 2419 2041 2498 1807 1429 1886
6609 6 2 0 1 918 781 1019 2380 2243 2481
6610 6 2 0 1 2380 2243 2481 1768 1631 1869
6611 6 2 0 1 955 532 1093 2417 1994 2555
6612 6 2 0 1 2417 1994 2555 1805 1382 1943
6613 6 2 0 1 886 998 1062 2348 2460 2524
6614 6 2 0 1 2348 2460 2524 1736 1848 1912
6615 6 2 0 1 732 792 1015 2194 2254 2477
6616 6 2 0 1 2194 2254 2477 1582 1642 1865
6617 6 2 0 1 172 173 1016 1198 1199 2478
6618 6 2 0 1 1198 1199 2478 339 340 1866
6619 6 2 0 1 776 966 988 2238 2428 2450
6620 6 2 0 1 2238 2428 2450 1626 1816 1838
6621 6 2 0 1 698 701 1021 2160 2163 2483
6622 6 2 0 1 2160 2163 2483 1548 1551 1871
6623 6 2 0 1 255 254 1034 1331 1330 2496
6624 6 2 0 1 1331 1330 2496 479 478 1884
6625 6 2 0 1 730 729 1018 2192 2191 2480
6626 6 2 0 1 2192 2191 2480 1580 1579 1868
6627 6 2 0 1 830 679 1023 2292 2141 2485
6628 6 2 0 1 2292 2141 2485 1680 1529 1873
6629 6 2 0 1 802 1020 1120 2264 2482 2582
6630 6 2 0 1 2264 2482 2582 1652 1870 1970
6631 6 2 0 1 857 858 1024 2319 2320 2486
6632 6 2 0 1 2319 2320 2486 1707 1708 1874
6633 6 2 0 1 936 722 1009 2398 2184 2471
6634 6 2 0 1 2398 2184 2471 1786 1572 1859
6635 6 2 0 1 248 247 1106 1324 1323 2568
6636 6 2 0 1 1324 1323 2568 471 470 1956
6637 6 2 0 1 877 560 1030 2339 2022 2492
6638 6 2 0 1 2339 2022 2492 1727 1410 1880
6639 6 2 0 1 756 813 1020 2218 2275 2482
6640 6 2 0 1 2218 2275 2482 1606 1663 1870
6641 6 2 0 1 649 650 1014 2111 2112 2476
6642 6 2 0 1 2111 2112 2476 1499 1500 1864
6643 6 2 0 1 538 979 989 2000 2441 2451
6644 6 2 0 1 2000 2441 2451 1388 1829 1839
6645 6 2 0 1 922 677 1026 2384 2139 2488
6646 6 2 0 1 2384 2139 2488 1772 1527 1876
6647 6 2 0 1 915 896 1070 2377 2358 2532
6648 6 2 0 1 2377 2358 2532 1765 1746 1920
6649 6 2 0 1 701 962 1087 2163 2424 2549
6650 6 2 0 1 2163 2424 2549 1551 1812 1937
6651 6 2 0 1 133 134 1037 1159 1160 2499
6652 6 2 0 1 1159 1160 2499 299 300 1887
6653 6 2 0 1 972 853 1045 2434 2315 2507
6654 6 2 0 1 2434 2315 2507 1822 1703 1895
6655 6 2 0 1 179 180 1092 1205 1206 2554
6656 6 2 0 1 1205 1206 2554 346 347 1942
6657 6 2 0 1 661 923 1031 2123 2385 2493
6658 6 2 0 1 2123 2385 2493 1511 1773 1881
6659 6 2 0 1 705 697 1035 2167 2159 2497
6660 6 2 0 1 2167 2159 2497 1555 1547 1885
6661 6 2 0 1 1003 926 1040 2465 2388 2502
6662 6 2 0 1 2465 2388 2502 1853 1776 1890
6663 6 2 0 1 841 753 1033 2303 2215 2495
6664 6 2 0 1 2303 2215 2495 1691 1603 1883
6665 6 2 0 1 249 248 1104 1325 1324 2566
6666 6 2 0 1 1325 1324 2566 472 471 1954
6667 6 2 0 1 973 564 1074 2435 2026 2536
6668 6 2 0 1 2435 2026 2536 1823 1414 1924
6669 6 2 0 1 1013 516 1064 2475 1978 2526
6670 6 2 0 1 2475 1978 2526 1863 1366 1914
6671 6 2 0 1 954 157 1059 2416 1183 2521
6672 6 2 0 1 2416 1183 2521 1804 323 1909
6673 6 2 0 1 572 872 1123 2034 2334 2585
6674 6 2 0 1 2034 2334 2585 1422 1722 1973
6675 6 2 0 1 976 645 1000 2438 2107 2462
6676 6 2 0 1 2438 2107 2462 1826 1495 1850
6677 6 2 0 1 907 582 1121 2369 2044 2583
6678 6 2 0 1 2369 2044 2583 1757 1432 1971
6679 6 2 0 1 640 981 1028 2102 2443 2490
6680 6 2 0 1 2102 2443 2490 1490 1831 1878
6681 6 2 0 1 704 934 1027 2166 2396 2489
6682 6 2 0 1 2166 2396 2489 1554 1784 1877
6683 6 2 0 1 819 731 1036 2281 2193 2498
6684 6 2 0 1 2281 2193 2498 1669 1581 1886
6685 6 2 0 1 890 892 1043 2352 2354 2505
6686 6 2 0 1 2352 2354 2505 1740 1742 1893
6687 6 2 0 1 982 927 1097 2444 2389 2559
6688 6 2 0 1 2444 2389 2559 1832 1777 1947
6689 6 2 0 1 958 125 1056 2420 1151 2518
6690 6 2 0 1 2420 1151 2518 1808 290 1906
6691 6 2 0 1 902 527 1076 2364 1989 2538
6692 6 2 0 1 2364 1989 2538 1752 1377 1926
6693 6 2 0 1 592 178 1049 2054 1204 2511
6694 6 2 0 1 2054 1204 2511 1442 345 1899
6695 6 2 0 1 190 952 1048 1216 2414 2510
6696 6 2 0 1 1216 2414 2510 357 1802 1898
6697 6 2 0 1 696 1021 1113 2158 2483 2575
6698 6 2 0 1 2158 2483 2575 1546 1871 1963
6699 6 2 0 1 957 213 1051 2419 1239 2513
6700 6 2 0 1 2419 1239 2513 1807 380 1901
6701 6 2 0 1 578 189 1048 2040 1215 2510
6702 6 2 0 1 2040 1215 2510 1428 356 1898
6703 6 2 0 1 684 682 1044 2146 2144 2506
6704 6 2 0 1 2146 2144 2506 1534 1532 1894
6705 6 2 0 1 602 933 1118 2064 2395 2580
6706 6 2 0 1 2064 2395 2580 1452 1783 1968
6707 6 2 0 1 126 579 1051 1152 2041 2513
6708 6 2 0 1 1152 2041 2513 292 1429 1901
6709 6 2 0 1 926 641 1040 2388 2103 2502
6710 6 2 0 1 2388 2103 2502 1776 1491 1890
6711 6 2 0 1 543 886 1062 2005 2348 2524
6712 6 2 0 1 2005 2348 2524 1393 1736 1912
6713 6 2 0 1 253 252 1046 1329 1328 2508
6714 6 2 0 1 1329 1328 2508 477 476 1896
6715 6 2 0 1 966 831 1114 2428 2293 2576
6716 6 2 0 1 2428 2293 2576 1816 1681 1964
6717 6 2 0 1 158 589 1056 1184 2051 2518
6718 6 2 0 1 1184 2051 2518 325 1439 1906
6719 6 2 0 1 652 1019 1117 2114 2481 2579
6720 6 2 0 1 2114 2481 2579 1502 1869 1967
6721 6 2 0 1 720 967 1082 2182 2429 2544
6722 6 2 0 1 2182 2429 2544 1570 1817 1932
6723 6 2 0 1 938 249 1104 2400 1325 2566
6724 6 2 0 1 2400 1325 2566 1788 472 1954
6725 6 2 0 1 236 593 1002 1312 2055 2464
6726 6 2 0 1 1312 2055 2464 458 1443 1852
6727 6 2 0 1 147 148 1105 1173 1174 2567
6728 6 2 0 1 1173 1174 2567 313 314 1955
6729 6 2 0 1 593 235 1008 2055 1311 2470
6730 6 2 0 1 2055 1311 2470 1443 457 1858
6731 6 2 0 1 900 546 1061 2362 2008 2523
6732 6 2 0 1 2362 2008 2523 1750 1396 1911
6733 6 2 0 1 242 241 1116 1318 1317 2578
6734 6 2 0 1 1318 1317 2578 465 464 1966
6735 6 2 0 1 604 823 1065 2066 2285 2527
6736 6 2 0 1 2066 2285 2527 1454 1673 1915
6737 6 2 0 1 878 530 1101 2340 1992 2563
6738 6 2 0 1 2340 1992 2563 1728 1380 1951
6739 6 2 0 1 102 588 1059 1128 2050 2521
6740 6 2 0 1 1128 2050 2521 267 1438 1909
6741 6 2 0 1 168 587 1068 1194 2049 2530
6742 6 2 0 1 1194 2049 2530 335 1437 1918
6743 6 2 0 1 516 901 1064 1978 2363 2526
6744 6 2 0 1 1978 2363 2526 1366 1751 1914
6745 6 2 0 1 870 766 1060 2332 2228 2522
6746 6 2 0 1 2332 2228 2522 1720 1616 1910
6747 6 2 0 1 603 1007 1119 2065 2469 2581
6748 6 2 0 1 2065 2469 2581 1453 1857 1969
6749 6 2 0 1 881 572 1123 2343 2034 2585
6750 6 2 0 1 2343 2034 2585 1731 1422 1973
6751 6 2 0 1 735 733 1122 2197 2195 2584
6752 6 2 0 1 2197 2195 2584 1585 1583 1972
6753 6 2 0 1 1040 641 1077 2502 2103 2539
6754 6 2 0 1 2502 2103 2539 1890 1491 1927
6755 6 2 0 1 785 846 1074 2247 2308 2536
6756 6 2 0 1 2247 2308 2536 1635 1696 1924
6757 6 2 0 1 13 261 1038 484 1337 2500
6758 6 2 0 1 484 1337 2500 25 486 1888
6759 6 2 0 1 887 566 1080 2349 2028 2542
6760 6 2 0 1 2349 2028 2542 1737 1416 1930
6761 6 2 0 1 882 884 1081 2344 2346 2543
6762 6 2 0 1 2344 2346 2543 1732 1734 1931
6763 6 2 0 1 909 537 1069 2371 1999 2531
6764 6 2 0 1 2371 1999 2531 1759 1387 1919
6765 6 2 0 1 569 961 1081 2031 2423 2543
6766 6 2 0 1 2031 2423 2543 1419 1811 1931
6767 6 2 0 1 651 1091 1106 2113 2553 2568
6768 6 2 0 1 2113 2553 2568 1501 1941 1956
6769 6 2 0 1 1080 566 1102 2542 2028 2564
6770 6 2 0 1 2542 2028 2564 1930 1416 1952
6771 6 2 0 1 911 657 1071 2373 2119 2533
6772 6 2 0 1 2373 2119 2533 1761 1507 1921
6773 6 2 0 1 136 137 1073 1162 1163 2535
6774 6 2 0 1 1162 1163 2535 302 303 1923
6775 6 2 0 1 261 574 1038 1337 2036 2500
6776 6 2 0 1 1337 2036 2500 486 1424 1888
6777 6 2 0 1 183 591 1127 1209 2053 2589
6778 6 2 0 1 1209 2053 2589 350 1441 1977
6779 6 2 0 1 576 843 1118 2038 2305 2580
6780 6 2 0 1 2038 2305 2580 1426 1693 1968
6781 6 2 0 1 591 961 1098 2053 2423 2560
6782 6 2 0 1 2053 2423 2560 1441 1811 1948
6783 6 2 0 1 832 598 1047 2294 2060 2509
6784 6 2 0 1 2294 2060 2509 1682 1448 1897
6785 6 2 0 1 919 787 1084 2381 2249 2546
6786 6 2 0 1 2381 2249 2546 1769 1637 1934
6787 6 2 0 1 1068 799 1089 2530 2261 2551
6788 6 2 0 1 2530 2261 2551 1918 1649 1939
6789 6 2 0 1 566 903 1102 2028 2365 2564
6790 6 2 0 1 2028 2365 2564 1416 1753 1952
6791 6 2 0 1 547 239 1119 2009 1315 2581
6792 6 2 0 1 2009 1315 2581 1397 462 1969
6793 6 2 0 1 587 931 1108 2049 2393 2570
6794 6 2 0 1 2049 2393 2570 1437 1781 1958
6795 6 2 0 1 647 854 1066 2109 2316 2528
6796 6 2 0 1 2109 2316 2528 1497 1704 1916
6797 6 2 0 1 641 816 1077 2103 2278 2539
6798 6 2 0 1 2103 2278 2539 1491 1666 1927
6799 6 2 0 1 752 749 1094 2214 2211 2556
6800 6 2 0 1 2214 2211 2556 1602 1599 1944
6801 6 2 0 1 558 1004 1090 2020 2466 2552
6802 6 2 0 1 2020 2466 2552 1408 1854 1940
6803 6 2 0 1 1091 838 1106 2553 2300 2568
6804 6 2 0 1 2553 2300 2568 1941 1688 1956
6805 6 2 0 1 736 875 1096 2198 2337 2558
6806 6 2 0 1 2198 2337 2558 1586 1725 1946
6807 6 2 0 1 163 164 1103 1189 1190 2565
6808 6 2 0 1 1189 1190 2565 330 331 1953
6809 6 2 0 1 518 977 1027 1980 2439 2489
6810 6 2 0 1 1980 2439 2489 1368 1827 1877
6811 6 2 0 1 53 856 1083 1241 2318 2545
6812 6 2 0 1 1241 2318 2545 383 1706 1933
6813 6 2 0 1 152 153 1115 1178 1179 2577
6814 6 2 0 1 1178 1179 2577 318 319 1965
6815 6 2 0 1 814 920 1090 2276 2382 2552
6816 6 2 0 1 2276 2382 2552 1664 1770 1940
6817 6 2 0 1 726 730 1112 2188 2192 2574
6818 6 2 0 1 2188 2192 2574 1576 1580 1962
6819 6 2 0 1 588 954 1059 2050 2416 2521
6820 6 2 0 1 2050 2416 2521 1438 1804 1909
6821 6 2 0 1 180 956 1092 1206 2418 2554
6822 6 2 0 1 1206 2418 2554 347 1806 1942
6823 6 2 0 1 521 92 1117 1983 1280 2579
6824 6 2 0 1 1983 1280 2579 1371 423 1967
6825 6 2 0 1 574 260 1005 2036 1336 2467
6826 6 2 0 1 2036 1336 2467 1424 485 1855
6827 6 2 0 1 85 84 1114 1273 1272 2576
6828 6 2 0 1 1273 1272 2576 416 415 1964
6829 6 2 0 1 858 990 993 2320 2452 2455
6830 6 2 0 1 2320 2452 2455 1708 1840 1843
6831 6 2 0 1 779 217 1113 2241 1293 2575
6832 6 2 0 1 2241 1293 2575 1629 438 1963
6833 6 2 0 1 87 838 1091 1275 2300 2553
6834 6 2 0 1 1275 2300 2553 418 1688 1941
6835 6 2 0 1 692 687 1109 2154 2149 2571
6836 6 2 0 1 2154 2149 2571 1542 1537 1959
6837 6 2 0 1 968 773 1076 2430 2235 2538
6838 6 2 0 1 2430 2235 2538 1818 1623 1926
6839 6 2 0 1 230 567 1107 1306 2029 2569
6840 6 2 0 1 1306 2029 2569 451 1417 1957
6841 6 2 0 1 585 99 1111 2047 1287 2573
6842 6 2 0 1 2047 1287 2573 1435 430 1961
6843 6 2 0 1 66 817 1098 1254 2279 2560
6844 6 2 0 1 1254 2279 2560 396 1667 1948
6845 6 2 0 1 872 849 1126 2334 2311 2588
6846 6 2 0 1 2334 2311 2588 1722 1699 1976
6847 6 2 0 1 984 534 1070 2446 1996 2532
6848 6 2 0 1 2446 1996 2532 1834 1384 1920
6849 6 2 0 1 952 578 1048 2414 2040 2510
6850 6 2 0 1 2414 2040 2510 1802 1428 1898
6851 6 2 0 1 589 958 1056 2051 2420 2518
6852 6 2 0 1 2051 2420 2518 1439 1808 1906
6853 6 2 0 1 579 957 1051 2041 2419 2513
6854 6 2 0 1 2041 2419 2513 1429 1807 1901
6855 6 2 0 1 988 536 1042 2450 1998 2504
6856 6 2 0 1 2450 1998 2504 1838 1386 1892
6857 6 2 0 1 237 1002 1055 1313 2464 2517
6858 6 2 0 1 1313 2464 2517 460 1852 1905
6859 6 2 0 1 853 959 1045 2315 2421 2507
6860 6 2 0 1 2315 2421 2507 1703 1809 1895
6861 6 2 0 1 787 1032 1084 2249 2494 2546
6862 6 2 0 1 2249 2494 2546 1637 1882 1934
6863 6 2 0 1 549 946 1082 2011 2408 2544
6864 6 2 0 1 2011 2408 2544 1399 1796 1932
6865 6 2 0 1 591 1098 1127 2053 2560 2589
6866 6 2 0 1 2053 2560 2589 1441 1948 1977
6867 6 2 0 1 592 941 1100 2054 2403 2562
6868 6 2 0 1 2054 2403 2562 1442 1791 1950
6869 6 2 0 1 527 968 1076 1989 2430 2538
6870 6 2 0 1 1989 2430 2538 1377 1818 1926
6871 6 2 0 1 795 992 1087 2257 2454 2549
6872 6 2 0 1 2257 2454 2549 1645 1842 1937
6873 6 2 0 1 992 701 1087 2454 2163 2549
6874 6 2 0 1 2454 2163 2549 1842 1551 1937
6875 6 2 0 1 950 529 1097 2412 1991 2559
6876 6 2 0 1 2412 1991 2559 1800 1379 1947
6877 6 2 0 1 651 964 1091 2113 2426 2553
6878 6 2 0 1 2113 2426 2553 1501 1814 1941
6879 6 2 0 1 846 973 1074 2308 2435 2536
6880 6 2 0 1 2308 2435 2536 1696 1823 1924
6881 6 2 0 1 967 549 1082 2429 2011 2544
6882 6 2 0 1 2429 2011 2544 1817 1399 1932
6883 6 2 0 1 708 955 1093 2170 2417 2555
6884 6 2 0 1 2170 2417 2555 1558 1805 1943
6885 6 2 0 1 994 764 1030 2456 2226 2492
6886 6 2 0 1 2456 2226 2492 1844 1614 1880
6887 6 2 0 1 181 951 1085 1207 2413 2547
6888 6 2 0 1 1207 2413 2547 348 1801 1935
6889 6 2 0 1 567 993 1107 2029 2455 2569
6890 6 2 0 1 2029 2455 2569 1417 1843 1957
6891 6 2 0 1 1008 234 1124 2470 1310 2586
6892 6 2 0 1 2470 1310 2586 1858 455 1974
6893 6 2 0 1 537 1033 1069 1999 2495 2531
6894 6 2 0 1 1999 2495 2531 1387 1883 1919
6895 6 2 0 1 560 994 1030 2022 2456 2492
6896 6 2 0 1 2022 2456 2492 1410 1844 1880
6897 6 2 0 1 565 954 1120 2027 2416 2582
6898 6 2 0 1 2027 2416 2582 1415 1804 1970
6899 6 2 0 1 529 982 1097 1991 2444 2559
6900 6 2 0 1 1991 2444 2559 1379 1832 1947
6901 6 2 0 1 823 1055 1124 2285 2517 2586
6902 6 2 0 1 2285 2517 2586 1673 1905 1974
6903 6 2 0 1 551 991 1067 2013 2453 2529
6904 6 2 0 1 2013 2453 2529 1401 1841 1917
6905 6 2 0 1 962 888 1087 2424 2350 2549
6906 6 2 0 1 2424 2350 2549 1812 1738 1937
6907 6 2 0 1 241 976 1116 1317 2438 2578
6908 6 2 0 1 1317 2438 2578 464 1826 1966
6909 6 2 0 1 991 788 1067 2453 2250 2529
6910 6 2 0 1 2453 2250 2529 1841 1638 1917
6911 6 2 0 1 84 966 1114 1272 2428 2576
6912 6 2 0 1 1272 2428 2576 415 1816 1964
6913 6 2 0 1 776 988 1042 2238 2450 2504
6914 6 2 0 1 2238 2450 2504 1626 1838 1892
6915 6 2 0 1 849 995 1112 2311 2457 2574
6916 6 2 0 1 2311 2457 2574 1699 1845 1962
6917 6 2 0 1 1020 565 1120 2482 2027 2582
6918 6 2 0 1 2482 2027 2582 1870 1415 1970
6919 6 2 0 1 1002 593 1055 2464 2055 2517
6920 6 2 0 1 2464 2055 2517 1852 1443 1905
6921 6 2 0 1 148 963 1105 1174 2425 2567
6922 6 2 0 1 1174 2425 2567 314 1813 1955
6923 6 2 0 1 744 984 1070 2206 2446 2532
6924 6 2 0 1 2206 2446 2532 1594 1834 1920
6925 6 2 0 1 970 735 1122 2432 2197 2584
6926 6 2 0 1 2432 2197 2584 1820 1585 1972
6927 6 2 0 1 768 970 1122 2230 2432 2584
6928 6 2 0 1 2230 2432 2584 1618 1820 1972
6929 6 2 0 1 976 803 1116 2438 2265 2578
6930 6 2 0 1 2438 2265 2578 1826 1653 1966
6931 6 2 0 1 730 1018 1052 2192 2480 2514
6932 6 2 0 1 2192 2480 2514 1580 1868 1902
6933 6 2 0 1 1055 593 1124 2517 2055 2586
6934 6 2 0 1 2517 2055 2586 1905 1443 1974
6935 6 2 0 1 1029 785 1074 2491 2247 2536
6936 6 2 0 1 2491 2247 2536 1879 1635 1924
6937 6 2 0 1 1010 585 1111 2472 2047 2573
6938 6 2 0 1 2472 2047 2573 1860 1435 1961
6939 6 2 0 1 1098 817 1127 2560 2279 2589
6940 6 2 0 1 2560 2279 2589 1948 1667 1977
6941 6 2 0 1 838 1104 1106 2300 2566 2568
6942 6 2 0 1 2300 2566 2568 1688 1954 1956
6943 6 2 0 1 992 770 1099 2454 2232 2561
6944 6 2 0 1 2454 2232 2561 1842 1620 1949
6945 6 2 0 1 1104 248 1106 2566 1324 2568
6946 6 2 0 1 2566 1324 2568 1954 471 1956
6947 6 2 0 1 730 1052 1126 2192 2514 2588
6948 6 2 0 1 2192 2514 2588 1580 1902 1976
6949 6 2 0 1 1007 547 1119 2469 2009 2581
6950 6 2 0 1 2469 2009 2581 1857 1397 1969
6951 6 2 0 1 564 1029 1074 2026 2491 2536
6952 6 2 0 1 2026 2491 2536 1414 1879 1924
6953 6 2 0 1 1121 821 1125 2583 2283 2587
6954 6 2 0 1 2583 2283 2587 1971 1671 1975
6955 6 2 0 1 793 1121 1125 2255 2583 2587
6956 6 2 0 1 2255 2583 2587 1643 1971 1975
6957 6 2 0 1 593 1008 1124 2055 2470 2586
6958 6 2 0 1 2055 2470 2586 1443 1858 1974
6959 6 2 0 1 1019 521 1117 2481 1983 2579
6960 6 2 0 1 2481 1983 2579 1869 1371 1967
6961 6 2 0 1 1021 779 1113 2483 2241 2575
6962 6 2 0 1 2483 2241 2575 1871 1629 1963
6963 6 2 0 1 530 1041 1101 1992 2503 2563
6964 6 2 0 1 1992 2503 2563 1380 1891 1951
6965 6 2 0 1 1068 587 1108 2530 2049 2570
6966 6 2 0 1 2530 2049 2570 1918 1437 1958
6967 6 2 0 1 1041 864 1101 2503 2326 2563
6968 6 2 0 1 2503 2326 2563 1891 1714 1951
6969 6 2 0 1 1052 881 1123 2514 2343 2585
6970 6 2 0 1 2514 2343 2585 1902 1731 1973
6971 6 2 0 1 799 1068 1108 2261 2530 2570
6972 6 2 0 1 2261 2530 2570 1649 1918 1958
6973 6 2 0 1 1072 692 1109 2534 2154 2571
6974 6 2 0 1 2534 2154 2571 1922 1542 1959
6975 6 2 0 1 783 1072 1109 2245 2534 2571
6976 6 2 0 1 2245 2534 2571 1633 1922 1959
6977 6 2 0 1 1123 872 1126 2585 2334 2588
6978 6 2 0 1 2585 2334 2588 1973 1722 1976
6979 6 2 0 1 1052 1123 1126 2514 2585 2588
6980 6 2 0 1 2514 2585 2588 1902 1973 1976
$EndElements
