"time","INTERNAL ENERGY","KINETIC ENERGY","X-MOMENTUM","Y-MOMENTUM","Z-MOMENTUM","MASS","TIME STEP","ROTATION ENERGY","EXTERNAL WORK","SPRING ENERGY","CONTACT ENERGY","HOURGLASS ENERGY","ELASTIC CONTACT ENERGY","FRICTIONAL CONTACT ENERGY","DAMPING CONTACT ENERGY ","PLASTIC WORK","Hyperelastic_ball                         IE ","Hyperelastic_ball                         KE ","Hyperelastic_ball                         ZMOM ","Hyperelastic_ball                         MASS ","Hyperelastic_ball                         HE ","Hyperelastic_ball                         ZCG ","Floor_normal_force                       1 Rigid_floor                              var 29","Floor_normal_force                       1 Rigid_floor                              var 30","Floor_normal_force                       1 Rigid_floor                              var 31"
0.000000e+00,0.000000e+00,8.979108e+02,0.000000e+00,0.000000e+00,-3.591643e-01,7.183287e-05,3.474345e-06,0.000000e+00,0.000000e+00,0.000000e+00,0.000000e+00,0.000000e+00,0.000000e+00,0.000000e+00,0.000000e+00,0.000000e+00,5.421011e-20,7.546700e-14,0.000000e+00,0.000000e+00,0.000000e+00,0.000000e+00,0.000000e+00,8.979108e+02,-3.591643e-01,7.183287e-05,0.000000e+00,2.550010e+01,0.000000e+00,0.000000e+00,0.000000e+00
1.042304e-05,6.135117e-25,8.979108e+02,3.851860e-34,4.501861e-33,-3.591643e-01,7.183287e-05,3.474345e-06,0.000000e+00,0.000000e+00,0.000000e+00,0.000000e+00,0.000000e+00,0.000000e+00,0.000000e+00,0.000000e+00,0.000000e+00,5.421011e-20,7.546700e-14,0.000000e+00,0.000000e+00,0.000000e+00,0.000000e+00,6.135117e-25,8.979108e+02,-3.591643e-01,7.183287e-05,0.000000e+00,2.544799e+01,0.000000e+00,0.000000e+00,0.000000e+00
2.084607e-05,1.224250e-24,8.979108e+02,-1.179632e-31,-3.851860e-32,-3.591643e-01,7.183287e-05,3.474345e-06,0.000000e+00,0.000000e+00,0.000000e+00,0.000000e+00,0.000000e+00,0.000000e+00,0.000000e+00,0.000000e+00,0.000000e+00,5.421011e-20,7.546700e-14,0.000000e+00,0.000000e+00,0.000000e+00,0.000000e+00,1.224250e-24,8.979108e+02,-3.591643e-01,7.183287e-05,0.000000e+00,2.539587e+01,0.000000e+00,0.000000e+00,0.000000e+00
3.126911e-05,1.608358e-24,8.979108e+02,3.568267e-31,4.852862e-31,-3.591643e-01,7.183287e-05,3.474345e-06,0.000000e+00,0.000000e+00,0.000000e+00,0.000000e+00,0.000000e+00,0.000000e+00,0.000000e+00,0.000000e+00,0.000000e+00,5.421011e-20,7.546700e-14,0.000000e+00,0.000000e+00,0.000000e+00,0.000000e+00,1.608358e-24,8.979108e+02,-3.591643e-01,7.183287e-05,0.000000e+00,2.534376e+01,0.000000e+00,0.000000e+00,0.000000e+00
4.169215e-05,2.016967e-24,8.979108e+02,-2.180875e-31,2.355653e-31,-3.591643e-01,7.183287e-05,3.474345e-06,0.000000e+00,0.000000e+00,0.000000e+00,0.000000e+00,0.000000e+00,0.000000e+00,0.000000e+00,0.000000e+00,0.000000e+00,5.421011e-20,7.546700e-14,0.000000e+00,0.000000e+00,0.000000e+00,0.000000e+00,2.016967e-24,8.979108e+02,-3.591643e-01,7.183287e-05,0.000000e+00,2.529164e+01,0.000000e+00,0.000000e+00,0.000000e+00
5.211518e-05,2.124837e-24,8.979108e+02,1.878895e-31,-4.528343e-32,-3.591643e-01,7.183287e-05,3.474345e-06,0.000000e+00,0.000000e+00,0.000000e+00,0.000000e+00,0.000000e+00,0.000000e+00,0.000000e+00,0.000000e+00,0.000000e+00,5.421011e-20,7.546700e-14,0.000000e+00,0.000000e+00,0.000000e+00,0.000000e+00,2.124837e-24,8.979108e+02,-3.591643e-01,7.183287e-05,0.000000e+00,2.523953e+01,0.000000e+00,0.000000e+00,0.000000e+00
6.253822e-05,2.035685e-24,8.979108e+02,-7.415071e-31,-1.486698e-31,-3.591643e-01,7.183287e-05,3.474345e-06,0.000000e+00,0.000000e+00,0.000000e+00,0.000000e+00,0.000000e+00,0.000000e+00,0.000000e+00,0.000000e+00,0.000000e+00,5.421011e-20,7.546700e-14,0.000000e+00,0.000000e+00,0.000000e+00,0.000000e+00,2.035685e-24,8.979108e+02,-3.591643e-01,7.183287e-05,0.000000e+00,2.518741e+01,0.000000e+00,0.000000e+00,0.000000e+00
7.296125e-05,1.783921e-24,8.979108e+02,4.078157e-32,2.391524e-31,-3.591643e-01,7.183287e-05,3.474345e-06,0.000000e+00,0.000000e+00,0.000000e+00,0.000000e+00,0.000000e+00,0.000000e+00,0.000000e+00,0.000000e+00,0.000000e+00,5.421011e-20,7.546700e-14,0.000000e+00,0.000000e+00,0.000000e+00,0.000000e+00,1.783921e-24,8.979108e+02,-3.591643e-01,7.183287e-05,0.000000e+00,2.513530e+01,0.000000e+00,0.000000e+00,0.000000e+00
8.338429e-05,1.896020e-24,8.979108e+02,-1.390521e-31,-1.510411e-31,-3.591643e-01,7.183287e-05,3.474345e-06,0.000000e+00,0.000000e+00,0.000000e+00,0.000000e+00,0.000000e+00,0.000000e+00,0.000000e+00,0.000000e+00,0.000000e+00,5.421011e-20,7.546700e-14,0.000000e+00,0.000000e+00,0.000000e+00,0.000000e+00,1.896020e-24,8.979108e+02,-3.591643e-01,7.183287e-05,0.000000e+00,2.508318e+01,0.000000e+00,0.000000e+00,0.000000e+00
9.033298e-05,1.925412e-24,8.979108e+02,1.026521e-30,-7.052515e-32,-3.591643e-01,7.183287e-05,3.474345e-06,0.000000e+00,0.000000e+00,0.000000e+00,0.000000e+00,0.000000e+00,0.000000e+00,0.000000e+00,0.000000e+00,0.000000e+00,5.421011e-20,7.546700e-14,0.000000e+00,0.000000e+00,0.000000e+00,0.000000e+00,1.925412e-24,8.979108e+02,-3.591643e-01,7.183287e-05,0.000000e+00,2.504844e+01,0.000000e+00,0.000000e+00,0.000000e+00
1.007560e-04,1.204583e-03,8.978940e+02,-3.743128e-21,1.414691e-21,-3.591588e-01,7.183287e-05,3.165203e-06,0.000000e+00,-1.346890e-02,0.000000e+00,0.000000e+00,0.000000e+00,0.000000e+00,0.000000e+00,0.000000e+00,0.000000e+00,5.421011e-20,7.546700e-14,0.000000e+00,0.000000e+00,0.000000e+00,0.000000e+00,1.204583e-03,8.978974e+02,-3.591590e-01,7.183287e-05,0.000000e+00,2.499632e+01,0.000000e+00,0.000000e+00,-5.387560e-06
1.107582e-04,1.365180e-02,8.977096e+02,1.598114e-08,3.709419e-08,-3.590925e-01,7.183287e-05,3.142082e-06,0.000000e+00,-1.726904e-01,0.000000e+00,0.000000e+00,0.000000e+00,0.000000e+00,0.000000e+00,0.000000e+00,0.000000e+00,5.421011e-20,7.546700e-14,0.000000e+00,0.000000e+00,0.000000e+00,0.000000e+00,1.365180e-02,8.978431e+02,-3.591434e-01,7.183287e-05,0.000000e+00,2.494631e+01,0.000000e+00,0.000000e+00,-7.220226e-05
1.204087e-04,6.514151e-02,8.975030e+02,-4.378246e-08,-2.980170e-08,-3.590190e-01,7.183287e-05,3.474345e-06,0.000000e+00,-3.006626e-01,0.000000e+00,0.000000e+00,0.000000e+00,0.000000e+00,0.000000e+00,0.000000e+00,0.000000e+00,5.421011e-20,7.546700e-14,0.000000e+00,0.000000e+00,0.000000e+00,0.000000e+00,6.514151e-02,8.975851e+02,-3.590537e-01,7.183287e-05,0.000000e+00,2.489808e+01,0.000000e+00,0.000000e+00,-1.516005e-04
1.308317e-04,1.844022e-01,8.970875e+02,-4.378246e-08,-2.980170e-08,-3.588574e-01,7.183287e-05,3.474345e-06,0.000000e+00,-5.762918e-01,0.000000e+00,0.000000e+00,0.000000e+00,0.000000e+00,0.000000e+00,0.000000e+00,0.000000e+00,5.421011e-20,7.546700e-14,0.000000e+00,0.000000e+00,0.000000e+00,0.000000e+00,1.844022e-01,8.972115e+02,-3.589031e-01,7.183287e-05,0.000000e+00,2.484599e+01,0.000000e+00,0.000000e+00,-3.184986e-04
1.412548e-04,3.328018e-01,8.966660e+02,-4.378246e-08,-2.980170e-08,-3.586773e-01,7.183287e-05,3.474345e-06,0.000000e+00,-8.175379e-01,0.000000e+00,0.000000e+00,0.000000e+00,0.000000e+00,0.000000e+00,0.000000e+00,0.000000e+00,5.421011e-20,7.546700e-14,0.000000e+00,0.000000e+00,0.000000e+00,0.000000e+00,3.328018e-01,8.967808e+02,-3.587214e-01,7.183287e-05,0.000000e+00,2.479393e+01,0.000000e+00,0.000000e+00,-5.036984e-04
1.516778e-04,5.127511e-01,8.962091e+02,-4.378246e-08,-2.980170e-08,-3.584644e-01,7.183287e-05,3.474345e-06,0.000000e+00,-1.038331e+00,0.000000e+00,0.000000e+00,0.000000e+00,0.000000e+00,0.000000e+00,0.000000e+00,0.000000e+00,5.421011e-20,7.546700e-14,0.000000e+00,0.000000e+00,0.000000e+00,0.000000e+00,5.127511e-01,8.964455e+02,-3.585491e-01,7.183287e-05,0.000000e+00,2.474190e+01,0.000000e+00,0.000000e+00,-7.251976e-04
1.621008e-04,6.865913e-01,8.958092e+02,-4.378246e-08,-2.980170e-08,-3.582457e-01,7.183287e-05,3.474345e-06,0.000000e+00,-1.249919e+00,0.000000e+00,0.000000e+00,0.000000e+00,0.000000e+00,0.000000e+00,0.000000e+00,0.000000e+00,5.421011e-20,7.546700e-14,0.000000e+00,0.000000e+00,0.000000e+00,0.000000e+00,6.865913e-01,8.959500e+02,-3.583005e-01,7.183287e-05,0.000000e+00,2.468990e+01,0.000000e+00,0.000000e+00,-9.381540e-04
1.724472e-04,8.887978e-01,8.953062e+02,-3.239277e-07,3.852540e-07,-3.580209e-01,7.183287e-05,3.392953e-06,0.000000e+00,-1.553700e+00,0.000000e+00,0.000000e+00,0.000000e+00,0.000000e+00,0.000000e+00,0.000000e+00,0.000000e+00,5.421011e-20,7.546700e-14,0.000000e+00,0.000000e+00,0.000000e+00,0.000000e+00,8.887978e-01,8.955980e+02,-3.581113e-01,7.183287e-05,0.000000e+00,2.463831e+01,0.000000e+00,0.000000e+00,-1.158935e-03
1.827888e-04,1.242743e+00,8.946152e+02,-6.199907e-07,8.580910e-07,-3.578332e-01,7.183287e-05,3.474345e-06,0.000000e+00,-1.827524e+00,0.000000e+00,0.000000e+00,0.000000e+00,0.000000e+00,0.000000e+00,0.000000e+00,0.000000e+00,5.421011e-20,7.546700e-14,0.000000e+00,0.000000e+00,0.000000e+00,0.000000e+00,1.242743e+00,8.948665e+02,-3.578975e-01,7.183287e-05,0.000000e+00,2.458677e+01,0.000000e+00,0.000000e+00,-1.341506e-03
1.932119e-04,1.655896e+00,8.937988e+02,-4.346132e-07,1.180873e-06,-3.576204e-01,7.183287e-05,3.150353e-06,0.000000e+00,-2.177603e+00,0.000000e+00,0.000000e+00,0.000000e+00,0.000000e+00,0.000000e+00,0.000000e+00,0.000000e+00,5.421011e-20,7.546700e-14,0.000000e+00,0.000000e+00,0.000000e+00,0.000000e+00,1.655896e+00,8.940798e+02,-3.576956e-01,7.183287e-05,0.000000e+00,2.453486e+01,0.000000e+00,0.000000e+00,-1.557227e-03
2.029605e-04,2.075248e+00,8.932683e+02,-1.057407e-07,8.688393e-07,-3.574100e-01,7.183287e-05,3.474345e-06,0.000000e+00,-2.270706e+00,0.000000e+00,0.000000e+00,0.000000e+00,0.000000e+00,0.000000e+00,0.000000e+00,0.000000e+00,5.421011e-20,7.546700e-14,0.000000e+00,0.000000e+00,0.000000e+00,0.000000e+00,2.075248e+00,8.933679e+02,-3.574616e-01,7.183287e-05,0.000000e+00,2.448634e+01,0.000000e+00,0.000000e+00,-1.780691e-03
2.133836e-04,2.555236e+00,8.925719e+02,-9.072764e-07,2.640674e-07,-3.570748e-01,7.183287e-05,3.474345e-06,0.000000e+00,-2.497098e+00,0.000000e+00,0.000000e+00,0.000000e+00,0.000000e+00,0.000000e+00,0.000000e+00,0.000000e+00,5.421011e-20,7.546700e-14,0.000000e+00,0.000000e+00,0.000000e+00,0.000000e+00,2.555236e+00,8.926925e+02,-3.571360e-01,7.183287e-05,0.000000e+00,2.443450e+01,0.000000e+00,0.000000e+00,-2.127638e-03
2.203323e-04,2.950345e+00,8.921208e+02,-1.040269e-06,4.580261e-07,-3.568656e-01,7.183287e-05,3.474345e-06,0.000000e+00,-2.527461e+00,0.000000e+00,0.000000e+00,0.000000e+00,0.000000e+00,0.000000e+00,0.000000e+00,0.000000e+00,5.421011e-20,7.546700e-14,0.000000e+00,0.000000e+00,0.000000e+00,0.000000e+00,2.950345e+00,8.922716e+02,-3.569279e-01,7.183287e-05,0.000000e+00,2.439997e+01,0.000000e+00,0.000000e+00,-2.342072e-03
2.307553e-04,3.598776e+00,8.911709e+02,-1.012249e-06,4.836288e-07,-3.564671e-01,7.183287e-05,3.474345e-06,0.000000e+00,-2.747997e+00,0.000000e+00,0.000000e+00,0.000000e+00,0.000000e+00,0.000000e+00,0.000000e+00,0.000000e+00,5.421011e-20,7.546700e-14,0.000000e+00,0.000000e+00,0.000000e+00,0.000000e+00,3.598776e+00,8.914185e+02,-3.565639e-01,7.183287e-05,0.000000e+00,2.434822e+01,0.000000e+00,0.000000e+00,-2.740220e-03
2.409349e-04,4.295599e+00,8.903375e+02,-9.806173e-07,1.155533e-06,-3.561502e-01,7.183287e-05,3.459969e-06,0.000000e+00,-2.822333e+00,0.000000e+00,0.000000e+00,0.000000e+00,0.000000e+00,0.000000e+00,0.000000e+00,0.000000e+00,5.421011e-20,7.546700e-14,0.000000e+00,0.000000e+00,0.000000e+00,0.000000e+00,4.295599e+00,8.904781e+02,-3.562023e-01,7.183287e-05,0.000000e+00,2.429772e+01,0.000000e+00,0.000000e+00,-3.050484e-03
2.513435e-04,5.057650e+00,8.895096e+02,-2.614397e-07,1.315330e-06,-3.558486e-01,7.183287e-05,3.474345e-06,0.000000e+00,-2.887603e+00,0.000000e+00,0.000000e+00,0.000000e+00,0.000000e+00,0.000000e+00,0.000000e+00,0.000000e+00,5.421011e-20,7.546700e-14,0.000000e+00,0.000000e+00,0.000000e+00,0.000000e+00,5.057650e+00,8.896464e+02,-3.558930e-01,7.183287e-05,0.000000e+00,2.424614e+01,0.000000e+00,0.000000e+00,-3.347468e-03
2.617665e-04,5.865889e+00,8.884503e+02,-1.383109e-07,3.364642e-07,-3.554899e-01,7.183287e-05,3.474345e-06,0.000000e+00,-3.132475e+00,0.000000e+00,0.000000e+00,0.000000e+00,0.000000e+00,0.000000e+00,0.000000e+00,0.000000e+00,5.421011e-20,7.546700e-14,0.000000e+00,0.000000e+00,0.000000e+00,0.000000e+00,5.865889e+00,8.886129e+02,-3.555435e-01,7.183287e-05,0.000000e+00,2.419453e+01,0.000000e+00,0.000000e+00,-3.704942e-03
2.721896e-04,6.756527e+00,8.873439e+02,-8.615104e-07,-2.970749e-06,-3.551109e-01,7.183287e-05,3.474345e-06,0.000000e+00,-3.291384e+00,0.000000e+00,0.000000e+00,0.000000e+00,0.000000e+00,0.000000e+00,0.000000e+00,0.000000e+00,5.421011e-20,7.546700e-14,0.000000e+00,0.000000e+00,0.000000e+00,0.000000e+00,6.756527e+00,8.876110e+02,-3.552078e-01,7.183287e-05,0.000000e+00,2.414297e+01,0.000000e+00,0.000000e+00,-4.089834e-03
2.826126e-04,7.656217e+00,8.862152e+02,-2.146395e-07,-5.120240e-06,-3.546316e-01,7.183287e-05,3.474345e-06,0.000000e+00,-3.459693e+00,0.000000e+00,0.000000e+00,0.000000e+00,0.000000e+00,0.000000e+00,0.000000e+00,0.000000e+00,5.421011e-20,7.546700e-14,0.000000e+00,0.000000e+00,0.000000e+00,0.000000e+00,7.656217e+00,8.864543e+02,-3.547402e-01,7.183287e-05,0.000000e+00,2.409148e+01,0.000000e+00,0.000000e+00,-4.577659e-03
2.930357e-04,8.626150e+00,8.850984e+02,-1.571130e-07,-3.054138e-06,-3.541638e-01,7.183287e-05,3.474345e-06,0.000000e+00,-3.526264e+00,0.000000e+00,0.000000e+00,0.000000e+00,0.000000e+00,0.000000e+00,0.000000e+00,0.000000e+00,5.421011e-20,7.546700e-14,0.000000e+00,0.000000e+00,0.000000e+00,0.000000e+00,8.626150e+00,8.852963e+02,-3.542418e-01,7.183287e-05,0.000000e+00,2.404005e+01,0.000000e+00,0.000000e+00,-5.041935e-03
3.034587e-04,9.674754e+00,8.839942e+02,2.963634e-07,-1.339831e-06,-3.537396e-01,7.183287e-05,3.474345e-06,0.000000e+00,-3.536903e+00,0.000000e+00,0.000000e+00,0.000000e+00,0.000000e+00,0.000000e+00,0.000000e+00,0.000000e+00,5.421011e-20,7.546700e-14,0.000000e+00,0.000000e+00,0.000000e+00,0.000000e+00,9.674754e+00,8.841907e+02,-3.538058e-01,7.183287e-05,0.000000e+00,2.398869e+01,0.000000e+00,0.000000e+00,-5.456662e-03
3.103971e-04,1.040963e+01,8.831646e+02,1.414289e-06,-2.354250e-07,-3.534406e-01,7.183287e-05,3.474345e-06,0.000000e+00,-3.624270e+00,0.000000e+00,0.000000e+00,0.000000e+00,0.000000e+00,0.000000e+00,0.000000e+00,0.000000e+00,5.421011e-20,7.546700e-14,0.000000e+00,0.000000e+00,0.000000e+00,0.000000e+00,1.040963e+01,8.834279e+02,-3.535364e-01,7.183287e-05,0.000000e+00,2.395454e+01,0.000000e+00,0.000000e+00,-5.751895e-03
3.204439e-04,1.151863e+01,8.819245e+02,1.495393e-06,-5.757660e-07,-3.530276e-01,7.183287e-05,3.287407e-06,0.000000e+00,-3.706372e+00,0.000000e+00,0.000000e+00,0.000000e+00,0.000000e+00,0.000000e+00,0.000000e+00,0.000000e+00,5.421011e-20,7.546700e-14,0.000000e+00,0.000000e+00,0.000000e+00,0.000000e+00,1.151863e+01,8.821387e+02,-3.531027e-01,7.183287e-05,0.000000e+00,2.390513e+01,0.000000e+00,0.000000e+00,-6.161673e-03
3.303053e-04,1.260438e+01,8.806779e+02,3.818788e-06,1.905716e-06,-3.525501e-01,7.183287e-05,3.285546e-06,0.000000e+00,-3.796665e+00,0.000000e+00,0.000000e+00,0.000000e+00,0.000000e+00,0.000000e+00,0.000000e+00,0.000000e+00,5.421011e-20,7.546700e-14,0.000000e+00,0.000000e+00,0.000000e+00,0.000000e+00,1.260438e+01,8.809393e+02,-3.526551e-01,7.183287e-05,0.000000e+00,2.385670e+01,0.000000e+00,0.000000e+00,-6.640501e-03
3.405395e-04,1.381604e+01,8.793742e+02,6.049191e-06,2.590541e-06,-3.520465e-01,7.183287e-05,3.364474e-06,0.000000e+00,-3.805185e+00,0.000000e+00,0.000000e+00,0.000000e+00,0.000000e+00,0.000000e+00,0.000000e+00,0.000000e+00,5.421011e-20,7.546700e-14,0.000000e+00,0.000000e+00,0.000000e+00,0.000000e+00,1.381604e+01,8.796150e+02,-3.521337e-01,7.183287e-05,0.000000e+00,2.380651e+01,0.000000e+00,0.000000e+00,-7.142417e-03
3.504144e-04,1.507412e+01,8.780392e+02,7.414360e-06,2.381019e-06,-3.515345e-01,7.183287e-05,3.269096e-06,0.000000e+00,-3.815234e+00,0.000000e+00,0.000000e+00,0.000000e+00,0.000000e+00,0.000000e+00,0.000000e+00,0.000000e+00,5.421011e-20,7.546700e-14,0.000000e+00,0.000000e+00,0.000000e+00,0.000000e+00,1.507412e+01,8.782760e+02,-3.516200e-01,7.183287e-05,0.000000e+00,2.375814e+01,0.000000e+00,0.000000e+00,-7.651070e-03
3.605932e-04,1.648465e+01,8.765405e+02,7.966562e-06,2.883876e-06,-3.509856e-01,7.183287e-05,3.465810e-06,0.000000e+00,-3.838037e+00,0.000000e+00,0.000000e+00,0.000000e+00,0.000000e+00,0.000000e+00,0.000000e+00,0.000000e+00,5.421011e-20,7.546700e-14,0.000000e+00,0.000000e+00,0.000000e+00,0.000000e+00,1.648465e+01,8.768223e+02,-3.510871e-01,7.183287e-05,0.000000e+00,2.370837e+01,0.000000e+00,0.000000e+00,-8.200643e-03
3.710077e-04,1.798046e+01,8.749910e+02,9.608469e-06,2.198842e-06,-3.504505e-01,7.183287e-05,3.474306e-06,0.000000e+00,-3.866092e+00,0.000000e+00,0.000000e+00,0.000000e+00,0.000000e+00,0.000000e+00,0.000000e+00,0.000000e+00,5.421011e-20,7.546700e-14,0.000000e+00,0.000000e+00,0.000000e+00,0.000000e+00,1.798046e+01,8.752725e+02,-3.505408e-01,7.183287e-05,0.000000e+00,2.365752e+01,0.000000e+00,0.000000e+00,-8.726610e-03
3.814306e-04,1.952567e+01,8.733512e+02,1.035925e-05,1.903614e-06,-3.498957e-01,7.183287e-05,3.459951e-06,0.000000e+00,-3.951389e+00,0.000000e+00,0.000000e+00,0.000000e+00,0.000000e+00,0.000000e+00,0.000000e+00,0.000000e+00,5.421011e-20,7.546700e-14,0.000000e+00,0.000000e+00,0.000000e+00,0.000000e+00,1.952567e+01,8.736417e+02,-3.499891e-01,7.183287e-05,0.000000e+00,2.360671e+01,0.000000e+00,0.000000e+00,-9.279623e-03
3.915450e-04,2.107618e+01,8.717244e+02,9.682587e-06,1.902465e-06,-3.493655e-01,7.183287e-05,3.187336e-06,0.000000e+00,-3.980309e+00,0.000000e+00,0.000000e+00,0.000000e+00,0.000000e+00,0.000000e+00,0.000000e+00,0.000000e+00,5.421011e-20,7.546700e-14,0.000000e+00,0.000000e+00,0.000000e+00,0.000000e+00,2.107618e+01,8.720001e+02,-3.494552e-01,7.183287e-05,0.000000e+00,2.355748e+01,0.000000e+00,0.000000e+00,-9.803142e-03
4.011033e-04,2.256446e+01,8.701168e+02,9.825624e-06,1.830827e-06,-3.487929e-01,7.183287e-05,3.182112e-06,0.000000e+00,-4.036120e+00,0.000000e+00,0.000000e+00,0.000000e+00,0.000000e+00,0.000000e+00,0.000000e+00,0.000000e+00,5.421011e-20,7.546700e-14,0.000000e+00,0.000000e+00,0.000000e+00,0.000000e+00,2.256446e+01,8.704138e+02,-3.489073e-01,7.183287e-05,0.000000e+00,2.351103e+01,0.000000e+00,0.000000e+00,-1.037605e-02
4.109331e-04,2.415936e+01,8.684584e+02,1.151136e-05,3.268877e-06,-3.482018e-01,7.183287e-05,3.474211e-06,0.000000e+00,-4.038838e+00,0.000000e+00,0.000000e+00,0.000000e+00,0.000000e+00,0.000000e+00,0.000000e+00,0.000000e+00,5.421011e-20,7.546700e-14,0.000000e+00,0.000000e+00,0.000000e+00,0.000000e+00,2.415936e+01,8.687660e+02,-3.483081e-01,7.183287e-05,0.000000e+00,2.346334e+01,0.000000e+00,0.000000e+00,-1.097203e-02
4.213558e-04,2.591451e+01,8.665828e+02,1.137806e-05,5.258353e-06,-3.475122e-01,7.183287e-05,3.474204e-06,0.000000e+00,-4.121325e+00,0.000000e+00,0.000000e+00,0.000000e+00,0.000000e+00,0.000000e+00,0.000000e+00,0.000000e+00,5.421011e-20,7.546700e-14,0.000000e+00,0.000000e+00,0.000000e+00,0.000000e+00,2.591451e+01,8.669435e+02,-3.476437e-01,7.183287e-05,0.000000e+00,2.341286e+01,0.000000e+00,0.000000e+00,-1.165743e-02
4.317784e-04,2.777231e+01,8.646589e+02,1.072397e-05,6.575703e-06,-3.468663e-01,7.183287e-05,3.474215e-06,0.000000e+00,-4.127650e+00,0.000000e+00,0.000000e+00,0.000000e+00,0.000000e+00,0.000000e+00,0.000000e+00,0.000000e+00,5.421011e-20,7.546700e-14,0.000000e+00,0.000000e+00,0.000000e+00,0.000000e+00,2.777231e+01,8.649972e+02,-3.469768e-01,7.183287e-05,0.000000e+00,2.336249e+01,0.000000e+00,0.000000e+00,-1.229996e-02
4.422010e-04,2.967335e+01,8.626844e+02,9.416426e-06,8.286134e-06,-3.461919e-01,7.183287e-05,3.474243e-06,0.000000e+00,-4.172877e+00,0.000000e+00,0.000000e+00,0.000000e+00,0.000000e+00,0.000000e+00,0.000000e+00,0.000000e+00,5.421011e-20,7.546700e-14,0.000000e+00,0.000000e+00,0.000000e+00,0.000000e+00,2.967335e+01,8.630170e+02,-3.462988e-01,7.183287e-05,0.000000e+00,2.331221e+01,0.000000e+00,0.000000e+00,-1.297236e-02
4.524096e-04,3.157890e+01,8.607426e+02,8.645428e-06,8.882876e-06,-3.455352e-01,7.183287e-05,3.154143e-06,0.000000e+00,-4.188949e+00,0.000000e+00,0.000000e+00,0.000000e+00,0.000000e+00,0.000000e+00,0.000000e+00,0.000000e+00,5.421011e-20,7.546700e-14,0.000000e+00,0.000000e+00,0.000000e+00,0.000000e+00,3.157890e+01,8.610711e+02,-3.456427e-01,7.183287e-05,0.000000e+00,2.326305e+01,0.000000e+00,0.000000e+00,-1.362125e-02
4.623920e-04,3.350887e+01,8.587416e+02,1.083876e-05,8.724659e-06,-3.448589e-01,7.183287e-05,3.422449e-06,0.000000e+00,-4.195786e+00,0.000000e+00,0.000000e+00,0.000000e+00,0.000000e+00,0.000000e+00,0.000000e+00,0.000000e+00,5.421011e-20,7.546700e-14,0.000000e+00,0.000000e+00,0.000000e+00,0.000000e+00,3.350887e+01,8.591092e+02,-3.449824e-01,7.183287e-05,0.000000e+00,2.321508e+01,0.000000e+00,0.000000e+00,-1.431151e-02
4.726964e-04,3.554603e+01,8.566378e+02,1.360160e-05,9.337218e-06,-3.440902e-01,7.183287e-05,3.216546e-06,0.000000e+00,-4.226144e+00,0.000000e+00,0.000000e+00,0.000000e+00,0.000000e+00,0.000000e+00,0.000000e+00,0.000000e+00,5.421011e-20,7.546700e-14,0.000000e+00,0.000000e+00,0.000000e+00,0.000000e+00,3.554603e+01,8.569904e+02,-3.442163e-01,7.183287e-05,0.000000e+00,2.316567e+01,0.000000e+00,0.000000e+00,-1.507272e-02
4.823782e-04,3.747922e+01,8.546713e+02,1.425311e-05,9.435507e-06,-3.433800e-01,7.183287e-05,3.409057e-06,0.000000e+00,-4.229771e+00,0.000000e+00,0.000000e+00,0.000000e+00,0.000000e+00,0.000000e+00,0.000000e+00,0.000000e+00,5.421011e-20,7.546700e-14,0.000000e+00,0.000000e+00,0.000000e+00,0.000000e+00,3.747922e+01,8.550180e+02,-3.434987e-01,7.183287e-05,0.000000e+00,2.311934e+01,0.000000e+00,0.000000e+00,-1.578053e-02
4.927358e-04,3.963120e+01,8.523986e+02,1.506228e-05,8.783722e-06,-3.426252e-01,7.183287e-05,3.121997e-06,0.000000e+00,-4.264940e+00,0.000000e+00,0.000000e+00,0.000000e+00,0.000000e+00,0.000000e+00,0.000000e+00,0.000000e+00,5.421011e-20,7.546700e-14,0.000000e+00,0.000000e+00,0.000000e+00,0.000000e+00,3.963120e+01,8.528030e+02,-3.427530e-01,7.183287e-05,0.000000e+00,2.306988e+01,0.000000e+00,0.000000e+00,-1.651086e-02
5.021304e-04,4.164711e+01,8.503297e+02,1.633901e-05,7.501908e-06,-3.419695e-01,7.183287e-05,3.149255e-06,0.000000e+00,-4.266261e+00,0.000000e+00,0.000000e+00,0.000000e+00,0.000000e+00,0.000000e+00,0.000000e+00,0.000000e+00,5.421011e-20,7.546700e-14,0.000000e+00,0.000000e+00,0.000000e+00,0.000000e+00,4.164711e+01,8.506833e+02,-3.420812e-01,7.183287e-05,0.000000e+00,2.302511e+01,0.000000e+00,0.000000e+00,-1.716476e-02
5.115998e-04,4.372341e+01,8.481907e+02,1.564366e-05,5.914563e-06,-3.412578e-01,7.183287e-05,3.405967e-06,0.000000e+00,-4.295550e+00,0.000000e+00,0.000000e+00,0.000000e+00,0.000000e+00,0.000000e+00,0.000000e+00,0.000000e+00,5.421011e-20,7.546700e-14,0.000000e+00,0.000000e+00,0.000000e+00,0.000000e+00,4.372341e+01,8.485770e+02,-3.413920e-01,7.183287e-05,0.000000e+00,2.298008e+01,0.000000e+00,0.000000e+00,-1.788761e-02
5.218867e-04,4.604322e+01,8.457596e+02,1.565115e-05,5.010513e-06,-3.404135e-01,7.183287e-05,3.226807e-06,0.000000e+00,-4.350692e+00,0.000000e+00,0.000000e+00,0.000000e+00,0.000000e+00,0.000000e+00,0.000000e+00,0.000000e+00,5.421011e-20,7.546700e-14,0.000000e+00,0.000000e+00,0.000000e+00,0.000000e+00,4.604322e+01,8.461844e+02,-3.405595e-01,7.183287e-05,0.000000e+00,2.293127e+01,0.000000e+00,0.000000e+00,-1.872800e-02
5.316731e-04,4.832136e+01,8.434098e+02,1.685860e-05,3.953317e-06,-3.396003e-01,7.183287e-05,3.366216e-06,0.000000e+00,-4.361182e+00,0.000000e+00,0.000000e+00,0.000000e+00,0.000000e+00,0.000000e+00,0.000000e+00,0.000000e+00,5.421011e-20,7.546700e-14,0.000000e+00,0.000000e+00,0.000000e+00,0.000000e+00,4.832136e+01,8.438289e+02,-3.397458e-01,7.183287e-05,0.000000e+00,2.288494e+01,0.000000e+00,0.000000e+00,-1.954544e-02
5.419484e-04,5.075517e+01,8.408940e+02,1.795492e-05,1.845845e-06,-3.387132e-01,7.183287e-05,3.474410e-06,0.000000e+00,-4.389649e+00,0.000000e+00,0.000000e+00,0.000000e+00,0.000000e+00,0.000000e+00,0.000000e+00,0.000000e+00,5.421011e-20,7.546700e-14,0.000000e+00,0.000000e+00,0.000000e+00,0.000000e+00,5.075517e+01,8.413454e+02,-3.388719e-01,7.183287e-05,0.000000e+00,2.283643e+01,0.000000e+00,0.000000e+00,-2.042518e-02
5.523718e-04,5.331213e+01,8.382689e+02,1.720843e-05,6.585960e-08,-3.378493e-01,7.183287e-05,3.474556e-06,0.000000e+00,-4.395511e+00,0.000000e+00,0.000000e+00,0.000000e+00,0.000000e+00,0.000000e+00,0.000000e+00,0.000000e+00,5.421011e-20,7.546700e-14,0.000000e+00,0.000000e+00,0.000000e+00,0.000000e+00,5.331213e+01,8.387299e+02,-3.379960e-01,7.183287e-05,0.000000e+00,2.278734e+01,0.000000e+00,0.000000e+00,-2.127663e-02
5.624922e-04,5.584047e+01,8.356313e+02,1.746214e-05,-1.839604e-06,-3.370112e-01,7.183287e-05,3.172424e-06,0.000000e+00,-4.415546e+00,0.000000e+00,0.000000e+00,0.000000e+00,0.000000e+00,0.000000e+00,0.000000e+00,0.000000e+00,5.421011e-20,7.546700e-14,0.000000e+00,0.000000e+00,0.000000e+00,0.000000e+00,5.584047e+01,8.360662e+02,-3.371521e-01,7.183287e-05,0.000000e+00,2.273980e+01,0.000000e+00,0.000000e+00,-2.209315e-02
5.724950e-04,5.836765e+01,8.330282e+02,1.672357e-05,-3.672420e-06,-3.361875e-01,7.183287e-05,3.394259e-06,0.000000e+00,-4.416975e+00,0.000000e+00,0.000000e+00,0.000000e+00,0.000000e+00,0.000000e+00,0.000000e+00,0.000000e+00,5.421011e-20,7.546700e-14,0.000000e+00,0.000000e+00,0.000000e+00,0.000000e+00,5.836765e+01,8.334852e+02,-3.363292e-01,7.183287e-05,0.000000e+00,2.269293e+01,0.000000e+00,0.000000e+00,-2.291921e-02
5.825643e-04,6.095238e+01,8.303373e+02,1.747378e-05,-5.506568e-06,-3.353147e-01,7.183287e-05,3.421714e-06,0.000000e+00,-4.432773e+00,0.000000e+00,0.000000e+00,0.000000e+00,0.000000e+00,0.000000e+00,0.000000e+00,0.000000e+00,5.421011e-20,7.546700e-14,0.000000e+00,0.000000e+00,0.000000e+00,0.000000e+00,6.095238e+01,8.307965e+02,-3.354636e-01,7.183287e-05,0.000000e+00,2.264586e+01,0.000000e+00,0.000000e+00,-2.378520e-02
5.928744e-04,6.364021e+01,8.275597e+02,1.972036e-05,-7.173564e-06,-3.344013e-01,7.183287e-05,3.293711e-06,0.000000e+00,-4.436423e+00,0.000000e+00,0.000000e+00,0.000000e+00,0.000000e+00,0.000000e+00,0.000000e+00,0.000000e+00,5.421011e-20,7.546700e-14,0.000000e+00,0.000000e+00,0.000000e+00,0.000000e+00,6.364021e+01,8.280342e+02,-3.345524e-01,7.183287e-05,0.000000e+00,2.259780e+01,0.000000e+00,0.000000e+00,-2.468162e-02
6.030854e-04,6.634632e+01,8.247769e+02,2.079951e-05,-6.909142e-06,-3.334897e-01,7.183287e-05,3.443364e-06,0.000000e+00,-4.439409e+00,0.000000e+00,0.000000e+00,0.000000e+00,0.000000e+00,0.000000e+00,0.000000e+00,0.000000e+00,5.421011e-20,7.546700e-14,0.000000e+00,0.000000e+00,0.000000e+00,0.000000e+00,6.634632e+01,8.252589e+02,-3.336429e-01,7.183287e-05,0.000000e+00,2.255033e+01,0.000000e+00,0.000000e+00,-2.558665e-02
6.133944e-04,6.912586e+01,8.219243e+02,1.956864e-05,-5.930541e-06,-3.325801e-01,7.183287e-05,3.423316e-06,0.000000e+00,-4.446351e+00,0.000000e+00,0.000000e+00,0.000000e+00,0.000000e+00,0.000000e+00,0.000000e+00,0.000000e+00,5.421011e-20,7.546700e-14,0.000000e+00,0.000000e+00,0.000000e+00,0.000000e+00,6.912586e+01,8.224148e+02,-3.327298e-01,7.183287e-05,0.000000e+00,2.250254e+01,0.000000e+00,0.000000e+00,-2.648369e-02
6.202906e-04,7.103121e+01,8.199568e+02,1.735267e-05,-5.166185e-06,-3.319618e-01,7.183287e-05,3.473001e-06,0.000000e+00,-4.459820e+00,0.000000e+00,0.000000e+00,0.000000e+00,0.000000e+00,0.000000e+00,0.000000e+00,0.000000e+00,5.421011e-20,7.546700e-14,0.000000e+00,0.000000e+00,0.000000e+00,0.000000e+00,7.103121e+01,8.204641e+02,-3.321156e-01,7.183287e-05,0.000000e+00,2.247064e+01,0.000000e+00,0.000000e+00,-2.709936e-02
6.306796e-04,7.397196e+01,8.169212e+02,1.363237e-05,-3.189971e-06,-3.310077e-01,7.183287e-05,3.473235e-06,0.000000e+00,-4.475189e+00,0.000000e+00,0.000000e+00,0.000000e+00,0.000000e+00,0.000000e+00,0.000000e+00,0.000000e+00,5.421011e-20,7.546700e-14,0.000000e+00,0.000000e+00,0.000000e+00,0.000000e+00,7.397196e+01,8.174437e+02,-3.311701e-01,7.183287e-05,0.000000e+00,2.242269e+01,0.000000e+00,0.000000e+00,-2.805007e-02
6.410998e-04,7.700707e+01,8.138092e+02,1.230007e-05,2.335022e-07,-3.300038e-01,7.183287e-05,3.473790e-06,0.000000e+00,-4.490961e+00,0.000000e+00,0.000000e+00,0.000000e+00,0.000000e+00,0.000000e+00,0.000000e+00,0.000000e+00,5.421011e-20,7.546700e-14,0.000000e+00,0.000000e+00,0.000000e+00,0.000000e+00,7.700707e+01,8.143431e+02,-3.301760e-01,7.183287e-05,0.000000e+00,2.237475e+01,0.000000e+00,0.000000e+00,-2.905218e-02
6.515219e-04,8.012731e+01,8.106212e+02,1.221143e-05,1.895780e-06,-3.289700e-01,7.183287e-05,3.474531e-06,0.000000e+00,-4.506219e+00,0.000000e+00,0.000000e+00,0.000000e+00,0.000000e+00,0.000000e+00,0.000000e+00,0.000000e+00,5.421011e-20,7.546700e-14,0.000000e+00,0.000000e+00,0.000000e+00,0.000000e+00,8.012731e+01,8.111697e+02,-3.291416e-01,7.183287e-05,0.000000e+00,2.232694e+01,0.000000e+00,0.000000e+00,-3.007972e-02
6.618229e-04,8.329269e+01,8.073799e+02,1.082122e-05,1.883227e-06,-3.279428e-01,7.183287e-05,3.351095e-06,0.000000e+00,-4.515318e+00,0.000000e+00,0.000000e+00,0.000000e+00,0.000000e+00,0.000000e+00,0.000000e+00,0.000000e+00,5.421011e-20,7.546700e-14,0.000000e+00,0.000000e+00,0.000000e+00,0.000000e+00,8.329269e+01,8.079219e+02,-3.281086e-01,7.183287e-05,0.000000e+00,2.227984e+01,0.000000e+00,0.000000e+00,-3.108801e-02
6.718368e-04,8.642783e+01,8.041845e+02,1.124134e-05,5.543896e-07,-3.269571e-01,7.183287e-05,3.475660e-06,0.000000e+00,-4.520837e+00,0.000000e+00,0.000000e+00,0.000000e+00,0.000000e+00,0.000000e+00,0.000000e+00,0.000000e+00,5.421011e-20,7.546700e-14,0.000000e+00,0.000000e+00,0.000000e+00,0.000000e+00,8.642783e+01,8.047351e+02,-3.271275e-01,7.183287e-05,0.000000e+00,2.223419e+01,0.000000e+00,0.000000e+00,-3.206715e-02
6.822640e-04,8.975095e+01,8.008142e+02,1.214446e-05,6.730576e-07,-3.259401e-01,7.183287e-05,3.475685e-06,0.000000e+00,-4.521380e+00,0.000000e+00,0.000000e+00,0.000000e+00,0.000000e+00,0.000000e+00,0.000000e+00,0.000000e+00,5.421011e-20,7.546700e-14,0.000000e+00,0.000000e+00,0.000000e+00,0.000000e+00,8.975095e+01,8.013923e+02,-3.261128e-01,7.183287e-05,0.000000e+00,2.218681e+01,0.000000e+00,0.000000e+00,-3.307829e-02
6.926907e-04,9.314029e+01,7.973520e+02,1.197035e-05,1.128403e-06,-3.248799e-01,7.183287e-05,3.309290e-06,0.000000e+00,-4.532166e+00,0.000000e+00,0.000000e+00,0.000000e+00,0.000000e+00,0.000000e+00,0.000000e+00,0.000000e+00,5.421011e-20,7.546700e-14,0.000000e+00,0.000000e+00,0.000000e+00,0.000000e+00,9.314029e+01,7.979539e+02,-3.250667e-01,7.183287e-05,0.000000e+00,2.213957e+01,0.000000e+00,0.000000e+00,-3.412842e-02
7.024366e-04,9.635610e+01,7.940681e+02,1.052724e-05,1.480680e-06,-3.238395e-01,7.183287e-05,3.126802e-06,0.000000e+00,-4.542119e+00,0.000000e+00,0.000000e+00,0.000000e+00,0.000000e+00,0.000000e+00,0.000000e+00,0.000000e+00,5.421011e-20,7.546700e-14,0.000000e+00,0.000000e+00,0.000000e+00,0.000000e+00,9.635610e+01,7.946053e+02,-3.240126e-01,7.183287e-05,0.000000e+00,2.209556e+01,0.000000e+00,0.000000e+00,-3.515706e-02
7.122088e-04,9.961036e+01,7.907617e+02,1.037867e-05,1.836209e-06,-3.227727e-01,7.183287e-05,3.245926e-06,0.000000e+00,-4.546327e+00,0.000000e+00,0.000000e+00,0.000000e+00,0.000000e+00,0.000000e+00,0.000000e+00,0.000000e+00,5.421011e-20,7.546700e-14,0.000000e+00,0.000000e+00,0.000000e+00,0.000000e+00,9.961036e+01,7.913546e+02,-3.229604e-01,7.183287e-05,0.000000e+00,2.205158e+01,0.000000e+00,0.000000e+00,-3.622356e-02
7.219423e-04,1.028963e+02,7.874173e+02,1.226511e-05,1.745398e-06,-3.217048e-01,7.183287e-05,3.368512e-06,0.000000e+00,-4.549679e+00,0.000000e+00,0.000000e+00,0.000000e+00,0.000000e+00,0.000000e+00,0.000000e+00,0.000000e+00,5.421011e-20,7.546700e-14,0.000000e+00,0.000000e+00,0.000000e+00,0.000000e+00,1.028963e+02,7.879864e+02,-3.218811e-01,7.183287e-05,0.000000e+00,2.200792e+01,0.000000e+00,0.000000e+00,-3.728580e-02
7.320472e-04,1.063494e+02,7.839014e+02,1.606992e-05,-4.817585e-07,-3.206072e-01,7.183287e-05,3.367904e-06,0.000000e+00,-4.551238e+00,0.000000e+00,0.000000e+00,0.000000e+00,0.000000e+00,0.000000e+00,0.000000e+00,0.000000e+00,5.421011e-20,7.546700e-14,0.000000e+00,0.000000e+00,0.000000e+00,0.000000e+00,1.063494e+02,7.844999e+02,-3.207904e-01,7.183287e-05,0.000000e+00,2.196274e+01,0.000000e+00,0.000000e+00,-3.837009e-02
7.421275e-04,1.098275e+02,7.803489e+02,1.920874e-05,-2.126122e-06,-3.195079e-01,7.183287e-05,3.306053e-06,0.000000e+00,-4.554223e+00,0.000000e+00,0.000000e+00,0.000000e+00,0.000000e+00,0.000000e+00,0.000000e+00,0.000000e+00,5.421011e-20,7.546700e-14,0.000000e+00,0.000000e+00,0.000000e+00,0.000000e+00,1.098275e+02,7.809568e+02,-3.196957e-01,7.183287e-05,0.000000e+00,2.191782e+01,0.000000e+00,0.000000e+00,-3.945512e-02
7.517483e-04,1.131883e+02,7.769170e+02,1.754749e-05,-2.323528e-06,-3.184435e-01,7.183287e-05,3.355847e-06,0.000000e+00,-4.556036e+00,0.000000e+00,0.000000e+00,0.000000e+00,0.000000e+00,0.000000e+00,0.000000e+00,0.000000e+00,5.421011e-20,7.546700e-14,0.000000e+00,0.000000e+00,0.000000e+00,0.000000e+00,1.131883e+02,7.774922e+02,-3.186219e-01,7.183287e-05,0.000000e+00,2.187510e+01,0.000000e+00,0.000000e+00,-4.051279e-02
7.618156e-04,1.167495e+02,7.732810e+02,1.572945e-05,-1.990294e-06,-3.173037e-01,7.183287e-05,3.355635e-06,0.000000e+00,-4.560348e+00,0.000000e+00,0.000000e+00,0.000000e+00,0.000000e+00,0.000000e+00,0.000000e+00,0.000000e+00,5.421011e-20,7.546700e-14,0.000000e+00,0.000000e+00,0.000000e+00,0.000000e+00,1.167495e+02,7.739011e+02,-3.174965e-01,7.183287e-05,0.000000e+00,2.183055e+01,0.000000e+00,0.000000e+00,-4.164167e-02
7.720173e-04,1.204178e+02,7.695294e+02,1.375644e-05,-1.901821e-06,-3.161314e-01,7.183287e-05,3.422260e-06,0.000000e+00,-4.561560e+00,0.000000e+00,0.000000e+00,0.000000e+00,0.000000e+00,0.000000e+00,0.000000e+00,0.000000e+00,5.421011e-20,7.546700e-14,0.000000e+00,0.000000e+00,0.000000e+00,0.000000e+00,1.204178e+02,7.701747e+02,-3.163297e-01,7.183287e-05,0.000000e+00,2.178557e+01,0.000000e+00,0.000000e+00,-4.280313e-02
7.823845e-04,1.242143e+02,7.656449e+02,1.331301e-05,-1.430011e-07,-3.149309e-01,7.183287e-05,3.418779e-06,0.000000e+00,-4.565037e+00,0.000000e+00,0.000000e+00,0.000000e+00,0.000000e+00,0.000000e+00,0.000000e+00,0.000000e+00,5.421011e-20,7.546700e-14,0.000000e+00,0.000000e+00,0.000000e+00,0.000000e+00,1.242143e+02,7.663095e+02,-3.151312e-01,7.183287e-05,0.000000e+00,2.174003e+01,0.000000e+00,0.000000e+00,-4.398599e-02
7.926316e-04,1.280251e+02,7.617514e+02,1.362875e-05,2.353398e-06,-3.137385e-01,7.183287e-05,3.476051e-06,0.000000e+00,-4.568989e+00,0.000000e+00,0.000000e+00,0.000000e+00,0.000000e+00,0.000000e+00,0.000000e+00,0.000000e+00,5.421011e-20,7.546700e-14,0.000000e+00,0.000000e+00,0.000000e+00,0.000000e+00,1.280251e+02,7.624284e+02,-3.139445e-01,7.183287e-05,0.000000e+00,2.169519e+01,0.000000e+00,0.000000e+00,-4.516757e-02
8.029498e-04,1.319256e+02,7.577609e+02,1.307828e-05,4.339856e-06,-3.125269e-01,7.183287e-05,3.267184e-06,0.000000e+00,-4.573860e+00,0.000000e+00,0.000000e+00,0.000000e+00,0.000000e+00,0.000000e+00,0.000000e+00,0.000000e+00,5.421011e-20,7.546700e-14,0.000000e+00,0.000000e+00,0.000000e+00,0.000000e+00,1.319256e+02,7.584231e+02,-3.127241e-01,7.183287e-05,0.000000e+00,2.165021e+01,0.000000e+00,0.000000e+00,-4.635532e-02
8.127509e-04,1.356824e+02,7.539353e+02,1.285355e-05,5.947210e-06,-3.113544e-01,7.183287e-05,3.266400e-06,0.000000e+00,-4.577628e+00,0.000000e+00,0.000000e+00,0.000000e+00,0.000000e+00,0.000000e+00,0.000000e+00,0.000000e+00,5.421011e-20,7.546700e-14,0.000000e+00,0.000000e+00,0.000000e+00,0.000000e+00,1.356824e+02,7.545848e+02,-3.115540e-01,7.183287e-05,0.000000e+00,2.160765e+01,0.000000e+00,0.000000e+00,-4.752050e-02
8.226469e-04,1.395427e+02,7.500124e+02,1.358792e-05,7.213971e-06,-3.101444e-01,7.183287e-05,3.475799e-06,0.000000e+00,-4.579690e+00,0.000000e+00,0.000000e+00,0.000000e+00,0.000000e+00,0.000000e+00,0.000000e+00,0.000000e+00,5.421011e-20,7.546700e-14,0.000000e+00,0.000000e+00,0.000000e+00,0.000000e+00,1.395427e+02,7.506965e+02,-3.103550e-01,7.183287e-05,0.000000e+00,2.156484e+01,0.000000e+00,0.000000e+00,-4.873562e-02
8.328988e-04,1.436283e+02,7.458557e+02,1.416829e-05,9.068021e-06,-3.088575e-01,7.183287e-05,3.323612e-06,0.000000e+00,-4.579766e+00,0.000000e+00,0.000000e+00,0.000000e+00,0.000000e+00,0.000000e+00,0.000000e+00,0.000000e+00,5.421011e-20,7.546700e-14,0.000000e+00,0.000000e+00,0.000000e+00,0.000000e+00,1.436283e+02,7.465449e+02,-3.090690e-01,7.183287e-05,0.000000e+00,2.152067e+01,0.000000e+00,0.000000e+00,-5.000558e-02
8.428703e-04,1.476658e+02,7.417496e+02,1.227288e-05,9.785094e-06,-3.075682e-01,7.183287e-05,3.323951e-06,0.000000e+00,-4.580645e+00,0.000000e+00,0.000000e+00,0.000000e+00,0.000000e+00,0.000000e+00,0.000000e+00,0.000000e+00,5.421011e-20,7.546700e-14,0.000000e+00,0.000000e+00,0.000000e+00,0.000000e+00,1.476658e+02,7.424458e+02,-3.077867e-01,7.183287e-05,0.000000e+00,2.147788e+01,0.000000e+00,0.000000e+00,-5.128585e-02
8.529576e-04,1.517975e+02,7.375593e+02,9.741240e-06,9.952139e-06,-3.062426e-01,7.183287e-05,3.439118e-06,0.000000e+00,-4.580786e+00,0.000000e+00,0.000000e+00,0.000000e+00,0.000000e+00,0.000000e+00,0.000000e+00,0.000000e+00,5.421011e-20,7.546700e-14,0.000000e+00,0.000000e+00,0.000000e+00,0.000000e+00,1.517975e+02,7.382876e+02,-3.064700e-01,7.183287e-05,0.000000e+00,2.143478e+01,0.000000e+00,0.000000e+00,-5.260622e-02
8.631814e-04,1.560306e+02,7.332562e+02,9.850654e-06,9.141792e-06,-3.048867e-01,7.183287e-05,3.310764e-06,0.000000e+00,-4.582218e+00,0.000000e+00,0.000000e+00,0.000000e+00,0.000000e+00,0.000000e+00,0.000000e+00,0.000000e+00,5.421011e-20,7.546700e-14,0.000000e+00,0.000000e+00,0.000000e+00,0.000000e+00,1.560306e+02,7.339677e+02,-3.051096e-01,7.183287e-05,0.000000e+00,2.139129e+01,0.000000e+00,0.000000e+00,-5.393790e-02
8.732727e-04,1.602560e+02,7.289622e+02,1.219286e-05,7.438370e-06,-3.035471e-01,7.183287e-05,3.473450e-06,0.000000e+00,-4.586703e+00,0.000000e+00,0.000000e+00,0.000000e+00,0.000000e+00,0.000000e+00,0.000000e+00,0.000000e+00,5.421011e-20,7.546700e-14,0.000000e+00,0.000000e+00,0.000000e+00,0.000000e+00,1.602560e+02,7.297177e+02,-3.037821e-01,7.183287e-05,0.000000e+00,2.134855e+01,0.000000e+00,0.000000e+00,-5.527215e-02
8.802203e-04,1.631878e+02,7.259861e+02,1.437987e-05,6.066623e-06,-3.026222e-01,7.183287e-05,3.407248e-06,0.000000e+00,-4.589604e+00,0.000000e+00,0.000000e+00,0.000000e+00,0.000000e+00,0.000000e+00,0.000000e+00,0.000000e+00,5.421011e-20,7.546700e-14,0.000000e+00,0.000000e+00,0.000000e+00,0.000000e+00,1.631878e+02,7.267410e+02,-3.028531e-01,7.183287e-05,0.000000e+00,2.131924e+01,0.000000e+00,0.000000e+00,-5.618116e-02
8.904416e-04,1.675290e+02,7.215768e+02,1.850203e-05,5.553130e-06,-3.012487e-01,7.183287e-05,3.411080e-06,0.000000e+00,-4.597142e+00,0.000000e+00,0.000000e+00,0.000000e+00,0.000000e+00,0.000000e+00,0.000000e+00,0.000000e+00,5.421011e-20,7.546700e-14,0.000000e+00,0.000000e+00,0.000000e+00,0.000000e+00,1.675290e+02,7.223236e+02,-3.014787e-01,7.183287e-05,0.000000e+00,2.127628e+01,0.000000e+00,0.000000e+00,-5.753953e-02
9.006748e-04,1.719220e+02,7.171170e+02,2.213163e-05,5.360945e-06,-2.998589e-01,7.183287e-05,3.410957e-06,0.000000e+00,-4.598150e+00,0.000000e+00,0.000000e+00,0.000000e+00,0.000000e+00,0.000000e+00,0.000000e+00,0.000000e+00,5.421011e-20,7.546700e-14,0.000000e+00,0.000000e+00,0.000000e+00,0.000000e+00,1.719220e+02,7.178744e+02,-3.000931e-01,7.183287e-05,0.000000e+00,2.123346e+01,0.000000e+00,0.000000e+00,-5.891666e-02
9.108731e-04,1.763490e+02,7.126195e+02,2.547480e-05,5.481127e-06,-2.984398e-01,7.183287e-05,3.445652e-06,0.000000e+00,-4.602652e+00,0.000000e+00,0.000000e+00,0.000000e+00,0.000000e+00,0.000000e+00,0.000000e+00,0.000000e+00,5.421011e-20,7.546700e-14,0.000000e+00,0.000000e+00,0.000000e+00,0.000000e+00,1.763490e+02,7.133765e+02,-2.986800e-01,7.183287e-05,0.000000e+00,2.119099e+01,0.000000e+00,0.000000e+00,-6.032602e-02
9.212595e-04,1.809038e+02,7.080039e+02,2.788733e-05,5.183349e-06,-2.969811e-01,7.183287e-05,3.446913e-06,0.000000e+00,-4.602995e+00,0.000000e+00,0.000000e+00,0.000000e+00,0.000000e+00,0.000000e+00,0.000000e+00,0.000000e+00,5.421011e-20,7.546700e-14,0.000000e+00,0.000000e+00,0.000000e+00,0.000000e+00,1.809038e+02,7.087883e+02,-2.972249e-01,7.183287e-05,0.000000e+00,2.114794e+01,0.000000e+00,0.000000e+00,-6.176900e-02
9.313513e-04,1.853864e+02,7.034559e+02,3.057974e-05,3.209869e-06,-2.955596e-01,7.183287e-05,3.274550e-06,0.000000e+00,-4.606717e+00,0.000000e+00,0.000000e+00,0.000000e+00,0.000000e+00,0.000000e+00,0.000000e+00,0.000000e+00,5.421011e-20,7.546700e-14,0.000000e+00,0.000000e+00,0.000000e+00,0.000000e+00,1.853864e+02,7.041932e+02,-2.957889e-01,7.183287e-05,0.000000e+00,2.110632e+01,0.000000e+00,0.000000e+00,-6.316085e-02
9.415618e-04,1.899874e+02,6.987896e+02,3.378083e-05,1.534747e-06,-2.941392e-01,7.183287e-05,3.468736e-06,0.000000e+00,-4.610149e+00,0.000000e+00,0.000000e+00,0.000000e+00,0.000000e+00,0.000000e+00,0.000000e+00,0.000000e+00,5.421011e-20,7.546700e-14,0.000000e+00,0.000000e+00,0.000000e+00,0.000000e+00,1.899874e+02,6.995944e+02,-2.943782e-01,7.183287e-05,0.000000e+00,2.106441e+01,0.000000e+00,0.000000e+00,-6.457569e-02
9.519707e-04,1.947341e+02,6.939879e+02,3.596704e-05,-5.183187e-07,-2.927028e-01,7.183287e-05,3.471793e-06,0.000000e+00,-4.610909e+00,0.000000e+00,0.000000e+00,0.000000e+00,0.000000e+00,0.000000e+00,0.000000e+00,0.000000e+00,5.421011e-20,7.546700e-14,0.000000e+00,0.000000e+00,0.000000e+00,0.000000e+00,1.947341e+02,6.948027e+02,-2.929454e-01,7.183287e-05,0.000000e+00,2.102189e+01,0.000000e+00,0.000000e+00,-6.599546e-02
9.621676e-04,1.994411e+02,6.892242e+02,3.819420e-05,-1.508554e-06,-2.912884e-01,7.183287e-05,3.452776e-06,0.000000e+00,-4.611061e+00,0.000000e+00,0.000000e+00,0.000000e+00,0.000000e+00,0.000000e+00,0.000000e+00,0.000000e+00,5.421011e-20,7.546700e-14,0.000000e+00,0.000000e+00,0.000000e+00,0.000000e+00,1.994411e+02,6.900225e+02,-2.915228e-01,7.183287e-05,0.000000e+00,2.098044e+01,0.000000e+00,0.000000e+00,-6.739322e-02
9.725515e-04,2.042953e+02,6.843136e+02,4.201961e-05,-1.580642e-06,-2.898247e-01,7.183287e-05,3.478670e-06,0.000000e+00,-4.611644e+00,0.000000e+00,0.000000e+00,0.000000e+00,0.000000e+00,0.000000e+00,0.000000e+00,0.000000e+00,5.421011e-20,7.546700e-14,0.000000e+00,0.000000e+00,0.000000e+00,0.000000e+00,2.042953e+02,6.851498e+02,-2.900715e-01,7.183287e-05,0.000000e+00,2.093844e+01,0.000000e+00,0.000000e+00,-6.884727e-02
9.829892e-04,2.092343e+02,6.793219e+02,4.644908e-05,-1.586336e-06,-2.883213e-01,7.183287e-05,3.479817e-06,0.000000e+00,-4.615106e+00,0.000000e+00,0.000000e+00,0.000000e+00,0.000000e+00,0.000000e+00,0.000000e+00,0.000000e+00,5.421011e-20,7.546700e-14,0.000000e+00,0.000000e+00,0.000000e+00,0.000000e+00,2.092343e+02,6.801647e+02,-2.885727e-01,7.183287e-05,0.000000e+00,2.089643e+01,0.000000e+00,0.000000e+00,-7.034164e-02
9.934104e-04,2.142226e+02,6.743014e+02,4.964941e-05,-2.072243e-06,-2.868101e-01,7.183287e-05,3.343774e-06,0.000000e+00,-4.615263e+00,0.000000e+00,0.000000e+00,0.000000e+00,0.000000e+00,0.000000e+00,0.000000e+00,0.000000e+00,5.421011e-20,7.546700e-14,0.000000e+00,0.000000e+00,0.000000e+00,0.000000e+00,2.142226e+02,6.751487e+02,-2.870621e-01,7.183287e-05,0.000000e+00,2.085472e+01,0.000000e+00,0.000000e+00,-7.183532e-02
1.000071e-03,2.174417e+02,6.710576e+02,5.135664e-05,-1.916319e-06,-2.858357e-01,7.183287e-05,3.463773e-06,0.000000e+00,-4.617142e+00,0.000000e+00,0.000000e+00,0.000000e+00,0.000000e+00,0.000000e+00,0.000000e+00,0.000000e+00,5.421011e-20,7.546700e-14,0.000000e+00,0.000000e+00,0.000000e+00,0.000000e+00,2.174417e+02,6.718779e+02,-2.860826e-01,7.183287e-05,0.000000e+00,2.082817e+01,0.000000e+00,0.000000e+00,-7.281347e-02
1.010471e-03,2.225036e+02,6.659611e+02,5.322205e-05,-1.772224e-06,-2.843114e-01,7.183287e-05,3.473641e-06,0.000000e+00,-4.617715e+00,0.000000e+00,0.000000e+00,0.000000e+00,0.000000e+00,0.000000e+00,0.000000e+00,0.000000e+00,5.421011e-20,7.546700e-14,0.000000e+00,0.000000e+00,0.000000e+00,0.000000e+00,2.225036e+02,6.668221e+02,-2.845675e-01,7.183287e-05,0.000000e+00,2.078689e+01,0.000000e+00,0.000000e+00,-7.433267e-02
1.020877e-03,2.275915e+02,6.608439e+02,5.529448e-05,-1.408563e-06,-2.827563e-01,7.183287e-05,3.221342e-06,0.000000e+00,-4.618139e+00,0.000000e+00,0.000000e+00,0.000000e+00,0.000000e+00,0.000000e+00,0.000000e+00,0.000000e+00,5.421011e-20,7.546700e-14,0.000000e+00,0.000000e+00,0.000000e+00,0.000000e+00,2.275915e+02,6.617061e+02,-2.830184e-01,7.183287e-05,0.000000e+00,2.074582e+01,0.000000e+00,0.000000e+00,-7.586639e-02
1.030854e-03,2.325089e+02,6.558894e+02,5.719682e-05,-7.553667e-07,-2.812219e-01,7.183287e-05,3.339262e-06,0.000000e+00,-4.621460e+00,0.000000e+00,0.000000e+00,0.000000e+00,0.000000e+00,0.000000e+00,0.000000e+00,0.000000e+00,5.421011e-20,7.546700e-14,0.000000e+00,0.000000e+00,0.000000e+00,0.000000e+00,2.325089e+02,6.567302e+02,-2.814805e-01,7.183287e-05,0.000000e+00,2.070665e+01,0.000000e+00,0.000000e+00,-7.740750e-02
1.041054e-03,2.375792e+02,6.507827e+02,5.952666e-05,5.014686e-07,-2.796229e-01,7.183287e-05,3.437847e-06,0.000000e+00,-4.623136e+00,0.000000e+00,0.000000e+00,0.000000e+00,0.000000e+00,0.000000e+00,0.000000e+00,0.000000e+00,5.421011e-20,7.546700e-14,0.000000e+00,0.000000e+00,0.000000e+00,0.000000e+00,2.375792e+02,6.516521e+02,-2.798927e-01,7.183287e-05,0.000000e+00,2.066683e+01,0.000000e+00,0.000000e+00,-7.901036e-02
1.051379e-03,2.427433e+02,6.455931e+02,6.140461e-05,1.503691e-06,-2.779936e-01,7.183287e-05,3.447057e-06,0.000000e+00,-4.623580e+00,0.000000e+00,0.000000e+00,0.000000e+00,0.000000e+00,0.000000e+00,0.000000e+00,0.000000e+00,5.421011e-20,7.546700e-14,0.000000e+00,0.000000e+00,0.000000e+00,0.000000e+00,2.427433e+02,6.464695e+02,-2.782654e-01,7.183287e-05,0.000000e+00,2.062676e+01,0.000000e+00,0.000000e+00,-8.063257e-02
1.061772e-03,2.479941e+02,6.403248e+02,6.332044e-05,3.106214e-06,-2.763634e-01,7.183287e-05,3.178841e-06,0.000000e+00,-4.623960e+00,0.000000e+00,0.000000e+00,0.000000e+00,0.000000e+00,0.000000e+00,0.000000e+00,0.000000e+00,5.421011e-20,7.546700e-14,0.000000e+00,0.000000e+00,0.000000e+00,0.000000e+00,2.479941e+02,6.412182e+02,-2.766346e-01,7.183287e-05,0.000000e+00,2.058666e+01,0.000000e+00,0.000000e+00,-8.223117e-02
1.071546e-03,2.529749e+02,6.353302e+02,6.553641e-05,5.349208e-06,-2.748373e-01,7.183287e-05,3.459576e-06,0.000000e+00,-4.628593e+00,0.000000e+00,0.000000e+00,0.000000e+00,0.000000e+00,0.000000e+00,0.000000e+00,0.000000e+00,5.421011e-20,7.546700e-14,0.000000e+00,0.000000e+00,0.000000e+00,0.000000e+00,2.529749e+02,6.361564e+02,-2.750874e-01,7.183287e-05,0.000000e+00,2.054915e+01,0.000000e+00,0.000000e+00,-8.377176e-02
1.081925e-03,2.582954e+02,6.300005e+02,6.742604e-05,7.243991e-06,-2.732162e-01,7.183287e-05,3.459535e-06,0.000000e+00,-4.635022e+00,0.000000e+00,0.000000e+00,0.000000e+00,0.000000e+00,0.000000e+00,0.000000e+00,0.000000e+00,5.421011e-20,7.546700e-14,0.000000e+00,0.000000e+00,0.000000e+00,0.000000e+00,2.582954e+02,6.309025e+02,-2.734889e-01,7.183287e-05,0.000000e+00,2.050956e+01,0.000000e+00,0.000000e+00,-8.538754e-02
1.092304e-03,2.636732e+02,6.246011e+02,6.977080e-05,8.412704e-06,-2.715825e-01,7.183287e-05,3.331093e-06,0.000000e+00,-4.636009e+00,0.000000e+00,0.000000e+00,0.000000e+00,0.000000e+00,0.000000e+00,0.000000e+00,0.000000e+00,5.421011e-20,7.546700e-14,0.000000e+00,0.000000e+00,0.000000e+00,0.000000e+00,2.636732e+02,6.255154e+02,-2.718565e-01,7.183287e-05,0.000000e+00,2.047020e+01,0.000000e+00,0.000000e+00,-8.700876e-02
1.102427e-03,2.689688e+02,6.192833e+02,7.168116e-05,8.814927e-06,-2.699619e-01,7.183287e-05,3.467040e-06,0.000000e+00,-4.636871e+00,0.000000e+00,0.000000e+00,0.000000e+00,0.000000e+00,0.000000e+00,0.000000e+00,0.000000e+00,5.421011e-20,7.546700e-14,0.000000e+00,0.000000e+00,0.000000e+00,0.000000e+00,2.689688e+02,6.202046e+02,-2.702415e-01,7.183287e-05,0.000000e+00,2.043204e+01,0.000000e+00,0.000000e+00,-8.864024e-02
1.112829e-03,2.744537e+02,6.137749e+02,7.238368e-05,1.022508e-05,-2.682516e-01,7.183287e-05,3.410210e-06,0.000000e+00,-4.648022e+00,0.000000e+00,0.000000e+00,0.000000e+00,0.000000e+00,0.000000e+00,0.000000e+00,0.000000e+00,5.421011e-20,7.546700e-14,0.000000e+00,0.000000e+00,0.000000e+00,0.000000e+00,2.744537e+02,6.147039e+02,-2.685369e-01,7.183287e-05,0.000000e+00,2.039307e+01,0.000000e+00,0.000000e+00,-9.034719e-02
1.123059e-03,2.799013e+02,6.083143e+02,7.269986e-05,1.155421e-05,-2.665545e-01,7.183287e-05,3.409852e-06,0.000000e+00,-4.648282e+00,0.000000e+00,0.000000e+00,0.000000e+00,0.000000e+00,0.000000e+00,0.000000e+00,0.000000e+00,5.421011e-20,7.546700e-14,0.000000e+00,0.000000e+00,0.000000e+00,0.000000e+00,2.799013e+02,6.092362e+02,-2.668392e-01,7.183287e-05,0.000000e+00,2.035499e+01,0.000000e+00,0.000000e+00,-9.204555e-02
1.133286e-03,2.853898e+02,6.028116e+02,7.282627e-05,1.133251e-05,-2.648371e-01,7.183287e-05,3.411451e-06,0.000000e+00,-4.652525e+00,0.000000e+00,0.000000e+00,0.000000e+00,0.000000e+00,0.000000e+00,0.000000e+00,0.000000e+00,5.421011e-20,7.546700e-14,0.000000e+00,0.000000e+00,0.000000e+00,0.000000e+00,2.853898e+02,6.037393e+02,-2.651231e-01,7.183287e-05,0.000000e+00,2.031717e+01,0.000000e+00,0.000000e+00,-9.376290e-02
1.140111e-03,2.890737e+02,5.991191e+02,7.283203e-05,1.083721e-05,-2.636859e-01,7.183287e-05,3.476561e-06,0.000000e+00,-4.653955e+00,0.000000e+00,0.000000e+00,0.000000e+00,0.000000e+00,0.000000e+00,0.000000e+00,0.000000e+00,5.421011e-20,7.546700e-14,0.000000e+00,0.000000e+00,0.000000e+00,0.000000e+00,2.890737e+02,6.000530e+02,-2.639755e-01,7.183287e-05,0.000000e+00,2.029206e+01,0.000000e+00,0.000000e+00,-9.491889e-02
1.150405e-03,2.946645e+02,5.935186e+02,7.218077e-05,1.158297e-05,-2.619457e-01,7.183287e-05,3.344787e-06,0.000000e+00,-4.654068e+00,0.000000e+00,0.000000e+00,0.000000e+00,0.000000e+00,0.000000e+00,0.000000e+00,0.000000e+00,5.421011e-20,7.546700e-14,0.000000e+00,0.000000e+00,0.000000e+00,0.000000e+00,2.946645e+02,5.944381e+02,-2.622289e-01,7.183287e-05,0.000000e+00,2.025439e+01,0.000000e+00,0.000000e+00,-9.664769e-02
1.163100e-03,3.015996e+02,5.865610e+02,7.081753e-05,1.294966e-05,-2.597829e-01,7.183287e-05,3.126211e-06,0.000000e+00,-4.655971e+00,0.000000e+00,0.000000e+00,0.000000e+00,0.000000e+00,0.000000e+00,0.000000e+00,0.000000e+00,5.421011e-20,7.546700e-14,0.000000e+00,0.000000e+00,0.000000e+00,0.000000e+00,3.015996e+02,5.874250e+02,-2.600492e-01,7.183287e-05,0.000000e+00,2.020829e+01,0.000000e+00,0.000000e+00,-9.879021e-02
1.172493e-03,3.067552e+02,5.813881e+02,7.034679e-05,1.356906e-05,-2.581783e-01,7.183287e-05,3.140579e-06,0.000000e+00,-4.655984e+00,0.000000e+00,0.000000e+00,0.000000e+00,0.000000e+00,0.000000e+00,0.000000e+00,0.000000e+00,5.421011e-20,7.546700e-14,0.000000e+00,0.000000e+00,0.000000e+00,0.000000e+00,3.067552e+02,5.822603e+02,-2.584471e-01,7.183287e-05,0.000000e+00,2.017442e+01,0.000000e+00,0.000000e+00,-1.003951e-01
1.182156e-03,3.120887e+02,5.760356e+02,7.110518e-05,1.368402e-05,-2.565121e-01,7.183287e-05,3.401588e-06,0.000000e+00,-4.658017e+00,0.000000e+00,0.000000e+00,0.000000e+00,0.000000e+00,0.000000e+00,0.000000e+00,0.000000e+00,5.421011e-20,7.546700e-14,0.000000e+00,0.000000e+00,0.000000e+00,0.000000e+00,3.120887e+02,5.769487e+02,-2.567942e-01,7.183287e-05,0.000000e+00,2.013981e+01,0.000000e+00,0.000000e+00,-1.020837e-01
1.192315e-03,3.177319e+02,5.703831e+02,7.186808e-05,1.376537e-05,-2.547453e-01,7.183287e-05,3.464968e-06,0.000000e+00,-4.658412e+00,0.000000e+00,0.000000e+00,0.000000e+00,0.000000e+00,0.000000e+00,0.000000e+00,0.000000e+00,5.421011e-20,7.546700e-14,0.000000e+00,0.000000e+00,0.000000e+00,0.000000e+00,3.177319e+02,5.713050e+02,-2.550317e-01,7.183287e-05,0.000000e+00,2.010365e+01,0.000000e+00,0.000000e+00,-1.038573e-01
1.202500e-03,3.234218e+02,5.646983e+02,7.205761e-05,1.386934e-05,-2.529560e-01,7.183287e-05,3.359882e-06,0.000000e+00,-4.659509e+00,0.000000e+00,0.000000e+00,0.000000e+00,0.000000e+00,0.000000e+00,0.000000e+00,0.000000e+00,5.421011e-20,7.546700e-14,0.000000e+00,0.000000e+00,0.000000e+00,0.000000e+00,3.234218e+02,5.656448e+02,-2.532516e-01,7.183287e-05,0.000000e+00,2.006766e+01,0.000000e+00,0.000000e+00,-1.056395e-01
1.212684e-03,3.291408e+02,5.589922e+02,7.242654e-05,1.328905e-05,-2.511544e-01,7.183287e-05,3.412273e-06,0.000000e+00,-4.660985e+00,0.000000e+00,0.000000e+00,0.000000e+00,0.000000e+00,0.000000e+00,0.000000e+00,0.000000e+00,5.421011e-20,7.546700e-14,0.000000e+00,0.000000e+00,0.000000e+00,0.000000e+00,3.291408e+02,5.599586e+02,-2.514592e-01,7.183287e-05,0.000000e+00,2.003192e+01,0.000000e+00,0.000000e+00,-1.074474e-01
1.222921e-03,3.349193e+02,5.532274e+02,7.248922e-05,1.311605e-05,-2.493348e-01,7.183287e-05,3.448570e-06,0.000000e+00,-4.662043e+00,0.000000e+00,0.000000e+00,0.000000e+00,0.000000e+00,0.000000e+00,0.000000e+00,0.000000e+00,5.421011e-20,7.546700e-14,0.000000e+00,0.000000e+00,0.000000e+00,0.000000e+00,3.349193e+02,5.541982e+02,-2.496383e-01,7.183287e-05,0.000000e+00,1.999626e+01,0.000000e+00,0.000000e+00,-1.092712e-01
1.233250e-03,3.407823e+02,5.473719e+02,7.226750e-05,1.331176e-05,-2.474907e-01,7.183287e-05,3.470846e-06,0.000000e+00,-4.662216e+00,0.000000e+00,0.000000e+00,0.000000e+00,0.000000e+00,0.000000e+00,0.000000e+00,0.000000e+00,5.421011e-20,7.546700e-14,0.000000e+00,0.000000e+00,0.000000e+00,0.000000e+00,3.407823e+02,5.483588e+02,-2.477988e-01,7.183287e-05,0.000000e+00,1.996054e+01,0.000000e+00,0.000000e+00,-1.111182e-01
1.240192e-03,3.447460e+02,5.434020e+02,7.246230e-05,1.369873e-05,-2.462426e-01,7.183287e-05,3.470413e-06,0.000000e+00,-4.663232e+00,0.000000e+00,0.000000e+00,0.000000e+00,0.000000e+00,0.000000e+00,0.000000e+00,0.000000e+00,5.421011e-20,7.546700e-14,0.000000e+00,0.000000e+00,0.000000e+00,0.000000e+00,3.447460e+02,5.444055e+02,-2.465552e-01,7.183287e-05,0.000000e+00,1.993669e+01,0.000000e+00,0.000000e+00,-1.123667e-01
1.250602e-03,3.507239e+02,5.374059e+02,7.280381e-05,1.465986e-05,-2.443529e-01,7.183287e-05,3.469164e-06,0.000000e+00,-4.665867e+00,0.000000e+00,0.000000e+00,0.000000e+00,0.000000e+00,0.000000e+00,0.000000e+00,0.000000e+00,5.421011e-20,7.546700e-14,0.000000e+00,0.000000e+00,0.000000e+00,0.000000e+00,3.507239e+02,5.384150e+02,-2.446679e-01,7.183287e-05,0.000000e+00,1.990114e+01,0.000000e+00,0.000000e+00,-1.142567e-01
1.261007e-03,3.567251e+02,5.313911e+02,7.245479e-05,1.579347e-05,-2.424494e-01,7.183287e-05,3.466827e-06,0.000000e+00,-4.672256e+00,0.000000e+00,0.000000e+00,0.000000e+00,0.000000e+00,0.000000e+00,0.000000e+00,0.000000e+00,5.421011e-20,7.546700e-14,0.000000e+00,0.000000e+00,0.000000e+00,0.000000e+00,3.567251e+02,5.324009e+02,-2.427646e-01,7.183287e-05,0.000000e+00,1.986588e+01,0.000000e+00,0.000000e+00,-1.161582e-01
1.271406e-03,3.627445e+02,5.253744e+02,7.161960e-05,1.630771e-05,-2.405548e-01,7.183287e-05,3.440440e-06,0.000000e+00,-4.673372e+00,0.000000e+00,0.000000e+00,0.000000e+00,0.000000e+00,0.000000e+00,0.000000e+00,0.000000e+00,5.421011e-20,7.546700e-14,0.000000e+00,0.000000e+00,0.000000e+00,0.000000e+00,3.627445e+02,5.263870e+02,-2.408708e-01,7.183287e-05,0.000000e+00,1.983092e+01,0.000000e+00,0.000000e+00,-1.180490e-01
1.281640e-03,3.686915e+02,5.194235e+02,7.124094e-05,1.615063e-05,-2.386929e-01,7.183287e-05,3.464895e-06,0.000000e+00,-4.674529e+00,0.000000e+00,0.000000e+00,0.000000e+00,0.000000e+00,0.000000e+00,0.000000e+00,0.000000e+00,5.421011e-20,7.546700e-14,0.000000e+00,0.000000e+00,0.000000e+00,0.000000e+00,3.686915e+02,5.204415e+02,-2.390081e-01,7.183287e-05,0.000000e+00,1.979678e+01,0.000000e+00,0.000000e+00,-1.199117e-01
1.291889e-03,3.746766e+02,5.134224e+02,7.230576e-05,1.622481e-05,-2.368085e-01,7.183287e-05,3.466427e-06,0.000000e+00,-4.681741e+00,0.000000e+00,0.000000e+00,0.000000e+00,0.000000e+00,0.000000e+00,0.000000e+00,0.000000e+00,5.421011e-20,7.546700e-14,0.000000e+00,0.000000e+00,0.000000e+00,0.000000e+00,3.746766e+02,5.144464e+02,-2.371276e-01,7.183287e-05,0.000000e+00,1.976286e+01,0.000000e+00,0.000000e+00,-1.217962e-01
1.302108e-03,3.806753e+02,5.074136e+02,7.378143e-05,1.550092e-05,-2.349071e-01,7.183287e-05,3.409207e-06,0.000000e+00,-4.682528e+00,0.000000e+00,0.000000e+00,0.000000e+00,0.000000e+00,0.000000e+00,0.000000e+00,0.000000e+00,5.421011e-20,7.546700e-14,0.000000e+00,0.000000e+00,0.000000e+00,0.000000e+00,3.806753e+02,5.083886e+02,-2.352156e-01,7.183287e-05,0.000000e+00,1.972930e+01,0.000000e+00,0.000000e+00,-1.236949e-01
1.312461e-03,3.867850e+02,5.012964e+02,7.541259e-05,1.457691e-05,-2.329428e-01,7.183287e-05,3.474138e-06,0.000000e+00,-4.684488e+00,0.000000e+00,0.000000e+00,0.000000e+00,0.000000e+00,0.000000e+00,0.000000e+00,0.000000e+00,5.421011e-20,7.546700e-14,0.000000e+00,0.000000e+00,0.000000e+00,0.000000e+00,3.867850e+02,5.023325e+02,-2.332759e-01,7.183287e-05,0.000000e+00,1.969559e+01,0.000000e+00,0.000000e+00,-1.256675e-01
1.322787e-03,3.929085e+02,4.951765e+02,7.663361e-05,1.340300e-05,-2.309696e-01,7.183287e-05,3.471011e-06,0.000000e+00,-4.684529e+00,0.000000e+00,0.000000e+00,0.000000e+00,0.000000e+00,0.000000e+00,0.000000e+00,0.000000e+00,5.421011e-20,7.546700e-14,0.000000e+00,0.000000e+00,0.000000e+00,0.000000e+00,3.929085e+02,4.962005e+02,-2.312973e-01,7.183287e-05,0.000000e+00,1.966224e+01,0.000000e+00,0.000000e+00,-1.276406e-01
1.333173e-03,3.990880e+02,4.890042e+02,7.686927e-05,1.275150e-05,-2.289874e-01,7.183287e-05,3.464012e-06,0.000000e+00,-4.684711e+00,0.000000e+00,0.000000e+00,0.000000e+00,0.000000e+00,0.000000e+00,0.000000e+00,0.000000e+00,5.421011e-20,7.546700e-14,0.000000e+00,0.000000e+00,0.000000e+00,0.000000e+00,3.990880e+02,4.900378e+02,-2.293157e-01,7.183287e-05,0.000000e+00,1.962899e+01,0.000000e+00,0.000000e+00,-1.296173e-01
1.340033e-03,4.031811e+02,4.849099e+02,7.659194e-05,1.278123e-05,-2.276832e-01,7.183287e-05,3.204284e-06,0.000000e+00,-4.687768e+00,0.000000e+00,0.000000e+00,0.000000e+00,0.000000e+00,0.000000e+00,0.000000e+00,0.000000e+00,5.421011e-20,7.546700e-14,0.000000e+00,0.000000e+00,0.000000e+00,0.000000e+00,4.031811e+02,4.859318e+02,-2.280041e-01,7.183287e-05,0.000000e+00,1.960719e+01,0.000000e+00,0.000000e+00,-1.308933e-01
1.353160e-03,4.110276e+02,4.770580e+02,7.681904e-05,1.340608e-05,-2.252107e-01,7.183287e-05,3.359767e-06,0.000000e+00,-4.687846e+00,0.000000e+00,0.000000e+00,0.000000e+00,0.000000e+00,0.000000e+00,0.000000e+00,0.000000e+00,5.421011e-20,7.546700e-14,0.000000e+00,0.000000e+00,0.000000e+00,0.000000e+00,4.110276e+02,4.780700e+02,-2.255274e-01,7.183287e-05,0.000000e+00,1.956580e+01,0.000000e+00,0.000000e+00,-1.333767e-01
1.363280e-03,4.170815e+02,4.710015e+02,7.756394e-05,1.353833e-05,-2.232837e-01,7.183287e-05,3.268090e-06,0.000000e+00,-4.692190e+00,0.000000e+00,0.000000e+00,0.000000e+00,0.000000e+00,0.000000e+00,0.000000e+00,0.000000e+00,5.421011e-20,7.546700e-14,0.000000e+00,0.000000e+00,0.000000e+00,0.000000e+00,4.170815e+02,4.720058e+02,-2.236020e-01,7.183287e-05,0.000000e+00,1.953421e+01,0.000000e+00,0.000000e+00,-1.352960e-01
1.373330e-03,4.231072e+02,4.649770e+02,7.854052e-05,1.360558e-05,-2.213433e-01,7.183287e-05,3.458445e-06,0.000000e+00,-4.692322e+00,0.000000e+00,0.000000e+00,0.000000e+00,0.000000e+00,0.000000e+00,0.000000e+00,0.000000e+00,5.421011e-20,7.546700e-14,0.000000e+00,0.000000e+00,0.000000e+00,0.000000e+00,4.231072e+02,4.660022e+02,-2.216738e-01,7.183287e-05,0.000000e+00,1.950311e+01,0.000000e+00,0.000000e+00,-1.372582e-01
1.380107e-03,4.271785e+02,4.609054e+02,7.883761e-05,1.343658e-05,-2.200124e-01,7.183287e-05,3.464139e-06,0.000000e+00,-4.692605e+00,0.000000e+00,0.000000e+00,0.000000e+00,0.000000e+00,0.000000e+00,0.000000e+00,0.000000e+00,5.421011e-20,7.546700e-14,0.000000e+00,0.000000e+00,0.000000e+00,0.000000e+00,4.271785e+02,4.619099e+02,-2.203416e-01,7.183287e-05,0.000000e+00,1.948229e+01,0.000000e+00,0.000000e+00,-1.385923e-01
1.390501e-03,4.334325e+02,4.546489e+02,7.923668e-05,1.286484e-05,-2.179462e-01,7.183287e-05,3.341044e-06,0.000000e+00,-4.692605e+00,0.000000e+00,0.000000e+00,0.000000e+00,0.000000e+00,0.000000e+00,0.000000e+00,0.000000e+00,5.421011e-20,7.546700e-14,0.000000e+00,0.000000e+00,0.000000e+00,0.000000e+00,4.334325e+02,4.557002e+02,-2.182921e-01,7.183287e-05,0.000000e+00,1.945060e+01,0.000000e+00,0.000000e+00,-1.406470e-01
1.400529e-03,4.394746e+02,4.485991e+02,8.017221e-05,1.288953e-05,-2.159392e-01,7.183287e-05,3.323824e-06,0.000000e+00,-4.692673e+00,0.000000e+00,0.000000e+00,0.000000e+00,0.000000e+00,0.000000e+00,0.000000e+00,0.000000e+00,5.421011e-20,7.546700e-14,0.000000e+00,0.000000e+00,0.000000e+00,0.000000e+00,4.394746e+02,4.496089e+02,-2.162723e-01,7.183287e-05,0.000000e+00,1.942032e+01,0.000000e+00,0.000000e+00,-1.426509e-01
1.410509e-03,4.454972e+02,4.425677e+02,8.125421e-05,1.266580e-05,-2.139334e-01,7.183287e-05,3.330772e-06,0.000000e+00,-4.695285e+00,0.000000e+00,0.000000e+00,0.000000e+00,0.000000e+00,0.000000e+00,0.000000e+00,0.000000e+00,5.421011e-20,7.546700e-14,0.000000e+00,0.000000e+00,0.000000e+00,0.000000e+00,4.454972e+02,4.435805e+02,-2.142675e-01,7.183287e-05,0.000000e+00,1.939046e+01,0.000000e+00,0.000000e+00,-1.446557e-01
1.420768e-03,4.516995e+02,4.363637e+02,8.218772e-05,1.267048e-05,-2.118662e-01,7.183287e-05,3.462626e-06,0.000000e+00,-4.696020e+00,0.000000e+00,0.000000e+00,0.000000e+00,0.000000e+00,0.000000e+00,0.000000e+00,0.000000e+00,5.421011e-20,7.546700e-14,0.000000e+00,0.000000e+00,0.000000e+00,0.000000e+00,4.516995e+02,4.374196e+02,-2.122155e-01,7.183287e-05,0.000000e+00,1.936005e+01,0.000000e+00,0.000000e+00,-1.467358e-01
1.431154e-03,4.579992e+02,4.300581e+02,8.253576e-05,1.264015e-05,-2.097572e-01,7.183287e-05,3.426509e-06,0.000000e+00,-4.698580e+00,0.000000e+00,0.000000e+00,0.000000e+00,0.000000e+00,0.000000e+00,0.000000e+00,0.000000e+00,5.421011e-20,7.546700e-14,0.000000e+00,0.000000e+00,0.000000e+00,0.000000e+00,4.579992e+02,4.311184e+02,-2.101112e-01,7.183287e-05,0.000000e+00,1.932957e+01,0.000000e+00,0.000000e+00,-1.488419e-01
1.441494e-03,4.642896e+02,4.237607e+02,8.296879e-05,1.305945e-05,-2.076449e-01,7.183287e-05,3.281653e-06,0.000000e+00,-4.699357e+00,0.000000e+00,0.000000e+00,0.000000e+00,0.000000e+00,0.000000e+00,0.000000e+00,0.000000e+00,5.421011e-20,7.546700e-14,0.000000e+00,0.000000e+00,0.000000e+00,0.000000e+00,4.642896e+02,4.248222e+02,-2.080008e-01,7.183287e-05,0.000000e+00,1.929953e+01,0.000000e+00,0.000000e+00,-1.509378e-01
1.451333e-03,4.702844e+02,4.177599e+02,8.333197e-05,1.359609e-05,-2.056274e-01,7.183287e-05,3.278365e-06,0.000000e+00,-4.699499e+00,0.000000e+00,0.000000e+00,0.000000e+00,0.000000e+00,0.000000e+00,0.000000e+00,0.000000e+00,5.421011e-20,7.546700e-14,0.000000e+00,0.000000e+00,0.000000e+00,0.000000e+00,4.702844e+02,4.187670e+02,-2.059637e-01,7.183287e-05,0.000000e+00,1.927122e+01,0.000000e+00,0.000000e+00,-1.529521e-01
1.461167e-03,4.762852e+02,4.117529e+02,8.365314e-05,1.427551e-05,-2.036104e-01,7.183287e-05,3.278086e-06,0.000000e+00,-4.699540e+00,0.000000e+00,0.000000e+00,0.000000e+00,0.000000e+00,0.000000e+00,0.000000e+00,0.000000e+00,5.421011e-20,7.546700e-14,0.000000e+00,0.000000e+00,0.000000e+00,0.000000e+00,4.762852e+02,4.127613e+02,-2.039465e-01,7.183287e-05,0.000000e+00,1.924321e+01,0.000000e+00,0.000000e+00,-1.549663e-01
1.471001e-03,4.822926e+02,4.057379e+02,8.380671e-05,1.441872e-05,-2.015875e-01,7.183287e-05,3.375425e-06,0.000000e+00,-4.702291e+00,0.000000e+00,0.000000e+00,0.000000e+00,0.000000e+00,0.000000e+00,0.000000e+00,0.000000e+00,5.421011e-20,7.546700e-14,0.000000e+00,0.000000e+00,0.000000e+00,0.000000e+00,4.822926e+02,4.067469e+02,-2.019244e-01,7.183287e-05,0.000000e+00,1.921547e+01,0.000000e+00,0.000000e+00,-1.569973e-01
1.481189e-03,4.885264e+02,3.995033e+02,8.352694e-05,1.511350e-05,-1.994826e-01,7.183287e-05,3.462616e-06,0.000000e+00,-4.702337e+00,0.000000e+00,0.000000e+00,0.000000e+00,0.000000e+00,0.000000e+00,0.000000e+00,0.000000e+00,5.421011e-20,7.546700e-14,0.000000e+00,0.000000e+00,0.000000e+00,0.000000e+00,4.885264e+02,4.005510e+02,-1.998355e-01,7.183287e-05,0.000000e+00,1.918703e+01,0.000000e+00,0.000000e+00,-1.591107e-01
1.491607e-03,4.949083e+02,3.931227e+02,8.395564e-05,1.617325e-05,-1.973056e-01,7.183287e-05,3.476318e-06,0.000000e+00,-4.702680e+00,0.000000e+00,0.000000e+00,0.000000e+00,0.000000e+00,0.000000e+00,0.000000e+00,0.000000e+00,5.421011e-20,7.546700e-14,0.000000e+00,0.000000e+00,0.000000e+00,0.000000e+00,4.949083e+02,3.941954e+02,-1.976724e-01,7.183287e-05,0.000000e+00,1.915826e+01,0.000000e+00,0.000000e+00,-1.612912e-01
1.502033e-03,5.012928e+02,3.867364e+02,8.427294e-05,1.666787e-05,-1.950969e-01,7.183287e-05,3.473604e-06,0.000000e+00,-4.705451e+00,0.000000e+00,0.000000e+00,0.000000e+00,0.000000e+00,0.000000e+00,0.000000e+00,0.000000e+00,5.421011e-20,7.546700e-14,0.000000e+00,0.000000e+00,0.000000e+00,0.000000e+00,5.012928e+02,3.878078e+02,-1.954681e-01,7.183287e-05,0.000000e+00,1.912978e+01,0.000000e+00,0.000000e+00,-1.635016e-01
1.512426e-03,5.076518e+02,3.803750e+02,8.416231e-05,1.712581e-05,-1.928841e-01,7.183287e-05,3.297450e-06,0.000000e+00,-4.705672e+00,0.000000e+00,0.000000e+00,0.000000e+00,0.000000e+00,0.000000e+00,0.000000e+00,0.000000e+00,5.421011e-20,7.546700e-14,0.000000e+00,0.000000e+00,0.000000e+00,0.000000e+00,5.076518e+02,3.814449e+02,-1.932542e-01,7.183287e-05,0.000000e+00,1.910171e+01,0.000000e+00,0.000000e+00,-1.656959e-01
1.522319e-03,5.136962e+02,3.743254e+02,8.359646e-05,1.778542e-05,-1.907672e-01,7.183287e-05,3.471174e-06,0.000000e+00,-4.706452e+00,0.000000e+00,0.000000e+00,0.000000e+00,0.000000e+00,0.000000e+00,0.000000e+00,0.000000e+00,5.421011e-20,7.546700e-14,0.000000e+00,0.000000e+00,0.000000e+00,0.000000e+00,5.136962e+02,3.753390e+02,-1.911209e-01,7.183287e-05,0.000000e+00,1.907529e+01,0.000000e+00,0.000000e+00,-1.678312e-01
1.532579e-03,5.199507e+02,3.680706e+02,8.288935e-05,1.803026e-05,-1.885635e-01,7.183287e-05,3.318120e-06,0.000000e+00,-4.708394e+00,0.000000e+00,0.000000e+00,0.000000e+00,0.000000e+00,0.000000e+00,0.000000e+00,0.000000e+00,5.421011e-20,7.546700e-14,0.000000e+00,0.000000e+00,0.000000e+00,0.000000e+00,5.199507e+02,3.690883e+02,-1.889229e-01,7.183287e-05,0.000000e+00,1.904820e+01,0.000000e+00,0.000000e+00,-1.700181e-01
1.542838e-03,5.261895e+02,3.618336e+02,8.337265e-05,1.853761e-05,-1.863465e-01,7.183287e-05,3.300460e-06,0.000000e+00,-4.708402e+00,0.000000e+00,0.000000e+00,0.000000e+00,0.000000e+00,0.000000e+00,0.000000e+00,0.000000e+00,5.421011e-20,7.546700e-14,0.000000e+00,0.000000e+00,0.000000e+00,0.000000e+00,5.261895e+02,3.628955e+02,-1.867239e-01,7.183287e-05,0.000000e+00,1.902143e+01,0.000000e+00,0.000000e+00,-1.722345e-01
1.552902e-03,5.322999e+02,3.557142e+02,8.413244e-05,1.922325e-05,-1.841403e-01,7.183287e-05,3.372020e-06,0.000000e+00,-4.711739e+00,0.000000e+00,0.000000e+00,0.000000e+00,0.000000e+00,0.000000e+00,0.000000e+00,0.000000e+00,5.421011e-20,7.546700e-14,0.000000e+00,0.000000e+00,0.000000e+00,0.000000e+00,5.322999e+02,3.567737e+02,-1.845210e-01,7.183287e-05,0.000000e+00,1.899548e+01,0.000000e+00,0.000000e+00,-1.744494e-01
1.563205e-03,5.385457e+02,3.494596e+02,8.574127e-05,1.999422e-05,-1.818669e-01,7.183287e-05,3.461505e-06,0.000000e+00,-4.711739e+00,0.000000e+00,0.000000e+00,0.000000e+00,0.000000e+00,0.000000e+00,0.000000e+00,0.000000e+00,5.421011e-20,7.546700e-14,0.000000e+00,0.000000e+00,0.000000e+00,0.000000e+00,5.385457e+02,3.505174e+02,-1.822502e-01,7.183287e-05,0.000000e+00,1.896923e+01,0.000000e+00,0.000000e+00,-1.767314e-01
1.570126e-03,5.427350e+02,3.452643e+02,8.705966e-05,2.031062e-05,-1.803337e-01,7.183287e-05,3.457339e-06,0.000000e+00,-4.712027e+00,0.000000e+00,0.000000e+00,0.000000e+00,0.000000e+00,0.000000e+00,0.000000e+00,0.000000e+00,5.421011e-20,7.546700e-14,0.000000e+00,0.000000e+00,0.000000e+00,0.000000e+00,5.427350e+02,3.463198e+02,-1.807176e-01,7.183287e-05,0.000000e+00,1.895178e+01,0.000000e+00,0.000000e+00,-1.782612e-01
1.580494e-03,5.490063e+02,3.389849e+02,8.974573e-05,2.165924e-05,-1.780390e-01,7.183287e-05,3.454797e-06,0.000000e+00,-4.712324e+00,0.000000e+00,0.000000e+00,0.000000e+00,0.000000e+00,0.000000e+00,0.000000e+00,0.000000e+00,5.421011e-20,7.546700e-14,0.000000e+00,0.000000e+00,0.000000e+00,0.000000e+00,5.490063e+02,3.400376e+02,-1.784199e-01,7.183287e-05,0.000000e+00,1.892592e+01,0.000000e+00,0.000000e+00,-1.805483e-01
1.590765e-03,5.552105e+02,3.327730e+02,9.089069e-05,2.319601e-05,-1.757815e-01,7.183287e-05,3.456485e-06,0.000000e+00,-4.712394e+00,0.000000e+00,0.000000e+00,0.000000e+00,0.000000e+00,0.000000e+00,0.000000e+00,0.000000e+00,5.421011e-20,7.546700e-14,0.000000e+00,0.000000e+00,0.000000e+00,0.000000e+00,5.552105e+02,3.337954e+02,-1.761494e-01,7.183287e-05,0.000000e+00,1.890062e+01,0.000000e+00,0.000000e+00,-1.827980e-01
1.601126e-03,5.614593e+02,3.265179e+02,9.073083e-05,2.388212e-05,-1.735242e-01,7.183287e-05,3.446216e-06,0.000000e+00,-4.712396e+00,0.000000e+00,0.000000e+00,0.000000e+00,0.000000e+00,0.000000e+00,0.000000e+00,0.000000e+00,5.421011e-20,7.546700e-14,0.000000e+00,0.000000e+00,0.000000e+00,0.000000e+00,5.614593e+02,3.275641e+02,-1.738983e-01,7.183287e-05,0.000000e+00,1.887543e+01,0.000000e+00,0.000000e+00,-1.850477e-01
1.611464e-03,5.676833e+02,3.202919e+02,8.961399e-05,2.363552e-05,-1.712828e-01,7.183287e-05,3.446071e-06,0.000000e+00,-4.712630e+00,0.000000e+00,0.000000e+00,0.000000e+00,0.000000e+00,0.000000e+00,0.000000e+00,0.000000e+00,5.421011e-20,7.546700e-14,0.000000e+00,0.000000e+00,0.000000e+00,0.000000e+00,5.676833e+02,3.213351e+02,-1.716559e-01,7.183287e-05,0.000000e+00,1.885062e+01,0.000000e+00,0.000000e+00,-1.872857e-01
1.621802e-03,5.738939e+02,3.140859e+02,8.951180e-05,2.399895e-05,-1.690416e-01,7.183287e-05,3.445913e-06,0.000000e+00,-4.712786e+00,0.000000e+00,0.000000e+00,0.000000e+00,0.000000e+00,0.000000e+00,0.000000e+00,0.000000e+00,5.421011e-20,7.546700e-14,0.000000e+00,0.000000e+00,0.000000e+00,0.000000e+00,5.738939e+02,3.151256e+02,-1.694154e-01,7.183287e-05,0.000000e+00,1.882613e+01,0.000000e+00,0.000000e+00,-1.895267e-01
1.632077e-03,5.800532e+02,3.079334e+02,8.932839e-05,2.444717e-05,-1.668069e-01,7.183287e-05,3.471721e-06,0.000000e+00,-4.712786e+00,0.000000e+00,0.000000e+00,0.000000e+00,0.000000e+00,0.000000e+00,0.000000e+00,0.000000e+00,5.421011e-20,7.546700e-14,0.000000e+00,0.000000e+00,0.000000e+00,0.000000e+00,5.800532e+02,3.089615e+02,-1.671792e-01,7.183287e-05,0.000000e+00,1.880211e+01,0.000000e+00,0.000000e+00,-1.917651e-01
1.642494e-03,5.862808e+02,3.017091e+02,8.918425e-05,2.401687e-05,-1.645266e-01,7.183287e-05,3.421840e-06,0.000000e+00,-4.712962e+00,0.000000e+00,0.000000e+00,0.000000e+00,0.000000e+00,0.000000e+00,0.000000e+00,0.000000e+00,5.421011e-20,7.546700e-14,0.000000e+00,0.000000e+00,0.000000e+00,0.000000e+00,5.862808e+02,3.027525e+02,-1.649084e-01,7.183287e-05,0.000000e+00,1.877809e+01,0.000000e+00,0.000000e+00,-1.940406e-01
1.652760e-03,5.923957e+02,2.955930e+02,8.870909e-05,2.347954e-05,-1.622619e-01,7.183287e-05,3.472546e-06,0.000000e+00,-4.713914e+00,0.000000e+00,0.000000e+00,0.000000e+00,0.000000e+00,0.000000e+00,0.000000e+00,0.000000e+00,5.421011e-20,7.546700e-14,0.000000e+00,0.000000e+00,0.000000e+00,0.000000e+00,5.923957e+02,2.966174e+02,-1.626405e-01,7.183287e-05,0.000000e+00,1.875473e+01,0.000000e+00,0.000000e+00,-1.963125e-01
1.663087e-03,5.985203e+02,2.894626e+02,8.802628e-05,2.374996e-05,-1.599654e-01,7.183287e-05,3.393077e-06,0.000000e+00,-4.714239e+00,0.000000e+00,0.000000e+00,0.000000e+00,0.000000e+00,0.000000e+00,0.000000e+00,0.000000e+00,5.421011e-20,7.546700e-14,0.000000e+00,0.000000e+00,0.000000e+00,0.000000e+00,5.985203e+02,2.904752e+02,-1.603455e-01,7.183287e-05,0.000000e+00,1.873157e+01,0.000000e+00,0.000000e+00,-1.986026e-01
1.673424e-03,6.046255e+02,2.833478e+02,8.745638e-05,2.413485e-05,-1.576422e-01,7.183287e-05,3.471464e-06,0.000000e+00,-4.715661e+00,0.000000e+00,0.000000e+00,0.000000e+00,0.000000e+00,0.000000e+00,0.000000e+00,0.000000e+00,5.421011e-20,7.546700e-14,0.000000e+00,0.000000e+00,0.000000e+00,0.000000e+00,6.046255e+02,2.843805e+02,-1.580372e-01,7.183287e-05,0.000000e+00,1.870872e+01,0.000000e+00,0.000000e+00,-2.009366e-01
1.680287e-03,6.086646e+02,2.793056e+02,8.715121e-05,2.445929e-05,-1.560907e-01,7.183287e-05,3.392457e-06,0.000000e+00,-4.715664e+00,0.000000e+00,0.000000e+00,0.000000e+00,0.000000e+00,0.000000e+00,0.000000e+00,0.000000e+00,5.421011e-20,7.546700e-14,0.000000e+00,0.000000e+00,0.000000e+00,0.000000e+00,6.086646e+02,2.803094e+02,-1.564751e-01,7.183287e-05,0.000000e+00,1.869373e+01,0.000000e+00,0.000000e+00,-2.024800e-01
1.690545e-03,6.146758e+02,2.732930e+02,8.671016e-05,2.467167e-05,-1.537583e-01,7.183287e-05,3.473370e-06,0.000000e+00,-4.715774e+00,0.000000e+00,0.000000e+00,0.000000e+00,0.000000e+00,0.000000e+00,0.000000e+00,0.000000e+00,5.421011e-20,7.546700e-14,0.000000e+00,0.000000e+00,0.000000e+00,0.000000e+00,6.146758e+02,2.743154e+02,-1.541543e-01,7.183287e-05,0.000000e+00,1.867161e+01,0.000000e+00,0.000000e+00,-2.048229e-01
1.700805e-03,6.206584e+02,2.673094e+02,8.628442e-05,2.440879e-05,-1.514125e-01,7.183287e-05,3.393551e-06,0.000000e+00,-4.716331e+00,0.000000e+00,0.000000e+00,0.000000e+00,0.000000e+00,0.000000e+00,0.000000e+00,0.000000e+00,5.421011e-20,7.546700e-14,0.000000e+00,0.000000e+00,0.000000e+00,0.000000e+00,6.206584e+02,2.683030e+02,-1.518007e-01,7.183287e-05,0.000000e+00,1.864981e+01,0.000000e+00,0.000000e+00,-2.071605e-01
1.711024e-03,6.265828e+02,2.613869e+02,8.564928e-05,2.443015e-05,-1.490698e-01,7.183287e-05,3.476902e-06,0.000000e+00,-4.716405e+00,0.000000e+00,0.000000e+00,0.000000e+00,0.000000e+00,0.000000e+00,0.000000e+00,0.000000e+00,5.421011e-20,7.546700e-14,0.000000e+00,0.000000e+00,0.000000e+00,0.000000e+00,6.265828e+02,2.623849e+02,-1.494635e-01,7.183287e-05,0.000000e+00,1.862844e+01,0.000000e+00,0.000000e+00,-2.095131e-01
1.721455e-03,6.325935e+02,2.553802e+02,8.556549e-05,2.413855e-05,-1.466721e-01,7.183287e-05,3.476859e-06,0.000000e+00,-4.717001e+00,0.000000e+00,0.000000e+00,0.000000e+00,0.000000e+00,0.000000e+00,0.000000e+00,0.000000e+00,5.421011e-20,7.546700e-14,0.000000e+00,0.000000e+00,0.000000e+00,0.000000e+00,6.325935e+02,2.563857e+02,-1.470722e-01,7.183287e-05,0.000000e+00,1.860697e+01,0.000000e+00,0.000000e+00,-2.119108e-01
1.731885e-03,6.385676e+02,2.494066e+02,8.584751e-05,2.370223e-05,-1.442743e-01,7.183287e-05,3.132440e-06,0.000000e+00,-4.717040e+00,0.000000e+00,0.000000e+00,0.000000e+00,0.000000e+00,0.000000e+00,0.000000e+00,0.000000e+00,5.421011e-20,7.546700e-14,0.000000e+00,0.000000e+00,0.000000e+00,0.000000e+00,6.385676e+02,2.504067e+02,-1.446739e-01,7.183287e-05,0.000000e+00,1.858584e+01,0.000000e+00,0.000000e+00,-2.142682e-01
1.741284e-03,6.439174e+02,2.440548e+02,8.586884e-05,2.367599e-05,-1.421107e-01,7.183287e-05,3.246107e-06,0.000000e+00,-4.717199e+00,0.000000e+00,0.000000e+00,0.000000e+00,0.000000e+00,0.000000e+00,0.000000e+00,0.000000e+00,5.421011e-20,7.546700e-14,0.000000e+00,0.000000e+00,0.000000e+00,0.000000e+00,6.439174e+02,2.449495e+02,-1.424715e-01,7.183287e-05,0.000000e+00,1.856711e+01,0.000000e+00,0.000000e+00,-2.164439e-01
1.750903e-03,6.493545e+02,2.386232e+02,8.584324e-05,2.291489e-05,-1.398940e-01,7.183287e-05,3.440700e-06,0.000000e+00,-4.717200e+00,0.000000e+00,0.000000e+00,0.000000e+00,0.000000e+00,0.000000e+00,0.000000e+00,0.000000e+00,5.421011e-20,7.546700e-14,0.000000e+00,0.000000e+00,0.000000e+00,0.000000e+00,6.493545e+02,2.395079e+02,-1.402549e-01,7.183287e-05,0.000000e+00,1.854823e+01,0.000000e+00,0.000000e+00,-2.186828e-01
1.761301e-03,6.551881e+02,2.328011e+02,8.634151e-05,2.272168e-05,-1.374860e-01,7.183287e-05,3.479875e-06,0.000000e+00,-4.717837e+00,0.000000e+00,0.000000e+00,0.000000e+00,0.000000e+00,0.000000e+00,0.000000e+00,0.000000e+00,5.421011e-20,7.546700e-14,0.000000e+00,0.000000e+00,0.000000e+00,0.000000e+00,6.551881e+02,2.337796e+02,-1.378918e-01,7.183287e-05,0.000000e+00,1.852815e+01,0.000000e+00,0.000000e+00,-2.210956e-01
1.771636e-03,6.609467e+02,2.270452e+02,8.759187e-05,2.281652e-05,-1.350823e-01,7.183287e-05,3.427550e-06,0.000000e+00,-4.717838e+00,0.000000e+00,0.000000e+00,0.000000e+00,0.000000e+00,0.000000e+00,0.000000e+00,0.000000e+00,5.421011e-20,7.546700e-14,0.000000e+00,0.000000e+00,0.000000e+00,0.000000e+00,6.609467e+02,2.280043e+02,-1.354823e-01,7.183287e-05,0.000000e+00,1.850854e+01,0.000000e+00,0.000000e+00,-2.234937e-01
1.781864e-03,6.666051e+02,2.213796e+02,8.900811e-05,2.331051e-05,-1.326844e-01,7.183287e-05,3.319504e-06,0.000000e+00,-4.719150e+00,0.000000e+00,0.000000e+00,0.000000e+00,0.000000e+00,0.000000e+00,0.000000e+00,0.000000e+00,5.421011e-20,7.546700e-14,0.000000e+00,0.000000e+00,0.000000e+00,0.000000e+00,6.666051e+02,2.223022e+02,-1.330758e-01,7.183287e-05,0.000000e+00,1.848948e+01,0.000000e+00,0.000000e+00,-2.258787e-01
1.792141e-03,6.722457e+02,2.157364e+02,9.027191e-05,2.341640e-05,-1.302632e-01,7.183287e-05,3.476924e-06,0.000000e+00,-4.719224e+00,0.000000e+00,0.000000e+00,0.000000e+00,0.000000e+00,0.000000e+00,0.000000e+00,0.000000e+00,5.421011e-20,7.546700e-14,0.000000e+00,0.000000e+00,0.000000e+00,0.000000e+00,6.722457e+02,2.166946e+02,-1.306741e-01,7.183287e-05,0.000000e+00,1.847067e+01,0.000000e+00,0.000000e+00,-2.283190e-01
1.802568e-03,6.779255e+02,2.100545e+02,9.061392e-05,2.369046e-05,-1.277886e-01,7.183287e-05,3.472815e-06,0.000000e+00,-4.719793e+00,0.000000e+00,0.000000e+00,0.000000e+00,0.000000e+00,0.000000e+00,0.000000e+00,0.000000e+00,5.421011e-20,7.546700e-14,0.000000e+00,0.000000e+00,0.000000e+00,0.000000e+00,6.779255e+02,2.110049e+02,-1.282032e-01,7.183287e-05,0.000000e+00,1.845194e+01,0.000000e+00,0.000000e+00,-2.307939e-01
1.812983e-03,6.835577e+02,2.044233e+02,9.145190e-05,2.312752e-05,-1.253005e-01,7.183287e-05,3.470423e-06,0.000000e+00,-4.719806e+00,0.000000e+00,0.000000e+00,0.000000e+00,0.000000e+00,0.000000e+00,0.000000e+00,0.000000e+00,5.421011e-20,7.546700e-14,0.000000e+00,0.000000e+00,0.000000e+00,0.000000e+00,6.835577e+02,2.053648e+02,-1.257167e-01,7.183287e-05,0.000000e+00,1.843359e+01,0.000000e+00,0.000000e+00,-2.332822e-01
1.823395e-03,6.891382e+02,1.988439e+02,9.262455e-05,2.226015e-05,-1.227965e-01,7.183287e-05,3.471256e-06,0.000000e+00,-4.719806e+00,0.000000e+00,0.000000e+00,0.000000e+00,0.000000e+00,0.000000e+00,0.000000e+00,0.000000e+00,5.421011e-20,7.546700e-14,0.000000e+00,0.000000e+00,0.000000e+00,0.000000e+00,6.891382e+02,1.997765e+02,-1.232148e-01,7.183287e-05,0.000000e+00,1.841561e+01,0.000000e+00,0.000000e+00,-2.357856e-01
1.830338e-03,6.928320e+02,1.951519e+02,9.267636e-05,2.235782e-05,-1.211217e-01,7.183287e-05,3.473553e-06,0.000000e+00,-4.719806e+00,0.000000e+00,0.000000e+00,0.000000e+00,0.000000e+00,0.000000e+00,0.000000e+00,0.000000e+00,5.421011e-20,7.546700e-14,0.000000e+00,0.000000e+00,0.000000e+00,0.000000e+00,6.928320e+02,1.960794e+02,-1.215407e-01,7.183287e-05,0.000000e+00,1.840382e+01,0.000000e+00,0.000000e+00,-2.374600e-01
1.840763e-03,6.983351e+02,1.896514e+02,9.240422e-05,2.249610e-05,-1.186060e-01,7.183287e-05,3.436317e-06,0.000000e+00,-4.719844e+00,0.000000e+00,0.000000e+00,0.000000e+00,0.000000e+00,0.000000e+00,0.000000e+00,0.000000e+00,5.421011e-20,7.546700e-14,0.000000e+00,0.000000e+00,0.000000e+00,0.000000e+00,6.983351e+02,1.905712e+02,-1.190256e-01,7.183287e-05,0.000000e+00,1.838643e+01,0.000000e+00,0.000000e+00,-2.399695e-01
1.851001e-03,7.036841e+02,1.843045e+02,9.221732e-05,2.230279e-05,-1.161430e-01,7.183287e-05,3.482946e-06,0.000000e+00,-4.719844e+00,0.000000e+00,0.000000e+00,0.000000e+00,0.000000e+00,0.000000e+00,0.000000e+00,0.000000e+00,5.421011e-20,7.546700e-14,0.000000e+00,0.000000e+00,0.000000e+00,0.000000e+00,7.036841e+02,1.852160e+02,-1.165609e-01,7.183287e-05,0.000000e+00,1.836970e+01,0.000000e+00,0.000000e+00,-2.424353e-01
1.861453e-03,7.090864e+02,1.789026e+02,9.258389e-05,2.172340e-05,-1.136376e-01,7.183287e-05,3.435320e-06,0.000000e+00,-4.720531e+00,0.000000e+00,0.000000e+00,0.000000e+00,0.000000e+00,0.000000e+00,0.000000e+00,0.000000e+00,5.421011e-20,7.546700e-14,0.000000e+00,0.000000e+00,0.000000e+00,0.000000e+00,7.090864e+02,1.798050e+02,-1.140537e-01,7.183287e-05,0.000000e+00,1.835298e+01,0.000000e+00,0.000000e+00,-2.449315e-01
1.871544e-03,7.142405e+02,1.737486e+02,9.284497e-05,2.138812e-05,-1.112301e-01,7.183287e-05,3.329687e-06,0.000000e+00,-4.720859e+00,0.000000e+00,0.000000e+00,0.000000e+00,0.000000e+00,0.000000e+00,0.000000e+00,0.000000e+00,5.421011e-20,7.546700e-14,0.000000e+00,0.000000e+00,0.000000e+00,0.000000e+00,7.142405e+02,1.746002e+02,-1.116275e-01,7.183287e-05,0.000000e+00,1.833719e+01,0.000000e+00,0.000000e+00,-2.473241e-01
1.881537e-03,7.192830e+02,1.687061e+02,9.382080e-05,2.065882e-05,-1.088477e-01,7.183287e-05,3.482752e-06,0.000000e+00,-4.720890e+00,0.000000e+00,0.000000e+00,0.000000e+00,0.000000e+00,0.000000e+00,0.000000e+00,0.000000e+00,5.421011e-20,7.546700e-14,0.000000e+00,0.000000e+00,0.000000e+00,0.000000e+00,7.192830e+02,1.695486e+02,-1.092455e-01,7.183287e-05,0.000000e+00,1.832188e+01,0.000000e+00,0.000000e+00,-2.497237e-01
1.891981e-03,7.244888e+02,1.634957e+02,9.533517e-05,1.945530e-05,-1.063466e-01,7.183287e-05,3.478994e-06,0.000000e+00,-4.721162e+00,0.000000e+00,0.000000e+00,0.000000e+00,0.000000e+00,0.000000e+00,0.000000e+00,0.000000e+00,5.421011e-20,7.546700e-14,0.000000e+00,0.000000e+00,0.000000e+00,0.000000e+00,7.244888e+02,1.643655e+02,-1.067642e-01,7.183287e-05,0.000000e+00,1.830623e+01,0.000000e+00,0.000000e+00,-2.522231e-01
1.902291e-03,7.295607e+02,1.584202e+02,9.682905e-05,1.784997e-05,-1.038670e-01,7.183287e-05,3.319383e-06,0.000000e+00,-4.721214e+00,0.000000e+00,0.000000e+00,0.000000e+00,0.000000e+00,0.000000e+00,0.000000e+00,0.000000e+00,5.421011e-20,7.546700e-14,0.000000e+00,0.000000e+00,0.000000e+00,0.000000e+00,7.295607e+02,1.592485e+02,-1.042720e-01,7.183287e-05,0.000000e+00,1.829115e+01,0.000000e+00,0.000000e+00,-2.546821e-01
1.912409e-03,7.344724e+02,1.535070e+02,9.731059e-05,1.668425e-05,-1.014257e-01,7.183287e-05,3.462052e-06,0.000000e+00,-4.721230e+00,0.000000e+00,0.000000e+00,0.000000e+00,0.000000e+00,0.000000e+00,0.000000e+00,0.000000e+00,5.421011e-20,7.546700e-14,0.000000e+00,0.000000e+00,0.000000e+00,0.000000e+00,7.344724e+02,1.543337e+02,-1.018363e-01,7.183287e-05,0.000000e+00,1.827669e+01,0.000000e+00,0.000000e+00,-2.571382e-01
1.922791e-03,7.394444e+02,1.485302e+02,9.717814e-05,1.662742e-05,-9.891812e-02,7.183287e-05,3.457633e-06,0.000000e+00,-4.721257e+00,0.000000e+00,0.000000e+00,0.000000e+00,0.000000e+00,0.000000e+00,0.000000e+00,0.000000e+00,5.421011e-20,7.546700e-14,0.000000e+00,0.000000e+00,0.000000e+00,0.000000e+00,7.394444e+02,1.493603e+02,-9.933599e-02,7.183287e-05,0.000000e+00,1.826221e+01,0.000000e+00,0.000000e+00,-2.596428e-01
1.933208e-03,7.443597e+02,1.436093e+02,9.753766e-05,1.692449e-05,-9.639707e-02,7.183287e-05,3.481606e-06,0.000000e+00,-4.721607e+00,0.000000e+00,0.000000e+00,0.000000e+00,0.000000e+00,0.000000e+00,0.000000e+00,0.000000e+00,5.421011e-20,7.546700e-14,0.000000e+00,0.000000e+00,0.000000e+00,0.000000e+00,7.443597e+02,1.444322e+02,-9.682003e-02,7.183287e-05,0.000000e+00,1.824805e+01,0.000000e+00,0.000000e+00,-2.621644e-01
1.940173e-03,7.476026e+02,1.403632e+02,9.813008e-05,1.687795e-05,-9.470803e-02,7.183287e-05,3.483078e-06,0.000000e+00,-4.721607e+00,0.000000e+00,0.000000e+00,0.000000e+00,0.000000e+00,0.000000e+00,0.000000e+00,0.000000e+00,5.421011e-20,7.546700e-14,0.000000e+00,0.000000e+00,0.000000e+00,0.000000e+00,7.476026e+02,1.411775e+02,-9.513102e-02,7.183287e-05,0.000000e+00,1.823878e+01,0.000000e+00,0.000000e+00,-2.638528e-01
1.950623e-03,7.524022e+02,1.355549e+02,9.912032e-05,1.629411e-05,-9.216057e-02,7.183287e-05,3.484192e-06,0.000000e+00,-4.721818e+00,0.000000e+00,0.000000e+00,0.000000e+00,0.000000e+00,0.000000e+00,0.000000e+00,0.000000e+00,5.421011e-20,7.546700e-14,0.000000e+00,0.000000e+00,0.000000e+00,0.000000e+00,7.524022e+02,1.363570e+02,-9.258626e-02,7.183287e-05,0.000000e+00,1.822519e+01,0.000000e+00,0.000000e+00,-2.663985e-01
1.961077e-03,7.571205e+02,1.308241e+02,9.906662e-05,1.472598e-05,-8.959974e-02,7.183287e-05,3.399951e-06,0.000000e+00,-4.721874e+00,0.000000e+00,0.000000e+00,0.000000e+00,0.000000e+00,0.000000e+00,0.000000e+00,0.000000e+00,5.421011e-20,7.546700e-14,0.000000e+00,0.000000e+00,0.000000e+00,0.000000e+00,7.571205e+02,1.316131e+02,-9.002718e-02,7.183287e-05,0.000000e+00,1.821197e+01,0.000000e+00,0.000000e+00,-2.689455e-01
1.971330e-03,7.616678e+02,1.262601e+02,9.950452e-05,1.450038e-05,-8.708049e-02,7.183287e-05,3.483561e-06,0.000000e+00,-4.722462e+00,0.000000e+00,0.000000e+00,0.000000e+00,0.000000e+00,0.000000e+00,0.000000e+00,0.000000e+00,5.421011e-20,7.546700e-14,0.000000e+00,0.000000e+00,0.000000e+00,0.000000e+00,7.616678e+02,1.270230e+02,-8.750115e-02,7.183287e-05,0.000000e+00,1.819936e+01,0.000000e+00,0.000000e+00,-2.714703e-01
1.981779e-03,7.662192e+02,1.216950e+02,9.974865e-05,1.454788e-05,-8.451565e-02,7.183287e-05,3.481654e-06,0.000000e+00,-4.722774e+00,0.000000e+00,0.000000e+00,0.000000e+00,0.000000e+00,0.000000e+00,0.000000e+00,0.000000e+00,5.421011e-20,7.546700e-14,0.000000e+00,0.000000e+00,0.000000e+00,0.000000e+00,7.662192e+02,1.224547e+02,-8.494224e-02,7.183287e-05,0.000000e+00,1.818688e+01,0.000000e+00,0.000000e+00,-2.740289e-01
1.992154e-03,7.706503e+02,1.172598e+02,9.930100e-05,1.487114e-05,-8.197737e-02,7.183287e-05,3.480262e-06,0.000000e+00,-4.722839e+00,0.000000e+00,0.000000e+00,0.000000e+00,0.000000e+00,0.000000e+00,0.000000e+00,0.000000e+00,5.421011e-20,7.546700e-14,0.000000e+00,0.000000e+00,0.000000e+00,0.000000e+00,7.706503e+02,1.180028e+02,-8.240233e-02,7.183287e-05,0.000000e+00,1.817485e+01,0.000000e+00,0.000000e+00,-2.765618e-01
2.002594e-03,7.750233e+02,1.128856e+02,9.911225e-05,1.493506e-05,-7.943018e-02,7.183287e-05,3.458759e-06,0.000000e+00,-4.722853e+00,0.000000e+00,0.000000e+00,0.000000e+00,0.000000e+00,0.000000e+00,0.000000e+00,0.000000e+00,5.421011e-20,7.546700e-14,0.000000e+00,0.000000e+00,0.000000e+00,0.000000e+00,7.750233e+02,1.136153e+02,-7.985455e-02,7.183287e-05,0.000000e+00,1.816312e+01,0.000000e+00,0.000000e+00,-2.791032e-01
2.012747e-03,7.791956e+02,1.087043e+02,9.896731e-05,1.472847e-05,-7.695131e-02,7.183287e-05,3.458605e-06,0.000000e+00,-4.722941e+00,0.000000e+00,0.000000e+00,0.000000e+00,0.000000e+00,0.000000e+00,0.000000e+00,0.000000e+00,5.421011e-20,7.546700e-14,0.000000e+00,0.000000e+00,0.000000e+00,0.000000e+00,7.791956e+02,1.093709e+02,-7.734751e-02,7.183287e-05,0.000000e+00,1.815207e+01,0.000000e+00,0.000000e+00,-2.815805e-01
2.023104e-03,7.833716e+02,1.045116e+02,9.914886e-05,1.480385e-05,-7.440615e-02,7.183287e-05,3.473036e-06,0.000000e+00,-4.725164e+00,0.000000e+00,0.000000e+00,0.000000e+00,0.000000e+00,0.000000e+00,0.000000e+00,0.000000e+00,5.421011e-20,7.546700e-14,0.000000e+00,0.000000e+00,0.000000e+00,0.000000e+00,7.833716e+02,1.052161e+02,-7.483502e-02,7.183287e-05,0.000000e+00,1.814116e+01,0.000000e+00,0.000000e+00,-2.841277e-01
2.033305e-03,7.874050e+02,1.004625e+02,9.908718e-05,1.401284e-05,-7.187836e-02,7.183287e-05,3.363403e-06,0.000000e+00,-4.725509e+00,0.000000e+00,0.000000e+00,0.000000e+00,0.000000e+00,0.000000e+00,0.000000e+00,0.000000e+00,5.421011e-20,7.546700e-14,0.000000e+00,0.000000e+00,0.000000e+00,0.000000e+00,7.874050e+02,1.011294e+02,-7.229704e-02,7.183287e-05,0.000000e+00,1.813077e+01,0.000000e+00,0.000000e+00,-2.866424e-01
2.040085e-03,7.900395e+02,9.782053e+01,9.926034e-05,1.305051e-05,-7.018479e-02,7.183287e-05,3.415524e-06,0.000000e+00,-4.725584e+00,0.000000e+00,0.000000e+00,0.000000e+00,0.000000e+00,0.000000e+00,0.000000e+00,0.000000e+00,5.421011e-20,7.546700e-14,0.000000e+00,0.000000e+00,0.000000e+00,0.000000e+00,7.900395e+02,9.848772e+01,-7.061315e-02,7.183287e-05,0.000000e+00,1.812407e+01,0.000000e+00,0.000000e+00,-2.883424e-01
2.050450e-03,7.939935e+02,9.386290e+01,9.977108e-05,1.205671e-05,-6.758067e-02,7.183287e-05,3.438823e-06,0.000000e+00,-4.725584e+00,0.000000e+00,0.000000e+00,0.000000e+00,0.000000e+00,0.000000e+00,0.000000e+00,0.000000e+00,5.421011e-20,7.546700e-14,0.000000e+00,0.000000e+00,0.000000e+00,0.000000e+00,7.939935e+02,9.452496e+01,-6.801815e-02,7.183287e-05,0.000000e+00,1.811413e+01,0.000000e+00,0.000000e+00,-2.909482e-01
2.060756e-03,7.978351e+02,9.002207e+01,9.963345e-05,1.077973e-05,-6.498367e-02,7.183287e-05,3.393923e-06,0.000000e+00,-4.725587e+00,0.000000e+00,0.000000e+00,0.000000e+00,0.000000e+00,0.000000e+00,0.000000e+00,0.000000e+00,5.421011e-20,7.546700e-14,0.000000e+00,0.000000e+00,0.000000e+00,0.000000e+00,7.978351e+02,9.066078e+01,-6.541596e-02,7.183287e-05,0.000000e+00,1.810462e+01,0.000000e+00,0.000000e+00,-2.935357e-01
2.070824e-03,8.014973e+02,8.635789e+01,1.004241e-04,9.870607e-06,-6.245194e-02,7.183287e-05,3.306460e-06,0.000000e+00,-4.725589e+00,0.000000e+00,0.000000e+00,0.000000e+00,0.000000e+00,0.000000e+00,0.000000e+00,0.000000e+00,5.421011e-20,7.546700e-14,0.000000e+00,0.000000e+00,0.000000e+00,0.000000e+00,8.014973e+02,8.697469e+01,-6.287777e-02,7.183287e-05,0.000000e+00,1.809569e+01,0.000000e+00,0.000000e+00,-2.960508e-01
2.080766e-03,8.050201e+02,8.283154e+01,1.009809e-04,9.238262e-06,-5.996475e-02,7.183287e-05,3.329711e-06,0.000000e+00,-4.725589e+00,0.000000e+00,0.000000e+00,0.000000e+00,0.000000e+00,0.000000e+00,0.000000e+00,0.000000e+00,5.421011e-20,7.546700e-14,0.000000e+00,0.000000e+00,0.000000e+00,0.000000e+00,8.050201e+02,8.342002e+01,-6.037988e-02,7.183287e-05,0.000000e+00,1.808722e+01,0.000000e+00,0.000000e+00,-2.985345e-01
2.090632e-03,8.084216e+02,7.942992e+01,1.018575e-04,9.095388e-06,-5.751086e-02,7.183287e-05,3.268992e-06,0.000000e+00,-4.725589e+00,0.000000e+00,0.000000e+00,0.000000e+00,0.000000e+00,0.000000e+00,0.000000e+00,0.000000e+00,5.421011e-20,7.546700e-14,0.000000e+00,0.000000e+00,0.000000e+00,0.000000e+00,8.084216e+02,7.999168e+01,-5.791648e-02,7.183287e-05,0.000000e+00,1.807915e+01,0.000000e+00,0.000000e+00,-3.009759e-01
2.100563e-03,8.117507e+02,7.609994e+01,1.020967e-04,7.874446e-06,-5.504749e-02,7.183287e-05,3.202586e-06,0.000000e+00,-4.725589e+00,0.000000e+00,0.000000e+00,0.000000e+00,0.000000e+00,0.000000e+00,0.000000e+00,0.000000e+00,5.421011e-20,7.546700e-14,0.000000e+00,0.000000e+00,0.000000e+00,0.000000e+00,8.117507e+02,7.665714e+01,-5.546049e-02,7.183287e-05,0.000000e+00,1.807137e+01,0.000000e+00,0.000000e+00,-3.034274e-01
2.110174e-03,8.148785e+02,7.296747e+01,1.021501e-04,7.229940e-06,-5.266296e-02,7.183287e-05,3.204205e-06,0.000000e+00,-4.725605e+00,0.000000e+00,0.000000e+00,0.000000e+00,0.000000e+00,0.000000e+00,0.000000e+00,0.000000e+00,5.421011e-20,7.546700e-14,0.000000e+00,0.000000e+00,0.000000e+00,0.000000e+00,8.148785e+02,7.348779e+01,-5.306089e-02,7.183287e-05,0.000000e+00,1.806416e+01,0.000000e+00,0.000000e+00,-3.058099e-01
2.122991e-03,8.189011e+02,6.894016e+01,1.034818e-04,6.926911e-06,-4.947269e-02,7.183287e-05,3.335510e-06,0.000000e+00,-4.725605e+00,0.000000e+00,0.000000e+00,0.000000e+00,0.000000e+00,0.000000e+00,0.000000e+00,0.000000e+00,5.421011e-20,7.546700e-14,0.000000e+00,0.000000e+00,0.000000e+00,0.000000e+00,8.189011e+02,6.943867e+01,-4.987247e-02,7.183287e-05,0.000000e+00,1.805505e+01,0.000000e+00,0.000000e+00,-3.090148e-01
2.132833e-03,8.218735e+02,6.596363e+01,1.040356e-04,6.901810e-06,-4.700949e-02,7.183287e-05,3.390716e-06,0.000000e+00,-4.726097e+00,0.000000e+00,0.000000e+00,0.000000e+00,0.000000e+00,0.000000e+00,0.000000e+00,0.000000e+00,5.421011e-20,7.546700e-14,0.000000e+00,0.000000e+00,0.000000e+00,0.000000e+00,8.218735e+02,6.647421e+01,-4.743436e-02,7.183287e-05,0.000000e+00,1.804844e+01,0.000000e+00,0.000000e+00,-3.114839e-01
2.142739e-03,8.247627e+02,6.306890e+01,1.044834e-04,7.780969e-06,-4.452019e-02,7.183287e-05,3.366026e-06,0.000000e+00,-4.726146e+00,0.000000e+00,0.000000e+00,0.000000e+00,0.000000e+00,0.000000e+00,0.000000e+00,0.000000e+00,5.421011e-20,7.546700e-14,0.000000e+00,0.000000e+00,0.000000e+00,0.000000e+00,8.247627e+02,6.354091e+01,-4.492918e-02,7.183287e-05,0.000000e+00,1.804213e+01,0.000000e+00,0.000000e+00,-3.139689e-01
2.152491e-03,8.275055e+02,6.031733e+01,1.045124e-04,8.594146e-06,-4.206014e-02,7.183287e-05,3.134570e-06,0.000000e+00,-4.726146e+00,0.000000e+00,0.000000e+00,0.000000e+00,0.000000e+00,0.000000e+00,0.000000e+00,0.000000e+00,5.421011e-20,7.546700e-14,0.000000e+00,0.000000e+00,0.000000e+00,0.000000e+00,8.275055e+02,6.075755e+01,-4.245617e-02,7.183287e-05,0.000000e+00,1.803625e+01,0.000000e+00,0.000000e+00,-3.163979e-01
2.161895e-03,8.300571e+02,5.775363e+01,1.046156e-04,9.177566e-06,-3.968116e-02,7.183287e-05,3.176377e-06,0.000000e+00,-4.726146e+00,0.000000e+00,0.000000e+00,0.000000e+00,0.000000e+00,0.000000e+00,0.000000e+00,0.000000e+00,5.421011e-20,7.546700e-14,0.000000e+00,0.000000e+00,0.000000e+00,0.000000e+00,8.300571e+02,5.817896e+01,-4.007799e-02,7.183287e-05,0.000000e+00,1.803090e+01,0.000000e+00,0.000000e+00,-3.187801e-01
2.171425e-03,8.325487e+02,5.525127e+01,1.048476e-04,9.613681e-06,-3.726863e-02,7.183287e-05,3.176860e-06,0.000000e+00,-4.726146e+00,0.000000e+00,0.000000e+00,0.000000e+00,0.000000e+00,0.000000e+00,0.000000e+00,0.000000e+00,5.421011e-20,7.546700e-14,0.000000e+00,0.000000e+00,0.000000e+00,0.000000e+00,8.325487e+02,5.566568e+01,-3.767065e-02,7.183287e-05,0.000000e+00,1.802580e+01,0.000000e+00,0.000000e+00,-3.211904e-01
2.180957e-03,8.349426e+02,5.285306e+01,1.048255e-04,9.431227e-06,-3.485887e-02,7.183287e-05,3.401730e-06,0.000000e+00,-4.726146e+00,0.000000e+00,0.000000e+00,0.000000e+00,0.000000e+00,0.000000e+00,0.000000e+00,0.000000e+00,5.421011e-20,7.546700e-14,0.000000e+00,0.000000e+00,0.000000e+00,0.000000e+00,8.349426e+02,5.324954e+01,-3.525994e-02,7.183287e-05,0.000000e+00,1.802101e+01,0.000000e+00,0.000000e+00,-3.236250e-01
2.190712e-03,8.372883e+02,5.050871e+01,1.043586e-04,1.000044e-05,-3.240180e-02,7.183287e-05,3.177049e-06,0.000000e+00,-4.726146e+00,0.000000e+00,0.000000e+00,0.000000e+00,0.000000e+00,0.000000e+00,0.000000e+00,0.000000e+00,5.421011e-20,7.546700e-14,0.000000e+00,0.000000e+00,0.000000e+00,0.000000e+00,8.372883e+02,5.088744e+01,-3.280089e-02,7.183287e-05,0.000000e+00,1.801645e+01,0.000000e+00,0.000000e+00,-3.260495e-01
2.200438e-03,8.395221e+02,4.827578e+01,1.034482e-04,1.036939e-05,-2.996477e-02,7.183287e-05,3.371881e-06,0.000000e+00,-4.726146e+00,0.000000e+00,0.000000e+00,0.000000e+00,0.000000e+00,0.000000e+00,0.000000e+00,0.000000e+00,5.421011e-20,7.546700e-14,0.000000e+00,0.000000e+00,0.000000e+00,0.000000e+00,8.395221e+02,4.866056e+01,-3.038619e-02,7.183287e-05,0.000000e+00,1.801222e+01,0.000000e+00,0.000000e+00,-3.285077e-01
2.210580e-03,8.417380e+02,4.605527e+01,1.021331e-04,1.027832e-05,-2.743373e-02,7.183287e-05,3.342407e-06,0.000000e+00,-4.726146e+00,0.000000e+00,0.000000e+00,0.000000e+00,0.000000e+00,0.000000e+00,0.000000e+00,0.000000e+00,5.421011e-20,7.546700e-14,0.000000e+00,0.000000e+00,0.000000e+00,0.000000e+00,8.417380e+02,4.641806e+01,-2.785029e-02,7.183287e-05,0.000000e+00,1.800817e+01,0.000000e+00,0.000000e+00,-3.310332e-01
2.220607e-03,8.438094e+02,4.397662e+01,1.009309e-04,9.970108e-06,-2.493431e-02,7.183287e-05,3.252213e-06,0.000000e+00,-4.726192e+00,0.000000e+00,0.000000e+00,0.000000e+00,0.000000e+00,0.000000e+00,0.000000e+00,0.000000e+00,5.421011e-20,7.546700e-14,0.000000e+00,0.000000e+00,0.000000e+00,0.000000e+00,8.438094e+02,4.431923e+01,-2.535083e-02,7.183287e-05,0.000000e+00,1.800452e+01,0.000000e+00,0.000000e+00,-3.335209e-01
2.230512e-03,8.457359e+02,4.204561e+01,1.003974e-04,1.025237e-05,-2.246431e-02,7.183287e-05,3.177048e-06,0.000000e+00,-4.726192e+00,0.000000e+00,0.000000e+00,0.000000e+00,0.000000e+00,0.000000e+00,0.000000e+00,0.000000e+00,5.421011e-20,7.546700e-14,0.000000e+00,0.000000e+00,0.000000e+00,0.000000e+00,8.457359e+02,4.236399e+01,-2.287727e-02,7.183287e-05,0.000000e+00,1.800125e+01,0.000000e+00,0.000000e+00,-3.359819e-01
2.240270e-03,8.475159e+02,4.026474e+01,9.969380e-05,1.055337e-05,-2.002784e-02,7.183287e-05,3.265299e-06,0.000000e+00,-4.726192e+00,0.000000e+00,0.000000e+00,0.000000e+00,0.000000e+00,0.000000e+00,0.000000e+00,0.000000e+00,5.421011e-20,7.546700e-14,0.000000e+00,0.000000e+00,0.000000e+00,0.000000e+00,8.475159e+02,4.055911e+01,-2.043608e-02,7.183287e-05,0.000000e+00,1.799836e+01,0.000000e+00,0.000000e+00,-3.384292e-01
2.252766e-03,8.496237e+02,3.815457e+01,9.815425e-05,1.011372e-05,-1.690790e-02,7.183287e-05,3.319146e-06,0.000000e+00,-4.726192e+00,0.000000e+00,0.000000e+00,0.000000e+00,0.000000e+00,0.000000e+00,0.000000e+00,0.000000e+00,5.421011e-20,7.546700e-14,0.000000e+00,0.000000e+00,0.000000e+00,0.000000e+00,8.496237e+02,3.842528e+01,-1.731655e-02,7.183287e-05,0.000000e+00,1.799515e+01,0.000000e+00,0.000000e+00,-3.415548e-01
2.262540e-03,8.511408e+02,3.662932e+01,9.693250e-05,1.035470e-05,-1.447009e-02,7.183287e-05,3.317403e-06,0.000000e+00,-4.726192e+00,0.000000e+00,0.000000e+00,0.000000e+00,0.000000e+00,0.000000e+00,0.000000e+00,0.000000e+00,5.421011e-20,7.546700e-14,0.000000e+00,0.000000e+00,0.000000e+00,0.000000e+00,8.511408e+02,3.687090e+01,-1.486127e-02,7.183287e-05,0.000000e+00,1.799302e+01,0.000000e+00,0.000000e+00,-3.439922e-01
2.272709e-03,8.525933e+02,3.516338e+01,9.535830e-05,1.094541e-05,-1.193561e-02,7.183287e-05,3.398906e-06,0.000000e+00,-4.726192e+00,0.000000e+00,0.000000e+00,0.000000e+00,0.000000e+00,0.000000e+00,0.000000e+00,0.000000e+00,5.421011e-20,7.546700e-14,0.000000e+00,0.000000e+00,0.000000e+00,0.000000e+00,8.525933e+02,3.540507e+01,-1.236086e-02,7.183287e-05,0.000000e+00,1.799115e+01,0.000000e+00,0.000000e+00,-3.465375e-01
2.282988e-03,8.539286e+02,3.381534e+01,9.453641e-05,1.132871e-05,-9.372989e-03,7.183287e-05,3.397716e-06,0.000000e+00,-4.726193e+00,0.000000e+00,0.000000e+00,0.000000e+00,0.000000e+00,0.000000e+00,0.000000e+00,0.000000e+00,5.421011e-20,7.546700e-14,0.000000e+00,0.000000e+00,0.000000e+00,0.000000e+00,8.539286e+02,3.403898e+01,-9.807111e-03,7.183287e-05,0.000000e+00,1.798962e+01,0.000000e+00,0.000000e+00,-3.491021e-01
2.292937e-03,8.550961e+02,3.263912e+01,9.437915e-05,1.148120e-05,-6.888289e-03,7.183287e-05,3.274840e-06,0.000000e+00,-4.726982e+00,0.000000e+00,0.000000e+00,0.000000e+00,0.000000e+00,0.000000e+00,0.000000e+00,0.000000e+00,5.421011e-20,7.546700e-14,0.000000e+00,0.000000e+00,0.000000e+00,0.000000e+00,8.550961e+02,3.282817e+01,-7.297051e-03,7.183287e-05,0.000000e+00,1.798850e+01,0.000000e+00,0.000000e+00,-3.515738e-01
2.303035e-03,8.561568e+02,3.157445e+01,9.534722e-05,1.179645e-05,-4.367850e-03,7.183287e-05,3.333955e-06,0.000000e+00,-4.726996e+00,0.000000e+00,0.000000e+00,0.000000e+00,0.000000e+00,0.000000e+00,0.000000e+00,0.000000e+00,5.421011e-20,7.546700e-14,0.000000e+00,0.000000e+00,0.000000e+00,0.000000e+00,8.561568e+02,3.174996e+01,-4.792831e-03,7.183287e-05,0.000000e+00,1.798771e+01,0.000000e+00,0.000000e+00,-3.541045e-01
2.313196e-03,8.570966e+02,3.062898e+01,9.671295e-05,1.209037e-05,-1.832652e-03,7.183287e-05,3.350837e-06,0.000000e+00,-4.727006e+00,0.000000e+00,0.000000e+00,0.000000e+00,0.000000e+00,0.000000e+00,0.000000e+00,0.000000e+00,5.421011e-20,7.546700e-14,0.000000e+00,0.000000e+00,0.000000e+00,0.000000e+00,8.570966e+02,3.078380e+01,-2.258339e-03,7.183287e-05,0.000000e+00,1.798727e+01,0.000000e+00,0.000000e+00,-3.566446e-01
2.323302e-03,8.579037e+02,2.981248e+01,9.791336e-05,1.193497e-05,6.838143e-04,7.183287e-05,3.119321e-06,0.000000e+00,-4.727008e+00,0.000000e+00,0.000000e+00,0.000000e+00,0.000000e+00,0.000000e+00,0.000000e+00,0.000000e+00,5.421011e-20,7.546700e-14,0.000000e+00,0.000000e+00,0.000000e+00,0.000000e+00,8.579037e+02,2.994489e+01,2.638643e-04,7.183287e-05,0.000000e+00,1.798719e+01,0.000000e+00,0.000000e+00,-3.591354e-01
2.332658e-03,8.585341e+02,2.917135e+01,9.772580e-05,1.107806e-05,3.008176e-03,7.183287e-05,3.377460e-06,0.000000e+00,-4.727008e+00,0.000000e+00,0.000000e+00,0.000000e+00,0.000000e+00,0.000000e+00,0.000000e+00,0.000000e+00,5.421011e-20,7.546700e-14,0.000000e+00,0.000000e+00,0.000000e+00,0.000000e+00,8.585341e+02,2.927384e+01,2.621146e-03,7.183287e-05,0.000000e+00,1.798743e+01,0.000000e+00,0.000000e+00,-3.614958e-01
2.342445e-03,8.590707e+02,2.862716e+01,9.764622e-05,9.684331e-06,5.437477e-03,7.183287e-05,3.449987e-06,0.000000e+00,-4.727008e+00,0.000000e+00,0.000000e+00,0.000000e+00,0.000000e+00,0.000000e+00,0.000000e+00,0.000000e+00,5.421011e-20,7.546700e-14,0.000000e+00,0.000000e+00,0.000000e+00,0.000000e+00,8.590707e+02,2.871159e+01,5.039841e-03,7.183287e-05,0.000000e+00,1.798800e+01,0.000000e+00,0.000000e+00,-3.639376e-01
2.352770e-03,8.595005e+02,2.819164e+01,9.834880e-05,7.842312e-06,7.998716e-03,7.183287e-05,3.449715e-06,0.000000e+00,-4.727008e+00,0.000000e+00,0.000000e+00,0.000000e+00,0.000000e+00,0.000000e+00,0.000000e+00,0.000000e+00,5.421011e-20,7.546700e-14,0.000000e+00,0.000000e+00,0.000000e+00,0.000000e+00,8.595005e+02,2.825917e+01,7.570889e-03,7.183287e-05,0.000000e+00,1.798897e+01,0.000000e+00,0.000000e+00,-3.665022e-01
2.363067e-03,8.597882e+02,2.790041e+01,9.904629e-05,6.538429e-06,1.055341e-02,7.183287e-05,3.417891e-06,0.000000e+00,-4.727008e+00,0.000000e+00,0.000000e+00,0.000000e+00,0.000000e+00,0.000000e+00,0.000000e+00,0.000000e+00,5.421011e-20,7.546700e-14,0.000000e+00,0.000000e+00,0.000000e+00,0.000000e+00,8.597882e+02,2.794340e+01,1.012859e-02,7.183287e-05,0.000000e+00,1.799030e+01,0.000000e+00,0.000000e+00,-3.690569e-01
2.372960e-03,8.599296e+02,2.775649e+01,9.931725e-05,6.631471e-06,1.301135e-02,7.183287e-05,3.115741e-06,0.000000e+00,-4.727008e+00,0.000000e+00,0.000000e+00,0.000000e+00,0.000000e+00,0.000000e+00,0.000000e+00,0.000000e+00,5.421011e-20,7.546700e-14,0.000000e+00,0.000000e+00,0.000000e+00,0.000000e+00,8.599296e+02,2.777424e+01,1.261983e-02,7.183287e-05,0.000000e+00,1.799192e+01,0.000000e+00,0.000000e+00,-3.714814e-01
2.382308e-03,8.599418e+02,2.774290e+01,9.913699e-05,6.927025e-06,1.534032e-02,7.183287e-05,3.116766e-06,0.000000e+00,-4.727008e+00,0.000000e+00,0.000000e+00,0.000000e+00,0.000000e+00,0.000000e+00,0.000000e+00,0.000000e+00,5.421011e-20,7.546700e-14,0.000000e+00,0.000000e+00,0.000000e+00,0.000000e+00,8.599418e+02,2.774081e+01,1.495147e-02,7.183287e-05,0.000000e+00,1.799376e+01,0.000000e+00,0.000000e+00,-3.738141e-01
2.391660e-03,8.598364e+02,2.784570e+01,9.971042e-05,7.237550e-06,1.767771e-02,7.183287e-05,3.117861e-06,0.000000e+00,-4.727008e+00,0.000000e+00,0.000000e+00,0.000000e+00,0.000000e+00,0.000000e+00,0.000000e+00,0.000000e+00,5.421011e-20,7.546700e-14,0.000000e+00,0.000000e+00,0.000000e+00,0.000000e+00,8.598364e+02,2.782425e+01,1.728746e-02,7.183287e-05,0.000000e+00,1.799591e+01,0.000000e+00,0.000000e+00,-3.761549e-01
2.401257e-03,8.596046e+02,2.807554e+01,1.005526e-04,7.495433e-06,2.008463e-02,7.183287e-05,3.478575e-06,0.000000e+00,-4.727008e+00,0.000000e+00,0.000000e+00,0.000000e+00,0.000000e+00,0.000000e+00,0.000000e+00,0.000000e+00,5.421011e-20,7.546700e-14,0.000000e+00,0.000000e+00,0.000000e+00,0.000000e+00,8.596046e+02,2.803012e+01,1.966242e-02,7.183287e-05,0.000000e+00,1.799844e+01,0.000000e+00,0.000000e+00,-3.786105e-01
2.411550e-03,8.592144e+02,2.846758e+01,1.005668e-04,7.884195e-06,2.267357e-02,7.183287e-05,3.335250e-06,0.000000e+00,-4.727008e+00,0.000000e+00,0.000000e+00,0.000000e+00,0.000000e+00,0.000000e+00,0.000000e+00,0.000000e+00,5.421011e-20,7.546700e-14,0.000000e+00,0.000000e+00,0.000000e+00,0.000000e+00,8.592144e+02,2.839816e+01,2.225367e-02,7.183287e-05,0.000000e+00,1.800150e+01,0.000000e+00,0.000000e+00,-3.811843e-01
2.421697e-03,8.586847e+02,2.899947e+01,1.006248e-04,8.055168e-06,2.523006e-02,7.183287e-05,3.390747e-06,0.000000e+00,-4.727008e+00,0.000000e+00,0.000000e+00,0.000000e+00,0.000000e+00,0.000000e+00,0.000000e+00,0.000000e+00,5.421011e-20,7.546700e-14,0.000000e+00,0.000000e+00,0.000000e+00,0.000000e+00,8.586847e+02,2.890506e+01,2.480281e-02,7.183287e-05,0.000000e+00,1.800488e+01,0.000000e+00,0.000000e+00,-3.837489e-01
2.431932e-03,8.580045e+02,2.968129e+01,1.011570e-04,8.117695e-06,2.780769e-02,7.183287e-05,3.422689e-06,0.000000e+00,-4.727008e+00,0.000000e+00,0.000000e+00,0.000000e+00,0.000000e+00,0.000000e+00,0.000000e+00,0.000000e+00,5.421011e-20,7.546700e-14,0.000000e+00,0.000000e+00,0.000000e+00,0.000000e+00,8.580045e+02,2.956139e+01,2.737719e-02,7.183287e-05,0.000000e+00,1.800866e+01,0.000000e+00,0.000000e+00,-3.863304e-01
2.442329e-03,8.571625e+02,3.052691e+01,1.011637e-04,7.825900e-06,3.041965e-02,7.183287e-05,3.486740e-06,0.000000e+00,-4.727008e+00,0.000000e+00,0.000000e+00,0.000000e+00,0.000000e+00,0.000000e+00,0.000000e+00,0.000000e+00,5.421011e-20,7.546700e-14,0.000000e+00,0.000000e+00,0.000000e+00,0.000000e+00,8.571625e+02,3.037882e+01,2.998233e-02,7.183287e-05,0.000000e+00,1.801287e+01,0.000000e+00,0.000000e+00,-3.889511e-01
2.452696e-03,8.561691e+02,3.152624e+01,1.012835e-04,7.890418e-06,3.301538e-02,7.183287e-05,3.401718e-06,0.000000e+00,-4.727008e+00,0.000000e+00,0.000000e+00,0.000000e+00,0.000000e+00,0.000000e+00,0.000000e+00,0.000000e+00,5.421011e-20,7.546700e-14,0.000000e+00,0.000000e+00,0.000000e+00,0.000000e+00,8.561691e+02,3.135583e+01,3.259033e-02,7.183287e-05,0.000000e+00,1.801745e+01,0.000000e+00,0.000000e+00,-3.915367e-01
2.462901e-03,8.550417e+02,3.266272e+01,1.014929e-04,7.566496e-06,3.555914e-02,7.183287e-05,3.401698e-06,0.000000e+00,-4.727008e+00,0.000000e+00,0.000000e+00,0.000000e+00,0.000000e+00,0.000000e+00,0.000000e+00,0.000000e+00,5.421011e-20,7.546700e-14,0.000000e+00,0.000000e+00,0.000000e+00,0.000000e+00,8.550417e+02,3.246731e+01,3.513636e-02,7.183287e-05,0.000000e+00,1.802232e+01,0.000000e+00,0.000000e+00,-3.940803e-01
2.473095e-03,8.537710e+02,3.394254e+01,1.018567e-04,7.183485e-06,3.808524e-02,7.183287e-05,3.432376e-06,0.000000e+00,-4.727008e+00,0.000000e+00,0.000000e+00,0.000000e+00,0.000000e+00,0.000000e+00,0.000000e+00,0.000000e+00,5.421011e-20,7.546700e-14,0.000000e+00,0.000000e+00,0.000000e+00,0.000000e+00,8.537710e+02,3.372407e+01,3.766575e-02,7.183287e-05,0.000000e+00,1.802755e+01,0.000000e+00,0.000000e+00,-3.966098e-01
2.482833e-03,8.524252e+02,3.529270e+01,1.029270e-04,7.012094e-06,4.048379e-02,7.183287e-05,3.124118e-06,0.000000e+00,-4.727008e+00,0.000000e+00,0.000000e+00,0.000000e+00,0.000000e+00,0.000000e+00,0.000000e+00,0.000000e+00,5.421011e-20,7.546700e-14,0.000000e+00,0.000000e+00,0.000000e+00,0.000000e+00,8.524252e+02,3.507154e+01,4.010011e-02,7.183287e-05,0.000000e+00,1.803288e+01,0.000000e+00,0.000000e+00,-3.989694e-01
2.492869e-03,8.509042e+02,3.681364e+01,1.036652e-04,6.892818e-06,4.294246e-02,7.183287e-05,3.335922e-06,0.000000e+00,-4.727008e+00,0.000000e+00,0.000000e+00,0.000000e+00,0.000000e+00,0.000000e+00,0.000000e+00,0.000000e+00,5.421011e-20,7.546700e-14,0.000000e+00,0.000000e+00,0.000000e+00,0.000000e+00,8.509042e+02,3.654541e+01,4.251771e-02,7.183287e-05,0.000000e+00,1.803870e+01,0.000000e+00,0.000000e+00,-4.014528e-01
2.503124e-03,8.492073e+02,3.850985e+01,1.037769e-04,6.458615e-06,4.544562e-02,7.183287e-05,3.471490e-06,0.000000e+00,-4.727008e+00,0.000000e+00,0.000000e+00,0.000000e+00,0.000000e+00,0.000000e+00,0.000000e+00,0.000000e+00,5.421011e-20,7.546700e-14,0.000000e+00,0.000000e+00,0.000000e+00,0.000000e+00,8.492073e+02,3.821880e+01,4.502553e-02,7.183287e-05,0.000000e+00,1.804501e+01,0.000000e+00,0.000000e+00,-4.039723e-01
2.510066e-03,8.479761e+02,3.974324e+01,1.036043e-04,6.299308e-06,4.713869e-02,7.183287e-05,3.192753e-06,0.000000e+00,-4.727008e+00,0.000000e+00,0.000000e+00,0.000000e+00,0.000000e+00,0.000000e+00,0.000000e+00,0.000000e+00,5.421011e-20,7.546700e-14,0.000000e+00,0.000000e+00,0.000000e+00,0.000000e+00,8.479761e+02,3.943312e+01,4.671551e-02,7.183287e-05,0.000000e+00,1.804949e+01,0.000000e+00,0.000000e+00,-4.056317e-01
2.520094e-03,8.460820e+02,4.164160e+01,1.031424e-04,5.964266e-06,4.958608e-02,7.183287e-05,3.431175e-06,0.000000e+00,-4.727026e+00,0.000000e+00,0.000000e+00,0.000000e+00,0.000000e+00,0.000000e+00,0.000000e+00,0.000000e+00,5.421011e-20,7.546700e-14,0.000000e+00,0.000000e+00,0.000000e+00,0.000000e+00,8.460820e+02,4.131157e+01,4.916693e-02,7.183287e-05,0.000000e+00,1.805624e+01,0.000000e+00,0.000000e+00,-4.081094e-01
2.530467e-03,8.439822e+02,4.374681e+01,1.028255e-04,5.743732e-06,5.211997e-02,7.183287e-05,3.472295e-06,0.000000e+00,-4.727026e+00,0.000000e+00,0.000000e+00,0.000000e+00,0.000000e+00,0.000000e+00,0.000000e+00,0.000000e+00,5.421011e-20,7.546700e-14,0.000000e+00,0.000000e+00,0.000000e+00,0.000000e+00,8.439822e+02,4.338919e+01,5.169591e-02,7.183287e-05,0.000000e+00,1.806358e+01,0.000000e+00,0.000000e+00,-4.106493e-01
2.540868e-03,8.417336e+02,4.599975e+01,1.026511e-04,5.433805e-06,5.466022e-02,7.183287e-05,3.453218e-06,0.000000e+00,-4.727026e+00,0.000000e+00,0.000000e+00,0.000000e+00,0.000000e+00,0.000000e+00,0.000000e+00,0.000000e+00,5.421011e-20,7.546700e-14,0.000000e+00,0.000000e+00,0.000000e+00,0.000000e+00,8.417336e+02,4.562032e+01,5.423850e-02,7.183287e-05,0.000000e+00,1.807131e+01,0.000000e+00,0.000000e+00,-4.131879e-01
2.551271e-03,8.393409e+02,4.839472e+01,1.022719e-04,5.813833e-06,5.719654e-02,7.183287e-05,3.475067e-06,0.000000e+00,-4.727026e+00,0.000000e+00,0.000000e+00,0.000000e+00,0.000000e+00,0.000000e+00,0.000000e+00,0.000000e+00,5.421011e-20,7.546700e-14,0.000000e+00,0.000000e+00,0.000000e+00,0.000000e+00,8.393409e+02,4.798923e+01,5.677351e-02,7.183287e-05,0.000000e+00,1.807941e+01,0.000000e+00,0.000000e+00,-4.157269e-01
2.561657e-03,8.368074e+02,5.092871e+01,1.019379e-04,6.580363e-06,5.972182e-02,7.183287e-05,3.435285e-06,0.000000e+00,-4.727026e+00,0.000000e+00,0.000000e+00,0.000000e+00,0.000000e+00,0.000000e+00,0.000000e+00,0.000000e+00,5.421011e-20,7.546700e-14,0.000000e+00,0.000000e+00,0.000000e+00,0.000000e+00,8.368074e+02,5.050414e+01,5.930473e-02,7.183287e-05,0.000000e+00,1.808786e+01,0.000000e+00,0.000000e+00,-4.182479e-01
2.571963e-03,8.341495e+02,5.358645e+01,1.018440e-04,6.811643e-06,6.222190e-02,7.183287e-05,3.435306e-06,0.000000e+00,-4.727026e+00,0.000000e+00,0.000000e+00,0.000000e+00,0.000000e+00,0.000000e+00,0.000000e+00,0.000000e+00,5.421011e-20,7.546700e-14,0.000000e+00,0.000000e+00,0.000000e+00,0.000000e+00,8.341495e+02,5.313774e+01,6.180560e-02,7.183287e-05,0.000000e+00,1.809661e+01,0.000000e+00,0.000000e+00,-4.207480e-01
2.582269e-03,8.313475e+02,5.638997e+01,1.021641e-04,6.882748e-06,6.471652e-02,7.183287e-05,3.435348e-06,0.000000e+00,-4.727026e+00,0.000000e+00,0.000000e+00,0.000000e+00,0.000000e+00,0.000000e+00,0.000000e+00,0.000000e+00,5.421011e-20,7.546700e-14,0.000000e+00,0.000000e+00,0.000000e+00,0.000000e+00,8.313475e+02,5.591692e+01,6.430135e-02,7.183287e-05,0.000000e+00,1.810572e+01,0.000000e+00,0.000000e+00,-4.232418e-01
2.592660e-03,8.283759e+02,5.936337e+01,1.021181e-04,6.907920e-06,6.722319e-02,7.183287e-05,3.478383e-06,0.000000e+00,-4.727026e+00,0.000000e+00,0.000000e+00,0.000000e+00,0.000000e+00,0.000000e+00,0.000000e+00,0.000000e+00,5.421011e-20,7.546700e-14,0.000000e+00,0.000000e+00,0.000000e+00,0.000000e+00,8.283759e+02,5.886010e+01,6.680465e-02,7.183287e-05,0.000000e+00,1.811526e+01,0.000000e+00,0.000000e+00,-4.257522e-01
2.603096e-03,8.252433e+02,6.249558e+01,1.017904e-04,6.783320e-06,6.972772e-02,7.183287e-05,3.478496e-06,0.000000e+00,-4.727026e+00,0.000000e+00,0.000000e+00,0.000000e+00,0.000000e+00,0.000000e+00,0.000000e+00,0.000000e+00,5.421011e-20,7.546700e-14,0.000000e+00,0.000000e+00,0.000000e+00,0.000000e+00,8.252433e+02,6.196788e+01,6.931145e-02,7.183287e-05,0.000000e+00,1.812521e+01,0.000000e+00,0.000000e+00,-4.282552e-01
2.610053e-03,8.230723e+02,6.466526e+01,1.014685e-04,6.570117e-06,7.139017e-02,7.183287e-05,3.479883e-06,0.000000e+00,-4.727026e+00,0.000000e+00,0.000000e+00,0.000000e+00,0.000000e+00,0.000000e+00,0.000000e+00,0.000000e+00,5.421011e-20,7.546700e-14,0.000000e+00,0.000000e+00,0.000000e+00,0.000000e+00,8.230723e+02,6.412117e+01,7.097521e-02,7.183287e-05,0.000000e+00,1.813204e+01,0.000000e+00,0.000000e+00,-4.299169e-01
2.620236e-03,8.197762e+02,6.795876e+01,1.013965e-04,6.472154e-06,7.381524e-02,7.183287e-05,3.223072e-06,0.000000e+00,-4.727026e+00,0.000000e+00,0.000000e+00,0.000000e+00,0.000000e+00,0.000000e+00,0.000000e+00,0.000000e+00,5.421011e-20,7.546700e-14,0.000000e+00,0.000000e+00,0.000000e+00,0.000000e+00,8.197762e+02,6.743205e+01,7.343207e-02,7.183287e-05,0.000000e+00,1.814234e+01,0.000000e+00,0.000000e+00,-4.323108e-01
2.630351e-03,8.163635e+02,7.136902e+01,1.016228e-04,6.243939e-06,7.621987e-02,7.183287e-05,3.446313e-06,0.000000e+00,-4.727026e+00,0.000000e+00,0.000000e+00,0.000000e+00,0.000000e+00,0.000000e+00,0.000000e+00,0.000000e+00,5.421011e-20,7.546700e-14,0.000000e+00,0.000000e+00,0.000000e+00,0.000000e+00,8.163635e+02,7.078270e+01,7.581025e-02,7.183287e-05,0.000000e+00,1.815290e+01,0.000000e+00,0.000000e+00,-4.347424e-01
2.640728e-03,8.127224e+02,7.500969e+01,1.015834e-04,5.993741e-06,7.868870e-02,7.183287e-05,3.483162e-06,0.000000e+00,-4.727027e+00,0.000000e+00,0.000000e+00,0.000000e+00,0.000000e+00,0.000000e+00,0.000000e+00,0.000000e+00,5.421011e-20,7.546700e-14,0.000000e+00,0.000000e+00,0.000000e+00,0.000000e+00,8.127224e+02,7.439309e+01,7.827390e-02,7.183287e-05,0.000000e+00,1.816409e+01,0.000000e+00,0.000000e+00,-4.372164e-01
2.651091e-03,8.089500e+02,7.878333e+01,1.014890e-04,6.070972e-06,8.115900e-02,7.183287e-05,3.396410e-06,0.000000e+00,-4.727039e+00,0.000000e+00,0.000000e+00,0.000000e+00,0.000000e+00,0.000000e+00,0.000000e+00,0.000000e+00,5.421011e-20,7.546700e-14,0.000000e+00,0.000000e+00,0.000000e+00,0.000000e+00,8.089500e+02,7.815984e+01,8.075370e-02,7.183287e-05,0.000000e+00,1.817562e+01,0.000000e+00,0.000000e+00,-4.396778e-01
2.661361e-03,8.050812e+02,8.265454e+01,1.020778e-04,6.222865e-06,8.361194e-02,7.183287e-05,3.437908e-06,0.000000e+00,-4.727039e+00,0.000000e+00,0.000000e+00,0.000000e+00,0.000000e+00,0.000000e+00,0.000000e+00,0.000000e+00,5.421011e-20,7.546700e-14,0.000000e+00,0.000000e+00,0.000000e+00,0.000000e+00,8.050812e+02,8.200206e+01,8.320107e-02,7.183287e-05,0.000000e+00,1.818740e+01,0.000000e+00,0.000000e+00,-4.421370e-01
2.671636e-03,8.010831e+02,8.665482e+01,1.022997e-04,6.000021e-06,8.606857e-02,7.183287e-05,3.437900e-06,0.000000e+00,-4.727040e+00,0.000000e+00,0.000000e+00,0.000000e+00,0.000000e+00,0.000000e+00,0.000000e+00,0.000000e+00,5.421011e-20,7.546700e-14,0.000000e+00,0.000000e+00,0.000000e+00,0.000000e+00,8.010831e+02,8.598132e+01,8.565758e-02,7.183287e-05,0.000000e+00,1.819953e+01,0.000000e+00,0.000000e+00,-4.445944e-01
2.681866e-03,7.969789e+02,9.075817e+01,1.028772e-04,5.949491e-06,8.851209e-02,7.183287e-05,3.471926e-06,0.000000e+00,-4.727040e+00,0.000000e+00,0.000000e+00,0.000000e+00,0.000000e+00,0.000000e+00,0.000000e+00,0.000000e+00,5.421011e-20,7.546700e-14,0.000000e+00,0.000000e+00,0.000000e+00,0.000000e+00,7.969789e+02,9.007333e+01,8.810695e-02,7.183287e-05,0.000000e+00,1.821196e+01,0.000000e+00,0.000000e+00,-4.470425e-01
2.692279e-03,7.926766e+02,9.505713e+01,1.033614e-04,6.029079e-06,9.099250e-02,7.183287e-05,3.469748e-06,0.000000e+00,-4.727040e+00,0.000000e+00,0.000000e+00,0.000000e+00,0.000000e+00,0.000000e+00,0.000000e+00,0.000000e+00,5.421011e-20,7.546700e-14,0.000000e+00,0.000000e+00,0.000000e+00,0.000000e+00,7.926766e+02,9.433640e+01,9.058008e-02,7.183287e-05,0.000000e+00,1.822498e+01,0.000000e+00,0.000000e+00,-4.495225e-01
2.702537e-03,7.883148e+02,9.941927e+01,1.035607e-04,6.643243e-06,9.342419e-02,7.183287e-05,3.317951e-06,0.000000e+00,-4.727040e+00,0.000000e+00,0.000000e+00,0.000000e+00,0.000000e+00,0.000000e+00,0.000000e+00,0.000000e+00,5.421011e-20,7.546700e-14,0.000000e+00,0.000000e+00,0.000000e+00,0.000000e+00,7.883148e+02,9.870879e+01,9.303185e-02,7.183287e-05,0.000000e+00,1.823814e+01,0.000000e+00,0.000000e+00,-4.519354e-01
2.712133e-03,7.841204e+02,1.036193e+02,1.035039e-04,7.224928e-06,9.568799e-02,7.183287e-05,3.319146e-06,0.000000e+00,-4.727040e+00,0.000000e+00,0.000000e+00,0.000000e+00,0.000000e+00,0.000000e+00,0.000000e+00,0.000000e+00,5.421011e-20,7.546700e-14,0.000000e+00,0.000000e+00,0.000000e+00,0.000000e+00,7.841204e+02,1.029283e+02,9.531862e-02,7.183287e-05,0.000000e+00,1.825077e+01,0.000000e+00,0.000000e+00,-4.541984e-01
2.722391e-03,7.795162e+02,1.082314e+02,1.045157e-04,7.333871e-06,9.809700e-02,7.183287e-05,3.470512e-06,0.000000e+00,-4.727040e+00,0.000000e+00,0.000000e+00,0.000000e+00,0.000000e+00,0.000000e+00,0.000000e+00,0.000000e+00,5.421011e-20,7.546700e-14,0.000000e+00,0.000000e+00,0.000000e+00,0.000000e+00,7.795162e+02,1.074472e+02,9.769031e-02,7.183287e-05,0.000000e+00,1.826461e+01,0.000000e+00,0.000000e+00,-4.566249e-01
2.732805e-03,7.747155e+02,1.130377e+02,1.054166e-04,6.990640e-06,1.005347e-01,7.183287e-05,3.472835e-06,0.000000e+00,-4.727045e+00,0.000000e+00,0.000000e+00,0.000000e+00,0.000000e+00,0.000000e+00,0.000000e+00,0.000000e+00,5.421011e-20,7.546700e-14,0.000000e+00,0.000000e+00,0.000000e+00,0.000000e+00,7.747155e+02,1.122324e+02,1.001289e-01,7.183287e-05,0.000000e+00,1.827901e+01,0.000000e+00,0.000000e+00,-4.590634e-01
2.743225e-03,7.697864e+02,1.179688e+02,1.055436e-04,6.328262e-06,1.029692e-01,7.183287e-05,3.323396e-06,0.000000e+00,-4.727045e+00,0.000000e+00,0.000000e+00,0.000000e+00,0.000000e+00,0.000000e+00,0.000000e+00,0.000000e+00,5.421011e-20,7.546700e-14,0.000000e+00,0.000000e+00,0.000000e+00,0.000000e+00,7.697864e+02,1.171428e+02,1.025636e-01,7.183287e-05,0.000000e+00,1.829377e+01,0.000000e+00,0.000000e+00,-4.614818e-01
2.753193e-03,7.649557e+02,1.228018e+02,1.057250e-04,6.072127e-06,1.052969e-01,7.183287e-05,3.475331e-06,0.000000e+00,-4.727045e+00,0.000000e+00,0.000000e+00,0.000000e+00,0.000000e+00,0.000000e+00,0.000000e+00,0.000000e+00,5.421011e-20,7.546700e-14,0.000000e+00,0.000000e+00,0.000000e+00,0.000000e+00,7.649557e+02,1.219924e+02,1.049090e-01,7.183287e-05,0.000000e+00,1.830822e+01,0.000000e+00,0.000000e+00,-4.638281e-01
2.760144e-03,7.615206e+02,1.262410e+02,1.058056e-04,5.896168e-06,1.069195e-01,7.183287e-05,3.475683e-06,0.000000e+00,-4.727045e+00,0.000000e+00,0.000000e+00,0.000000e+00,0.000000e+00,0.000000e+00,0.000000e+00,0.000000e+00,5.421011e-20,7.546700e-14,0.000000e+00,0.000000e+00,0.000000e+00,0.000000e+00,7.615206e+02,1.253802e+02,1.065139e-01,7.183287e-05,0.000000e+00,1.831849e+01,0.000000e+00,0.000000e+00,-4.654511e-01
2.770572e-03,7.562622e+02,1.315087e+02,1.059323e-04,5.861627e-06,1.093511e-01,7.183287e-05,3.476436e-06,0.000000e+00,-4.727045e+00,0.000000e+00,0.000000e+00,0.000000e+00,0.000000e+00,0.000000e+00,0.000000e+00,0.000000e+00,5.421011e-20,7.546700e-14,0.000000e+00,0.000000e+00,0.000000e+00,0.000000e+00,7.562622e+02,1.306260e+02,1.089462e-01,7.183287e-05,0.000000e+00,1.833418e+01,0.000000e+00,0.000000e+00,-4.678828e-01
2.781002e-03,7.508759e+02,1.369064e+02,1.061156e-04,5.730612e-06,1.117776e-01,7.183287e-05,3.477415e-06,0.000000e+00,-4.727045e+00,0.000000e+00,0.000000e+00,0.000000e+00,0.000000e+00,0.000000e+00,0.000000e+00,0.000000e+00,5.421011e-20,7.546700e-14,0.000000e+00,0.000000e+00,0.000000e+00,0.000000e+00,7.508759e+02,1.360024e+02,1.113738e-01,7.183287e-05,0.000000e+00,1.835024e+01,0.000000e+00,0.000000e+00,-4.703087e-01
2.791371e-03,7.453969e+02,1.423960e+02,1.062479e-04,5.883307e-06,1.141807e-01,7.183287e-05,3.413656e-06,0.000000e+00,-4.727045e+00,0.000000e+00,0.000000e+00,0.000000e+00,0.000000e+00,0.000000e+00,0.000000e+00,0.000000e+00,5.421011e-20,7.546700e-14,0.000000e+00,0.000000e+00,0.000000e+00,0.000000e+00,7.453969e+02,1.414883e+02,1.137861e-01,7.183287e-05,0.000000e+00,1.836655e+01,0.000000e+00,0.000000e+00,-4.727030e-01
2.801676e-03,7.398295e+02,1.479710e+02,1.060735e-04,6.826250e-06,1.165563e-01,7.183287e-05,3.477149e-06,0.000000e+00,-4.727045e+00,0.000000e+00,0.000000e+00,0.000000e+00,0.000000e+00,0.000000e+00,0.000000e+00,0.000000e+00,5.421011e-20,7.546700e-14,0.000000e+00,0.000000e+00,0.000000e+00,0.000000e+00,7.398295e+02,1.470265e+02,1.161567e-01,7.183287e-05,0.000000e+00,1.838310e+01,0.000000e+00,0.000000e+00,-4.750844e-01
2.812091e-03,7.340806e+02,1.537253e+02,1.059792e-04,7.457098e-06,1.189411e-01,7.183287e-05,3.475071e-06,0.000000e+00,-4.727045e+00,0.000000e+00,0.000000e+00,0.000000e+00,0.000000e+00,0.000000e+00,0.000000e+00,0.000000e+00,5.421011e-20,7.546700e-14,0.000000e+00,0.000000e+00,0.000000e+00,0.000000e+00,7.340806e+02,1.527612e+02,1.185447e-01,7.183287e-05,0.000000e+00,1.840017e+01,0.000000e+00,0.000000e+00,-4.774671e-01
2.822487e-03,7.282222e+02,1.595877e+02,1.062745e-04,7.644066e-06,1.213024e-01,7.183287e-05,3.268876e-06,0.000000e+00,-4.727045e+00,0.000000e+00,0.000000e+00,0.000000e+00,0.000000e+00,0.000000e+00,0.000000e+00,0.000000e+00,5.421011e-20,7.546700e-14,0.000000e+00,0.000000e+00,0.000000e+00,0.000000e+00,7.282222e+02,1.586122e+02,1.209127e-01,7.183287e-05,0.000000e+00,1.841755e+01,0.000000e+00,0.000000e+00,-4.798027e-01
2.832336e-03,7.225618e+02,1.652514e+02,1.066016e-04,8.039312e-06,1.235218e-01,7.183287e-05,3.470034e-06,0.000000e+00,-4.727045e+00,0.000000e+00,0.000000e+00,0.000000e+00,0.000000e+00,0.000000e+00,0.000000e+00,0.000000e+00,5.421011e-20,7.546700e-14,0.000000e+00,0.000000e+00,0.000000e+00,0.000000e+00,7.225618e+02,1.642958e+02,1.231501e-01,7.183287e-05,0.000000e+00,1.843434e+01,0.000000e+00,0.000000e+00,-4.820426e-01
2.842539e-03,7.165881e+02,1.712305e+02,1.066636e-04,8.382500e-06,1.258054e-01,7.183287e-05,3.469082e-06,0.000000e+00,-4.727046e+00,0.000000e+00,0.000000e+00,0.000000e+00,0.000000e+00,0.000000e+00,0.000000e+00,0.000000e+00,5.421011e-20,7.546700e-14,0.000000e+00,0.000000e+00,0.000000e+00,0.000000e+00,7.165881e+02,1.702420e+02,1.254303e-01,7.183287e-05,0.000000e+00,1.845205e+01,0.000000e+00,0.000000e+00,-4.843243e-01
2.852871e-03,7.104282e+02,1.773962e+02,1.065980e-04,8.313754e-06,1.281067e-01,7.183287e-05,3.469130e-06,0.000000e+00,-4.727046e+00,0.000000e+00,0.000000e+00,0.000000e+00,0.000000e+00,0.000000e+00,0.000000e+00,0.000000e+00,5.421011e-20,7.546700e-14,0.000000e+00,0.000000e+00,0.000000e+00,0.000000e+00,7.104282e+02,1.763577e+02,1.277210e-01,7.183287e-05,0.000000e+00,1.847031e+01,0.000000e+00,0.000000e+00,-4.866252e-01
2.863275e-03,7.041158e+02,1.837141e+02,1.061380e-04,8.360793e-06,1.304194e-01,7.183287e-05,3.466658e-06,0.000000e+00,-4.727046e+00,0.000000e+00,0.000000e+00,0.000000e+00,0.000000e+00,0.000000e+00,0.000000e+00,0.000000e+00,5.421011e-20,7.546700e-14,0.000000e+00,0.000000e+00,0.000000e+00,0.000000e+00,7.041158e+02,1.826585e+02,1.300342e-01,7.183287e-05,0.000000e+00,1.848903e+01,0.000000e+00,0.000000e+00,-4.889378e-01
2.870208e-03,6.998503e+02,1.879819e+02,1.058932e-04,8.706023e-06,1.319598e-01,7.183287e-05,3.467052e-06,0.000000e+00,-4.727046e+00,0.000000e+00,0.000000e+00,0.000000e+00,0.000000e+00,0.000000e+00,0.000000e+00,0.000000e+00,5.421011e-20,7.546700e-14,0.000000e+00,0.000000e+00,0.000000e+00,0.000000e+00,6.998503e+02,1.869152e+02,1.315747e-01,7.183287e-05,0.000000e+00,1.850169e+01,0.000000e+00,0.000000e+00,-4.904788e-01
2.880612e-03,6.933640e+02,1.944700e+02,1.057099e-04,9.095851e-06,1.342708e-01,7.183287e-05,3.470513e-06,0.000000e+00,-4.727046e+00,0.000000e+00,0.000000e+00,0.000000e+00,0.000000e+00,0.000000e+00,0.000000e+00,0.000000e+00,5.421011e-20,7.546700e-14,0.000000e+00,0.000000e+00,0.000000e+00,0.000000e+00,6.933640e+02,1.933859e+02,1.338856e-01,7.183287e-05,0.000000e+00,1.852097e+01,0.000000e+00,0.000000e+00,-4.927917e-01
2.890909e-03,6.868458e+02,2.009886e+02,1.063409e-04,9.467459e-06,1.365564e-01,7.183287e-05,3.413258e-06,0.000000e+00,-4.727046e+00,0.000000e+00,0.000000e+00,0.000000e+00,0.000000e+00,0.000000e+00,0.000000e+00,0.000000e+00,5.421011e-20,7.546700e-14,0.000000e+00,0.000000e+00,0.000000e+00,0.000000e+00,6.868458e+02,1.999059e+02,1.361779e-01,7.183287e-05,0.000000e+00,1.854038e+01,0.000000e+00,0.000000e+00,-4.950723e-01
2.901120e-03,6.802878e+02,2.075475e+02,1.066466e-04,9.831751e-06,1.388185e-01,7.183287e-05,3.384406e-06,0.000000e+00,-4.727046e+00,0.000000e+00,0.000000e+00,0.000000e+00,0.000000e+00,0.000000e+00,0.000000e+00,0.000000e+00,5.421011e-20,7.546700e-14,0.000000e+00,0.000000e+00,0.000000e+00,0.000000e+00,6.802878e+02,2.064583e+02,1.384442e-01,7.183287e-05,0.000000e+00,1.855996e+01,0.000000e+00,0.000000e+00,-4.973320e-01
2.911445e-03,6.735626e+02,2.142755e+02,1.068887e-04,9.855501e-06,1.410971e-01,7.183287e-05,3.468952e-06,0.000000e+00,-4.727046e+00,0.000000e+00,0.000000e+00,0.000000e+00,0.000000e+00,0.000000e+00,0.000000e+00,0.000000e+00,5.421011e-20,7.546700e-14,0.000000e+00,0.000000e+00,0.000000e+00,0.000000e+00,6.735626e+02,2.131427e+02,1.407153e-01,7.183287e-05,0.000000e+00,1.858007e+01,0.000000e+00,0.000000e+00,-4.996195e-01
2.921849e-03,6.666924e+02,2.211509e+02,1.072566e-04,9.845290e-06,1.433780e-01,7.183287e-05,3.465644e-06,0.000000e+00,-4.727048e+00,0.000000e+00,0.000000e+00,0.000000e+00,0.000000e+00,0.000000e+00,0.000000e+00,0.000000e+00,5.421011e-20,7.546700e-14,0.000000e+00,0.000000e+00,0.000000e+00,0.000000e+00,6.666924e+02,2.200032e+02,1.429995e-01,7.183287e-05,0.000000e+00,1.860067e+01,0.000000e+00,0.000000e+00,-5.018982e-01
2.932169e-03,6.597879e+02,2.280628e+02,1.075490e-04,9.876686e-06,1.456194e-01,7.183287e-05,3.462630e-06,0.000000e+00,-4.727048e+00,0.000000e+00,0.000000e+00,0.000000e+00,0.000000e+00,0.000000e+00,0.000000e+00,0.000000e+00,5.421011e-20,7.546700e-14,0.000000e+00,0.000000e+00,0.000000e+00,0.000000e+00,6.597879e+02,2.269135e+02,1.452493e-01,7.183287e-05,0.000000e+00,1.862143e+01,0.000000e+00,0.000000e+00,-5.041363e-01
2.942554e-03,6.527526e+02,2.351064e+02,1.074816e-04,9.946387e-06,1.478513e-01,7.183287e-05,3.403079e-06,0.000000e+00,-4.727048e+00,0.000000e+00,0.000000e+00,0.000000e+00,0.000000e+00,0.000000e+00,0.000000e+00,0.000000e+00,5.421011e-20,7.546700e-14,0.000000e+00,0.000000e+00,0.000000e+00,0.000000e+00,6.527526e+02,2.339314e+02,1.474813e-01,7.183287e-05,0.000000e+00,1.864265e+01,0.000000e+00,0.000000e+00,-5.063586e-01
2.952432e-03,6.459838e+02,2.418813e+02,1.076135e-04,1.004783e-05,1.499539e-01,7.183287e-05,3.317071e-06,0.000000e+00,-4.727048e+00,0.000000e+00,0.000000e+00,0.000000e+00,0.000000e+00,0.000000e+00,0.000000e+00,0.000000e+00,5.421011e-20,7.546700e-14,0.000000e+00,0.000000e+00,0.000000e+00,0.000000e+00,6.459838e+02,2.407700e+02,1.496106e-01,7.183287e-05,0.000000e+00,1.866312e+01,0.000000e+00,0.000000e+00,-5.084496e-01
2.962387e-03,6.390867e+02,2.487806e+02,1.074523e-04,1.015624e-05,1.520582e-01,7.183287e-05,3.282116e-06,0.000000e+00,-4.727048e+00,0.000000e+00,0.000000e+00,0.000000e+00,0.000000e+00,0.000000e+00,0.000000e+00,0.000000e+00,5.421011e-20,7.546700e-14,0.000000e+00,0.000000e+00,0.000000e+00,0.000000e+00,6.390867e+02,2.476295e+02,1.517083e-01,7.183287e-05,0.000000e+00,1.868405e+01,0.000000e+00,0.000000e+00,-5.105491e-01
2.972220e-03,6.322020e+02,2.556647e+02,1.072687e-04,1.008059e-05,1.541282e-01,7.183287e-05,3.313136e-06,0.000000e+00,-4.727048e+00,0.000000e+00,0.000000e+00,0.000000e+00,0.000000e+00,0.000000e+00,0.000000e+00,0.000000e+00,5.421011e-20,7.546700e-14,0.000000e+00,0.000000e+00,0.000000e+00,0.000000e+00,6.322020e+02,2.545197e+02,1.537846e-01,7.183287e-05,0.000000e+00,1.870501e+01,0.000000e+00,0.000000e+00,-5.126224e-01
2.982470e-03,6.249526e+02,2.629163e+02,1.063501e-04,9.995286e-06,1.562823e-01,7.183287e-05,3.470086e-06,0.000000e+00,-4.727048e+00,0.000000e+00,0.000000e+00,0.000000e+00,0.000000e+00,0.000000e+00,0.000000e+00,0.000000e+00,5.421011e-20,7.546700e-14,0.000000e+00,0.000000e+00,0.000000e+00,0.000000e+00,6.249526e+02,2.616884e+02,1.559179e-01,7.183287e-05,0.000000e+00,1.872716e+01,0.000000e+00,0.000000e+00,-5.147939e-01
2.992883e-03,6.175197e+02,2.703550e+02,1.055425e-04,1.016820e-05,1.584707e-01,7.183287e-05,3.394971e-06,0.000000e+00,-4.727048e+00,0.000000e+00,0.000000e+00,0.000000e+00,0.000000e+00,0.000000e+00,0.000000e+00,0.000000e+00,5.421011e-20,7.546700e-14,0.000000e+00,0.000000e+00,0.000000e+00,0.000000e+00,6.175197e+02,2.691151e+02,1.581058e-01,7.183287e-05,0.000000e+00,1.874997e+01,0.000000e+00,0.000000e+00,-5.169752e-01
3.003068e-03,6.101917e+02,2.776875e+02,1.045641e-04,1.051151e-05,1.606112e-01,7.183287e-05,3.394952e-06,0.000000e+00,-4.727048e+00,0.000000e+00,0.000000e+00,0.000000e+00,0.000000e+00,0.000000e+00,0.000000e+00,0.000000e+00,5.421011e-20,7.546700e-14,0.000000e+00,0.000000e+00,0.000000e+00,0.000000e+00,6.101917e+02,2.764666e+02,1.602546e-01,7.183287e-05,0.000000e+00,1.877259e+01,0.000000e+00,0.000000e+00,-5.191169e-01
3.013290e-03,6.027875e+02,2.850929e+02,1.040919e-04,1.064033e-05,1.627586e-01,7.183287e-05,3.475911e-06,0.000000e+00,-4.727048e+00,0.000000e+00,0.000000e+00,0.000000e+00,0.000000e+00,0.000000e+00,0.000000e+00,0.000000e+00,5.421011e-20,7.546700e-14,0.000000e+00,0.000000e+00,0.000000e+00,0.000000e+00,6.027875e+02,2.838580e+02,1.624001e-01,7.183287e-05,0.000000e+00,1.879560e+01,0.000000e+00,0.000000e+00,-5.212745e-01
3.020211e-03,5.977484e+02,2.901320e+02,1.040089e-04,1.070716e-05,1.642126e-01,7.183287e-05,3.445737e-06,0.000000e+00,-4.727049e+00,0.000000e+00,0.000000e+00,0.000000e+00,0.000000e+00,0.000000e+00,0.000000e+00,0.000000e+00,5.421011e-20,7.546700e-14,0.000000e+00,0.000000e+00,0.000000e+00,0.000000e+00,5.977484e+02,2.888808e+02,1.638508e-01,7.183287e-05,0.000000e+00,1.881135e+01,0.000000e+00,0.000000e+00,-5.227260e-01
3.030304e-03,5.903678e+02,2.975114e+02,1.038558e-04,1.079917e-05,1.663309e-01,7.183287e-05,3.459090e-06,0.000000e+00,-4.727052e+00,0.000000e+00,0.000000e+00,0.000000e+00,0.000000e+00,0.000000e+00,0.000000e+00,0.000000e+00,5.421011e-20,7.546700e-14,0.000000e+00,0.000000e+00,0.000000e+00,0.000000e+00,5.903678e+02,2.962982e+02,1.659823e-01,7.183287e-05,0.000000e+00,1.883457e+01,0.000000e+00,0.000000e+00,-5.248464e-01
3.040590e-03,5.828118e+02,3.050681e+02,1.037534e-04,1.027389e-05,1.684854e-01,7.183287e-05,3.413124e-06,0.000000e+00,-4.727052e+00,0.000000e+00,0.000000e+00,0.000000e+00,0.000000e+00,0.000000e+00,0.000000e+00,0.000000e+00,5.421011e-20,7.546700e-14,0.000000e+00,0.000000e+00,0.000000e+00,0.000000e+00,5.828118e+02,3.038164e+02,1.681284e-01,7.183287e-05,0.000000e+00,1.885854e+01,0.000000e+00,0.000000e+00,-5.269964e-01
3.050548e-03,5.754662e+02,3.124172e+02,1.040577e-04,1.011190e-05,1.705641e-01,7.183287e-05,3.413181e-06,0.000000e+00,-4.727052e+00,0.000000e+00,0.000000e+00,0.000000e+00,0.000000e+00,0.000000e+00,0.000000e+00,0.000000e+00,5.421011e-20,7.546700e-14,0.000000e+00,0.000000e+00,0.000000e+00,0.000000e+00,5.754662e+02,3.111896e+02,1.702169e-01,7.183287e-05,0.000000e+00,1.888204e+01,0.000000e+00,0.000000e+00,-5.290754e-01
3.060787e-03,5.678889e+02,3.200010e+02,1.043492e-04,1.060286e-05,1.726915e-01,7.183287e-05,3.413170e-06,0.000000e+00,-4.727052e+00,0.000000e+00,0.000000e+00,0.000000e+00,0.000000e+00,0.000000e+00,0.000000e+00,0.000000e+00,5.421011e-20,7.546700e-14,0.000000e+00,0.000000e+00,0.000000e+00,0.000000e+00,5.678889e+02,3.187403e+02,1.723379e-01,7.183287e-05,0.000000e+00,1.890651e+01,0.000000e+00,0.000000e+00,-5.312025e-01
3.071027e-03,5.602947e+02,3.276012e+02,1.044143e-04,1.071284e-05,1.748058e-01,7.183287e-05,3.413073e-06,0.000000e+00,-4.727052e+00,0.000000e+00,0.000000e+00,0.000000e+00,0.000000e+00,0.000000e+00,0.000000e+00,0.000000e+00,5.421011e-20,7.546700e-14,0.000000e+00,0.000000e+00,0.000000e+00,0.000000e+00,5.602947e+02,3.263385e+02,1.744546e-01,7.183287e-05,0.000000e+00,1.893128e+01,0.000000e+00,0.000000e+00,-5.333161e-01
3.081320e-03,5.526504e+02,3.352501e+02,1.047473e-04,1.055355e-05,1.769159e-01,7.183287e-05,3.466560e-06,0.000000e+00,-4.727053e+00,0.000000e+00,0.000000e+00,0.000000e+00,0.000000e+00,0.000000e+00,0.000000e+00,0.000000e+00,5.421011e-20,7.546700e-14,0.000000e+00,0.000000e+00,0.000000e+00,0.000000e+00,5.526504e+02,3.339665e+02,1.765619e-01,7.183287e-05,0.000000e+00,1.895648e+01,0.000000e+00,0.000000e+00,-5.354305e-01
3.091718e-03,5.449233e+02,3.429794e+02,1.049037e-04,1.050982e-05,1.790300e-01,7.183287e-05,3.465383e-06,0.000000e+00,-4.727053e+00,0.000000e+00,0.000000e+00,0.000000e+00,0.000000e+00,0.000000e+00,0.000000e+00,0.000000e+00,5.421011e-20,7.546700e-14,0.000000e+00,0.000000e+00,0.000000e+00,0.000000e+00,5.449233e+02,3.416964e+02,1.786792e-01,7.183287e-05,0.000000e+00,1.898224e+01,0.000000e+00,0.000000e+00,-5.375428e-01
3.101580e-03,5.375944e+02,3.503094e+02,1.048492e-04,1.024002e-05,1.810178e-01,7.183287e-05,3.143198e-06,0.000000e+00,-4.727053e+00,0.000000e+00,0.000000e+00,0.000000e+00,0.000000e+00,0.000000e+00,0.000000e+00,0.000000e+00,5.421011e-20,7.546700e-14,0.000000e+00,0.000000e+00,0.000000e+00,0.000000e+00,5.375944e+02,3.491452e+02,1.807024e-01,7.183287e-05,0.000000e+00,1.900695e+01,0.000000e+00,0.000000e+00,-5.394964e-01
3.111458e-03,5.302568e+02,3.576491e+02,1.046793e-04,9.319358e-06,1.829921e-01,7.183287e-05,3.450305e-06,0.000000e+00,-4.727053e+00,0.000000e+00,0.000000e+00,0.000000e+00,0.000000e+00,0.000000e+00,0.000000e+00,0.000000e+00,5.421011e-20,7.546700e-14,0.000000e+00,0.000000e+00,0.000000e+00,0.000000e+00,5.302568e+02,3.564033e+02,1.826569e-01,7.183287e-05,0.000000e+00,1.903198e+01,0.000000e+00,0.000000e+00,-5.415003e-01
3.121811e-03,5.225756e+02,3.653352e+02,1.041695e-04,7.959957e-06,1.850460e-01,7.183287e-05,3.453209e-06,0.000000e+00,-4.727053e+00,0.000000e+00,0.000000e+00,0.000000e+00,0.000000e+00,0.000000e+00,0.000000e+00,0.000000e+00,5.421011e-20,7.546700e-14,0.000000e+00,0.000000e+00,0.000000e+00,0.000000e+00,5.225756e+02,3.640598e+02,1.847047e-01,7.183287e-05,0.000000e+00,1.905851e+01,0.000000e+00,0.000000e+00,-5.435539e-01
3.132090e-03,5.149681e+02,3.729488e+02,1.035974e-04,6.952503e-06,1.870718e-01,7.183287e-05,3.371164e-06,0.000000e+00,-4.727053e+00,0.000000e+00,0.000000e+00,0.000000e+00,0.000000e+00,0.000000e+00,0.000000e+00,0.000000e+00,5.421011e-20,7.546700e-14,0.000000e+00,0.000000e+00,0.000000e+00,0.000000e+00,5.149681e+02,3.717067e+02,1.867406e-01,7.183287e-05,0.000000e+00,1.908513e+01,0.000000e+00,0.000000e+00,-5.455712e-01
3.142289e-03,5.074448e+02,3.804785e+02,1.034578e-04,6.554172e-06,1.890705e-01,7.183287e-05,3.324899e-06,0.000000e+00,-4.727071e+00,0.000000e+00,0.000000e+00,0.000000e+00,0.000000e+00,0.000000e+00,0.000000e+00,0.000000e+00,5.421011e-20,7.546700e-14,0.000000e+00,0.000000e+00,0.000000e+00,0.000000e+00,5.074448e+02,3.792098e+02,1.887328e-01,7.183287e-05,0.000000e+00,1.911183e+01,0.000000e+00,0.000000e+00,-5.475647e-01
3.152268e-03,5.001158e+02,3.878134e+02,1.034260e-04,6.305720e-06,1.910146e-01,7.183287e-05,3.329017e-06,0.000000e+00,-4.727071e+00,0.000000e+00,0.000000e+00,0.000000e+00,0.000000e+00,0.000000e+00,0.000000e+00,0.000000e+00,5.421011e-20,7.546700e-14,0.000000e+00,0.000000e+00,0.000000e+00,0.000000e+00,5.001158e+02,3.865977e+02,1.906915e-01,7.183287e-05,0.000000e+00,1.913823e+01,0.000000e+00,0.000000e+00,-5.495085e-01
3.162258e-03,4.928163e+02,3.951181e+02,1.033459e-04,6.179952e-06,1.929480e-01,7.183287e-05,3.426617e-06,0.000000e+00,-4.727109e+00,0.000000e+00,0.000000e+00,0.000000e+00,0.000000e+00,0.000000e+00,0.000000e+00,0.000000e+00,5.421011e-20,7.546700e-14,0.000000e+00,0.000000e+00,0.000000e+00,0.000000e+00,4.928163e+02,3.939081e+02,1.926264e-01,7.183287e-05,0.000000e+00,1.916493e+01,0.000000e+00,0.000000e+00,-5.514509e-01
3.172575e-03,4.853250e+02,4.026132e+02,1.023672e-04,5.725936e-06,1.949298e-01,7.183287e-05,3.445295e-06,0.000000e+00,-4.727109e+00,0.000000e+00,0.000000e+00,0.000000e+00,0.000000e+00,0.000000e+00,0.000000e+00,0.000000e+00,5.421011e-20,7.546700e-14,0.000000e+00,0.000000e+00,0.000000e+00,0.000000e+00,4.853250e+02,4.013707e+02,1.946001e-01,7.183287e-05,0.000000e+00,1.919279e+01,0.000000e+00,0.000000e+00,-5.534348e-01
3.182869e-03,4.779041e+02,4.100378e+02,1.011816e-04,5.497256e-06,1.968936e-01,7.183287e-05,3.487135e-06,0.000000e+00,-4.727109e+00,0.000000e+00,0.000000e+00,0.000000e+00,0.000000e+00,0.000000e+00,0.000000e+00,0.000000e+00,5.421011e-20,7.546700e-14,0.000000e+00,0.000000e+00,0.000000e+00,0.000000e+00,4.779041e+02,4.088119e+02,1.965680e-01,7.183287e-05,0.000000e+00,1.922086e+01,0.000000e+00,0.000000e+00,-5.554023e-01
3.193076e-03,4.706023e+02,4.173422e+02,1.004810e-04,5.516772e-06,1.988279e-01,7.183287e-05,3.360115e-06,0.000000e+00,-4.727109e+00,0.000000e+00,0.000000e+00,0.000000e+00,0.000000e+00,0.000000e+00,0.000000e+00,0.000000e+00,5.421011e-20,7.546700e-14,0.000000e+00,0.000000e+00,0.000000e+00,0.000000e+00,4.706023e+02,4.161492e+02,1.985105e-01,7.183287e-05,0.000000e+00,1.924898e+01,0.000000e+00,0.000000e+00,-5.573239e-01
3.202935e-03,4.636067e+02,4.243379e+02,1.006187e-04,5.867998e-06,2.006832e-01,7.183287e-05,3.360139e-06,0.000000e+00,-4.727109e+00,0.000000e+00,0.000000e+00,0.000000e+00,0.000000e+00,0.000000e+00,0.000000e+00,0.000000e+00,5.421011e-20,7.546700e-14,0.000000e+00,0.000000e+00,0.000000e+00,0.000000e+00,4.636067e+02,4.232326e+02,2.003888e-01,7.183287e-05,0.000000e+00,1.927639e+01,0.000000e+00,0.000000e+00,-5.591791e-01
3.213264e-03,4.563392e+02,4.316061e+02,1.010025e-04,6.260938e-06,2.026151e-01,7.183287e-05,3.412495e-06,0.000000e+00,-4.727111e+00,0.000000e+00,0.000000e+00,0.000000e+00,0.000000e+00,0.000000e+00,0.000000e+00,0.000000e+00,5.421011e-20,7.546700e-14,0.000000e+00,0.000000e+00,0.000000e+00,0.000000e+00,4.563392e+02,4.303900e+02,2.022903e-01,7.183287e-05,0.000000e+00,1.930539e+01,0.000000e+00,0.000000e+00,-5.611152e-01
3.220157e-03,4.515269e+02,4.364196e+02,1.012749e-04,6.164717e-06,2.038973e-01,7.183287e-05,3.477294e-06,0.000000e+00,-4.727111e+00,0.000000e+00,0.000000e+00,0.000000e+00,0.000000e+00,0.000000e+00,0.000000e+00,0.000000e+00,5.421011e-20,7.546700e-14,0.000000e+00,0.000000e+00,0.000000e+00,0.000000e+00,4.515269e+02,4.352127e+02,2.035743e-01,7.183287e-05,0.000000e+00,1.932489e+01,0.000000e+00,0.000000e+00,-5.624028e-01
3.230582e-03,4.443063e+02,4.436425e+02,1.019456e-04,6.119369e-06,2.058271e-01,7.183287e-05,3.471750e-06,0.000000e+00,-4.727111e+00,0.000000e+00,0.000000e+00,0.000000e+00,0.000000e+00,0.000000e+00,0.000000e+00,0.000000e+00,5.421011e-20,7.546700e-14,0.000000e+00,0.000000e+00,0.000000e+00,0.000000e+00,4.443063e+02,4.424498e+02,2.055066e-01,7.183287e-05,0.000000e+00,1.935463e+01,0.000000e+00,0.000000e+00,-5.643317e-01
3.240994e-03,4.371701e+02,4.507813e+02,1.023453e-04,6.383036e-06,2.077447e-01,7.183287e-05,3.468965e-06,0.000000e+00,-4.727112e+00,0.000000e+00,0.000000e+00,0.000000e+00,0.000000e+00,0.000000e+00,0.000000e+00,0.000000e+00,5.421011e-20,7.546700e-14,0.000000e+00,0.000000e+00,0.000000e+00,0.000000e+00,4.371701e+02,4.496027e+02,2.074259e-01,7.183287e-05,0.000000e+00,1.938460e+01,0.000000e+00,0.000000e+00,-5.662484e-01
3.251400e-03,4.301156e+02,4.578382e+02,1.024609e-04,6.448908e-06,2.096521e-01,7.183287e-05,3.443010e-06,0.000000e+00,-4.727112e+00,0.000000e+00,0.000000e+00,0.000000e+00,0.000000e+00,0.000000e+00,0.000000e+00,0.000000e+00,5.421011e-20,7.546700e-14,0.000000e+00,0.000000e+00,0.000000e+00,0.000000e+00,4.301156e+02,4.566729e+02,2.093349e-01,7.183287e-05,0.000000e+00,1.941483e+01,0.000000e+00,0.000000e+00,-5.681528e-01
3.261406e-03,4.234063e+02,4.645501e+02,1.029260e-04,6.273949e-06,2.114765e-01,7.183287e-05,3.235522e-06,0.000000e+00,-4.727112e+00,0.000000e+00,0.000000e+00,0.000000e+00,0.000000e+00,0.000000e+00,0.000000e+00,0.000000e+00,5.421011e-20,7.546700e-14,0.000000e+00,0.000000e+00,0.000000e+00,0.000000e+00,4.234063e+02,4.634745e+02,2.111825e-01,7.183287e-05,0.000000e+00,1.944416e+01,0.000000e+00,0.000000e+00,-5.699574e-01
3.271295e-03,4.168461e+02,4.711143e+02,1.033089e-04,6.147335e-06,2.132681e-01,7.183287e-05,3.473240e-06,0.000000e+00,-4.727141e+00,0.000000e+00,0.000000e+00,0.000000e+00,0.000000e+00,0.000000e+00,0.000000e+00,0.000000e+00,5.421011e-20,7.546700e-14,0.000000e+00,0.000000e+00,0.000000e+00,0.000000e+00,4.168461e+02,4.700199e+02,2.129678e-01,7.183287e-05,0.000000e+00,1.947340e+01,0.000000e+00,0.000000e+00,-5.717697e-01
3.281688e-03,4.100259e+02,4.779409e+02,1.025872e-04,6.216021e-06,2.151374e-01,7.183287e-05,3.445298e-06,0.000000e+00,-4.727141e+00,0.000000e+00,0.000000e+00,0.000000e+00,0.000000e+00,0.000000e+00,0.000000e+00,0.000000e+00,5.421011e-20,7.546700e-14,0.000000e+00,0.000000e+00,0.000000e+00,0.000000e+00,4.100259e+02,4.768198e+02,2.148288e-01,7.183287e-05,0.000000e+00,1.950439e+01,0.000000e+00,0.000000e+00,-5.736356e-01
3.292023e-03,4.033175e+02,4.846563e+02,1.015870e-04,6.328917e-06,2.169818e-01,7.183287e-05,3.445207e-06,0.000000e+00,-4.727150e+00,0.000000e+00,0.000000e+00,0.000000e+00,0.000000e+00,0.000000e+00,0.000000e+00,0.000000e+00,5.421011e-20,7.546700e-14,0.000000e+00,0.000000e+00,0.000000e+00,0.000000e+00,4.033175e+02,4.835475e+02,2.166756e-01,7.183287e-05,0.000000e+00,1.953548e+01,0.000000e+00,0.000000e+00,-5.754793e-01
3.302359e-03,3.966837e+02,4.912964e+02,1.008958e-04,6.762058e-06,2.188117e-01,7.183287e-05,3.445237e-06,0.000000e+00,-4.727150e+00,0.000000e+00,0.000000e+00,0.000000e+00,0.000000e+00,0.000000e+00,0.000000e+00,0.000000e+00,5.421011e-20,7.546700e-14,0.000000e+00,0.000000e+00,0.000000e+00,0.000000e+00,3.966837e+02,4.902004e+02,2.185079e-01,7.183287e-05,0.000000e+00,1.956683e+01,0.000000e+00,0.000000e+00,-5.773090e-01
3.312695e-03,3.901246e+02,4.978590e+02,1.004053e-04,7.446019e-06,2.206279e-01,7.183287e-05,3.445320e-06,0.000000e+00,-4.727150e+00,0.000000e+00,0.000000e+00,0.000000e+00,0.000000e+00,0.000000e+00,0.000000e+00,0.000000e+00,5.421011e-20,7.546700e-14,0.000000e+00,0.000000e+00,0.000000e+00,0.000000e+00,3.901246e+02,4.967758e+02,2.203263e-01,7.183287e-05,0.000000e+00,1.959845e+01,0.000000e+00,0.000000e+00,-5.791253e-01
3.323068e-03,3.836162e+02,5.043688e+02,1.004936e-04,7.785355e-06,2.224362e-01,7.183287e-05,3.464181e-06,0.000000e+00,-4.727150e+00,0.000000e+00,0.000000e+00,0.000000e+00,0.000000e+00,0.000000e+00,0.000000e+00,0.000000e+00,5.421011e-20,7.546700e-14,0.000000e+00,0.000000e+00,0.000000e+00,0.000000e+00,3.836162e+02,5.032923e+02,2.221356e-01,7.183287e-05,0.000000e+00,1.963044e+01,0.000000e+00,0.000000e+00,-5.809354e-01
3.333423e-03,3.771909e+02,5.107948e+02,9.966343e-05,8.157197e-06,2.242262e-01,7.183287e-05,3.426933e-06,0.000000e+00,-4.727150e+00,0.000000e+00,0.000000e+00,0.000000e+00,0.000000e+00,0.000000e+00,0.000000e+00,0.000000e+00,5.421011e-20,7.546700e-14,0.000000e+00,0.000000e+00,0.000000e+00,0.000000e+00,3.771909e+02,5.097416e+02,2.239314e-01,7.183287e-05,0.000000e+00,1.966263e+01,0.000000e+00,0.000000e+00,-5.827219e-01
3.340277e-03,3.729779e+02,5.150082e+02,9.888304e-05,8.544004e-06,2.254024e-01,7.183287e-05,3.359853e-06,0.000000e+00,-4.727153e+00,0.000000e+00,0.000000e+00,0.000000e+00,0.000000e+00,0.000000e+00,0.000000e+00,0.000000e+00,5.421011e-20,7.546700e-14,0.000000e+00,0.000000e+00,0.000000e+00,0.000000e+00,3.729779e+02,5.139630e+02,2.251092e-01,7.183287e-05,0.000000e+00,1.968408e+01,0.000000e+00,0.000000e+00,-5.838925e-01
3.350474e-03,3.667696e+02,5.212170e+02,9.764617e-05,9.008732e-06,2.271414e-01,7.183287e-05,3.425391e-06,0.000000e+00,-4.727158e+00,0.000000e+00,0.000000e+00,0.000000e+00,0.000000e+00,0.000000e+00,0.000000e+00,0.000000e+00,5.421011e-20,7.546700e-14,0.000000e+00,0.000000e+00,0.000000e+00,0.000000e+00,3.667696e+02,5.201889e+02,2.268516e-01,7.183287e-05,0.000000e+00,1.971620e+01,0.000000e+00,0.000000e+00,-5.856379e-01
3.360634e-03,3.606558e+02,5.273300e+02,9.619889e-05,9.499730e-06,2.288641e-01,7.183287e-05,3.154622e-06,0.000000e+00,-4.727164e+00,0.000000e+00,0.000000e+00,0.000000e+00,0.000000e+00,0.000000e+00,0.000000e+00,0.000000e+00,5.421011e-20,7.546700e-14,0.000000e+00,0.000000e+00,0.000000e+00,0.000000e+00,3.606558e+02,5.263542e+02,2.285869e-01,7.183287e-05,0.000000e+00,1.974845e+01,0.000000e+00,0.000000e+00,-5.873382e-01
3.370098e-03,3.550258e+02,5.329569e+02,9.523210e-05,9.842895e-06,2.304606e-01,7.183287e-05,3.344185e-06,0.000000e+00,-4.727164e+00,0.000000e+00,0.000000e+00,0.000000e+00,0.000000e+00,0.000000e+00,0.000000e+00,0.000000e+00,5.421011e-20,7.546700e-14,0.000000e+00,0.000000e+00,0.000000e+00,0.000000e+00,3.550258e+02,5.320279e+02,2.301952e-01,7.183287e-05,0.000000e+00,1.977871e+01,0.000000e+00,0.000000e+00,-5.889511e-01
3.380349e-03,3.489979e+02,5.389809e+02,9.420466e-05,1.021551e-05,2.321807e-01,7.183287e-05,3.452597e-06,0.000000e+00,-4.727164e+00,0.000000e+00,0.000000e+00,0.000000e+00,0.000000e+00,0.000000e+00,0.000000e+00,0.000000e+00,5.421011e-20,7.546700e-14,0.000000e+00,0.000000e+00,0.000000e+00,0.000000e+00,3.489979e+02,5.379766e+02,2.318919e-01,7.183287e-05,0.000000e+00,1.981172e+01,0.000000e+00,0.000000e+00,-5.906804e-01
3.390607e-03,3.430382e+02,5.449377e+02,9.297008e-05,1.027162e-05,2.338903e-01,7.183287e-05,3.352594e-06,0.000000e+00,-4.727165e+00,0.000000e+00,0.000000e+00,0.000000e+00,0.000000e+00,0.000000e+00,0.000000e+00,0.000000e+00,5.421011e-20,7.546700e-14,0.000000e+00,0.000000e+00,0.000000e+00,0.000000e+00,3.430382e+02,5.439738e+02,2.336120e-01,7.183287e-05,0.000000e+00,1.984500e+01,0.000000e+00,0.000000e+00,-5.923818e-01
3.400671e-03,3.372577e+02,5.507184e+02,9.175149e-05,1.008283e-05,2.355555e-01,7.183287e-05,3.359559e-06,0.000000e+00,-4.727190e+00,0.000000e+00,0.000000e+00,0.000000e+00,0.000000e+00,0.000000e+00,0.000000e+00,0.000000e+00,5.421011e-20,7.546700e-14,0.000000e+00,0.000000e+00,0.000000e+00,0.000000e+00,3.372577e+02,5.497629e+02,2.352788e-01,7.183287e-05,0.000000e+00,1.987789e+01,0.000000e+00,0.000000e+00,-5.940475e-01
3.410841e-03,3.314841e+02,5.564960e+02,9.055663e-05,1.022642e-05,2.372231e-01,7.183287e-05,3.389099e-06,0.000000e+00,-4.727190e+00,0.000000e+00,0.000000e+00,0.000000e+00,0.000000e+00,0.000000e+00,0.000000e+00,0.000000e+00,5.421011e-20,7.546700e-14,0.000000e+00,0.000000e+00,0.000000e+00,0.000000e+00,3.314841e+02,5.555256e+02,2.369416e-01,7.183287e-05,0.000000e+00,1.991135e+01,0.000000e+00,0.000000e+00,-5.957171e-01
3.420520e-03,3.260533e+02,5.619332e+02,9.001291e-05,1.047716e-05,2.387956e-01,7.183287e-05,3.144922e-06,0.000000e+00,-4.727218e+00,0.000000e+00,0.000000e+00,0.000000e+00,0.000000e+00,0.000000e+00,0.000000e+00,0.000000e+00,5.421011e-20,7.546700e-14,0.000000e+00,0.000000e+00,0.000000e+00,0.000000e+00,3.260533e+02,5.610586e+02,2.385414e-01,7.183287e-05,0.000000e+00,1.994342e+01,0.000000e+00,0.000000e+00,-5.972686e-01
3.430572e-03,3.204828e+02,5.675096e+02,8.900332e-05,1.083215e-05,2.404105e-01,7.183287e-05,3.444864e-06,0.000000e+00,-4.727218e+00,0.000000e+00,0.000000e+00,0.000000e+00,0.000000e+00,0.000000e+00,0.000000e+00,0.000000e+00,5.421011e-20,7.546700e-14,0.000000e+00,0.000000e+00,0.000000e+00,0.000000e+00,3.204828e+02,5.665621e+02,2.401348e-01,7.183287e-05,0.000000e+00,1.997695e+01,0.000000e+00,0.000000e+00,-5.989071e-01
3.440918e-03,3.148239e+02,5.731730e+02,8.801594e-05,1.091122e-05,2.420520e-01,7.183287e-05,3.456508e-06,0.000000e+00,-4.727218e+00,0.000000e+00,0.000000e+00,0.000000e+00,0.000000e+00,0.000000e+00,0.000000e+00,0.000000e+00,5.421011e-20,7.546700e-14,0.000000e+00,0.000000e+00,0.000000e+00,0.000000e+00,3.148239e+02,5.722374e+02,2.417796e-01,7.183287e-05,0.000000e+00,2.001170e+01,0.000000e+00,0.000000e+00,-6.005493e-01
3.451169e-03,3.092922e+02,5.787080e+02,8.704975e-05,1.092035e-05,2.436576e-01,7.183287e-05,3.455109e-06,0.000000e+00,-4.727218e+00,0.000000e+00,0.000000e+00,0.000000e+00,0.000000e+00,0.000000e+00,0.000000e+00,0.000000e+00,5.421011e-20,7.546700e-14,0.000000e+00,0.000000e+00,0.000000e+00,0.000000e+00,3.092922e+02,5.778169e+02,2.433979e-01,7.183287e-05,0.000000e+00,2.004635e+01,0.000000e+00,0.000000e+00,-6.021544e-01
3.461531e-03,3.037757e+02,5.842268e+02,8.608461e-05,1.085532e-05,2.452601e-01,7.183287e-05,3.452610e-06,0.000000e+00,-4.727219e+00,0.000000e+00,0.000000e+00,0.000000e+00,0.000000e+00,0.000000e+00,0.000000e+00,0.000000e+00,5.421011e-20,7.546700e-14,0.000000e+00,0.000000e+00,0.000000e+00,0.000000e+00,3.037757e+02,5.833178e+02,2.449946e-01,7.183287e-05,0.000000e+00,2.008162e+01,0.000000e+00,0.000000e+00,-6.037575e-01
3.471887e-03,2.983419e+02,5.896644e+02,8.523622e-05,1.073106e-05,2.468456e-01,7.183287e-05,3.449954e-06,0.000000e+00,-4.727220e+00,0.000000e+00,0.000000e+00,0.000000e+00,0.000000e+00,0.000000e+00,0.000000e+00,0.000000e+00,5.421011e-20,7.546700e-14,0.000000e+00,0.000000e+00,0.000000e+00,0.000000e+00,2.983419e+02,5.887690e+02,2.465824e-01,7.183287e-05,0.000000e+00,2.011709e+01,0.000000e+00,0.000000e+00,-6.053439e-01
3.482234e-03,2.929950e+02,5.950161e+02,8.525866e-05,1.051808e-05,2.484200e-01,7.183287e-05,3.317273e-06,0.000000e+00,-4.727273e+00,0.000000e+00,0.000000e+00,0.000000e+00,0.000000e+00,0.000000e+00,0.000000e+00,0.000000e+00,5.421011e-20,7.546700e-14,0.000000e+00,0.000000e+00,0.000000e+00,0.000000e+00,2.929950e+02,5.941357e+02,2.481583e-01,7.183287e-05,0.000000e+00,2.015276e+01,0.000000e+00,0.000000e+00,-6.069100e-01
3.492186e-03,2.879373e+02,6.000765e+02,8.595617e-05,1.024204e-05,2.499273e-01,7.183287e-05,3.203073e-06,0.000000e+00,-4.727283e+00,0.000000e+00,0.000000e+00,0.000000e+00,0.000000e+00,0.000000e+00,0.000000e+00,0.000000e+00,5.421011e-20,7.546700e-14,0.000000e+00,0.000000e+00,0.000000e+00,0.000000e+00,2.879373e+02,5.992443e+02,2.496766e-01,7.183287e-05,0.000000e+00,2.018728e+01,0.000000e+00,0.000000e+00,-6.084107e-01
3.501971e-03,2.830519e+02,6.049620e+02,8.657153e-05,9.959869e-06,2.514038e-01,7.183287e-05,3.392607e-06,0.000000e+00,-4.727298e+00,0.000000e+00,0.000000e+00,0.000000e+00,0.000000e+00,0.000000e+00,0.000000e+00,0.000000e+00,5.421011e-20,7.546700e-14,0.000000e+00,0.000000e+00,0.000000e+00,0.000000e+00,2.830519e+02,6.041301e+02,2.511494e-01,7.183287e-05,0.000000e+00,2.022143e+01,0.000000e+00,0.000000e+00,-6.099036e-01
3.512255e-03,2.780170e+02,6.099968e+02,8.676598e-05,9.516331e-06,2.529483e-01,7.183287e-05,3.445866e-06,0.000000e+00,-4.727298e+00,0.000000e+00,0.000000e+00,0.000000e+00,0.000000e+00,0.000000e+00,0.000000e+00,0.000000e+00,5.421011e-20,7.546700e-14,0.000000e+00,0.000000e+00,0.000000e+00,0.000000e+00,2.780170e+02,6.091659e+02,2.526903e-01,7.183287e-05,0.000000e+00,2.025753e+01,0.000000e+00,0.000000e+00,-6.114533e-01
3.522594e-03,2.730634e+02,6.149500e+02,8.653302e-05,9.302271e-06,2.544905e-01,7.183287e-05,3.446665e-06,0.000000e+00,-4.727298e+00,0.000000e+00,0.000000e+00,0.000000e+00,0.000000e+00,0.000000e+00,0.000000e+00,0.000000e+00,5.421011e-20,7.546700e-14,0.000000e+00,0.000000e+00,0.000000e+00,0.000000e+00,2.730634e+02,6.141375e+02,2.542345e-01,7.183287e-05,0.000000e+00,2.029405e+01,0.000000e+00,0.000000e+00,-6.129960e-01
3.532446e-03,2.684464e+02,6.195652e+02,8.648575e-05,9.288384e-06,2.559478e-01,7.183287e-05,3.414198e-06,0.000000e+00,-4.727298e+00,0.000000e+00,0.000000e+00,0.000000e+00,0.000000e+00,0.000000e+00,0.000000e+00,0.000000e+00,5.421011e-20,7.546700e-14,0.000000e+00,0.000000e+00,0.000000e+00,0.000000e+00,2.684464e+02,6.188268e+02,2.557121e-01,7.183287e-05,0.000000e+00,2.032905e+01,0.000000e+00,0.000000e+00,-6.144505e-01
3.542424e-03,2.638767e+02,6.241339e+02,8.688147e-05,9.493627e-06,2.574097e-01,7.183287e-05,3.449856e-06,0.000000e+00,-4.727307e+00,0.000000e+00,0.000000e+00,0.000000e+00,0.000000e+00,0.000000e+00,0.000000e+00,0.000000e+00,5.421011e-20,7.546700e-14,0.000000e+00,0.000000e+00,0.000000e+00,0.000000e+00,2.638767e+02,6.233948e+02,2.571704e-01,7.183287e-05,0.000000e+00,2.036471e+01,0.000000e+00,0.000000e+00,-6.159138e-01
3.552775e-03,2.592541e+02,6.287569e+02,8.763017e-05,9.446511e-06,2.589098e-01,7.183287e-05,3.451585e-06,0.000000e+00,-4.727307e+00,0.000000e+00,0.000000e+00,0.000000e+00,0.000000e+00,0.000000e+00,0.000000e+00,0.000000e+00,5.421011e-20,7.546700e-14,0.000000e+00,0.000000e+00,0.000000e+00,0.000000e+00,2.592541e+02,6.280002e+02,2.586612e-01,7.183287e-05,0.000000e+00,2.040191e+01,0.000000e+00,0.000000e+00,-6.174123e-01
3.563011e-03,2.548056e+02,6.332061e+02,8.806370e-05,9.440203e-06,2.603754e-01,7.183287e-05,3.315070e-06,0.000000e+00,-4.727324e+00,0.000000e+00,0.000000e+00,0.000000e+00,0.000000e+00,0.000000e+00,0.000000e+00,0.000000e+00,5.421011e-20,7.546700e-14,0.000000e+00,0.000000e+00,0.000000e+00,0.000000e+00,2.548056e+02,6.324828e+02,2.601339e-01,7.183287e-05,0.000000e+00,2.043891e+01,0.000000e+00,0.000000e+00,-6.188665e-01
3.573096e-03,2.505451e+02,6.374662e+02,8.824097e-05,9.194298e-06,2.618012e-01,7.183287e-05,3.454101e-06,0.000000e+00,-4.727324e+00,0.000000e+00,0.000000e+00,0.000000e+00,0.000000e+00,0.000000e+00,0.000000e+00,0.000000e+00,5.421011e-20,7.546700e-14,0.000000e+00,0.000000e+00,0.000000e+00,0.000000e+00,2.505451e+02,6.367509e+02,2.615586e-01,7.183287e-05,0.000000e+00,2.047556e+01,0.000000e+00,0.000000e+00,-6.203009e-01
3.580005e-03,2.476973e+02,6.403140e+02,8.832992e-05,9.085321e-06,2.627677e-01,7.183287e-05,3.454842e-06,0.000000e+00,-4.727324e+00,0.000000e+00,0.000000e+00,0.000000e+00,0.000000e+00,0.000000e+00,0.000000e+00,0.000000e+00,5.421011e-20,7.546700e-14,0.000000e+00,0.000000e+00,0.000000e+00,0.000000e+00,2.476973e+02,6.396128e+02,2.625271e-01,7.183287e-05,0.000000e+00,2.050079e+01,0.000000e+00,0.000000e+00,-6.212665e-01
3.590370e-03,2.435323e+02,6.444797e+02,8.839187e-05,8.842148e-06,2.642037e-01,7.183287e-05,3.455888e-06,0.000000e+00,-4.727324e+00,0.000000e+00,0.000000e+00,0.000000e+00,0.000000e+00,0.000000e+00,0.000000e+00,0.000000e+00,5.421011e-20,7.546700e-14,0.000000e+00,0.000000e+00,0.000000e+00,0.000000e+00,2.435323e+02,6.437996e+02,2.639656e-01,7.183287e-05,0.000000e+00,2.053881e+01,0.000000e+00,0.000000e+00,-6.227013e-01
3.600739e-03,2.394940e+02,6.485200e+02,8.868639e-05,8.395122e-06,2.656254e-01,7.183287e-05,3.456918e-06,0.000000e+00,-4.727324e+00,0.000000e+00,0.000000e+00,0.000000e+00,0.000000e+00,0.000000e+00,0.000000e+00,0.000000e+00,5.421011e-20,7.546700e-14,0.000000e+00,0.000000e+00,0.000000e+00,0.000000e+00,2.394940e+02,6.478606e+02,2.653895e-01,7.183287e-05,0.000000e+00,2.057705e+01,0.000000e+00,0.000000e+00,-6.241224e-01
3.611111e-03,2.355805e+02,6.524364e+02,8.863810e-05,7.851769e-06,2.670353e-01,7.183287e-05,3.457990e-06,0.000000e+00,-4.727324e+00,0.000000e+00,0.000000e+00,0.000000e+00,0.000000e+00,0.000000e+00,0.000000e+00,0.000000e+00,5.421011e-20,7.546700e-14,0.000000e+00,0.000000e+00,0.000000e+00,0.000000e+00,2.355805e+02,6.517977e+02,2.668013e-01,7.183287e-05,0.000000e+00,2.061550e+01,0.000000e+00,0.000000e+00,-6.255323e-01
3.621486e-03,2.317896e+02,6.562299e+02,8.799526e-05,7.366070e-06,2.684337e-01,7.183287e-05,3.459343e-06,0.000000e+00,-4.727324e+00,0.000000e+00,0.000000e+00,0.000000e+00,0.000000e+00,0.000000e+00,0.000000e+00,0.000000e+00,5.421011e-20,7.546700e-14,0.000000e+00,0.000000e+00,0.000000e+00,0.000000e+00,2.317896e+02,6.556116e+02,2.682016e-01,7.183287e-05,0.000000e+00,2.065417e+01,0.000000e+00,0.000000e+00,-6.269310e-01
3.631764e-03,2.281528e+02,6.598678e+02,8.735563e-05,7.008974e-06,2.698057e-01,7.183287e-05,3.358246e-06,0.000000e+00,-4.727336e+00,0.000000e+00,0.000000e+00,0.000000e+00,0.000000e+00,0.000000e+00,0.000000e+00,0.000000e+00,5.421011e-20,7.546700e-14,0.000000e+00,0.000000e+00,0.000000e+00,0.000000e+00,2.281528e+02,6.592864e+02,2.695827e-01,7.183287e-05,0.000000e+00,2.069268e+01,0.000000e+00,0.000000e+00,-6.282960e-01
3.641838e-03,2.246974e+02,6.633237e+02,8.726923e-05,6.609750e-06,2.711359e-01,7.183287e-05,3.463978e-06,0.000000e+00,-4.727336e+00,0.000000e+00,0.000000e+00,0.000000e+00,0.000000e+00,0.000000e+00,0.000000e+00,0.000000e+00,5.421011e-20,7.546700e-14,0.000000e+00,0.000000e+00,0.000000e+00,0.000000e+00,2.246974e+02,6.627601e+02,2.709156e-01,7.183287e-05,0.000000e+00,2.073061e+01,0.000000e+00,0.000000e+00,-6.296323e-01
3.652233e-03,2.212401e+02,6.667806e+02,8.780134e-05,6.088162e-06,2.724910e-01,7.183287e-05,3.439079e-06,0.000000e+00,-4.727342e+00,0.000000e+00,0.000000e+00,0.000000e+00,0.000000e+00,0.000000e+00,0.000000e+00,0.000000e+00,5.421011e-20,7.546700e-14,0.000000e+00,0.000000e+00,0.000000e+00,0.000000e+00,2.212401e+02,6.662169e+02,2.722665e-01,7.183287e-05,0.000000e+00,2.076995e+01,0.000000e+00,0.000000e+00,-6.309848e-01
3.662380e-03,2.179661e+02,6.700536e+02,8.811356e-05,5.664434e-06,2.737954e-01,7.183287e-05,3.410781e-06,0.000000e+00,-4.727354e+00,0.000000e+00,0.000000e+00,0.000000e+00,0.000000e+00,0.000000e+00,0.000000e+00,0.000000e+00,5.421011e-20,7.546700e-14,0.000000e+00,0.000000e+00,0.000000e+00,0.000000e+00,2.179661e+02,6.695182e+02,2.735790e-01,7.183287e-05,0.000000e+00,2.080853e+01,0.000000e+00,0.000000e+00,-6.322866e-01
3.672423e-03,2.148185e+02,6.732012e+02,8.860876e-05,5.260319e-06,2.750709e-01,7.183287e-05,3.316627e-06,0.000000e+00,-4.727366e+00,0.000000e+00,0.000000e+00,0.000000e+00,0.000000e+00,0.000000e+00,0.000000e+00,0.000000e+00,5.421011e-20,7.546700e-14,0.000000e+00,0.000000e+00,0.000000e+00,0.000000e+00,2.148185e+02,6.726923e+02,2.748615e-01,7.183287e-05,0.000000e+00,2.084690e+01,0.000000e+00,0.000000e+00,-6.335561e-01
3.682373e-03,2.117861e+02,6.762345e+02,8.925975e-05,4.644988e-06,2.763215e-01,7.183287e-05,3.316498e-06,0.000000e+00,-4.727366e+00,0.000000e+00,0.000000e+00,0.000000e+00,0.000000e+00,0.000000e+00,0.000000e+00,0.000000e+00,5.421011e-20,7.546700e-14,0.000000e+00,0.000000e+00,0.000000e+00,0.000000e+00,2.117861e+02,6.757393e+02,2.761141e-01,7.183287e-05,0.000000e+00,2.088509e+01,0.000000e+00,0.000000e+00,-6.348062e-01
3.692641e-03,2.087383e+02,6.792833e+02,9.006345e-05,4.045197e-06,2.775991e-01,7.183287e-05,3.476500e-06,0.000000e+00,-4.727366e+00,0.000000e+00,0.000000e+00,0.000000e+00,0.000000e+00,0.000000e+00,0.000000e+00,0.000000e+00,5.421011e-20,7.546700e-14,0.000000e+00,0.000000e+00,0.000000e+00,0.000000e+00,2.087383e+02,6.787778e+02,2.773840e-01,7.183287e-05,0.000000e+00,2.092468e+01,0.000000e+00,0.000000e+00,-6.360933e-01
3.703072e-03,2.057165e+02,6.823066e+02,9.069977e-05,3.935642e-06,2.788831e-01,7.183287e-05,3.477758e-06,0.000000e+00,-4.727377e+00,0.000000e+00,0.000000e+00,0.000000e+00,0.000000e+00,0.000000e+00,0.000000e+00,0.000000e+00,5.421011e-20,7.546700e-14,0.000000e+00,0.000000e+00,0.000000e+00,0.000000e+00,2.057165e+02,6.818121e+02,2.786703e-01,7.183287e-05,0.000000e+00,2.096508e+01,0.000000e+00,0.000000e+00,-6.373769e-01
3.710028e-03,2.037370e+02,6.842885e+02,9.070289e-05,4.139386e-06,2.797315e-01,7.183287e-05,3.478687e-06,0.000000e+00,-4.727377e+00,0.000000e+00,0.000000e+00,0.000000e+00,0.000000e+00,0.000000e+00,0.000000e+00,0.000000e+00,5.421011e-20,7.546700e-14,0.000000e+00,0.000000e+00,0.000000e+00,0.000000e+00,2.037370e+02,6.838003e+02,2.795202e-01,7.183287e-05,0.000000e+00,2.099213e+01,0.000000e+00,0.000000e+00,-6.382248e-01
3.720360e-03,2.008418e+02,6.871882e+02,9.087303e-05,4.609499e-06,2.809792e-01,7.183287e-05,3.374066e-06,0.000000e+00,-4.727413e+00,0.000000e+00,0.000000e+00,0.000000e+00,0.000000e+00,0.000000e+00,0.000000e+00,0.000000e+00,5.421011e-20,7.546700e-14,0.000000e+00,0.000000e+00,0.000000e+00,0.000000e+00,2.008418e+02,6.867226e+02,2.807767e-01,7.183287e-05,0.000000e+00,2.103245e+01,0.000000e+00,0.000000e+00,-6.394653e-01
3.730482e-03,1.980503e+02,6.899846e+02,9.143561e-05,4.756630e-06,2.821872e-01,7.183287e-05,3.481531e-06,0.000000e+00,-4.727430e+00,0.000000e+00,0.000000e+00,0.000000e+00,0.000000e+00,0.000000e+00,0.000000e+00,0.000000e+00,5.421011e-20,7.546700e-14,0.000000e+00,0.000000e+00,0.000000e+00,0.000000e+00,1.980503e+02,6.895258e+02,2.819868e-01,7.183287e-05,0.000000e+00,2.107213e+01,0.000000e+00,0.000000e+00,-6.406788e-01
3.740927e-03,1.952083e+02,6.928301e+02,9.127177e-05,4.217373e-06,2.834187e-01,7.183287e-05,3.482241e-06,0.000000e+00,-4.727430e+00,0.000000e+00,0.000000e+00,0.000000e+00,0.000000e+00,0.000000e+00,0.000000e+00,0.000000e+00,5.421011e-20,7.546700e-14,0.000000e+00,0.000000e+00,0.000000e+00,0.000000e+00,1.952083e+02,6.923632e+02,2.832147e-01,7.183287e-05,0.000000e+00,2.111325e+01,0.000000e+00,0.000000e+00,-6.419098e-01
3.751336e-03,1.924070e+02,6.956320e+02,9.079655e-05,3.725971e-06,2.846312e-01,7.183287e-05,3.481711e-06,0.000000e+00,-4.727441e+00,0.000000e+00,0.000000e+00,0.000000e+00,0.000000e+00,0.000000e+00,0.000000e+00,0.000000e+00,5.421011e-20,7.546700e-14,0.000000e+00,0.000000e+00,0.000000e+00,0.000000e+00,1.924070e+02,6.951697e+02,2.844291e-01,7.183287e-05,0.000000e+00,2.115441e+01,0.000000e+00,0.000000e+00,-6.431226e-01
3.761779e-03,1.896183e+02,6.984196e+02,9.067183e-05,3.919603e-06,2.858344e-01,7.183287e-05,3.410390e-06,0.000000e+00,-4.727441e+00,0.000000e+00,0.000000e+00,0.000000e+00,0.000000e+00,0.000000e+00,0.000000e+00,0.000000e+00,5.421011e-20,7.546700e-14,0.000000e+00,0.000000e+00,0.000000e+00,0.000000e+00,1.896183e+02,6.979611e+02,2.856351e-01,7.183287e-05,0.000000e+00,2.119588e+01,0.000000e+00,0.000000e+00,-6.443220e-01
3.771829e-03,1.869480e+02,7.010869e+02,9.037139e-05,3.795963e-06,2.869784e-01,7.183287e-05,3.315972e-06,0.000000e+00,-4.727513e+00,0.000000e+00,0.000000e+00,0.000000e+00,0.000000e+00,0.000000e+00,0.000000e+00,0.000000e+00,5.421011e-20,7.546700e-14,0.000000e+00,0.000000e+00,0.000000e+00,0.000000e+00,1.869480e+02,7.006516e+02,2.867908e-01,7.183287e-05,0.000000e+00,2.123595e+01,0.000000e+00,0.000000e+00,-6.454614e-01
3.781829e-03,1.842988e+02,7.037340e+02,8.984223e-05,3.173225e-06,2.881031e-01,7.183287e-05,3.436515e-06,0.000000e+00,-4.727513e+00,0.000000e+00,0.000000e+00,0.000000e+00,0.000000e+00,0.000000e+00,0.000000e+00,0.000000e+00,5.421011e-20,7.546700e-14,0.000000e+00,0.000000e+00,0.000000e+00,0.000000e+00,1.842988e+02,7.032928e+02,2.879149e-01,7.183287e-05,0.000000e+00,2.127598e+01,0.000000e+00,0.000000e+00,-6.465937e-01
3.792113e-03,1.815808e+02,7.064515e+02,8.974103e-05,2.696179e-06,2.892442e-01,7.183287e-05,3.410776e-06,0.000000e+00,-4.727513e+00,0.000000e+00,0.000000e+00,0.000000e+00,0.000000e+00,0.000000e+00,0.000000e+00,0.000000e+00,5.421011e-20,7.546700e-14,0.000000e+00,0.000000e+00,0.000000e+00,0.000000e+00,1.815808e+02,7.060053e+02,2.890565e-01,7.183287e-05,0.000000e+00,2.131731e+01,0.000000e+00,0.000000e+00,-6.477336e-01
3.802344e-03,1.788824e+02,7.091514e+02,9.003819e-05,2.574995e-06,2.903635e-01,7.183287e-05,3.477149e-06,0.000000e+00,-4.727589e+00,0.000000e+00,0.000000e+00,0.000000e+00,0.000000e+00,0.000000e+00,0.000000e+00,0.000000e+00,5.421011e-20,7.546700e-14,0.000000e+00,0.000000e+00,0.000000e+00,0.000000e+00,1.788824e+02,7.087061e+02,2.901785e-01,7.183287e-05,0.000000e+00,2.135858e+01,0.000000e+00,0.000000e+00,-6.488558e-01
3.812778e-03,1.761377e+02,7.118988e+02,9.106268e-05,2.745383e-06,2.914856e-01,7.183287e-05,3.477733e-06,0.000000e+00,-4.727590e+00,0.000000e+00,0.000000e+00,0.000000e+00,0.000000e+00,0.000000e+00,0.000000e+00,0.000000e+00,5.421011e-20,7.546700e-14,0.000000e+00,0.000000e+00,0.000000e+00,0.000000e+00,1.761377e+02,7.114460e+02,2.913002e-01,7.183287e-05,0.000000e+00,2.140084e+01,0.000000e+00,0.000000e+00,-6.499764e-01
3.823210e-03,1.734013e+02,7.146365e+02,9.191279e-05,3.144730e-06,2.925872e-01,7.183287e-05,3.477397e-06,0.000000e+00,-4.727602e+00,0.000000e+00,0.000000e+00,0.000000e+00,0.000000e+00,0.000000e+00,0.000000e+00,0.000000e+00,5.421011e-20,7.546700e-14,0.000000e+00,0.000000e+00,0.000000e+00,0.000000e+00,1.734013e+02,7.141855e+02,2.924051e-01,7.183287e-05,0.000000e+00,2.144325e+01,0.000000e+00,0.000000e+00,-6.510761e-01
3.830165e-03,1.715808e+02,7.164564e+02,9.218994e-05,3.225695e-06,2.933104e-01,7.183287e-05,3.478362e-06,0.000000e+00,-4.727602e+00,0.000000e+00,0.000000e+00,0.000000e+00,0.000000e+00,0.000000e+00,0.000000e+00,0.000000e+00,5.421011e-20,7.546700e-14,0.000000e+00,0.000000e+00,0.000000e+00,0.000000e+00,1.715808e+02,7.160063e+02,2.931307e-01,7.183287e-05,0.000000e+00,2.147162e+01,0.000000e+00,0.000000e+00,-6.517981e-01
3.840603e-03,1.688518e+02,7.191829e+02,9.225254e-05,3.035560e-06,2.943803e-01,7.183287e-05,3.481555e-06,0.000000e+00,-4.727604e+00,0.000000e+00,0.000000e+00,0.000000e+00,0.000000e+00,0.000000e+00,0.000000e+00,0.000000e+00,5.421011e-20,7.546700e-14,0.000000e+00,0.000000e+00,0.000000e+00,0.000000e+00,1.688518e+02,7.187329e+02,2.942034e-01,7.183287e-05,0.000000e+00,2.151432e+01,0.000000e+00,0.000000e+00,-6.528668e-01
3.851053e-03,1.661192e+02,7.219141e+02,9.203888e-05,2.737212e-06,2.954356e-01,7.183287e-05,3.485103e-06,0.000000e+00,-4.727705e+00,0.000000e+00,0.000000e+00,0.000000e+00,0.000000e+00,0.000000e+00,0.000000e+00,0.000000e+00,5.421011e-20,7.546700e-14,0.000000e+00,0.000000e+00,0.000000e+00,0.000000e+00,1.661192e+02,7.214628e+02,2.952601e-01,7.183287e-05,0.000000e+00,2.155722e+01,0.000000e+00,0.000000e+00,-6.539217e-01
3.861450e-03,1.633963e+02,7.246376e+02,9.146753e-05,2.093307e-06,2.964727e-01,7.183287e-05,3.428619e-06,0.000000e+00,-4.727705e+00,0.000000e+00,0.000000e+00,0.000000e+00,0.000000e+00,0.000000e+00,0.000000e+00,0.000000e+00,5.421011e-20,7.546700e-14,0.000000e+00,0.000000e+00,0.000000e+00,0.000000e+00,1.633963e+02,7.241924e+02,2.963027e-01,7.183287e-05,0.000000e+00,2.160006e+01,0.000000e+00,0.000000e+00,-6.549558e-01
3.871739e-03,1.606968e+02,7.273398e+02,9.075047e-05,1.469936e-06,2.974880e-01,7.183287e-05,3.484313e-06,0.000000e+00,-4.727705e+00,0.000000e+00,0.000000e+00,0.000000e+00,0.000000e+00,0.000000e+00,0.000000e+00,0.000000e+00,5.421011e-20,7.546700e-14,0.000000e+00,0.000000e+00,0.000000e+00,0.000000e+00,1.606968e+02,7.268932e+02,2.973196e-01,7.183287e-05,0.000000e+00,2.164259e+01,0.000000e+00,0.000000e+00,-6.559737e-01
3.882192e-03,1.579504e+02,7.300895e+02,9.056475e-05,7.125972e-07,2.985085e-01,7.183287e-05,3.483852e-06,0.000000e+00,-4.727705e+00,0.000000e+00,0.000000e+00,0.000000e+00,0.000000e+00,0.000000e+00,0.000000e+00,0.000000e+00,5.421011e-20,7.546700e-14,0.000000e+00,0.000000e+00,0.000000e+00,0.000000e+00,1.579504e+02,7.296355e+02,2.983394e-01,7.183287e-05,0.000000e+00,2.168596e+01,0.000000e+00,0.000000e+00,-6.569940e-01
3.892643e-03,1.552027e+02,7.328383e+02,9.063220e-05,1.624812e-07,2.995174e-01,7.183287e-05,3.483377e-06,0.000000e+00,-4.727821e+00,0.000000e+00,0.000000e+00,0.000000e+00,0.000000e+00,0.000000e+00,0.000000e+00,0.000000e+00,5.421011e-20,7.546700e-14,0.000000e+00,0.000000e+00,0.000000e+00,0.000000e+00,1.552027e+02,7.323850e+02,2.993495e-01,7.183287e-05,0.000000e+00,2.172946e+01,0.000000e+00,0.000000e+00,-6.580030e-01
3.903093e-03,1.524565e+02,7.355823e+02,9.120556e-05,-1.705185e-07,3.005139e-01,7.183287e-05,3.473036e-06,0.000000e+00,-4.727826e+00,0.000000e+00,0.000000e+00,0.000000e+00,0.000000e+00,0.000000e+00,0.000000e+00,0.000000e+00,5.421011e-20,7.546700e-14,0.000000e+00,0.000000e+00,0.000000e+00,0.000000e+00,1.524565e+02,7.351298e+02,3.003488e-01,7.183287e-05,0.000000e+00,2.177310e+01,0.000000e+00,0.000000e+00,-6.589999e-01
3.910039e-03,1.506326e+02,7.374041e+02,9.163410e-05,-2.874158e-07,3.011698e-01,7.183287e-05,3.472971e-06,0.000000e+00,-4.727826e+00,0.000000e+00,0.000000e+00,0.000000e+00,0.000000e+00,0.000000e+00,0.000000e+00,0.000000e+00,5.421011e-20,7.546700e-14,0.000000e+00,0.000000e+00,0.000000e+00,0.000000e+00,1.506326e+02,7.369532e+02,3.010065e-01,7.183287e-05,0.000000e+00,2.180219e+01,0.000000e+00,0.000000e+00,-6.596564e-01
3.920477e-03,1.478950e+02,7.401394e+02,9.190481e-05,-5.092607e-07,3.021458e-01,7.183287e-05,3.482576e-06,0.000000e+00,-4.727826e+00,0.000000e+00,0.000000e+00,0.000000e+00,0.000000e+00,0.000000e+00,0.000000e+00,0.000000e+00,5.421011e-20,7.546700e-14,0.000000e+00,0.000000e+00,0.000000e+00,0.000000e+00,1.478950e+02,7.396876e+02,3.019840e-01,7.183287e-05,0.000000e+00,2.184603e+01,0.000000e+00,0.000000e+00,-6.606333e-01
3.930924e-03,1.451598e+02,7.428755e+02,9.224373e-05,-7.489040e-07,3.031100e-01,7.183287e-05,3.481182e-06,0.000000e+00,-4.727830e+00,0.000000e+00,0.000000e+00,0.000000e+00,0.000000e+00,0.000000e+00,0.000000e+00,0.000000e+00,5.421011e-20,7.546700e-14,0.000000e+00,0.000000e+00,0.000000e+00,0.000000e+00,1.451598e+02,7.424241e+02,3.029505e-01,7.183287e-05,0.000000e+00,2.189004e+01,0.000000e+00,0.000000e+00,-6.615971e-01
3.941365e-03,1.424310e+02,7.456079e+02,9.254628e-05,-8.674231e-07,3.040584e-01,7.183287e-05,3.478191e-06,0.000000e+00,-4.728130e+00,0.000000e+00,0.000000e+00,0.000000e+00,0.000000e+00,0.000000e+00,0.000000e+00,0.000000e+00,5.421011e-20,7.546700e-14,0.000000e+00,0.000000e+00,0.000000e+00,0.000000e+00,1.424310e+02,7.451573e+02,3.039018e-01,7.183287e-05,0.000000e+00,2.193417e+01,0.000000e+00,0.000000e+00,-6.625441e-01
3.951795e-03,1.397117e+02,7.483331e+02,9.251868e-05,-9.147441e-07,3.049876e-01,7.183287e-05,3.433411e-06,0.000000e+00,-4.728138e+00,0.000000e+00,0.000000e+00,0.000000e+00,0.000000e+00,0.000000e+00,0.000000e+00,0.000000e+00,5.421011e-20,7.546700e-14,0.000000e+00,0.000000e+00,0.000000e+00,0.000000e+00,1.397117e+02,7.478840e+02,3.048344e-01,7.183287e-05,0.000000e+00,2.197839e+01,0.000000e+00,0.000000e+00,-6.634696e-01
3.962094e-03,1.370346e+02,7.510154e+02,9.211424e-05,-6.747943e-07,3.058849e-01,7.183287e-05,3.431641e-06,0.000000e+00,-4.728138e+00,0.000000e+00,0.000000e+00,0.000000e+00,0.000000e+00,0.000000e+00,0.000000e+00,0.000000e+00,5.421011e-20,7.546700e-14,0.000000e+00,0.000000e+00,0.000000e+00,0.000000e+00,1.370346e+02,7.505734e+02,3.057370e-01,7.183287e-05,0.000000e+00,2.202218e+01,0.000000e+00,0.000000e+00,-6.643652e-01
3.972039e-03,1.344574e+02,7.535959e+02,9.177704e-05,-4.312145e-07,3.067318e-01,7.183287e-05,3.466228e-06,0.000000e+00,-4.728401e+00,0.000000e+00,0.000000e+00,0.000000e+00,0.000000e+00,0.000000e+00,0.000000e+00,0.000000e+00,5.421011e-20,7.546700e-14,0.000000e+00,0.000000e+00,0.000000e+00,0.000000e+00,1.344574e+02,7.531781e+02,3.065947e-01,7.183287e-05,0.000000e+00,2.206458e+01,0.000000e+00,0.000000e+00,-6.652123e-01
3.982436e-03,1.317729e+02,7.562818e+02,9.165163e-05,-6.877881e-08,3.075969e-01,7.183287e-05,3.464878e-06,0.000000e+00,-4.728403e+00,0.000000e+00,0.000000e+00,0.000000e+00,0.000000e+00,0.000000e+00,0.000000e+00,0.000000e+00,5.421011e-20,7.546700e-14,0.000000e+00,0.000000e+00,0.000000e+00,0.000000e+00,1.317729e+02,7.558395e+02,3.074543e-01,7.183287e-05,0.000000e+00,2.210904e+01,0.000000e+00,0.000000e+00,-6.660771e-01
3.992830e-03,1.290983e+02,7.589578e+02,9.167490e-05,2.521640e-07,3.084441e-01,7.183287e-05,3.465105e-06,0.000000e+00,-4.728404e+00,0.000000e+00,0.000000e+00,0.000000e+00,0.000000e+00,0.000000e+00,0.000000e+00,0.000000e+00,5.421011e-20,7.546700e-14,0.000000e+00,0.000000e+00,0.000000e+00,0.000000e+00,1.290983e+02,7.585168e+02,3.083045e-01,7.183287e-05,0.000000e+00,2.215362e+01,0.000000e+00,0.000000e+00,-6.669232e-01
4.003161e-03,1.264483e+02,7.616091e+02,9.193762e-05,3.371061e-07,3.092711e-01,7.183287e-05,3.465571e-06,0.000000e+00,-4.728463e+00,0.000000e+00,0.000000e+00,0.000000e+00,0.000000e+00,0.000000e+00,0.000000e+00,0.000000e+00,5.421011e-20,7.546700e-14,0.000000e+00,0.000000e+00,0.000000e+00,0.000000e+00,1.264483e+02,7.611693e+02,3.091337e-01,7.183287e-05,0.000000e+00,2.219803e+01,0.000000e+00,0.000000e+00,-6.677494e-01
4.010033e-03,1.246884e+02,7.633691e+02,9.218950e-05,2.726651e-07,3.098132e-01,7.183287e-05,3.331333e-06,0.000000e+00,-4.728463e+00,0.000000e+00,0.000000e+00,0.000000e+00,0.000000e+00,0.000000e+00,0.000000e+00,0.000000e+00,5.421011e-20,7.546700e-14,0.000000e+00,0.000000e+00,0.000000e+00,0.000000e+00,1.246884e+02,7.629373e+02,3.096795e-01,7.183287e-05,0.000000e+00,2.222765e+01,0.000000e+00,0.000000e+00,-6.682858e-01
4.022981e-03,1.213770e+02,7.666793e+02,9.262724e-05,-3.345637e-07,3.108188e-01,7.183287e-05,3.142815e-06,0.000000e+00,-4.728500e+00,0.000000e+00,0.000000e+00,0.000000e+00,0.000000e+00,0.000000e+00,0.000000e+00,0.000000e+00,5.421011e-20,7.546700e-14,0.000000e+00,0.000000e+00,0.000000e+00,0.000000e+00,1.213770e+02,7.662814e+02,3.106980e-01,7.183287e-05,0.000000e+00,2.228358e+01,0.000000e+00,0.000000e+00,-6.692836e-01
4.032960e-03,1.188268e+02,7.692269e+02,9.305625e-05,-7.366233e-07,3.115813e-01,7.183287e-05,3.459326e-06,0.000000e+00,-4.728508e+00,0.000000e+00,0.000000e+00,0.000000e+00,0.000000e+00,0.000000e+00,0.000000e+00,0.000000e+00,5.421011e-20,7.546700e-14,0.000000e+00,0.000000e+00,0.000000e+00,0.000000e+00,1.188268e+02,7.687898e+02,3.114500e-01,7.183287e-05,0.000000e+00,2.232682e+01,0.000000e+00,0.000000e+00,-6.700581e-01
4.043335e-03,1.161781e+02,7.718710e+02,9.327451e-05,-7.776910e-07,3.123634e-01,7.183287e-05,3.455795e-06,0.000000e+00,-4.728526e+00,0.000000e+00,0.000000e+00,0.000000e+00,0.000000e+00,0.000000e+00,0.000000e+00,0.000000e+00,5.421011e-20,7.546700e-14,0.000000e+00,0.000000e+00,0.000000e+00,0.000000e+00,1.161781e+02,7.714351e+02,3.122340e-01,7.183287e-05,0.000000e+00,2.237187e+01,0.000000e+00,0.000000e+00,-6.708395e-01
4.050213e-03,1.144239e+02,7.736213e+02,9.324530e-05,-8.227865e-07,3.128757e-01,7.183287e-05,3.422292e-06,0.000000e+00,-4.728526e+00,0.000000e+00,0.000000e+00,0.000000e+00,0.000000e+00,0.000000e+00,0.000000e+00,0.000000e+00,5.421011e-20,7.546700e-14,0.000000e+00,0.000000e+00,0.000000e+00,0.000000e+00,1.144239e+02,7.731903e+02,3.127491e-01,7.183287e-05,0.000000e+00,2.240181e+01,0.000000e+00,0.000000e+00,-6.713501e-01
4.060479e-03,1.118085e+02,7.762309e+02,9.315760e-05,-6.325308e-07,3.136318e-01,7.183287e-05,3.453341e-06,0.000000e+00,-4.728601e+00,0.000000e+00,0.000000e+00,0.000000e+00,0.000000e+00,0.000000e+00,0.000000e+00,0.000000e+00,5.421011e-20,7.546700e-14,0.000000e+00,0.000000e+00,0.000000e+00,0.000000e+00,1.118085e+02,7.758002e+02,3.135067e-01,7.183287e-05,0.000000e+00,2.244658e+01,0.000000e+00,0.000000e+00,-6.721073e-01
4.070529e-03,1.092521e+02,7.787851e+02,9.298876e-05,-3.107089e-07,3.143595e-01,7.183287e-05,3.142367e-06,0.000000e+00,-4.728632e+00,0.000000e+00,0.000000e+00,0.000000e+00,0.000000e+00,0.000000e+00,0.000000e+00,0.000000e+00,5.421011e-20,7.546700e-14,0.000000e+00,0.000000e+00,0.000000e+00,0.000000e+00,1.092521e+02,7.783893e+02,3.142468e-01,7.183287e-05,0.000000e+00,2.249051e+01,0.000000e+00,0.000000e+00,-6.728228e-01
4.080322e-03,1.067652e+02,7.812726e+02,9.278578e-05,3.819120e-08,3.150547e-01,7.183287e-05,3.325505e-06,0.000000e+00,-4.728632e+00,0.000000e+00,0.000000e+00,0.000000e+00,0.000000e+00,0.000000e+00,0.000000e+00,0.000000e+00,5.421011e-20,7.546700e-14,0.000000e+00,0.000000e+00,0.000000e+00,0.000000e+00,1.067652e+02,7.808545e+02,3.149379e-01,7.183287e-05,0.000000e+00,2.253341e+01,0.000000e+00,0.000000e+00,-6.735235e-01
4.090566e-03,1.041701e+02,7.838703e+02,9.261183e-05,5.451882e-07,3.157664e-01,7.183287e-05,3.461068e-06,0.000000e+00,-4.728632e+00,0.000000e+00,0.000000e+00,0.000000e+00,0.000000e+00,0.000000e+00,0.000000e+00,0.000000e+00,5.421011e-20,7.546700e-14,0.000000e+00,0.000000e+00,0.000000e+00,0.000000e+00,1.041701e+02,7.834365e+02,3.156476e-01,7.183287e-05,0.000000e+00,2.257839e+01,0.000000e+00,0.000000e+00,-6.742390e-01
4.100944e-03,1.015504e+02,7.864926e+02,9.257925e-05,1.316764e-06,3.164716e-01,7.183287e-05,3.458413e-06,0.000000e+00,-4.728632e+00,0.000000e+00,0.000000e+00,0.000000e+00,0.000000e+00,0.000000e+00,0.000000e+00,0.000000e+00,5.421011e-20,7.546700e-14,0.000000e+00,0.000000e+00,0.000000e+00,0.000000e+00,1.015504e+02,7.860609e+02,3.163554e-01,7.183287e-05,0.000000e+00,2.262406e+01,0.000000e+00,0.000000e+00,-6.749433e-01
4.111324e-03,9.894335e+01,7.891004e+02,9.282903e-05,2.080288e-06,3.171618e-01,7.183287e-05,3.462057e-06,0.000000e+00,-4.728632e+00,0.000000e+00,0.000000e+00,0.000000e+00,0.000000e+00,0.000000e+00,0.000000e+00,0.000000e+00,5.421011e-20,7.546700e-14,0.000000e+00,0.000000e+00,0.000000e+00,0.000000e+00,9.894335e+01,7.886711e+02,3.170479e-01,7.183287e-05,0.000000e+00,2.266984e+01,0.000000e+00,0.000000e+00,-6.756328e-01
4.121707e-03,9.635301e+01,7.916893e+02,9.301150e-05,2.568790e-06,3.178377e-01,7.183287e-05,3.389249e-06,0.000000e+00,-4.728709e+00,0.000000e+00,0.000000e+00,0.000000e+00,0.000000e+00,0.000000e+00,0.000000e+00,0.000000e+00,5.421011e-20,7.546700e-14,0.000000e+00,0.000000e+00,0.000000e+00,0.000000e+00,9.635301e+01,7.912640e+02,3.177256e-01,7.183287e-05,0.000000e+00,2.271573e+01,0.000000e+00,0.000000e+00,-6.763057e-01
4.131942e-03,9.382270e+01,7.942169e+02,9.282583e-05,2.709097e-06,3.184900e-01,7.183287e-05,3.454326e-06,0.000000e+00,-4.728716e+00,0.000000e+00,0.000000e+00,0.000000e+00,0.000000e+00,0.000000e+00,0.000000e+00,0.000000e+00,5.421011e-20,7.546700e-14,0.000000e+00,0.000000e+00,0.000000e+00,0.000000e+00,9.382270e+01,7.937965e+02,3.183810e-01,7.183287e-05,0.000000e+00,2.276107e+01,0.000000e+00,0.000000e+00,-6.769595e-01
4.142300e-03,9.129181e+01,7.967441e+02,9.246808e-05,2.766019e-06,3.191355e-01,7.183287e-05,3.450459e-06,0.000000e+00,-4.728716e+00,0.000000e+00,0.000000e+00,0.000000e+00,0.000000e+00,0.000000e+00,0.000000e+00,0.000000e+00,5.421011e-20,7.546700e-14,0.000000e+00,0.000000e+00,0.000000e+00,0.000000e+00,9.129181e+01,7.963301e+02,3.190292e-01,7.183287e-05,0.000000e+00,2.280704e+01,0.000000e+00,0.000000e+00,-6.776050e-01
4.152608e-03,8.881233e+01,7.992204e+02,9.223840e-05,2.799543e-06,3.197643e-01,7.183287e-05,3.407225e-06,0.000000e+00,-4.728717e+00,0.000000e+00,0.000000e+00,0.000000e+00,0.000000e+00,0.000000e+00,0.000000e+00,0.000000e+00,5.421011e-20,7.546700e-14,0.000000e+00,0.000000e+00,0.000000e+00,0.000000e+00,8.881233e+01,7.988184e+02,3.196614e-01,7.183287e-05,0.000000e+00,2.285288e+01,0.000000e+00,0.000000e+00,-6.782327e-01
4.162911e-03,8.638193e+01,8.016469e+02,9.197325e-05,2.741889e-06,3.203804e-01,7.183287e-05,3.448331e-06,0.000000e+00,-4.728717e+00,0.000000e+00,0.000000e+00,0.000000e+00,0.000000e+00,0.000000e+00,0.000000e+00,0.000000e+00,5.421011e-20,7.546700e-14,0.000000e+00,0.000000e+00,0.000000e+00,0.000000e+00,8.638193e+01,8.012493e+02,3.202783e-01,7.183287e-05,0.000000e+00,2.289879e+01,0.000000e+00,0.000000e+00,-6.788506e-01
4.173183e-03,8.401560e+01,8.040071e+02,9.149019e-05,2.703539e-06,3.209823e-01,7.183287e-05,3.375716e-06,0.000000e+00,-4.728721e+00,0.000000e+00,0.000000e+00,0.000000e+00,0.000000e+00,0.000000e+00,0.000000e+00,0.000000e+00,5.421011e-20,7.546700e-14,0.000000e+00,0.000000e+00,0.000000e+00,0.000000e+00,8.401560e+01,8.036282e+02,3.208844e-01,7.183287e-05,0.000000e+00,2.294465e+01,0.000000e+00,0.000000e+00,-6.794518e-01
4.183385e-03,8.172929e+01,8.062843e+02,9.100144e-05,2.690185e-06,3.215677e-01,7.183287e-05,3.449807e-06,0.000000e+00,-4.728721e+00,0.000000e+00,0.000000e+00,0.000000e+00,0.000000e+00,0.000000e+00,0.000000e+00,0.000000e+00,5.421011e-20,7.546700e-14,0.000000e+00,0.000000e+00,0.000000e+00,0.000000e+00,8.172929e+01,8.059092e+02,3.214698e-01,7.183287e-05,0.000000e+00,2.299027e+01,0.000000e+00,0.000000e+00,-6.800424e-01
4.190147e-03,8.025237e+01,8.077542e+02,9.089348e-05,2.620224e-06,3.219487e-01,7.183287e-05,3.313150e-06,0.000000e+00,-4.728869e+00,0.000000e+00,0.000000e+00,0.000000e+00,0.000000e+00,0.000000e+00,0.000000e+00,0.000000e+00,5.421011e-20,7.546700e-14,0.000000e+00,0.000000e+00,0.000000e+00,0.000000e+00,8.025237e+01,8.074016e+02,3.218552e-01,7.183287e-05,0.000000e+00,2.302057e+01,0.000000e+00,0.000000e+00,-6.804224e-01
4.200087e-03,7.814321e+01,8.098553e+02,9.092609e-05,2.516688e-06,3.224998e-01,7.183287e-05,3.408578e-06,0.000000e+00,-4.728946e+00,0.000000e+00,0.000000e+00,0.000000e+00,0.000000e+00,0.000000e+00,0.000000e+00,0.000000e+00,5.421011e-20,7.546700e-14,0.000000e+00,0.000000e+00,0.000000e+00,0.000000e+00,7.814321e+01,8.095148e+02,3.224088e-01,7.183287e-05,0.000000e+00,2.306515e+01,0.000000e+00,0.000000e+00,-6.809788e-01
4.210314e-03,7.605541e+01,8.119359e+02,9.096898e-05,2.353710e-06,3.230537e-01,7.183287e-05,3.409893e-06,0.000000e+00,-4.728946e+00,0.000000e+00,0.000000e+00,0.000000e+00,0.000000e+00,0.000000e+00,0.000000e+00,0.000000e+00,5.421011e-20,7.546700e-14,0.000000e+00,0.000000e+00,0.000000e+00,0.000000e+00,7.605541e+01,8.115999e+02,3.229625e-01,7.183287e-05,0.000000e+00,2.311111e+01,0.000000e+00,0.000000e+00,-6.815346e-01
4.220180e-03,7.412696e+01,8.138573e+02,9.108022e-05,1.876535e-06,3.235753e-01,7.183287e-05,3.227930e-06,0.000000e+00,-4.728949e+00,0.000000e+00,0.000000e+00,0.000000e+00,0.000000e+00,0.000000e+00,0.000000e+00,0.000000e+00,5.421011e-20,7.546700e-14,0.000000e+00,0.000000e+00,0.000000e+00,0.000000e+00,7.412696e+01,8.135532e+02,3.234910e-01,7.183287e-05,0.000000e+00,2.315552e+01,0.000000e+00,0.000000e+00,-6.820531e-01
4.230068e-03,7.228416e+01,8.156935e+02,9.100456e-05,1.380746e-06,3.240862e-01,7.183287e-05,3.445414e-06,0.000000e+00,-4.728992e+00,0.000000e+00,0.000000e+00,0.000000e+00,0.000000e+00,0.000000e+00,0.000000e+00,0.000000e+00,5.421011e-20,7.546700e-14,0.000000e+00,0.000000e+00,0.000000e+00,0.000000e+00,7.228416e+01,8.153953e+02,3.240007e-01,7.183287e-05,0.000000e+00,2.320009e+01,0.000000e+00,0.000000e+00,-6.825709e-01
4.240404e-03,7.045898e+01,8.175136e+02,9.087774e-05,9.840468e-07,3.246083e-01,7.183287e-05,3.445691e-06,0.000000e+00,-4.729028e+00,0.000000e+00,0.000000e+00,0.000000e+00,0.000000e+00,0.000000e+00,0.000000e+00,0.000000e+00,5.421011e-20,7.546700e-14,0.000000e+00,0.000000e+00,0.000000e+00,0.000000e+00,7.045898e+01,8.172226e+02,3.245219e-01,7.183287e-05,0.000000e+00,2.324676e+01,0.000000e+00,0.000000e+00,-6.830937e-01
4.250628e-03,6.876112e+01,8.192076e+02,9.101017e-05,5.581528e-07,3.251120e-01,7.183287e-05,3.447019e-06,0.000000e+00,-4.729038e+00,0.000000e+00,0.000000e+00,0.000000e+00,0.000000e+00,0.000000e+00,0.000000e+00,0.000000e+00,5.421011e-20,7.546700e-14,0.000000e+00,0.000000e+00,0.000000e+00,0.000000e+00,6.876112e+01,8.189348e+02,3.250279e-01,7.183287e-05,0.000000e+00,2.329300e+01,0.000000e+00,0.000000e+00,-6.835979e-01
4.260971e-03,6.715797e+01,8.208076e+02,9.134592e-05,1.004476e-08,3.256086e-01,7.183287e-05,3.449457e-06,0.000000e+00,-4.729039e+00,0.000000e+00,0.000000e+00,0.000000e+00,0.000000e+00,0.000000e+00,0.000000e+00,0.000000e+00,5.421011e-20,7.546700e-14,0.000000e+00,0.000000e+00,0.000000e+00,0.000000e+00,6.715797e+01,8.205540e+02,3.255269e-01,7.183287e-05,0.000000e+00,2.333985e+01,0.000000e+00,0.000000e+00,-6.840948e-01
4.271323e-03,6.567437e+01,8.222880e+02,9.192157e-05,-6.227347e-07,3.260919e-01,7.183287e-05,3.452717e-06,0.000000e+00,-4.729155e+00,0.000000e+00,0.000000e+00,0.000000e+00,0.000000e+00,0.000000e+00,0.000000e+00,0.000000e+00,5.421011e-20,7.546700e-14,0.000000e+00,0.000000e+00,0.000000e+00,0.000000e+00,6.567437e+01,8.220551e+02,3.260121e-01,7.183287e-05,0.000000e+00,2.338680e+01,0.000000e+00,0.000000e+00,-6.845779e-01
4.281684e-03,6.431627e+01,8.236429e+02,9.248747e-05,-9.844937e-07,3.265627e-01,7.183287e-05,3.456140e-06,0.000000e+00,-4.729175e+00,0.000000e+00,0.000000e+00,0.000000e+00,0.000000e+00,0.000000e+00,0.000000e+00,0.000000e+00,5.421011e-20,7.546700e-14,0.000000e+00,0.000000e+00,0.000000e+00,0.000000e+00,6.431627e+01,8.234312e+02,3.264852e-01,7.183287e-05,0.000000e+00,2.343388e+01,0.000000e+00,0.000000e+00,-6.850490e-01
4.292052e-03,6.308849e+01,8.248685e+02,9.307210e-05,-1.186563e-06,3.270230e-01,7.183287e-05,3.454429e-06,0.000000e+00,-4.729175e+00,0.000000e+00,0.000000e+00,0.000000e+00,0.000000e+00,0.000000e+00,0.000000e+00,0.000000e+00,5.421011e-20,7.546700e-14,0.000000e+00,0.000000e+00,0.000000e+00,0.000000e+00,6.308849e+01,8.246785e+02,3.269471e-01,7.183287e-05,0.000000e+00,2.348104e+01,0.000000e+00,0.000000e+00,-6.855091e-01
4.302219e-03,6.201354e+01,8.259418e+02,9.363710e-05,-1.483695e-06,3.274644e-01,7.183287e-05,3.253974e-06,0.000000e+00,-4.729175e+00,0.000000e+00,0.000000e+00,0.000000e+00,0.000000e+00,0.000000e+00,0.000000e+00,0.000000e+00,5.421011e-20,7.546700e-14,0.000000e+00,0.000000e+00,0.000000e+00,0.000000e+00,6.201354e+01,8.257833e+02,3.273946e-01,7.183287e-05,0.000000e+00,2.352736e+01,0.000000e+00,0.000000e+00,-6.859459e-01
4.311984e-03,6.110045e+01,8.268526e+02,9.406498e-05,-1.703619e-06,3.278787e-01,7.183287e-05,3.256666e-06,0.000000e+00,-4.729764e+00,0.000000e+00,0.000000e+00,0.000000e+00,0.000000e+00,0.000000e+00,0.000000e+00,0.000000e+00,5.421011e-20,7.546700e-14,0.000000e+00,0.000000e+00,0.000000e+00,0.000000e+00,6.110045e+01,8.267136e+02,3.278092e-01,7.183287e-05,0.000000e+00,2.357191e+01,0.000000e+00,0.000000e+00,-6.863598e-01
4.321757e-03,6.030350e+01,8.276483e+02,9.426953e-05,-1.777527e-06,3.282838e-01,7.183287e-05,3.259597e-06,0.000000e+00,-4.729863e+00,0.000000e+00,0.000000e+00,0.000000e+00,0.000000e+00,0.000000e+00,0.000000e+00,0.000000e+00,5.421011e-20,7.546700e-14,0.000000e+00,0.000000e+00,0.000000e+00,0.000000e+00,6.030350e+01,8.275281e+02,3.282166e-01,7.183287e-05,0.000000e+00,2.361654e+01,0.000000e+00,0.000000e+00,-6.867645e-01
4.331538e-03,5.961938e+01,8.283321e+02,9.431815e-05,-1.796531e-06,3.286804e-01,7.183287e-05,3.262404e-06,0.000000e+00,-4.729863e+00,0.000000e+00,0.000000e+00,0.000000e+00,0.000000e+00,0.000000e+00,0.000000e+00,0.000000e+00,5.421011e-20,7.546700e-14,0.000000e+00,0.000000e+00,0.000000e+00,0.000000e+00,5.961938e+01,8.282302e+02,3.286150e-01,7.183287e-05,0.000000e+00,2.366127e+01,0.000000e+00,0.000000e+00,-6.871607e-01
4.341713e-03,5.902283e+01,8.289283e+02,9.417926e-05,-1.532379e-06,3.290833e-01,7.183287e-05,3.455236e-06,0.000000e+00,-4.729881e+00,0.000000e+00,0.000000e+00,0.000000e+00,0.000000e+00,0.000000e+00,0.000000e+00,0.000000e+00,5.421011e-20,7.546700e-14,0.000000e+00,0.000000e+00,0.000000e+00,0.000000e+00,5.902283e+01,8.288401e+02,3.290158e-01,7.183287e-05,0.000000e+00,2.370785e+01,0.000000e+00,0.000000e+00,-6.875670e-01
4.352077e-03,5.852978e+01,8.294202e+02,9.406848e-05,-8.193001e-07,3.294824e-01,7.183287e-05,3.453608e-06,0.000000e+00,-4.729881e+00,0.000000e+00,0.000000e+00,0.000000e+00,0.000000e+00,0.000000e+00,0.000000e+00,0.000000e+00,5.421011e-20,7.546700e-14,0.000000e+00,0.000000e+00,0.000000e+00,0.000000e+00,5.852978e+01,8.293510e+02,3.294168e-01,7.183287e-05,0.000000e+00,2.375536e+01,0.000000e+00,0.000000e+00,-6.879659e-01
4.362436e-03,5.814529e+01,8.298029e+02,9.385085e-05,-5.947177e-09,3.298699e-01,7.183287e-05,3.452087e-06,0.000000e+00,-4.730130e+00,0.000000e+00,0.000000e+00,0.000000e+00,0.000000e+00,0.000000e+00,0.000000e+00,0.000000e+00,5.421011e-20,7.546700e-14,0.000000e+00,0.000000e+00,0.000000e+00,0.000000e+00,5.814529e+01,8.297513e+02,3.298059e-01,7.183287e-05,0.000000e+00,2.380291e+01,0.000000e+00,0.000000e+00,-6.883529e-01
4.372791e-03,5.786119e+01,8.300844e+02,9.350669e-05,8.069846e-07,3.302467e-01,7.183287e-05,3.450909e-06,0.000000e+00,-4.730377e+00,0.000000e+00,0.000000e+00,0.000000e+00,0.000000e+00,0.000000e+00,0.000000e+00,0.000000e+00,5.421011e-20,7.546700e-14,0.000000e+00,0.000000e+00,0.000000e+00,0.000000e+00,5.786119e+01,8.300489e+02,3.301848e-01,7.183287e-05,0.000000e+00,2.385049e+01,0.000000e+00,0.000000e+00,-6.887303e-01
4.383144e-03,5.766870e+01,8.302728e+02,9.301036e-05,1.149571e-06,3.306115e-01,7.183287e-05,3.450407e-06,0.000000e+00,-4.730385e+00,0.000000e+00,0.000000e+00,0.000000e+00,0.000000e+00,0.000000e+00,0.000000e+00,0.000000e+00,5.421011e-20,7.546700e-14,0.000000e+00,0.000000e+00,0.000000e+00,0.000000e+00,5.766870e+01,8.302521e+02,3.305519e-01,7.183287e-05,0.000000e+00,2.389811e+01,0.000000e+00,0.000000e+00,-6.890959e-01
4.390044e-03,5.758666e+01,8.303517e+02,9.271367e-05,1.228282e-06,3.308483e-01,7.183287e-05,3.450570e-06,0.000000e+00,-4.730453e+00,0.000000e+00,0.000000e+00,0.000000e+00,0.000000e+00,0.000000e+00,0.000000e+00,0.000000e+00,5.421011e-20,7.546700e-14,0.000000e+00,0.000000e+00,0.000000e+00,0.000000e+00,5.758666e+01,8.303400e+02,3.307898e-01,7.183287e-05,0.000000e+00,2.392988e+01,0.000000e+00,0.000000e+00,-6.893336e-01
4.400397e-03,5.752630e+01,8.304078e+02,9.243989e-05,1.154124e-06,3.311936e-01,7.183287e-05,3.451696e-06,0.000000e+00,-4.730453e+00,0.000000e+00,0.000000e+00,0.000000e+00,0.000000e+00,0.000000e+00,0.000000e+00,0.000000e+00,5.421011e-20,7.546700e-14,0.000000e+00,0.000000e+00,0.000000e+00,0.000000e+00,5.752630e+01,8.304079e+02,3.311370e-01,7.183287e-05,0.000000e+00,2.397758e+01,0.000000e+00,0.000000e+00,-6.896804e-01
4.410754e-03,5.753148e+01,8.303996e+02,9.244745e-05,1.090795e-06,3.315274e-01,7.183287e-05,3.453889e-06,0.000000e+00,-4.730453e+00,0.000000e+00,0.000000e+00,0.000000e+00,0.000000e+00,0.000000e+00,0.000000e+00,0.000000e+00,5.421011e-20,7.546700e-14,0.000000e+00,0.000000e+00,0.000000e+00,0.000000e+00,5.753148e+01,8.304093e+02,3.314736e-01,7.183287e-05,0.000000e+00,2.402536e+01,0.000000e+00,0.000000e+00,-6.900140e-01
4.421119e-03,5.758984e+01,8.303370e+02,9.241944e-05,9.272187e-07,3.318520e-01,7.183287e-05,3.456931e-06,0.000000e+00,-4.731774e+00,0.000000e+00,0.000000e+00,0.000000e+00,0.000000e+00,0.000000e+00,0.000000e+00,0.000000e+00,5.421011e-20,7.546700e-14,0.000000e+00,0.000000e+00,0.000000e+00,0.000000e+00,5.758984e+01,8.303553e+02,3.317990e-01,7.183287e-05,0.000000e+00,2.407322e+01,0.000000e+00,0.000000e+00,-6.903399e-01
4.431493e-03,5.769300e+01,8.302290e+02,9.233527e-05,9.014089e-07,3.321648e-01,7.183287e-05,3.457442e-06,0.000000e+00,-4.731774e+00,0.000000e+00,0.000000e+00,0.000000e+00,0.000000e+00,0.000000e+00,0.000000e+00,0.000000e+00,5.421011e-20,7.546700e-14,0.000000e+00,0.000000e+00,0.000000e+00,0.000000e+00,5.769300e+01,8.302542e+02,3.321135e-01,7.183287e-05,0.000000e+00,2.412117e+01,0.000000e+00,0.000000e+00,-6.906536e-01
4.441868e-03,5.782862e+01,8.300880e+02,9.236245e-05,8.352993e-07,3.324675e-01,7.183287e-05,3.463462e-06,0.000000e+00,-4.731774e+00,0.000000e+00,0.000000e+00,0.000000e+00,0.000000e+00,0.000000e+00,0.000000e+00,0.000000e+00,5.421011e-20,7.546700e-14,0.000000e+00,0.000000e+00,0.000000e+00,0.000000e+00,5.782862e+01,8.301173e+02,3.324178e-01,7.183287e-05,0.000000e+00,2.416917e+01,0.000000e+00,0.000000e+00,-6.909571e-01
4.451930e-03,5.798123e+01,8.299290e+02,9.235076e-05,1.031262e-06,3.327507e-01,7.183287e-05,3.133194e-06,0.000000e+00,-4.731774e+00,0.000000e+00,0.000000e+00,0.000000e+00,0.000000e+00,0.000000e+00,0.000000e+00,0.000000e+00,5.421011e-20,7.546700e-14,0.000000e+00,0.000000e+00,0.000000e+00,0.000000e+00,5.798123e+01,8.299588e+02,3.327079e-01,7.183287e-05,0.000000e+00,2.421576e+01,0.000000e+00,0.000000e+00,-6.912359e-01
4.461554e-03,5.813849e+01,8.297618e+02,9.213536e-05,1.578168e-06,3.330129e-01,7.183287e-05,3.467771e-06,0.000000e+00,-4.732041e+00,0.000000e+00,0.000000e+00,0.000000e+00,0.000000e+00,0.000000e+00,0.000000e+00,0.000000e+00,5.421011e-20,7.546700e-14,0.000000e+00,0.000000e+00,0.000000e+00,0.000000e+00,5.813849e+01,8.297946e+02,3.329692e-01,7.183287e-05,0.000000e+00,2.426036e+01,0.000000e+00,0.000000e+00,-6.915043e-01
4.471959e-03,5.831412e+01,8.295768e+02,9.167897e-05,2.364755e-06,3.332850e-01,7.183287e-05,3.469235e-06,0.000000e+00,-4.732045e+00,0.000000e+00,0.000000e+00,0.000000e+00,0.000000e+00,0.000000e+00,0.000000e+00,0.000000e+00,5.421011e-20,7.546700e-14,0.000000e+00,0.000000e+00,0.000000e+00,0.000000e+00,5.831412e+01,8.296120e+02,3.332407e-01,7.183287e-05,0.000000e+00,2.430862e+01,0.000000e+00,0.000000e+00,-6.917776e-01
4.482368e-03,5.848786e+01,8.293939e+02,9.103063e-05,2.696540e-06,3.335471e-01,7.183287e-05,3.470027e-06,0.000000e+00,-4.732049e+00,0.000000e+00,0.000000e+00,0.000000e+00,0.000000e+00,0.000000e+00,0.000000e+00,0.000000e+00,5.421011e-20,7.546700e-14,0.000000e+00,0.000000e+00,0.000000e+00,0.000000e+00,5.848786e+01,8.294279e+02,3.335041e-01,7.183287e-05,0.000000e+00,2.435693e+01,0.000000e+00,0.000000e+00,-6.920412e-01
4.492778e-03,5.865202e+01,8.292224e+02,9.064520e-05,3.149482e-06,3.337997e-01,7.183287e-05,3.469848e-06,0.000000e+00,-4.732090e+00,0.000000e+00,0.000000e+00,0.000000e+00,0.000000e+00,0.000000e+00,0.000000e+00,0.000000e+00,5.421011e-20,7.546700e-14,0.000000e+00,0.000000e+00,0.000000e+00,0.000000e+00,5.865202e+01,8.292546e+02,3.337590e-01,7.183287e-05,0.000000e+00,2.440529e+01,0.000000e+00,0.000000e+00,-6.922947e-01
4.503186e-03,5.879790e+01,8.290660e+02,9.070534e-05,3.872119e-06,3.340432e-01,7.183287e-05,3.468482e-06,0.000000e+00,-4.733936e+00,0.000000e+00,0.000000e+00,0.000000e+00,0.000000e+00,0.000000e+00,0.000000e+00,0.000000e+00,5.421011e-20,7.546700e-14,0.000000e+00,0.000000e+00,0.000000e+00,0.000000e+00,5.879790e+01,8.290954e+02,3.340020e-01,7.183287e-05,0.000000e+00,2.445367e+01,0.000000e+00,0.000000e+00,-6.925408e-01
4.510123e-03,5.888349e+01,8.289752e+02,9.077154e-05,4.286059e-06,3.341991e-01,7.183287e-05,3.467019e-06,0.000000e+00,-4.733939e+00,0.000000e+00,0.000000e+00,0.000000e+00,0.000000e+00,0.000000e+00,0.000000e+00,0.000000e+00,5.421011e-20,7.546700e-14,0.000000e+00,0.000000e+00,0.000000e+00,0.000000e+00,5.888349e+01,8.290007e+02,3.341605e-01,7.183287e-05,0.000000e+00,2.448593e+01,0.000000e+00,0.000000e+00,-6.926981e-01
4.520521e-03,5.898853e+01,8.288633e+02,9.067261e-05,4.879265e-06,3.344257e-01,7.183287e-05,3.464586e-06,0.000000e+00,-4.733939e+00,0.000000e+00,0.000000e+00,0.000000e+00,0.000000e+00,0.000000e+00,0.000000e+00,0.000000e+00,5.421011e-20,7.546700e-14,0.000000e+00,0.000000e+00,0.000000e+00,0.000000e+00,5.898853e+01,8.288834e+02,3.343885e-01,7.183287e-05,0.000000e+00,2.453433e+01,0.000000e+00,0.000000e+00,-6.929269e-01
4.530913e-03,5.906100e+01,8.287888e+02,9.061786e-05,5.079337e-06,3.346452e-01,7.183287e-05,3.462645e-06,0.000000e+00,-4.733939e+00,0.000000e+00,0.000000e+00,0.000000e+00,0.000000e+00,0.000000e+00,0.000000e+00,0.000000e+00,5.421011e-20,7.546700e-14,0.000000e+00,0.000000e+00,0.000000e+00,0.000000e+00,5.906100e+01,8.288024e+02,3.346093e-01,7.183287e-05,0.000000e+00,2.458273e+01,0.000000e+00,0.000000e+00,-6.931472e-01
4.541300e-03,5.909628e+01,8.287536e+02,9.037941e-05,5.161732e-06,3.348574e-01,7.183287e-05,3.461646e-06,0.000000e+00,-4.733940e+00,0.000000e+00,0.000000e+00,0.000000e+00,0.000000e+00,0.000000e+00,0.000000e+00,0.000000e+00,5.421011e-20,7.546700e-14,0.000000e+00,0.000000e+00,0.000000e+00,0.000000e+00,5.909628e+01,8.287605e+02,3.348226e-01,7.183287e-05,0.000000e+00,2.463113e+01,0.000000e+00,0.000000e+00,-6.933599e-01
4.551684e-03,5.909063e+01,8.287598e+02,9.012841e-05,5.136940e-06,3.350629e-01,7.183287e-05,3.461445e-06,0.000000e+00,-4.733940e+00,0.000000e+00,0.000000e+00,0.000000e+00,0.000000e+00,0.000000e+00,0.000000e+00,0.000000e+00,5.421011e-20,7.546700e-14,0.000000e+00,0.000000e+00,0.000000e+00,0.000000e+00,5.909063e+01,8.287596e+02,3.350292e-01,7.183287e-05,0.000000e+00,2.467955e+01,0.000000e+00,0.000000e+00,-6.935654e-01
4.562069e-03,5.904023e+01,8.288088e+02,8.992557e-05,5.042726e-06,3.352613e-01,7.183287e-05,3.461542e-06,0.000000e+00,-4.734600e+00,0.000000e+00,0.000000e+00,0.000000e+00,0.000000e+00,0.000000e+00,0.000000e+00,0.000000e+00,5.421011e-20,7.546700e-14,0.000000e+00,0.000000e+00,0.000000e+00,0.000000e+00,5.904023e+01,8.288019e+02,3.352279e-01,7.183287e-05,0.000000e+00,2.472800e+01,0.000000e+00,0.000000e+00,-6.937634e-01
4.572453e-03,5.894444e+01,8.289031e+02,8.974417e-05,4.958327e-06,3.354518e-01,7.183287e-05,3.459572e-06,0.000000e+00,-4.734600e+00,0.000000e+00,0.000000e+00,0.000000e+00,0.000000e+00,0.000000e+00,0.000000e+00,0.000000e+00,5.421011e-20,7.546700e-14,0.000000e+00,0.000000e+00,0.000000e+00,0.000000e+00,5.894444e+01,8.288880e+02,3.354206e-01,7.183287e-05,0.000000e+00,2.477648e+01,0.000000e+00,0.000000e+00,-6.939537e-01
4.582827e-03,5.880217e+01,8.290445e+02,8.968196e-05,4.768713e-06,3.356358e-01,7.183287e-05,3.455771e-06,0.000000e+00,-4.734600e+00,0.000000e+00,0.000000e+00,0.000000e+00,0.000000e+00,0.000000e+00,0.000000e+00,0.000000e+00,5.421011e-20,7.546700e-14,0.000000e+00,0.000000e+00,0.000000e+00,0.000000e+00,5.880217e+01,8.290214e+02,3.356057e-01,7.183287e-05,0.000000e+00,2.482495e+01,0.000000e+00,0.000000e+00,-6.941375e-01
4.593192e-03,5.861460e+01,8.292319e+02,8.972577e-05,4.455830e-06,3.358118e-01,7.183287e-05,3.439213e-06,0.000000e+00,-4.734600e+00,0.000000e+00,0.000000e+00,0.000000e+00,0.000000e+00,0.000000e+00,0.000000e+00,0.000000e+00,5.421011e-20,7.546700e-14,0.000000e+00,0.000000e+00,0.000000e+00,0.000000e+00,5.861460e+01,8.292014e+02,3.357836e-01,7.183287e-05,0.000000e+00,2.487339e+01,0.000000e+00,0.000000e+00,-6.943127e-01
4.600084e-03,5.846618e+01,8.293802e+02,8.985813e-05,4.252396e-06,3.359242e-01,7.183287e-05,3.452328e-06,0.000000e+00,-4.734805e+00,0.000000e+00,0.000000e+00,0.000000e+00,0.000000e+00,0.000000e+00,0.000000e+00,0.000000e+00,5.421011e-20,7.546700e-14,0.000000e+00,0.000000e+00,0.000000e+00,0.000000e+00,5.846618e+01,8.293453e+02,3.358968e-01,7.183287e-05,0.000000e+00,2.490561e+01,0.000000e+00,0.000000e+00,-6.944253e-01
4.610441e-03,5.821334e+01,8.296340e+02,9.014453e-05,3.978547e-06,3.360836e-01,7.183287e-05,3.452454e-06,0.000000e+00,-4.734805e+00,0.000000e+00,0.000000e+00,0.000000e+00,0.000000e+00,0.000000e+00,0.000000e+00,0.000000e+00,5.421011e-20,7.546700e-14,0.000000e+00,0.000000e+00,0.000000e+00,0.000000e+00,5.821334e+01,8.295934e+02,3.360579e-01,7.183287e-05,0.000000e+00,2.495406e+01,0.000000e+00,0.000000e+00,-6.945841e-01
4.620800e-03,5.793237e+01,8.299161e+02,9.020470e-05,3.893254e-06,3.362335e-01,7.183287e-05,3.454613e-06,0.000000e+00,-4.734810e+00,0.000000e+00,0.000000e+00,0.000000e+00,0.000000e+00,0.000000e+00,0.000000e+00,0.000000e+00,5.421011e-20,7.546700e-14,0.000000e+00,0.000000e+00,0.000000e+00,0.000000e+00,5.793237e+01,8.298716e+02,3.362092e-01,7.183287e-05,0.000000e+00,2.500253e+01,0.000000e+00,0.000000e+00,-6.947338e-01
4.631167e-03,5.763357e+01,8.302140e+02,9.007305e-05,3.856196e-06,3.363755e-01,7.183287e-05,3.458768e-06,0.000000e+00,-4.734810e+00,0.000000e+00,0.000000e+00,0.000000e+00,0.000000e+00,0.000000e+00,0.000000e+00,0.000000e+00,5.421011e-20,7.546700e-14,0.000000e+00,0.000000e+00,0.000000e+00,0.000000e+00,5.763357e+01,8.301678e+02,3.363525e-01,7.183287e-05,0.000000e+00,2.505107e+01,0.000000e+00,0.000000e+00,-6.948755e-01
4.641549e-03,5.732691e+01,8.305167e+02,8.994366e-05,3.808323e-06,3.365092e-01,7.183287e-05,3.464406e-06,0.000000e+00,-4.734810e+00,0.000000e+00,0.000000e+00,0.000000e+00,0.000000e+00,0.000000e+00,0.000000e+00,0.000000e+00,5.421011e-20,7.546700e-14,0.000000e+00,0.000000e+00,0.000000e+00,0.000000e+00,5.732691e+01,8.304704e+02,3.364879e-01,7.183287e-05,0.000000e+00,2.509970e+01,0.000000e+00,0.000000e+00,-6.950087e-01
4.651948e-03,5.702269e+01,8.308156e+02,8.995308e-05,3.746223e-06,3.366351e-01,7.183287e-05,3.469682e-06,0.000000e+00,-4.734962e+00,0.000000e+00,0.000000e+00,0.000000e+00,0.000000e+00,0.000000e+00,0.000000e+00,0.000000e+00,5.421011e-20,7.546700e-14,0.000000e+00,0.000000e+00,0.000000e+00,0.000000e+00,5.702269e+01,8.307706e+02,3.366150e-01,7.183287e-05,0.000000e+00,2.514842e+01,0.000000e+00,0.000000e+00,-6.951342e-01
4.662357e-03,5.673211e+01,8.311021e+02,8.993859e-05,3.693331e-06,3.367521e-01,7.183287e-05,3.469037e-06,0.000000e+00,-4.734998e+00,0.000000e+00,0.000000e+00,0.000000e+00,0.000000e+00,0.000000e+00,0.000000e+00,0.000000e+00,5.421011e-20,7.546700e-14,0.000000e+00,0.000000e+00,0.000000e+00,0.000000e+00,5.673211e+01,8.310599e+02,3.367334e-01,7.183287e-05,0.000000e+00,2.519721e+01,0.000000e+00,0.000000e+00,-6.952511e-01
4.672690e-03,5.646726e+01,8.313648e+02,8.984326e-05,3.564400e-06,3.368609e-01,7.183287e-05,3.395525e-06,0.000000e+00,-4.735016e+00,0.000000e+00,0.000000e+00,0.000000e+00,0.000000e+00,0.000000e+00,0.000000e+00,0.000000e+00,5.421011e-20,7.546700e-14,0.000000e+00,0.000000e+00,0.000000e+00,0.000000e+00,5.646726e+01,8.313276e+02,3.368435e-01,7.183287e-05,0.000000e+00,2.524566e+01,0.000000e+00,0.000000e+00,-6.953601e-01
4.683022e-03,5.623536e+01,8.315971e+02,8.975143e-05,3.464844e-06,3.369632e-01,7.183287e-05,3.467984e-06,0.000000e+00,-4.735016e+00,0.000000e+00,0.000000e+00,0.000000e+00,0.000000e+00,0.000000e+00,0.000000e+00,0.000000e+00,5.421011e-20,7.546700e-14,0.000000e+00,0.000000e+00,0.000000e+00,0.000000e+00,5.623536e+01,8.315651e+02,3.369466e-01,7.183287e-05,0.000000e+00,2.529412e+01,0.000000e+00,0.000000e+00,-6.954634e-01
4.693425e-03,5.604434e+01,8.317896e+02,8.973457e-05,3.408936e-06,3.370595e-01,7.183287e-05,3.467578e-06,0.000000e+00,-4.735016e+00,0.000000e+00,0.000000e+00,0.000000e+00,0.000000e+00,0.000000e+00,0.000000e+00,0.000000e+00,5.421011e-20,7.546700e-14,0.000000e+00,0.000000e+00,0.000000e+00,0.000000e+00,5.604434e+01,8.317653e+02,3.370440e-01,7.183287e-05,0.000000e+00,2.534293e+01,0.000000e+00,0.000000e+00,-6.955602e-01
4.700360e-03,5.594493e+01,8.318897e+02,8.969397e-05,3.410826e-06,3.371197e-01,7.183287e-05,3.467155e-06,0.000000e+00,-4.735128e+00,0.000000e+00,0.000000e+00,0.000000e+00,0.000000e+00,0.000000e+00,0.000000e+00,0.000000e+00,5.421011e-20,7.546700e-14,0.000000e+00,0.000000e+00,0.000000e+00,0.000000e+00,5.594493e+01,8.318715e+02,3.371043e-01,7.183287e-05,0.000000e+00,2.537547e+01,0.000000e+00,0.000000e+00,-6.956205e-01
4.710761e-03,5.584266e+01,8.319918e+02,8.959563e-05,3.476120e-06,3.372055e-01,7.183287e-05,3.466283e-06,0.000000e+00,-4.735346e+00,0.000000e+00,0.000000e+00,0.000000e+00,0.000000e+00,0.000000e+00,0.000000e+00,0.000000e+00,5.421011e-20,7.546700e-14,0.000000e+00,0.000000e+00,0.000000e+00,0.000000e+00,5.584266e+01,8.319835e+02,3.371917e-01,7.183287e-05,0.000000e+00,2.542429e+01,0.000000e+00,0.000000e+00,-6.957073e-01
4.721159e-03,5.579943e+01,8.320331e+02,8.946891e-05,3.681096e-06,3.372852e-01,7.183287e-05,3.465414e-06,0.000000e+00,-4.735347e+00,0.000000e+00,0.000000e+00,0.000000e+00,0.000000e+00,0.000000e+00,0.000000e+00,0.000000e+00,5.421011e-20,7.546700e-14,0.000000e+00,0.000000e+00,0.000000e+00,0.000000e+00,5.579943e+01,8.320351e+02,3.372724e-01,7.183287e-05,0.000000e+00,2.547310e+01,0.000000e+00,0.000000e+00,-6.957878e-01
4.731555e-03,5.581548e+01,8.320132e+02,8.925324e-05,3.964160e-06,3.373593e-01,7.183287e-05,3.464965e-06,0.000000e+00,-4.735347e+00,0.000000e+00,0.000000e+00,0.000000e+00,0.000000e+00,0.000000e+00,0.000000e+00,0.000000e+00,5.421011e-20,7.546700e-14,0.000000e+00,0.000000e+00,0.000000e+00,0.000000e+00,5.581548e+01,8.320253e+02,3.373474e-01,7.183287e-05,0.000000e+00,2.552192e+01,0.000000e+00,0.000000e+00,-6.958625e-01
4.741949e-03,5.588947e+01,8.319348e+02,8.904371e-05,4.291870e-06,3.374282e-01,7.183287e-05,3.465036e-06,0.000000e+00,-4.735347e+00,0.000000e+00,0.000000e+00,0.000000e+00,0.000000e+00,0.000000e+00,0.000000e+00,0.000000e+00,5.421011e-20,7.546700e-14,0.000000e+00,0.000000e+00,0.000000e+00,0.000000e+00,5.588947e+01,8.319562e+02,3.374171e-01,7.183287e-05,0.000000e+00,2.557075e+01,0.000000e+00,0.000000e+00,-6.959321e-01
4.752345e-03,5.601792e+01,8.318024e+02,8.889417e-05,4.625500e-06,3.374925e-01,7.183287e-05,3.465245e-06,0.000000e+00,-4.735780e+00,0.000000e+00,0.000000e+00,0.000000e+00,0.000000e+00,0.000000e+00,0.000000e+00,0.000000e+00,5.421011e-20,7.546700e-14,0.000000e+00,0.000000e+00,0.000000e+00,0.000000e+00,5.601792e+01,8.318325e+02,3.374821e-01,7.183287e-05,0.000000e+00,2.561958e+01,0.000000e+00,0.000000e+00,-6.959972e-01
4.762740e-03,5.619807e+01,8.316208e+02,8.876545e-05,4.915812e-06,3.375531e-01,7.183287e-05,3.465092e-06,0.000000e+00,-4.735784e+00,0.000000e+00,0.000000e+00,0.000000e+00,0.000000e+00,0.000000e+00,0.000000e+00,0.000000e+00,5.421011e-20,7.546700e-14,0.000000e+00,0.000000e+00,0.000000e+00,0.000000e+00,5.619807e+01,8.316588e+02,3.375434e-01,7.183287e-05,0.000000e+00,2.566843e+01,0.000000e+00,0.000000e+00,-6.960585e-01
4.773135e-03,5.642698e+01,8.313910e+02,8.861920e-05,5.143906e-06,3.376104e-01,7.183287e-05,3.464590e-06,0.000000e+00,-4.736131e+00,0.000000e+00,0.000000e+00,0.000000e+00,0.000000e+00,0.000000e+00,0.000000e+00,0.000000e+00,5.421011e-20,7.546700e-14,0.000000e+00,0.000000e+00,0.000000e+00,0.000000e+00,5.642698e+01,8.314371e+02,3.376008e-01,7.183287e-05,0.000000e+00,2.571728e+01,0.000000e+00,0.000000e+00,-6.961166e-01
4.780064e-03,5.660593e+01,8.312114e+02,8.852610e-05,5.273667e-06,3.376464e-01,7.183287e-05,3.464324e-06,0.000000e+00,-4.736131e+00,0.000000e+00,0.000000e+00,0.000000e+00,0.000000e+00,0.000000e+00,0.000000e+00,0.000000e+00,5.421011e-20,7.546700e-14,0.000000e+00,0.000000e+00,0.000000e+00,0.000000e+00,5.660593e+01,8.312626e+02,3.376376e-01,7.183287e-05,0.000000e+00,2.574985e+01,0.000000e+00,0.000000e+00,-6.961530e-01
4.790457e-03,5.691027e+01,8.309055e+02,8.849686e-05,5.475624e-06,3.376973e-01,7.183287e-05,3.464634e-06,0.000000e+00,-4.736131e+00,0.000000e+00,0.000000e+00,0.000000e+00,0.000000e+00,0.000000e+00,0.000000e+00,0.000000e+00,5.421011e-20,7.546700e-14,0.000000e+00,0.000000e+00,0.000000e+00,0.000000e+00,5.691027e+01,8.309637e+02,3.376892e-01,7.183287e-05,0.000000e+00,2.579870e+01,0.000000e+00,0.000000e+00,-6.962045e-01
4.800852e-03,5.725193e+01,8.305612e+02,8.855403e-05,5.603030e-06,3.377439e-01,7.183287e-05,3.466276e-06,0.000000e+00,-4.736131e+00,0.000000e+00,0.000000e+00,0.000000e+00,0.000000e+00,0.000000e+00,0.000000e+00,0.000000e+00,5.421011e-20,7.546700e-14,0.000000e+00,0.000000e+00,0.000000e+00,0.000000e+00,5.725193e+01,8.306252e+02,3.377365e-01,7.183287e-05,0.000000e+00,2.584758e+01,0.000000e+00,0.000000e+00,-6.962510e-01
4.811254e-03,5.762364e+01,8.301855e+02,8.866776e-05,5.670293e-06,3.377849e-01,7.183287e-05,3.469113e-06,0.000000e+00,-4.736309e+00,0.000000e+00,0.000000e+00,0.000000e+00,0.000000e+00,0.000000e+00,0.000000e+00,0.000000e+00,5.421011e-20,7.546700e-14,0.000000e+00,0.000000e+00,0.000000e+00,0.000000e+00,5.762364e+01,8.302541e+02,3.377784e-01,7.183287e-05,0.000000e+00,2.589648e+01,0.000000e+00,0.000000e+00,-6.962919e-01
4.821663e-03,5.801712e+01,8.297878e+02,8.878145e-05,5.664134e-06,3.378209e-01,7.183287e-05,3.376503e-06,0.000000e+00,-4.736325e+00,0.000000e+00,0.000000e+00,0.000000e+00,0.000000e+00,0.000000e+00,0.000000e+00,0.000000e+00,5.421011e-20,7.546700e-14,0.000000e+00,0.000000e+00,0.000000e+00,0.000000e+00,5.801712e+01,8.298593e+02,3.378152e-01,7.183287e-05,0.000000e+00,2.594543e+01,0.000000e+00,0.000000e+00,-6.963276e-01
4.831887e-03,5.841478e+01,8.293862e+02,8.879685e-05,5.640657e-06,3.378524e-01,7.183287e-05,3.471501e-06,0.000000e+00,-4.736325e+00,0.000000e+00,0.000000e+00,0.000000e+00,0.000000e+00,0.000000e+00,0.000000e+00,0.000000e+00,5.421011e-20,7.546700e-14,0.000000e+00,0.000000e+00,0.000000e+00,0.000000e+00,5.841478e+01,8.294588e+02,3.378474e-01,7.183287e-05,0.000000e+00,2.599352e+01,0.000000e+00,0.000000e+00,-6.963593e-01
4.842304e-03,5.882111e+01,8.289763e+02,8.872835e-05,5.622488e-06,3.378814e-01,7.183287e-05,3.473764e-06,0.000000e+00,-4.736325e+00,0.000000e+00,0.000000e+00,0.000000e+00,0.000000e+00,0.000000e+00,0.000000e+00,0.000000e+00,5.421011e-20,7.546700e-14,0.000000e+00,0.000000e+00,0.000000e+00,0.000000e+00,5.882111e+01,8.290483e+02,3.378769e-01,7.183287e-05,0.000000e+00,2.604251e+01,0.000000e+00,0.000000e+00,-6.963884e-01
4.852728e-03,5.921959e+01,8.285752e+02,8.865124e-05,5.667155e-06,3.379075e-01,7.183287e-05,3.476595e-06,0.000000e+00,-4.736325e+00,0.000000e+00,0.000000e+00,0.000000e+00,0.000000e+00,0.000000e+00,0.000000e+00,0.000000e+00,5.421011e-20,7.546700e-14,0.000000e+00,0.000000e+00,0.000000e+00,0.000000e+00,5.921959e+01,8.286450e+02,3.379036e-01,7.183287e-05,0.000000e+00,2.609155e+01,0.000000e+00,0.000000e+00,-6.964141e-01
4.863161e-03,5.960091e+01,8.281912e+02,8.859067e-05,5.719824e-06,3.379306e-01,7.183287e-05,3.480018e-06,0.000000e+00,-4.736491e+00,0.000000e+00,0.000000e+00,0.000000e+00,0.000000e+00,0.000000e+00,0.000000e+00,0.000000e+00,5.421011e-20,7.546700e-14,0.000000e+00,0.000000e+00,0.000000e+00,0.000000e+00,5.960091e+01,8.282576e+02,3.379271e-01,7.183287e-05,0.000000e+00,2.614063e+01,0.000000e+00,0.000000e+00,-6.964374e-01
4.870121e-03,5.984144e+01,8.279490e+02,8.855714e-05,5.737574e-06,3.379443e-01,7.183287e-05,3.480790e-06,0.000000e+00,-4.736491e+00,0.000000e+00,0.000000e+00,0.000000e+00,0.000000e+00,0.000000e+00,0.000000e+00,0.000000e+00,5.421011e-20,7.546700e-14,0.000000e+00,0.000000e+00,0.000000e+00,0.000000e+00,5.984144e+01,8.280121e+02,3.379410e-01,7.183287e-05,0.000000e+00,2.617337e+01,0.000000e+00,0.000000e+00,-6.964510e-01
4.880563e-03,6.017466e+01,8.276140e+02,8.850668e-05,5.730123e-06,3.379631e-01,7.183287e-05,3.480749e-06,0.000000e+00,-4.736491e+00,0.000000e+00,0.000000e+00,0.000000e+00,0.000000e+00,0.000000e+00,0.000000e+00,0.000000e+00,5.421011e-20,7.546700e-14,0.000000e+00,0.000000e+00,0.000000e+00,0.000000e+00,6.017466e+01,8.276710e+02,3.379601e-01,7.183287e-05,0.000000e+00,2.622250e+01,0.000000e+00,0.000000e+00,-6.964696e-01
4.891008e-03,6.046743e+01,8.273205e+02,8.842747e-05,5.718774e-06,3.379802e-01,7.183287e-05,3.482749e-06,0.000000e+00,-4.736491e+00,0.000000e+00,0.000000e+00,0.000000e+00,0.000000e+00,0.000000e+00,0.000000e+00,0.000000e+00,5.421011e-20,7.546700e-14,0.000000e+00,0.000000e+00,0.000000e+00,0.000000e+00,6.046743e+01,8.273699e+02,3.379774e-01,7.183287e-05,0.000000e+00,2.627164e+01,0.000000e+00,0.000000e+00,-6.964867e-01
4.901457e-03,6.071229e+01,8.270765e+02,8.838307e-05,5.641118e-06,3.379956e-01,7.183287e-05,3.483171e-06,0.000000e+00,-4.736491e+00,0.000000e+00,0.000000e+00,0.000000e+00,0.000000e+00,0.000000e+00,0.000000e+00,0.000000e+00,5.421011e-20,7.546700e-14,0.000000e+00,0.000000e+00,0.000000e+00,0.000000e+00,6.071229e+01,8.271172e+02,3.379932e-01,7.183287e-05,0.000000e+00,2.632080e+01,0.000000e+00,0.000000e+00,-6.965020e-01
4.911906e-03,6.090389e+01,8.268856e+02,8.835804e-05,5.572158e-06,3.380092e-01,7.183287e-05,3.483254e-06,0.000000e+00,-4.736491e+00,0.000000e+00,0.000000e+00,0.000000e+00,0.000000e+00,0.000000e+00,0.000000e+00,0.000000e+00,5.421011e-20,7.546700e-14,0.000000e+00,0.000000e+00,0.000000e+00,0.000000e+00,6.090389e+01,8.269174e+02,3.380071e-01,7.183287e-05,0.000000e+00,2.636997e+01,0.000000e+00,0.000000e+00,-6.965155e-01
4.922356e-03,6.103962e+01,8.267490e+02,8.831982e-05,5.555692e-06,3.380203e-01,7.183287e-05,3.483384e-06,0.000000e+00,-4.736822e+00,0.000000e+00,0.000000e+00,0.000000e+00,0.000000e+00,0.000000e+00,0.000000e+00,0.000000e+00,5.421011e-20,7.546700e-14,0.000000e+00,0.000000e+00,0.000000e+00,0.000000e+00,6.103962e+01,8.267719e+02,3.380178e-01,7.183287e-05,0.000000e+00,2.641915e+01,0.000000e+00,0.000000e+00,-6.965264e-01
4.932806e-03,6.112037e+01,8.266668e+02,8.831135e-05,5.561885e-06,3.380286e-01,7.183287e-05,3.483912e-06,0.000000e+00,-4.736822e+00,0.000000e+00,0.000000e+00,0.000000e+00,0.000000e+00,0.000000e+00,0.000000e+00,0.000000e+00,5.421011e-20,7.546700e-14,0.000000e+00,0.000000e+00,0.000000e+00,0.000000e+00,6.112037e+01,8.266804e+02,3.380274e-01,7.183287e-05,0.000000e+00,2.646832e+01,0.000000e+00,0.000000e+00,-6.965343e-01
4.943259e-03,6.114840e+01,8.266373e+02,8.831135e-05,5.561885e-06,3.380348e-01,7.183287e-05,3.484801e-06,0.000000e+00,-4.736822e+00,0.000000e+00,0.000000e+00,0.000000e+00,0.000000e+00,0.000000e+00,0.000000e+00,0.000000e+00,5.421011e-20,7.546700e-14,0.000000e+00,0.000000e+00,0.000000e+00,0.000000e+00,6.114840e+01,8.266425e+02,3.380339e-01,7.183287e-05,0.000000e+00,2.651751e+01,0.000000e+00,0.000000e+00,-6.965402e-01
4.950229e-03,6.114014e+01,8.266449e+02,8.831135e-05,5.561885e-06,3.380379e-01,7.183287e-05,3.485473e-06,0.000000e+00,-4.736822e+00,0.000000e+00,0.000000e+00,0.000000e+00,0.000000e+00,0.000000e+00,0.000000e+00,0.000000e+00,5.421011e-20,7.546700e-14,0.000000e+00,0.000000e+00,0.000000e+00,0.000000e+00,6.114014e+01,8.266448e+02,3.380373e-01,7.183287e-05,0.000000e+00,2.655031e+01,0.000000e+00,0.000000e+00,-6.965432e-01
4.960685e-03,6.109188e+01,8.266928e+02,8.830881e-05,5.558592e-06,3.380414e-01,7.183287e-05,3.482633e-06,0.000000e+00,-4.736822e+00,0.000000e+00,0.000000e+00,0.000000e+00,0.000000e+00,0.000000e+00,0.000000e+00,0.000000e+00,5.421011e-20,7.546700e-14,0.000000e+00,0.000000e+00,0.000000e+00,0.000000e+00,6.109188e+01,8.266859e+02,3.380409e-01,7.183287e-05,0.000000e+00,2.659952e+01,0.000000e+00,0.000000e+00,-6.965464e-01
4.971127e-03,6.100684e+01,8.267766e+02,8.826036e-05,5.555990e-06,3.380437e-01,7.183287e-05,3.476639e-06,0.000000e+00,-4.736822e+00,0.000000e+00,0.000000e+00,0.000000e+00,0.000000e+00,0.000000e+00,0.000000e+00,0.000000e+00,5.421011e-20,7.546700e-14,0.000000e+00,0.000000e+00,0.000000e+00,0.000000e+00,6.100684e+01,8.267641e+02,3.380433e-01,7.183287e-05,0.000000e+00,2.664865e+01,0.000000e+00,0.000000e+00,-6.965494e-01
4.981551e-03,6.089090e+01,8.268919e+02,8.818968e-05,5.570124e-06,3.380457e-01,7.183287e-05,3.471365e-06,0.000000e+00,-4.736822e+00,0.000000e+00,0.000000e+00,0.000000e+00,0.000000e+00,0.000000e+00,0.000000e+00,0.000000e+00,5.421011e-20,7.546700e-14,0.000000e+00,0.000000e+00,0.000000e+00,0.000000e+00,6.089090e+01,8.268746e+02,3.380454e-01,7.183287e-05,0.000000e+00,2.669771e+01,0.000000e+00,0.000000e+00,-6.965522e-01
4.991961e-03,6.074752e+01,8.270349e+02,8.813515e-05,5.611170e-06,3.380476e-01,7.183287e-05,3.467708e-06,0.000000e+00,-4.736822e+00,0.000000e+00,0.000000e+00,0.000000e+00,0.000000e+00,0.000000e+00,0.000000e+00,0.000000e+00,5.421011e-20,7.546700e-14,0.000000e+00,0.000000e+00,0.000000e+00,0.000000e+00,6.074752e+01,8.270129e+02,3.380473e-01,7.183287e-05,0.000000e+00,2.674670e+01,0.000000e+00,0.000000e+00,-6.965548e-01
5.002362e-03,6.057779e+01,8.272050e+02,8.813650e-05,5.615050e-06,3.380496e-01,7.183287e-05,3.466307e-06,0.000000e+00,-4.736822e+00,0.000000e+00,0.000000e+00,0.000000e+00,0.000000e+00,0.000000e+00,0.000000e+00,0.000000e+00,5.421011e-20,7.546700e-14,0.000000e+00,0.000000e+00,0.000000e+00,0.000000e+00,6.057779e+01,8.271788e+02,3.380493e-01,7.183287e-05,0.000000e+00,2.679565e+01,0.000000e+00,0.000000e+00,-6.965566e-01
5.012647e-03,6.038340e+01,8.273975e+02,8.812651e-05,5.609329e-06,3.380505e-01,7.183287e-05,3.417456e-06,0.000000e+00,-4.736889e+00,0.000000e+00,0.000000e+00,0.000000e+00,0.000000e+00,0.000000e+00,0.000000e+00,0.000000e+00,5.421011e-20,7.546700e-14,0.000000e+00,0.000000e+00,0.000000e+00,0.000000e+00,6.038340e+01,8.273676e+02,3.380502e-01,7.183287e-05,0.000000e+00,2.684405e+01,0.000000e+00,0.000000e+00,-6.965575e-01
5.022408e-03,6.017354e+01,8.276033e+02,8.812500e-05,5.593149e-06,3.380503e-01,7.183287e-05,3.177314e-06,0.000000e+00,-4.736889e+00,0.000000e+00,0.000000e+00,0.000000e+00,0.000000e+00,0.000000e+00,0.000000e+00,0.000000e+00,5.421011e-20,7.546700e-14,0.000000e+00,0.000000e+00,0.000000e+00,0.000000e+00,6.017354e+01,8.275714e+02,3.380504e-01,7.183287e-05,0.000000e+00,2.688999e+01,0.000000e+00,0.000000e+00,-6.965575e-01
5.032213e-03,5.993658e+01,8.278348e+02,8.814638e-05,5.566609e-06,3.380499e-01,7.183287e-05,3.474282e-06,0.000000e+00,-4.736889e+00,0.000000e+00,0.000000e+00,0.000000e+00,0.000000e+00,0.000000e+00,0.000000e+00,0.000000e+00,5.421011e-20,7.546700e-14,0.000000e+00,0.000000e+00,0.000000e+00,0.000000e+00,5.993658e+01,8.277968e+02,3.380501e-01,7.183287e-05,0.000000e+00,2.693613e+01,0.000000e+00,0.000000e+00,-6.965575e-01
5.042585e-03,5.965673e+01,8.281051e+02,8.819378e-05,5.621866e-06,3.380482e-01,7.183287e-05,3.420206e-06,0.000000e+00,-4.736889e+00,0.000000e+00,0.000000e+00,0.000000e+00,0.000000e+00,0.000000e+00,0.000000e+00,0.000000e+00,5.421011e-20,7.546700e-14,0.000000e+00,0.000000e+00,0.000000e+00,0.000000e+00,5.965673e+01,8.280620e+02,3.380485e-01,7.183287e-05,0.000000e+00,2.698494e+01,0.000000e+00,0.000000e+00,-6.965575e-01
5.052716e-03,5.935535e+01,8.283998e+02,8.819138e-05,5.635730e-06,3.380465e-01,7.183287e-05,3.354978e-06,0.000000e+00,-4.736889e+00,0.000000e+00,0.000000e+00,0.000000e+00,0.000000e+00,0.000000e+00,0.000000e+00,0.000000e+00,5.421011e-20,7.546700e-14,0.000000e+00,0.000000e+00,0.000000e+00,0.000000e+00,5.935535e+01,8.283525e+02,3.380468e-01,7.183287e-05,0.000000e+00,2.703262e+01,0.000000e+00,0.000000e+00,-6.965575e-01
5.062780e-03,5.903134e+01,8.287188e+02,8.817977e-05,5.634134e-06,3.380449e-01,7.183287e-05,3.354208e-06,0.000000e+00,-4.736889e+00,0.000000e+00,0.000000e+00,0.000000e+00,0.000000e+00,0.000000e+00,0.000000e+00,0.000000e+00,5.421011e-20,7.546700e-14,0.000000e+00,0.000000e+00,0.000000e+00,0.000000e+00,5.903134e+01,8.286680e+02,3.380452e-01,7.183287e-05,0.000000e+00,2.707998e+01,0.000000e+00,0.000000e+00,-6.965575e-01
5.072842e-03,5.868590e+01,8.290573e+02,8.816166e-05,5.645686e-06,3.380432e-01,7.183287e-05,3.353700e-06,0.000000e+00,-4.736889e+00,0.000000e+00,0.000000e+00,0.000000e+00,0.000000e+00,0.000000e+00,0.000000e+00,0.000000e+00,5.421011e-20,7.546700e-14,0.000000e+00,0.000000e+00,0.000000e+00,0.000000e+00,5.868590e+01,8.290032e+02,3.380435e-01,7.183287e-05,0.000000e+00,2.712733e+01,0.000000e+00,0.000000e+00,-6.965575e-01
5.082902e-03,5.832177e+01,8.294135e+02,8.814721e-05,5.661420e-06,3.380417e-01,7.183287e-05,3.352957e-06,0.000000e+00,-4.736889e+00,0.000000e+00,0.000000e+00,0.000000e+00,0.000000e+00,0.000000e+00,0.000000e+00,0.000000e+00,5.421011e-20,7.546700e-14,0.000000e+00,0.000000e+00,0.000000e+00,0.000000e+00,5.832177e+01,8.293565e+02,3.380420e-01,7.183287e-05,0.000000e+00,2.717467e+01,0.000000e+00,0.000000e+00,-6.965575e-01
5.093012e-03,5.793791e+01,8.297898e+02,8.812111e-05,5.679453e-06,3.380405e-01,7.183287e-05,3.402930e-06,0.000000e+00,-4.736889e+00,0.000000e+00,0.000000e+00,0.000000e+00,0.000000e+00,0.000000e+00,0.000000e+00,0.000000e+00,5.421011e-20,7.546700e-14,0.000000e+00,0.000000e+00,0.000000e+00,0.000000e+00,5.793791e+01,8.297288e+02,3.380407e-01,7.183287e-05,0.000000e+00,2.722225e+01,0.000000e+00,0.000000e+00,-6.965575e-01
5.103217e-03,5.753089e+01,8.301905e+02,8.809994e-05,5.703525e-06,3.380394e-01,7.183287e-05,3.399237e-06,0.000000e+00,-4.736889e+00,0.000000e+00,0.000000e+00,0.000000e+00,0.000000e+00,0.000000e+00,0.000000e+00,0.000000e+00,5.421011e-20,7.546700e-14,0.000000e+00,0.000000e+00,0.000000e+00,0.000000e+00,5.753089e+01,8.301258e+02,3.380396e-01,7.183287e-05,0.000000e+00,2.727027e+01,0.000000e+00,0.000000e+00,-6.965575e-01
5.113311e-03,5.710600e+01,8.306118e+02,8.808995e-05,5.725644e-06,3.380384e-01,7.183287e-05,3.344747e-06,0.000000e+00,-4.736889e+00,0.000000e+00,0.000000e+00,0.000000e+00,0.000000e+00,0.000000e+00,0.000000e+00,0.000000e+00,5.421011e-20,7.546700e-14,0.000000e+00,0.000000e+00,0.000000e+00,0.000000e+00,5.710600e+01,8.305436e+02,3.380386e-01,7.183287e-05,0.000000e+00,2.731777e+01,0.000000e+00,0.000000e+00,-6.965575e-01
5.123339e-03,5.665844e+01,8.310567e+02,8.807825e-05,5.745595e-06,3.380374e-01,7.183287e-05,3.338831e-06,0.000000e+00,-4.736889e+00,0.000000e+00,0.000000e+00,0.000000e+00,0.000000e+00,0.000000e+00,0.000000e+00,0.000000e+00,5.421011e-20,7.546700e-14,0.000000e+00,0.000000e+00,0.000000e+00,0.000000e+00,5.665844e+01,8.309843e+02,3.380376e-01,7.183287e-05,0.000000e+00,2.736497e+01,0.000000e+00,0.000000e+00,-6.965575e-01
5.130014e-03,5.634478e+01,8.313682e+02,8.807114e-05,5.763709e-06,3.380366e-01,7.183287e-05,3.386235e-06,0.000000e+00,-4.736889e+00,0.000000e+00,0.000000e+00,0.000000e+00,0.000000e+00,0.000000e+00,0.000000e+00,0.000000e+00,5.421011e-20,7.546700e-14,0.000000e+00,0.000000e+00,0.000000e+00,0.000000e+00,5.634478e+01,8.312927e+02,3.380368e-01,7.183287e-05,0.000000e+00,2.739638e+01,0.000000e+00,0.000000e+00,-6.965575e-01
5.140166e-03,5.584092e+01,8.318670e+02,8.808091e-05,5.800133e-06,3.380353e-01,7.183287e-05,3.379193e-06,0.000000e+00,-4.736889e+00,0.000000e+00,0.000000e+00,0.000000e+00,0.000000e+00,0.000000e+00,0.000000e+00,0.000000e+00,5.421011e-20,7.546700e-14,0.000000e+00,0.000000e+00,0.000000e+00,0.000000e+00,5.584092e+01,8.317853e+02,3.380356e-01,7.183287e-05,0.000000e+00,2.744415e+01,0.000000e+00,0.000000e+00,-6.965575e-01
5.150527e-03,5.528974e+01,8.324112e+02,8.811993e-05,5.842565e-06,3.380339e-01,7.183287e-05,3.489934e-06,0.000000e+00,-4.736889e+00,0.000000e+00,0.000000e+00,0.000000e+00,0.000000e+00,0.000000e+00,0.000000e+00,0.000000e+00,5.421011e-20,7.546700e-14,0.000000e+00,0.000000e+00,0.000000e+00,0.000000e+00,5.528974e+01,8.323205e+02,3.380342e-01,7.183287e-05,0.000000e+00,2.749290e+01,0.000000e+00,0.000000e+00,-6.965575e-01
5.160994e-03,5.469104e+01,8.330042e+02,8.815118e-05,5.878216e-06,3.380331e-01,7.183287e-05,3.486237e-06,0.000000e+00,-4.736889e+00,0.000000e+00,0.000000e+00,0.000000e+00,0.000000e+00,0.000000e+00,0.000000e+00,0.000000e+00,5.421011e-20,7.546700e-14,0.000000e+00,0.000000e+00,0.000000e+00,0.000000e+00,5.469104e+01,8.329060e+02,3.380332e-01,7.183287e-05,0.000000e+00,2.754216e+01,0.000000e+00,0.000000e+00,-6.965575e-01
5.171448e-03,5.404837e+01,8.336425e+02,8.817247e-05,5.902790e-06,3.380325e-01,7.183287e-05,3.481361e-06,0.000000e+00,-4.736889e+00,0.000000e+00,0.000000e+00,0.000000e+00,0.000000e+00,0.000000e+00,0.000000e+00,0.000000e+00,5.421011e-20,7.546700e-14,0.000000e+00,0.000000e+00,0.000000e+00,0.000000e+00,5.404837e+01,8.335364e+02,3.380325e-01,7.183287e-05,0.000000e+00,2.759136e+01,0.000000e+00,0.000000e+00,-6.965575e-01
5.181888e-03,5.336097e+01,8.343288e+02,8.817304e-05,5.904419e-06,3.380324e-01,7.183287e-05,3.478132e-06,0.000000e+00,-4.736889e+00,0.000000e+00,0.000000e+00,0.000000e+00,0.000000e+00,0.000000e+00,0.000000e+00,0.000000e+00,5.421011e-20,7.546700e-14,0.000000e+00,0.000000e+00,0.000000e+00,0.000000e+00,5.336097e+01,8.342148e+02,3.380324e-01,7.183287e-05,0.000000e+00,2.764049e+01,0.000000e+00,0.000000e+00,-6.965575e-01
5.192321e-03,5.262946e+01,8.350605e+02,8.817304e-05,5.904419e-06,3.380324e-01,7.183287e-05,3.477353e-06,0.000000e+00,-4.736889e+00,0.000000e+00,0.000000e+00,0.000000e+00,0.000000e+00,0.000000e+00,0.000000e+00,0.000000e+00,5.421011e-20,7.546700e-14,0.000000e+00,0.000000e+00,0.000000e+00,0.000000e+00,5.262946e+01,8.349392e+02,3.380324e-01,7.183287e-05,0.000000e+00,2.768958e+01,0.000000e+00,0.000000e+00,-6.965575e-01
5.202754e-03,5.185545e+01,8.358348e+02,8.817304e-05,5.904419e-06,3.380324e-01,7.183287e-05,3.479076e-06,0.000000e+00,-4.736889e+00,0.000000e+00,0.000000e+00,0.000000e+00,0.000000e+00,0.000000e+00,0.000000e+00,0.000000e+00,5.421011e-20,7.546700e-14,0.000000e+00,0.000000e+00,0.000000e+00,0.000000e+00,5.185545e+01,8.357067e+02,3.380324e-01,7.183287e-05,0.000000e+00,2.773868e+01,0.000000e+00,0.000000e+00,-6.965575e-01
5.213195e-03,5.104132e+01,8.366486e+02,8.817304e-05,5.904419e-06,3.380324e-01,7.183287e-05,3.482399e-06,0.000000e+00,-4.736889e+00,0.000000e+00,0.000000e+00,0.000000e+00,0.000000e+00,0.000000e+00,0.000000e+00,0.000000e+00,5.421011e-20,7.546700e-14,0.000000e+00,0.000000e+00,0.000000e+00,0.000000e+00,5.104132e+01,8.365141e+02,3.380324e-01,7.183287e-05,0.000000e+00,2.778781e+01,0.000000e+00,0.000000e+00,-6.965575e-01
5.220161e-03,5.047739e+01,8.372118e+02,8.817304e-05,5.904419e-06,3.380324e-01,7.183287e-05,3.484789e-06,0.000000e+00,-4.736889e+00,0.000000e+00,0.000000e+00,0.000000e+00,0.000000e+00,0.000000e+00,0.000000e+00,0.000000e+00,5.421011e-20,7.546700e-14,0.000000e+00,0.000000e+00,0.000000e+00,0.000000e+00,5.047739e+01,8.370732e+02,3.380324e-01,7.183287e-05,0.000000e+00,2.782059e+01,0.000000e+00,0.000000e+00,-6.965575e-01
5.230618e-03,4.960081e+01,8.380870e+02,8.817304e-05,5.904419e-06,3.380324e-01,7.183287e-05,3.487601e-06,0.000000e+00,-4.736889e+00,0.000000e+00,0.000000e+00,0.000000e+00,0.000000e+00,0.000000e+00,0.000000e+00,0.000000e+00,5.421011e-20,7.546700e-14,0.000000e+00,0.000000e+00,0.000000e+00,0.000000e+00,4.960081e+01,8.379424e+02,3.380324e-01,7.183287e-05,0.000000e+00,2.786980e+01,0.000000e+00,0.000000e+00,-6.965575e-01
5.241081e-03,4.868871e+01,8.389982e+02,8.817304e-05,5.904419e-06,3.380324e-01,7.183287e-05,3.485804e-06,0.000000e+00,-4.736889e+00,0.000000e+00,0.000000e+00,0.000000e+00,0.000000e+00,0.000000e+00,0.000000e+00,0.000000e+00,5.421011e-20,7.546700e-14,0.000000e+00,0.000000e+00,0.000000e+00,0.000000e+00,4.868871e+01,8.388477e+02,3.380324e-01,7.183287e-05,0.000000e+00,2.791904e+01,0.000000e+00,0.000000e+00,-6.965575e-01
5.251536e-03,4.774294e+01,8.399442e+02,8.817304e-05,5.904419e-06,3.380324e-01,7.183287e-05,3.484605e-06,0.000000e+00,-4.736889e+00,0.000000e+00,0.000000e+00,0.000000e+00,0.000000e+00,0.000000e+00,0.000000e+00,0.000000e+00,5.421011e-20,7.546700e-14,0.000000e+00,0.000000e+00,0.000000e+00,0.000000e+00,4.774294e+01,8.397878e+02,3.380324e-01,7.183287e-05,0.000000e+00,2.796824e+01,0.000000e+00,0.000000e+00,-6.965575e-01
5.261991e-03,4.676407e+01,8.409240e+02,8.817304e-05,5.904419e-06,3.380324e-01,7.183287e-05,3.486436e-06,0.000000e+00,-4.736889e+00,0.000000e+00,0.000000e+00,0.000000e+00,0.000000e+00,0.000000e+00,0.000000e+00,0.000000e+00,5.421011e-20,7.546700e-14,0.000000e+00,0.000000e+00,0.000000e+00,0.000000e+00,4.676407e+01,8.407622e+02,3.380324e-01,7.183287e-05,0.000000e+00,2.801744e+01,0.000000e+00,0.000000e+00,-6.965575e-01
5.272453e-03,4.575307e+01,8.419358e+02,8.817304e-05,5.904419e-06,3.380324e-01,7.183287e-05,3.487748e-06,0.000000e+00,-4.736889e+00,0.000000e+00,0.000000e+00,0.000000e+00,0.000000e+00,0.000000e+00,0.000000e+00,0.000000e+00,5.421011e-20,7.546700e-14,0.000000e+00,0.000000e+00,0.000000e+00,0.000000e+00,4.575307e+01,8.417689e+02,3.380324e-01,7.183287e-05,0.000000e+00,2.806667e+01,0.000000e+00,0.000000e+00,-6.965575e-01
5.282915e-03,4.471290e+01,8.429758e+02,8.817304e-05,5.904419e-06,3.380324e-01,7.183287e-05,3.486004e-06,0.000000e+00,-4.736889e+00,0.000000e+00,0.000000e+00,0.000000e+00,0.000000e+00,0.000000e+00,0.000000e+00,0.000000e+00,5.421011e-20,7.546700e-14,0.000000e+00,0.000000e+00,0.000000e+00,0.000000e+00,4.471290e+01,8.428044e+02,3.380324e-01,7.183287e-05,0.000000e+00,2.811590e+01,0.000000e+00,0.000000e+00,-6.965575e-01
5.293370e-03,4.364673e+01,8.440411e+02,8.817304e-05,5.904419e-06,3.380324e-01,7.183287e-05,3.483588e-06,0.000000e+00,-4.736889e+00,0.000000e+00,0.000000e+00,0.000000e+00,0.000000e+00,0.000000e+00,0.000000e+00,0.000000e+00,5.421011e-20,7.546700e-14,0.000000e+00,0.000000e+00,0.000000e+00,0.000000e+00,4.364673e+01,8.438657e+02,3.380324e-01,7.183287e-05,0.000000e+00,2.816510e+01,0.000000e+00,0.000000e+00,-6.965575e-01
5.300337e-03,4.292316e+01,8.447644e+02,8.817304e-05,5.904419e-06,3.380324e-01,7.183287e-05,3.481564e-06,0.000000e+00,-4.736889e+00,0.000000e+00,0.000000e+00,0.000000e+00,0.000000e+00,0.000000e+00,0.000000e+00,0.000000e+00,5.421011e-20,7.546700e-14,0.000000e+00,0.000000e+00,0.000000e+00,0.000000e+00,4.292316e+01,8.445865e+02,3.380324e-01,7.183287e-05,0.000000e+00,2.819788e+01,0.000000e+00,0.000000e+00,-6.965575e-01
5.310778e-03,4.182249e+01,8.458654e+02,8.817304e-05,5.904419e-06,3.380324e-01,7.183287e-05,3.477820e-06,0.000000e+00,-4.736889e+00,0.000000e+00,0.000000e+00,0.000000e+00,0.000000e+00,0.000000e+00,0.000000e+00,0.000000e+00,5.421011e-20,7.546700e-14,0.000000e+00,0.000000e+00,0.000000e+00,0.000000e+00,4.182249e+01,8.456846e+02,3.380324e-01,7.183287e-05,0.000000e+00,2.824702e+01,0.000000e+00,0.000000e+00,-6.965575e-01
5.321207e-03,4.071010e+01,8.469786e+02,8.817304e-05,5.904419e-06,3.380324e-01,7.183287e-05,3.473486e-06,0.000000e+00,-4.736889e+00,0.000000e+00,0.000000e+00,0.000000e+00,0.000000e+00,0.000000e+00,0.000000e+00,0.000000e+00,5.421011e-20,7.546700e-14,0.000000e+00,0.000000e+00,0.000000e+00,0.000000e+00,4.071010e+01,8.467966e+02,3.380324e-01,7.183287e-05,0.000000e+00,2.829610e+01,0.000000e+00,0.000000e+00,-6.965575e-01
5.331623e-03,3.959493e+01,8.480947e+02,8.817304e-05,5.904419e-06,3.380324e-01,7.183287e-05,3.469301e-06,0.000000e+00,-4.736889e+00,0.000000e+00,0.000000e+00,0.000000e+00,0.000000e+00,0.000000e+00,0.000000e+00,0.000000e+00,5.421011e-20,7.546700e-14,0.000000e+00,0.000000e+00,0.000000e+00,0.000000e+00,3.959493e+01,8.479129e+02,3.380324e-01,7.183287e-05,0.000000e+00,2.834511e+01,0.000000e+00,0.000000e+00,-6.965575e-01
5.342028e-03,3.848610e+01,8.492036e+02,8.817304e-05,5.904419e-06,3.380324e-01,7.183287e-05,3.466115e-06,0.000000e+00,-4.736889e+00,0.000000e+00,0.000000e+00,0.000000e+00,0.000000e+00,0.000000e+00,0.000000e+00,0.000000e+00,5.421011e-20,7.546700e-14,0.000000e+00,0.000000e+00,0.000000e+00,0.000000e+00,3.848610e+01,8.490237e+02,3.380324e-01,7.183287e-05,0.000000e+00,2.839407e+01,0.000000e+00,0.000000e+00,-6.965575e-01
5.352424e-03,3.739202e+01,8.502970e+02,8.817304e-05,5.904419e-06,3.380324e-01,7.183287e-05,3.464428e-06,0.000000e+00,-4.736889e+00,0.000000e+00,0.000000e+00,0.000000e+00,0.000000e+00,0.000000e+00,0.000000e+00,0.000000e+00,5.421011e-20,7.546700e-14,0.000000e+00,0.000000e+00,0.000000e+00,0.000000e+00,3.739202e+01,8.501202e+02,3.380324e-01,7.183287e-05,0.000000e+00,2.844300e+01,0.000000e+00,0.000000e+00,-6.965575e-01
5.362817e-03,3.631982e+01,8.513680e+02,8.817304e-05,5.904419e-06,3.380324e-01,7.183287e-05,3.464253e-06,0.000000e+00,-4.736889e+00,0.000000e+00,0.000000e+00,0.000000e+00,0.000000e+00,0.000000e+00,0.000000e+00,0.000000e+00,5.421011e-20,7.546700e-14,0.000000e+00,0.000000e+00,0.000000e+00,0.000000e+00,3.631982e+01,8.511954e+02,3.380324e-01,7.183287e-05,0.000000e+00,2.849190e+01,0.000000e+00,0.000000e+00,-6.965575e-01
5.373210e-03,3.527478e+01,8.524115e+02,8.817304e-05,5.904419e-06,3.380324e-01,7.183287e-05,3.465334e-06,0.000000e+00,-4.736889e+00,0.000000e+00,0.000000e+00,0.000000e+00,0.000000e+00,0.000000e+00,0.000000e+00,0.000000e+00,5.421011e-20,7.546700e-14,0.000000e+00,0.000000e+00,0.000000e+00,0.000000e+00,3.527478e+01,8.522438e+02,3.380324e-01,7.183287e-05,0.000000e+00,2.854081e+01,0.000000e+00,0.000000e+00,-6.965575e-01
5.380142e-03,3.459472e+01,8.530907e+02,8.817304e-05,5.904419e-06,3.380324e-01,7.183287e-05,3.466568e-06,0.000000e+00,-4.736889e+00,0.000000e+00,0.000000e+00,0.000000e+00,0.000000e+00,0.000000e+00,0.000000e+00,0.000000e+00,5.421011e-20,7.546700e-14,0.000000e+00,0.000000e+00,0.000000e+00,0.000000e+00,3.459472e+01,8.529263e+02,3.380324e-01,7.183287e-05,0.000000e+00,2.857343e+01,0.000000e+00,0.000000e+00,-6.965575e-01
5.390543e-03,3.360033e+01,8.540848e+02,8.817304e-05,5.904419e-06,3.380324e-01,7.183287e-05,3.468861e-06,0.000000e+00,-4.736889e+00,0.000000e+00,0.000000e+00,0.000000e+00,0.000000e+00,0.000000e+00,0.000000e+00,0.000000e+00,5.421011e-20,7.546700e-14,0.000000e+00,0.000000e+00,0.000000e+00,0.000000e+00,3.360033e+01,8.539254e+02,3.380324e-01,7.183287e-05,0.000000e+00,2.862238e+01,0.000000e+00,0.000000e+00,-6.965575e-01
5.400952e-03,3.263628e+01,8.550497e+02,8.817304e-05,5.904419e-06,3.380324e-01,7.183287e-05,3.471167e-06,0.000000e+00,-4.736889e+00,0.000000e+00,0.000000e+00,0.000000e+00,0.000000e+00,0.000000e+00,0.000000e+00,0.000000e+00,5.421011e-20,7.546700e-14,0.000000e+00,0.000000e+00,0.000000e+00,0.000000e+00,3.263628e+01,8.548951e+02,3.380324e-01,7.183287e-05,0.000000e+00,2.867136e+01,0.000000e+00,0.000000e+00,-6.965575e-01
5.411368e-03,3.170129e+01,8.559853e+02,8.817304e-05,5.904419e-06,3.380324e-01,7.183287e-05,3.472885e-06,0.000000e+00,-4.736889e+00,0.000000e+00,0.000000e+00,0.000000e+00,0.000000e+00,0.000000e+00,0.000000e+00,0.000000e+00,5.421011e-20,7.546700e-14,0.000000e+00,0.000000e+00,0.000000e+00,0.000000e+00,3.170129e+01,8.558356e+02,3.380324e-01,7.183287e-05,0.000000e+00,2.872038e+01,0.000000e+00,0.000000e+00,-6.965575e-01
5.421788e-03,3.079317e+01,8.568922e+02,8.817304e-05,5.904419e-06,3.380324e-01,7.183287e-05,3.473540e-06,0.000000e+00,-4.736889e+00,0.000000e+00,0.000000e+00,0.000000e+00,0.000000e+00,0.000000e+00,0.000000e+00,0.000000e+00,5.421011e-20,7.546700e-14,0.000000e+00,0.000000e+00,0.000000e+00,0.000000e+00,3.079317e+01,8.567471e+02,3.380324e-01,7.183287e-05,0.000000e+00,2.876941e+01,0.000000e+00,0.000000e+00,-6.965575e-01
5.432208e-03,2.990861e+01,8.577741e+02,8.817304e-05,5.904419e-06,3.380324e-01,7.183287e-05,3.472961e-06,0.000000e+00,-4.736889e+00,0.000000e+00,0.000000e+00,0.000000e+00,0.000000e+00,0.000000e+00,0.000000e+00,0.000000e+00,5.421011e-20,7.546700e-14,0.000000e+00,0.000000e+00,0.000000e+00,0.000000e+00,2.990861e+01,8.576327e+02,3.380324e-01,7.183287e-05,0.000000e+00,2.881845e+01,0.000000e+00,0.000000e+00,-6.965575e-01
5.442625e-03,2.904357e+01,8.586371e+02,8.817304e-05,5.904419e-06,3.380324e-01,7.183287e-05,3.471331e-06,0.000000e+00,-4.736889e+00,0.000000e+00,0.000000e+00,0.000000e+00,0.000000e+00,0.000000e+00,0.000000e+00,0.000000e+00,5.421011e-20,7.546700e-14,0.000000e+00,0.000000e+00,0.000000e+00,0.000000e+00,2.904357e+01,8.584984e+02,3.380324e-01,7.183287e-05,0.000000e+00,2.886747e+01,0.000000e+00,0.000000e+00,-6.965575e-01
5.453037e-03,2.819472e+01,8.594866e+02,8.817304e-05,5.904419e-06,3.380324e-01,7.183287e-05,3.469061e-06,0.000000e+00,-4.736889e+00,0.000000e+00,0.000000e+00,0.000000e+00,0.000000e+00,0.000000e+00,0.000000e+00,0.000000e+00,5.421011e-20,7.546700e-14,0.000000e+00,0.000000e+00,0.000000e+00,0.000000e+00,2.819472e+01,8.593499e+02,3.380324e-01,7.183287e-05,0.000000e+00,2.891646e+01,0.000000e+00,0.000000e+00,-6.965575e-01
5.463442e-03,2.736045e+01,8.603238e+02,8.817304e-05,5.904419e-06,3.380324e-01,7.183287e-05,3.466600e-06,0.000000e+00,-4.736889e+00,0.000000e+00,0.000000e+00,0.000000e+00,0.000000e+00,0.000000e+00,0.000000e+00,0.000000e+00,5.421011e-20,7.546700e-14,0.000000e+00,0.000000e+00,0.000000e+00,0.000000e+00,2.736045e+01,8.601892e+02,3.380324e-01,7.183287e-05,0.000000e+00,2.896543e+01,0.000000e+00,0.000000e+00,-6.965575e-01
5.470374e-03,2.681245e+01,8.608738e+02,8.817304e-05,5.904419e-06,3.380324e-01,7.183287e-05,3.464990e-06,0.000000e+00,-4.736889e+00,0.000000e+00,0.000000e+00,0.000000e+00,0.000000e+00,0.000000e+00,0.000000e+00,0.000000e+00,5.421011e-20,7.546700e-14,0.000000e+00,0.000000e+00,0.000000e+00,0.000000e+00,2.681245e+01,8.607411e+02,3.380324e-01,7.183287e-05,0.000000e+00,2.899805e+01,0.000000e+00,0.000000e+00,-6.965575e-01
5.480767e-03,2.600364e+01,8.616843e+02,8.817304e-05,5.904419e-06,3.380324e-01,7.183287e-05,3.462598e-06,0.000000e+00,-4.736889e+00,0.000000e+00,0.000000e+00,0.000000e+00,0.000000e+00,0.000000e+00,0.000000e+00,0.000000e+00,5.421011e-20,7.546700e-14,0.000000e+00,0.000000e+00,0.000000e+00,0.000000e+00,2.600364e+01,8.615546e+02,3.380324e-01,7.183287e-05,0.000000e+00,2.904696e+01,0.000000e+00,0.000000e+00,-6.965575e-01
5.491152e-03,2.521214e+01,8.624746e+02,8.817304e-05,5.904419e-06,3.380324e-01,7.183287e-05,3.460080e-06,0.000000e+00,-4.736889e+00,0.000000e+00,0.000000e+00,0.000000e+00,0.000000e+00,0.000000e+00,0.000000e+00,0.000000e+00,5.421011e-20,7.546700e-14,0.000000e+00,0.000000e+00,0.000000e+00,0.000000e+00,2.521214e+01,8.623484e+02,3.380324e-01,7.183287e-05,0.000000e+00,2.909583e+01,0.000000e+00,0.000000e+00,-6.965575e-01
5.501530e-03,2.443971e+01,8.632443e+02,8.817304e-05,5.904419e-06,3.380324e-01,7.183287e-05,3.457521e-06,0.000000e+00,-4.736889e+00,0.000000e+00,0.000000e+00,0.000000e+00,0.000000e+00,0.000000e+00,0.000000e+00,0.000000e+00,5.421011e-20,7.546700e-14,0.000000e+00,0.000000e+00,0.000000e+00,0.000000e+00,2.443971e+01,8.631215e+02,3.380324e-01,7.183287e-05,0.000000e+00,2.914466e+01,0.000000e+00,0.000000e+00,-6.965575e-01
5.511900e-03,2.368879e+01,8.639927e+02,8.817304e-05,5.904419e-06,3.380324e-01,7.183287e-05,3.455413e-06,0.000000e+00,-4.736889e+00,0.000000e+00,0.000000e+00,0.000000e+00,0.000000e+00,0.000000e+00,0.000000e+00,0.000000e+00,5.421011e-20,7.546700e-14,0.000000e+00,0.000000e+00,0.000000e+00,0.000000e+00,2.368879e+01,8.638736e+02,3.380324e-01,7.183287e-05,0.000000e+00,2.919346e+01,0.000000e+00,0.000000e+00,-6.965575e-01
5.522265e-03,2.296316e+01,8.647177e+02,8.817304e-05,5.904419e-06,3.380324e-01,7.183287e-05,3.454371e-06,0.000000e+00,-4.736889e+00,0.000000e+00,0.000000e+00,0.000000e+00,0.000000e+00,0.000000e+00,0.000000e+00,0.000000e+00,5.421011e-20,7.546700e-14,0.000000e+00,0.000000e+00,0.000000e+00,0.000000e+00,2.296316e+01,8.646028e+02,3.380324e-01,7.183287e-05,0.000000e+00,2.924224e+01,0.000000e+00,0.000000e+00,-6.965575e-01
5.532628e-03,2.226818e+01,8.654135e+02,8.817304e-05,5.904419e-06,3.380324e-01,7.183287e-05,3.454643e-06,0.000000e+00,-4.736889e+00,0.000000e+00,0.000000e+00,0.000000e+00,0.000000e+00,0.000000e+00,0.000000e+00,0.000000e+00,5.421011e-20,7.546700e-14,0.000000e+00,0.000000e+00,0.000000e+00,0.000000e+00,2.226818e+01,8.653040e+02,3.380324e-01,7.183287e-05,0.000000e+00,2.929100e+01,0.000000e+00,0.000000e+00,-6.965575e-01
5.542993e-03,2.161022e+01,8.660722e+02,8.817304e-05,5.904419e-06,3.380324e-01,7.183287e-05,3.455941e-06,0.000000e+00,-4.736889e+00,0.000000e+00,0.000000e+00,0.000000e+00,0.000000e+00,0.000000e+00,0.000000e+00,0.000000e+00,5.421011e-20,7.546700e-14,0.000000e+00,0.000000e+00,0.000000e+00,0.000000e+00,2.161022e+01,8.659695e+02,3.380324e-01,7.183287e-05,0.000000e+00,2.933978e+01,0.000000e+00,0.000000e+00,-6.965575e-01
5.553362e-03,2.099553e+01,8.666870e+02,8.817304e-05,5.904419e-06,3.380324e-01,7.183287e-05,3.457721e-06,0.000000e+00,-4.736889e+00,0.000000e+00,0.000000e+00,0.000000e+00,0.000000e+00,0.000000e+00,0.000000e+00,0.000000e+00,5.421011e-20,7.546700e-14,0.000000e+00,0.000000e+00,0.000000e+00,0.000000e+00,2.099553e+01,8.665920e+02,3.380324e-01,7.183287e-05,0.000000e+00,2.938858e+01,0.000000e+00,0.000000e+00,-6.965575e-01
5.560278e-03,2.061246e+01,8.670698e+02,8.817304e-05,5.904419e-06,3.380324e-01,7.183287e-05,3.458992e-06,0.000000e+00,-4.736889e+00,0.000000e+00,0.000000e+00,0.000000e+00,0.000000e+00,0.000000e+00,0.000000e+00,0.000000e+00,5.421011e-20,7.546700e-14,0.000000e+00,0.000000e+00,0.000000e+00,0.000000e+00,2.061246e+01,8.669805e+02,3.380324e-01,7.183287e-05,0.000000e+00,2.942112e+01,0.000000e+00,0.000000e+00,-6.965575e-01
5.570658e-03,2.008135e+01,8.676006e+02,8.817304e-05,5.904419e-06,3.380324e-01,7.183287e-05,3.460955e-06,0.000000e+00,-4.736889e+00,0.000000e+00,0.000000e+00,0.000000e+00,0.000000e+00,0.000000e+00,0.000000e+00,0.000000e+00,5.421011e-20,7.546700e-14,0.000000e+00,0.000000e+00,0.000000e+00,0.000000e+00,2.008135e+01,8.675203e+02,3.380324e-01,7.183287e-05,0.000000e+00,2.946996e+01,0.000000e+00,0.000000e+00,-6.965575e-01
5.581042e-03,1.960634e+01,8.680761e+02,8.817304e-05,5.904419e-06,3.380324e-01,7.183287e-05,3.463086e-06,0.000000e+00,-4.736889e+00,0.000000e+00,0.000000e+00,0.000000e+00,0.000000e+00,0.000000e+00,0.000000e+00,0.000000e+00,5.421011e-20,7.546700e-14,0.000000e+00,0.000000e+00,0.000000e+00,0.000000e+00,1.960634e+01,8.680052e+02,3.380324e-01,7.183287e-05,0.000000e+00,2.951884e+01,0.000000e+00,0.000000e+00,-6.965575e-01
5.591434e-03,1.919236e+01,8.684910e+02,8.817304e-05,5.904419e-06,3.380324e-01,7.183287e-05,3.465476e-06,0.000000e+00,-4.736889e+00,0.000000e+00,0.000000e+00,0.000000e+00,0.000000e+00,0.000000e+00,0.000000e+00,0.000000e+00,5.421011e-20,7.546700e-14,0.000000e+00,0.000000e+00,0.000000e+00,0.000000e+00,1.919236e+01,8.684307e+02,3.380324e-01,7.183287e-05,0.000000e+00,2.956774e+01,0.000000e+00,0.000000e+00,-6.965575e-01
5.601833e-03,1.884520e+01,8.688389e+02,8.817304e-05,5.904419e-06,3.380324e-01,7.183287e-05,3.468065e-06,0.000000e+00,-4.736889e+00,0.000000e+00,0.000000e+00,0.000000e+00,0.000000e+00,0.000000e+00,0.000000e+00,0.000000e+00,5.421011e-20,7.546700e-14,0.000000e+00,0.000000e+00,0.000000e+00,0.000000e+00,1.884520e+01,8.687903e+02,3.380324e-01,7.183287e-05,0.000000e+00,2.961667e+01,0.000000e+00,0.000000e+00,-6.965575e-01
5.612240e-03,1.857118e+01,8.691129e+02,8.817304e-05,5.904419e-06,3.380324e-01,7.183287e-05,3.470585e-06,0.000000e+00,-4.736889e+00,0.000000e+00,0.000000e+00,0.000000e+00,0.000000e+00,0.000000e+00,0.000000e+00,0.000000e+00,5.421011e-20,7.546700e-14,0.000000e+00,0.000000e+00,0.000000e+00,0.000000e+00,1.857118e+01,8.690771e+02,3.380324e-01,7.183287e-05,0.000000e+00,2.966564e+01,0.000000e+00,0.000000e+00,-6.965575e-01
5.622654e-03,1.837628e+01,8.693072e+02,8.817304e-05,5.904419e-06,3.380324e-01,7.183287e-05,3.472665e-06,0.000000e+00,-4.736889e+00,0.000000e+00,0.000000e+00,0.000000e+00,0.000000e+00,0.000000e+00,0.000000e+00,0.000000e+00,5.421011e-20,7.546700e-14,0.000000e+00,0.000000e+00,0.000000e+00,0.000000e+00,1.837628e+01,8.692851e+02,3.380324e-01,7.183287e-05,0.000000e+00,2.971465e+01,0.000000e+00,0.000000e+00,-6.965575e-01
5.633073e-03,1.826542e+01,8.694175e+02,8.817304e-05,5.904419e-06,3.380324e-01,7.183287e-05,3.473998e-06,0.000000e+00,-4.736889e+00,0.000000e+00,0.000000e+00,0.000000e+00,0.000000e+00,0.000000e+00,0.000000e+00,0.000000e+00,5.421011e-20,7.546700e-14,0.000000e+00,0.000000e+00,0.000000e+00,0.000000e+00,1.826542e+01,8.694097e+02,3.380324e-01,7.183287e-05,0.000000e+00,2.976368e+01,0.000000e+00,0.000000e+00,-6.965575e-01
5.640022e-03,1.823993e+01,8.694429e+02,8.817304e-05,5.904419e-06,3.380324e-01,7.183287e-05,3.474379e-06,0.000000e+00,-4.736889e+00,0.000000e+00,0.000000e+00,0.000000e+00,0.000000e+00,0.000000e+00,0.000000e+00,0.000000e+00,5.421011e-20,7.546700e-14,0.000000e+00,0.000000e+00,0.000000e+00,0.000000e+00,1.823993e+01,8.694448e+02,3.380324e-01,7.183287e-05,0.000000e+00,2.979638e+01,0.000000e+00,0.000000e+00,-6.965575e-01
5.650444e-03,1.827571e+01,8.694072e+02,8.817304e-05,5.904419e-06,3.380324e-01,7.183287e-05,3.474081e-06,0.000000e+00,-4.736889e+00,0.000000e+00,0.000000e+00,0.000000e+00,0.000000e+00,0.000000e+00,0.000000e+00,0.000000e+00,5.421011e-20,7.546700e-14,0.000000e+00,0.000000e+00,0.000000e+00,0.000000e+00,1.827571e+01,8.694239e+02,3.380324e-01,7.183287e-05,0.000000e+00,2.984543e+01,0.000000e+00,0.000000e+00,-6.965575e-01
5.660865e-03,1.840060e+01,8.692827e+02,8.817304e-05,5.904419e-06,3.380324e-01,7.183287e-05,3.472643e-06,0.000000e+00,-4.736889e+00,0.000000e+00,0.000000e+00,0.000000e+00,0.000000e+00,0.000000e+00,0.000000e+00,0.000000e+00,5.421011e-20,7.546700e-14,0.000000e+00,0.000000e+00,0.000000e+00,0.000000e+00,1.840060e+01,8.693141e+02,3.380324e-01,7.183287e-05,0.000000e+00,2.989447e+01,0.000000e+00,0.000000e+00,-6.965575e-01
5.671281e-03,1.861336e+01,8.690701e+02,8.817304e-05,5.904419e-06,3.380324e-01,7.183287e-05,3.470032e-06,0.000000e+00,-4.736889e+00,0.000000e+00,0.000000e+00,0.000000e+00,0.000000e+00,0.000000e+00,0.000000e+00,0.000000e+00,5.421011e-20,7.546700e-14,0.000000e+00,0.000000e+00,0.000000e+00,0.000000e+00,1.861336e+01,8.691161e+02,3.380324e-01,7.183287e-05,0.000000e+00,2.994348e+01,0.000000e+00,0.000000e+00,-6.965575e-01
5.681688e-03,1.891116e+01,8.687722e+02,8.817304e-05,5.904419e-06,3.380324e-01,7.183287e-05,3.466556e-06,0.000000e+00,-4.736889e+00,0.000000e+00,0.000000e+00,0.000000e+00,0.000000e+00,0.000000e+00,0.000000e+00,0.000000e+00,5.421011e-20,7.546700e-14,0.000000e+00,0.000000e+00,0.000000e+00,0.000000e+00,1.891116e+01,8.688322e+02,3.380324e-01,7.183287e-05,0.000000e+00,2.999245e+01,0.000000e+00,0.000000e+00,-6.965575e-01
5.692084e-03,1.929004e+01,8.683928e+02,8.817304e-05,5.904419e-06,3.380324e-01,7.183287e-05,3.462996e-06,0.000000e+00,-4.736889e+00,0.000000e+00,0.000000e+00,0.000000e+00,0.000000e+00,0.000000e+00,0.000000e+00,0.000000e+00,5.421011e-20,7.546700e-14,0.000000e+00,0.000000e+00,0.000000e+00,0.000000e+00,1.929004e+01,8.684660e+02,3.380324e-01,7.183287e-05,0.000000e+00,3.004138e+01,0.000000e+00,0.000000e+00,-6.965575e-01
5.702470e-03,1.974562e+01,8.679368e+02,8.817304e-05,5.904419e-06,3.380324e-01,7.183287e-05,3.460439e-06,0.000000e+00,-4.736889e+00,0.000000e+00,0.000000e+00,0.000000e+00,0.000000e+00,0.000000e+00,0.000000e+00,0.000000e+00,5.421011e-20,7.546700e-14,0.000000e+00,0.000000e+00,0.000000e+00,0.000000e+00,1.974562e+01,8.680224e+02,3.380324e-01,7.183287e-05,0.000000e+00,3.009025e+01,0.000000e+00,0.000000e+00,-6.965575e-01
5.712850e-03,2.027374e+01,8.674084e+02,8.817304e-05,5.904419e-06,3.380324e-01,7.183287e-05,3.459802e-06,0.000000e+00,-4.736889e+00,0.000000e+00,0.000000e+00,0.000000e+00,0.000000e+00,0.000000e+00,0.000000e+00,0.000000e+00,5.421011e-20,7.546700e-14,0.000000e+00,0.000000e+00,0.000000e+00,0.000000e+00,2.027374e+01,8.675057e+02,3.380324e-01,7.183287e-05,0.000000e+00,3.013910e+01,0.000000e+00,0.000000e+00,-6.965575e-01
5.723231e-03,2.087072e+01,8.668110e+02,8.817304e-05,5.904419e-06,3.380324e-01,7.183287e-05,3.461431e-06,0.000000e+00,-4.736889e+00,0.000000e+00,0.000000e+00,0.000000e+00,0.000000e+00,0.000000e+00,0.000000e+00,0.000000e+00,5.421011e-20,7.546700e-14,0.000000e+00,0.000000e+00,0.000000e+00,0.000000e+00,2.087072e+01,8.669196e+02,3.380324e-01,7.183287e-05,0.000000e+00,3.018795e+01,0.000000e+00,0.000000e+00,-6.965575e-01
5.730154e-03,2.130536e+01,8.663755e+02,8.817304e-05,5.904419e-06,3.380324e-01,7.183287e-05,3.463667e-06,0.000000e+00,-4.736889e+00,0.000000e+00,0.000000e+00,0.000000e+00,0.000000e+00,0.000000e+00,0.000000e+00,0.000000e+00,5.421011e-20,7.546700e-14,0.000000e+00,0.000000e+00,0.000000e+00,0.000000e+00,2.130536e+01,8.664915e+02,3.380324e-01,7.183287e-05,0.000000e+00,3.022053e+01,0.000000e+00,0.000000e+00,-6.965575e-01
5.740550e-03,2.200981e+01,8.656693e+02,8.817304e-05,5.904419e-06,3.380324e-01,7.183287e-05,3.468288e-06,0.000000e+00,-4.736889e+00,0.000000e+00,0.000000e+00,0.000000e+00,0.000000e+00,0.000000e+00,0.000000e+00,0.000000e+00,5.421011e-20,7.546700e-14,0.000000e+00,0.000000e+00,0.000000e+00,0.000000e+00,2.200981e+01,8.657956e+02,3.380324e-01,7.183287e-05,0.000000e+00,3.026945e+01,0.000000e+00,0.000000e+00,-6.965575e-01
5.750957e-03,2.277387e+01,8.649034e+02,8.817304e-05,5.904419e-06,3.380324e-01,7.183287e-05,3.469423e-06,0.000000e+00,-4.736889e+00,0.000000e+00,0.000000e+00,0.000000e+00,0.000000e+00,0.000000e+00,0.000000e+00,0.000000e+00,5.421011e-20,7.546700e-14,0.000000e+00,0.000000e+00,0.000000e+00,0.000000e+00,2.277387e+01,8.650392e+02,3.380324e-01,7.183287e-05,0.000000e+00,3.031842e+01,0.000000e+00,0.000000e+00,-6.965575e-01
5.761366e-03,2.359340e+01,8.640836e+02,8.817304e-05,5.904419e-06,3.380324e-01,7.183287e-05,3.470851e-06,0.000000e+00,-4.736889e+00,0.000000e+00,0.000000e+00,0.000000e+00,0.000000e+00,0.000000e+00,0.000000e+00,0.000000e+00,5.421011e-20,7.546700e-14,0.000000e+00,0.000000e+00,0.000000e+00,0.000000e+00,2.359340e+01,8.642281e+02,3.380324e-01,7.183287e-05,0.000000e+00,3.036741e+01,0.000000e+00,0.000000e+00,-6.965575e-01
5.771781e-03,2.446658e+01,8.632119e+02,8.817304e-05,5.904419e-06,3.380324e-01,7.183287e-05,3.473570e-06,0.000000e+00,-4.736889e+00,0.000000e+00,0.000000e+00,0.000000e+00,0.000000e+00,0.000000e+00,0.000000e+00,0.000000e+00,5.421011e-20,7.546700e-14,0.000000e+00,0.000000e+00,0.000000e+00,0.000000e+00,2.446658e+01,8.633651e+02,3.380324e-01,7.183287e-05,0.000000e+00,3.041642e+01,0.000000e+00,0.000000e+00,-6.965575e-01
5.782206e-03,2.539332e+01,8.622872e+02,8.817304e-05,5.904419e-06,3.380324e-01,7.183287e-05,3.477031e-06,0.000000e+00,-4.736889e+00,0.000000e+00,0.000000e+00,0.000000e+00,0.000000e+00,0.000000e+00,0.000000e+00,0.000000e+00,5.421011e-20,7.546700e-14,0.000000e+00,0.000000e+00,0.000000e+00,0.000000e+00,2.539332e+01,8.624494e+02,3.380324e-01,7.183287e-05,0.000000e+00,3.046547e+01,0.000000e+00,0.000000e+00,-6.965575e-01
5.792640e-03,2.637435e+01,8.613071e+02,8.817304e-05,5.904419e-06,3.380324e-01,7.183287e-05,3.480805e-06,0.000000e+00,-4.736889e+00,0.000000e+00,0.000000e+00,0.000000e+00,0.000000e+00,0.000000e+00,0.000000e+00,0.000000e+00,5.421011e-20,7.546700e-14,0.000000e+00,0.000000e+00,0.000000e+00,0.000000e+00,2.637435e+01,8.614787e+02,3.380324e-01,7.183287e-05,0.000000e+00,3.051458e+01,0.000000e+00,0.000000e+00,-6.965575e-01
5.803086e-03,2.741003e+01,8.602709e+02,8.817304e-05,5.904419e-06,3.380324e-01,7.183287e-05,3.484663e-06,0.000000e+00,-4.736889e+00,0.000000e+00,0.000000e+00,0.000000e+00,0.000000e+00,0.000000e+00,0.000000e+00,0.000000e+00,5.421011e-20,7.546700e-14,0.000000e+00,0.000000e+00,0.000000e+00,0.000000e+00,2.741003e+01,8.604518e+02,3.380324e-01,7.183287e-05,0.000000e+00,3.056373e+01,0.000000e+00,0.000000e+00,-6.965575e-01
5.810057e-03,2.813059e+01,8.595497e+02,8.817304e-05,5.904419e-06,3.380324e-01,7.183287e-05,3.487227e-06,0.000000e+00,-4.736889e+00,0.000000e+00,0.000000e+00,0.000000e+00,0.000000e+00,0.000000e+00,0.000000e+00,0.000000e+00,5.421011e-20,7.546700e-14,0.000000e+00,0.000000e+00,0.000000e+00,0.000000e+00,2.813059e+01,8.597366e+02,3.380324e-01,7.183287e-05,0.000000e+00,3.059654e+01,0.000000e+00,0.000000e+00,-6.965575e-01
5.820523e-03,2.925567e+01,8.584247e+02,8.817304e-05,5.904419e-06,3.380324e-01,7.183287e-05,3.491011e-06,0.000000e+00,-4.736889e+00,0.000000e+00,0.000000e+00,0.000000e+00,0.000000e+00,0.000000e+00,0.000000e+00,0.000000e+00,5.421011e-20,7.546700e-14,0.000000e+00,0.000000e+00,0.000000e+00,0.000000e+00,2.925567e+01,8.586201e+02,3.380324e-01,7.183287e-05,0.000000e+00,3.064578e+01,0.000000e+00,0.000000e+00,-6.965575e-01
5.830998e-03,3.043262e+01,8.572495e+02,8.817304e-05,5.904419e-06,3.380324e-01,7.183287e-05,3.490972e-06,0.000000e+00,-4.736889e+00,0.000000e+00,0.000000e+00,0.000000e+00,0.000000e+00,0.000000e+00,0.000000e+00,0.000000e+00,5.421011e-20,7.546700e-14,0.000000e+00,0.000000e+00,0.000000e+00,0.000000e+00,3.043262e+01,8.574531e+02,3.380324e-01,7.183287e-05,0.000000e+00,3.069508e+01,0.000000e+00,0.000000e+00,-6.965575e-01
5.841468e-03,3.165889e+01,8.560255e+02,8.817304e-05,5.904419e-06,3.380324e-01,7.183287e-05,3.487390e-06,0.000000e+00,-4.736889e+00,0.000000e+00,0.000000e+00,0.000000e+00,0.000000e+00,0.000000e+00,0.000000e+00,0.000000e+00,5.421011e-20,7.546700e-14,0.000000e+00,0.000000e+00,0.000000e+00,0.000000e+00,3.165889e+01,8.562371e+02,3.380324e-01,7.183287e-05,0.000000e+00,3.074435e+01,0.000000e+00,0.000000e+00,-6.965575e-01
5.851925e-03,3.293308e+01,8.547526e+02,8.817304e-05,5.904419e-06,3.380324e-01,7.183287e-05,3.483244e-06,0.000000e+00,-4.736889e+00,0.000000e+00,0.000000e+00,0.000000e+00,0.000000e+00,0.000000e+00,0.000000e+00,0.000000e+00,5.421011e-20,7.546700e-14,0.000000e+00,0.000000e+00,0.000000e+00,0.000000e+00,3.293308e+01,8.549724e+02,3.380324e-01,7.183287e-05,0.000000e+00,3.079356e+01,0.000000e+00,0.000000e+00,-6.965575e-01
5.862371e-03,3.425396e+01,8.534315e+02,8.817304e-05,5.904419e-06,3.380324e-01,7.183287e-05,3.478659e-06,0.000000e+00,-4.736889e+00,0.000000e+00,0.000000e+00,0.000000e+00,0.000000e+00,0.000000e+00,0.000000e+00,0.000000e+00,5.421011e-20,7.546700e-14,0.000000e+00,0.000000e+00,0.000000e+00,0.000000e+00,3.425396e+01,8.536592e+02,3.380324e-01,7.183287e-05,0.000000e+00,3.084271e+01,0.000000e+00,0.000000e+00,-6.965575e-01
5.872802e-03,3.562024e+01,8.520643e+02,8.817304e-05,5.904419e-06,3.380324e-01,7.183287e-05,3.473869e-06,0.000000e+00,-4.736889e+00,0.000000e+00,0.000000e+00,0.000000e+00,0.000000e+00,0.000000e+00,0.000000e+00,0.000000e+00,5.421011e-20,7.546700e-14,0.000000e+00,0.000000e+00,0.000000e+00,0.000000e+00,3.562024e+01,8.522995e+02,3.380324e-01,7.183287e-05,0.000000e+00,3.089180e+01,0.000000e+00,0.000000e+00,-6.965575e-01
5.883219e-03,3.703091e+01,8.506532e+02,8.817304e-05,5.904419e-06,3.380324e-01,7.183287e-05,3.469478e-06,0.000000e+00,-4.736889e+00,0.000000e+00,0.000000e+00,0.000000e+00,0.000000e+00,0.000000e+00,0.000000e+00,0.000000e+00,5.421011e-20,7.546700e-14,0.000000e+00,0.000000e+00,0.000000e+00,0.000000e+00,3.703091e+01,8.508956e+02,3.380324e-01,7.183287e-05,0.000000e+00,3.094082e+01,0.000000e+00,0.000000e+00,-6.965575e-01
5.890157e-03,3.799564e+01,8.496887e+02,8.817304e-05,5.904419e-06,3.380324e-01,7.183287e-05,3.467189e-06,0.000000e+00,-4.736889e+00,0.000000e+00,0.000000e+00,0.000000e+00,0.000000e+00,0.000000e+00,0.000000e+00,0.000000e+00,5.421011e-20,7.546700e-14,0.000000e+00,0.000000e+00,0.000000e+00,0.000000e+00,3.799564e+01,8.499359e+02,3.380324e-01,7.183287e-05,0.000000e+00,3.097347e+01,0.000000e+00,0.000000e+00,-6.965575e-01
5.900556e-03,3.947860e+01,8.482068e+02,8.817304e-05,5.904419e-06,3.380324e-01,7.183287e-05,3.465278e-06,0.000000e+00,-4.736889e+00,0.000000e+00,0.000000e+00,0.000000e+00,0.000000e+00,0.000000e+00,0.000000e+00,0.000000e+00,5.421011e-20,7.546700e-14,0.000000e+00,0.000000e+00,0.000000e+00,0.000000e+00,3.947860e+01,8.484609e+02,3.380324e-01,7.183287e-05,0.000000e+00,3.102241e+01,0.000000e+00,0.000000e+00,-6.965575e-01
5.910952e-03,4.100333e+01,8.466831e+02,8.817304e-05,5.904419e-06,3.380324e-01,7.183287e-05,3.465595e-06,0.000000e+00,-4.736889e+00,0.000000e+00,0.000000e+00,0.000000e+00,0.000000e+00,0.000000e+00,0.000000e+00,0.000000e+00,5.421011e-20,7.546700e-14,0.000000e+00,0.000000e+00,0.000000e+00,0.000000e+00,4.100333e+01,8.469440e+02,3.380324e-01,7.183287e-05,0.000000e+00,3.107133e+01,0.000000e+00,0.000000e+00,-6.965575e-01
5.921350e-03,4.256720e+01,8.451196e+02,8.817304e-05,5.904419e-06,3.380324e-01,7.183287e-05,3.468160e-06,0.000000e+00,-4.736889e+00,0.000000e+00,0.000000e+00,0.000000e+00,0.000000e+00,0.000000e+00,0.000000e+00,0.000000e+00,5.421011e-20,7.546700e-14,0.000000e+00,0.000000e+00,0.000000e+00,0.000000e+00,4.256720e+01,8.453870e+02,3.380324e-01,7.183287e-05,0.000000e+00,3.112026e+01,0.000000e+00,0.000000e+00,-6.965575e-01
5.931759e-03,4.416563e+01,8.435207e+02,8.817304e-05,5.904419e-06,3.380324e-01,7.183287e-05,3.472414e-06,0.000000e+00,-4.736889e+00,0.000000e+00,0.000000e+00,0.000000e+00,0.000000e+00,0.000000e+00,0.000000e+00,0.000000e+00,5.421011e-20,7.546700e-14,0.000000e+00,0.000000e+00,0.000000e+00,0.000000e+00,4.416563e+01,8.437935e+02,3.380324e-01,7.183287e-05,0.000000e+00,3.116924e+01,0.000000e+00,0.000000e+00,-6.965575e-01
5.942181e-03,4.579191e+01,8.418933e+02,8.817304e-05,5.904419e-06,3.380324e-01,7.183287e-05,3.477302e-06,0.000000e+00,-4.736889e+00,0.000000e+00,0.000000e+00,0.000000e+00,0.000000e+00,0.000000e+00,0.000000e+00,0.000000e+00,5.421011e-20,7.546700e-14,0.000000e+00,0.000000e+00,0.000000e+00,0.000000e+00,4.579191e+01,8.421702e+02,3.380324e-01,7.183287e-05,0.000000e+00,3.121829e+01,0.000000e+00,0.000000e+00,-6.965575e-01
5.952618e-03,4.743752e+01,8.402468e+02,8.817304e-05,5.904419e-06,3.380324e-01,7.183287e-05,3.481614e-06,0.000000e+00,-4.736889e+00,0.000000e+00,0.000000e+00,0.000000e+00,0.000000e+00,0.000000e+00,0.000000e+00,0.000000e+00,5.421011e-20,7.546700e-14,0.000000e+00,0.000000e+00,0.000000e+00,0.000000e+00,4.743752e+01,8.405261e+02,3.380324e-01,7.183287e-05,0.000000e+00,3.126740e+01,0.000000e+00,0.000000e+00,-6.965575e-01
5.963066e-03,4.909309e+01,8.385912e+02,8.817304e-05,5.904419e-06,3.380324e-01,7.183287e-05,3.484431e-06,0.000000e+00,-4.736889e+00,0.000000e+00,0.000000e+00,0.000000e+00,0.000000e+00,0.000000e+00,0.000000e+00,0.000000e+00,5.421011e-20,7.546700e-14,0.000000e+00,0.000000e+00,0.000000e+00,0.000000e+00,4.909309e+01,8.388712e+02,3.380324e-01,7.183287e-05,0.000000e+00,3.131657e+01,0.000000e+00,0.000000e+00,-6.965575e-01
5.970035e-03,5.019780e+01,8.374871e+02,8.817304e-05,5.904419e-06,3.380324e-01,7.183287e-05,3.485306e-06,0.000000e+00,-4.736889e+00,0.000000e+00,0.000000e+00,0.000000e+00,0.000000e+00,0.000000e+00,0.000000e+00,0.000000e+00,5.421011e-20,7.546700e-14,0.000000e+00,0.000000e+00,0.000000e+00,0.000000e+00,5.019780e+01,8.377668e+02,3.380324e-01,7.183287e-05,0.000000e+00,3.134936e+01,0.000000e+00,0.000000e+00,-6.965575e-01
5.980491e-03,5.185021e+01,8.358359e+02,8.817304e-05,5.904419e-06,3.380324e-01,7.183287e-05,3.485262e-06,0.000000e+00,-4.736889e+00,0.000000e+00,0.000000e+00,0.000000e+00,0.000000e+00,0.000000e+00,0.000000e+00,0.000000e+00,5.421011e-20,7.546700e-14,0.000000e+00,0.000000e+00,0.000000e+00,0.000000e+00,5.185021e+01,8.361143e+02,3.380324e-01,7.183287e-05,0.000000e+00,3.139857e+01,0.000000e+00,0.000000e+00,-6.965575e-01
5.990946e-03,5.349083e+01,8.341960e+02,8.817304e-05,5.904419e-06,3.380324e-01,7.183287e-05,3.483992e-06,0.000000e+00,-4.736889e+00,0.000000e+00,0.000000e+00,0.000000e+00,0.000000e+00,0.000000e+00,0.000000e+00,0.000000e+00,5.421011e-20,7.546700e-14,0.000000e+00,0.000000e+00,0.000000e+00,0.000000e+00,5.349083e+01,8.344722e+02,3.380324e-01,7.183287e-05,0.000000e+00,3.144777e+01,0.000000e+00,0.000000e+00,-6.965575e-01
6.001396e-03,5.511371e+01,8.325728e+02,8.817304e-05,5.904419e-06,3.380324e-01,7.183287e-05,3.481941e-06,0.000000e+00,-4.736889e+00,0.000000e+00,0.000000e+00,0.000000e+00,0.000000e+00,0.000000e+00,0.000000e+00,0.000000e+00,5.421011e-20,7.546700e-14,0.000000e+00,0.000000e+00,0.000000e+00,0.000000e+00,5.511371e+01,8.328458e+02,3.380324e-01,7.183287e-05,0.000000e+00,3.149694e+01,0.000000e+00,0.000000e+00,-6.965575e-01
6.011839e-03,5.671372e+01,8.309717e+02,8.817304e-05,5.904419e-06,3.380324e-01,7.183287e-05,3.479393e-06,0.000000e+00,-4.736889e+00,0.000000e+00,0.000000e+00,0.000000e+00,0.000000e+00,0.000000e+00,0.000000e+00,0.000000e+00,5.421011e-20,7.546700e-14,0.000000e+00,0.000000e+00,0.000000e+00,0.000000e+00,5.671372e+01,8.312405e+02,3.380324e-01,7.183287e-05,0.000000e+00,3.154609e+01,0.000000e+00,0.000000e+00,-6.965575e-01
6.022274e-03,5.828661e+01,8.293979e+02,8.817304e-05,5.904419e-06,3.380324e-01,7.183287e-05,3.476475e-06,0.000000e+00,-4.736889e+00,0.000000e+00,0.000000e+00,0.000000e+00,0.000000e+00,0.000000e+00,0.000000e+00,0.000000e+00,5.421011e-20,7.546700e-14,0.000000e+00,0.000000e+00,0.000000e+00,0.000000e+00,5.828661e+01,8.296619e+02,3.380324e-01,7.183287e-05,0.000000e+00,3.159519e+01,0.000000e+00,0.000000e+00,-6.965575e-01
6.032701e-03,5.982945e+01,8.278552e+02,8.817304e-05,5.904419e-06,3.380324e-01,7.183287e-05,3.473248e-06,0.000000e+00,-4.736889e+00,0.000000e+00,0.000000e+00,0.000000e+00,0.000000e+00,0.000000e+00,0.000000e+00,0.000000e+00,5.421011e-20,7.546700e-14,0.000000e+00,0.000000e+00,0.000000e+00,0.000000e+00,5.982945e+01,8.281138e+02,3.380324e-01,7.183287e-05,0.000000e+00,3.164426e+01,0.000000e+00,0.000000e+00,-6.965575e-01
6.043117e-03,6.134070e+01,8.263447e+02,8.817304e-05,5.904419e-06,3.380324e-01,7.183287e-05,3.469862e-06,0.000000e+00,-4.736889e+00,0.000000e+00,0.000000e+00,0.000000e+00,0.000000e+00,0.000000e+00,0.000000e+00,0.000000e+00,5.421011e-20,7.546700e-14,0.000000e+00,0.000000e+00,0.000000e+00,0.000000e+00,6.134070e+01,8.265979e+02,3.380324e-01,7.183287e-05,0.000000e+00,3.169328e+01,0.000000e+00,0.000000e+00,-6.965575e-01
6.050056e-03,6.233018e+01,8.253558e+02,8.817304e-05,5.904419e-06,3.380324e-01,7.183287e-05,3.467666e-06,0.000000e+00,-4.736889e+00,0.000000e+00,0.000000e+00,0.000000e+00,0.000000e+00,0.000000e+00,0.000000e+00,0.000000e+00,5.421011e-20,7.546700e-14,0.000000e+00,0.000000e+00,0.000000e+00,0.000000e+00,6.233018e+01,8.256053e+02,3.380324e-01,7.183287e-05,0.000000e+00,3.172593e+01,0.000000e+00,0.000000e+00,-6.965575e-01
6.060456e-03,6.378640e+01,8.239003e+02,8.817304e-05,5.904419e-06,3.380324e-01,7.183287e-05,3.464780e-06,0.000000e+00,-4.736889e+00,0.000000e+00,0.000000e+00,0.000000e+00,0.000000e+00,0.000000e+00,0.000000e+00,0.000000e+00,5.421011e-20,7.546700e-14,0.000000e+00,0.000000e+00,0.000000e+00,0.000000e+00,6.378640e+01,8.241442e+02,3.380324e-01,7.183287e-05,0.000000e+00,3.177487e+01,0.000000e+00,0.000000e+00,-6.965575e-01
6.070848e-03,6.520712e+01,8.224803e+02,8.817304e-05,5.904419e-06,3.380324e-01,7.183287e-05,3.462852e-06,0.000000e+00,-4.736889e+00,0.000000e+00,0.000000e+00,0.000000e+00,0.000000e+00,0.000000e+00,0.000000e+00,0.000000e+00,5.421011e-20,7.546700e-14,0.000000e+00,0.000000e+00,0.000000e+00,0.000000e+00,6.520712e+01,8.227180e+02,3.380324e-01,7.183287e-05,0.000000e+00,3.182377e+01,0.000000e+00,0.000000e+00,-6.965575e-01
6.081236e-03,6.658944e+01,8.210988e+02,8.817304e-05,5.904419e-06,3.380324e-01,7.183287e-05,3.462397e-06,0.000000e+00,-4.736889e+00,0.000000e+00,0.000000e+00,0.000000e+00,0.000000e+00,0.000000e+00,0.000000e+00,0.000000e+00,5.421011e-20,7.546700e-14,0.000000e+00,0.000000e+00,0.000000e+00,0.000000e+00,6.658944e+01,8.213298e+02,3.380324e-01,7.183287e-05,0.000000e+00,3.187265e+01,0.000000e+00,0.000000e+00,-6.965575e-01
6.091624e-03,6.792988e+01,8.197592e+02,8.817304e-05,5.904419e-06,3.380324e-01,7.183287e-05,3.463753e-06,0.000000e+00,-4.736889e+00,0.000000e+00,0.000000e+00,0.000000e+00,0.000000e+00,0.000000e+00,0.000000e+00,0.000000e+00,5.421011e-20,7.546700e-14,0.000000e+00,0.000000e+00,0.000000e+00,0.000000e+00,6.792988e+01,8.199830e+02,3.380324e-01,7.183287e-05,0.000000e+00,3.192154e+01,0.000000e+00,0.000000e+00,-6.965575e-01
6.102018e-03,6.922462e+01,8.184650e+02,8.817304e-05,5.904419e-06,3.380324e-01,7.183287e-05,3.466912e-06,0.000000e+00,-4.736889e+00,0.000000e+00,0.000000e+00,0.000000e+00,0.000000e+00,0.000000e+00,0.000000e+00,0.000000e+00,5.421011e-20,7.546700e-14,0.000000e+00,0.000000e+00,0.000000e+00,0.000000e+00,6.922462e+01,8.186809e+02,3.380324e-01,7.183287e-05,0.000000e+00,3.197045e+01,0.000000e+00,0.000000e+00,-6.965575e-01
6.112423e-03,7.046951e+01,8.172200e+02,8.817304e-05,5.904419e-06,3.380324e-01,7.183287e-05,3.471421e-06,0.000000e+00,-4.736889e+00,0.000000e+00,0.000000e+00,0.000000e+00,0.000000e+00,0.000000e+00,0.000000e+00,0.000000e+00,5.421011e-20,7.546700e-14,0.000000e+00,0.000000e+00,0.000000e+00,0.000000e+00,7.046951e+01,8.174274e+02,3.380324e-01,7.183287e-05,0.000000e+00,3.201941e+01,0.000000e+00,0.000000e+00,-6.965575e-01
6.122842e-03,7.166001e+01,8.160293e+02,8.817304e-05,5.904419e-06,3.380324e-01,7.183287e-05,3.476486e-06,0.000000e+00,-4.736889e+00,0.000000e+00,0.000000e+00,0.000000e+00,0.000000e+00,0.000000e+00,0.000000e+00,0.000000e+00,5.421011e-20,7.546700e-14,0.000000e+00,0.000000e+00,0.000000e+00,0.000000e+00,7.166001e+01,8.162272e+02,3.380324e-01,7.183287e-05,0.000000e+00,3.206845e+01,0.000000e+00,0.000000e+00,-6.965575e-01
6.133277e-03,7.279165e+01,8.148978e+02,8.817304e-05,5.904419e-06,3.380324e-01,7.183287e-05,3.481222e-06,0.000000e+00,-4.736889e+00,0.000000e+00,0.000000e+00,0.000000e+00,0.000000e+00,0.000000e+00,0.000000e+00,0.000000e+00,5.421011e-20,7.546700e-14,0.000000e+00,0.000000e+00,0.000000e+00,0.000000e+00,7.279165e+01,8.150855e+02,3.380324e-01,7.183287e-05,0.000000e+00,3.211755e+01,0.000000e+00,0.000000e+00,-6.965575e-01
6.140240e-03,7.351131e+01,8.141788e+02,8.817304e-05,5.904419e-06,3.380324e-01,7.183287e-05,3.483823e-06,0.000000e+00,-4.736889e+00,0.000000e+00,0.000000e+00,0.000000e+00,0.000000e+00,0.000000e+00,0.000000e+00,0.000000e+00,5.421011e-20,7.546700e-14,0.000000e+00,0.000000e+00,0.000000e+00,0.000000e+00,7.351131e+01,8.143593e+02,3.380324e-01,7.183287e-05,0.000000e+00,3.215032e+01,0.000000e+00,0.000000e+00,-6.965575e-01
6.150695e-03,7.453579e+01,8.131559e+02,8.817304e-05,5.904419e-06,3.380324e-01,7.183287e-05,3.486575e-06,0.000000e+00,-4.736889e+00,0.000000e+00,0.000000e+00,0.000000e+00,0.000000e+00,0.000000e+00,0.000000e+00,0.000000e+00,5.421011e-20,7.546700e-14,0.000000e+00,0.000000e+00,0.000000e+00,0.000000e+00,7.453579e+01,8.133251e+02,3.380324e-01,7.183287e-05,0.000000e+00,3.219952e+01,0.000000e+00,0.000000e+00,-6.965575e-01
6.161156e-03,7.549077e+01,8.122025e+02,8.817304e-05,5.904419e-06,3.380324e-01,7.183287e-05,3.486987e-06,0.000000e+00,-4.736889e+00,0.000000e+00,0.000000e+00,0.000000e+00,0.000000e+00,0.000000e+00,0.000000e+00,0.000000e+00,5.421011e-20,7.546700e-14,0.000000e+00,0.000000e+00,0.000000e+00,0.000000e+00,7.549077e+01,8.123599e+02,3.380324e-01,7.183287e-05,0.000000e+00,3.224874e+01,0.000000e+00,0.000000e+00,-6.965575e-01
6.171616e-03,7.637153e+01,8.113224e+02,8.817304e-05,5.904419e-06,3.380324e-01,7.183287e-05,3.486300e-06,0.000000e+00,-4.736889e+00,0.000000e+00,0.000000e+00,0.000000e+00,0.000000e+00,0.000000e+00,0.000000e+00,0.000000e+00,5.421011e-20,7.546700e-14,0.000000e+00,0.000000e+00,0.000000e+00,0.000000e+00,7.637153e+01,8.114673e+02,3.380324e-01,7.183287e-05,0.000000e+00,3.229797e+01,0.000000e+00,0.000000e+00,-6.965575e-01
6.182075e-03,7.717291e+01,8.105205e+02,8.817304e-05,5.904419e-06,3.380324e-01,7.183287e-05,3.485753e-06,0.000000e+00,-4.736889e+00,0.000000e+00,0.000000e+00,0.000000e+00,0.000000e+00,0.000000e+00,0.000000e+00,0.000000e+00,5.421011e-20,7.546700e-14,0.000000e+00,0.000000e+00,0.000000e+00,0.000000e+00,7.717291e+01,8.106519e+02,3.380324e-01,7.183287e-05,0.000000e+00,3.234718e+01,0.000000e+00,0.000000e+00,-6.965575e-01
6.192531e-03,7.788917e+01,8.098027e+02,8.817304e-05,5.904419e-06,3.380324e-01,7.183287e-05,3.485155e-06,0.000000e+00,-4.736889e+00,0.000000e+00,0.000000e+00,0.000000e+00,0.000000e+00,0.000000e+00,0.000000e+00,0.000000e+00,5.421011e-20,7.546700e-14,0.000000e+00,0.000000e+00,0.000000e+00,0.000000e+00,7.788917e+01,8.099195e+02,3.380324e-01,7.183287e-05,0.000000e+00,3.239639e+01,0.000000e+00,0.000000e+00,-6.965575e-01
6.202985e-03,7.851468e+01,8.091756e+02,8.817304e-05,5.904419e-06,3.380324e-01,7.183287e-05,3.483087e-06,0.000000e+00,-4.736889e+00,0.000000e+00,0.000000e+00,0.000000e+00,0.000000e+00,0.000000e+00,0.000000e+00,0.000000e+00,5.421011e-20,7.546700e-14,0.000000e+00,0.000000e+00,0.000000e+00,0.000000e+00,7.851468e+01,8.092769e+02,3.380324e-01,7.183287e-05,0.000000e+00,3.244558e+01,0.000000e+00,0.000000e+00,-6.965575e-01
6.213431e-03,7.904491e+01,8.086443e+02,8.817304e-05,5.904419e-06,3.380324e-01,7.183287e-05,3.479502e-06,0.000000e+00,-4.736889e+00,0.000000e+00,0.000000e+00,0.000000e+00,0.000000e+00,0.000000e+00,0.000000e+00,0.000000e+00,5.421011e-20,7.546700e-14,0.000000e+00,0.000000e+00,0.000000e+00,0.000000e+00,7.904491e+01,8.087293e+02,3.380324e-01,7.183287e-05,0.000000e+00,3.249474e+01,0.000000e+00,0.000000e+00,-6.965575e-01
6.220389e-03,7.934418e+01,8.083447e+02,8.817304e-05,5.904419e-06,3.380324e-01,7.183287e-05,3.476599e-06,0.000000e+00,-4.736889e+00,0.000000e+00,0.000000e+00,0.000000e+00,0.000000e+00,0.000000e+00,0.000000e+00,0.000000e+00,5.421011e-20,7.546700e-14,0.000000e+00,0.000000e+00,0.000000e+00,0.000000e+00,7.934418e+01,8.084187e+02,3.380324e-01,7.183287e-05,0.000000e+00,3.252748e+01,0.000000e+00,0.000000e+00,-6.965575e-01
6.230814e-03,7.971104e+01,8.079775e+02,8.817304e-05,5.904419e-06,3.380324e-01,7.183287e-05,3.471860e-06,0.000000e+00,-4.736889e+00,0.000000e+00,0.000000e+00,0.000000e+00,0.000000e+00,0.000000e+00,0.000000e+00,0.000000e+00,5.421011e-20,7.546700e-14,0.000000e+00,0.000000e+00,0.000000e+00,0.000000e+00,7.971104e+01,8.080351e+02,3.380324e-01,7.183287e-05,0.000000e+00,3.257654e+01,0.000000e+00,0.000000e+00,-6.965575e-01
6.241225e-03,7.997939e+01,8.077091e+02,8.817304e-05,5.904419e-06,3.380324e-01,7.183287e-05,3.467401e-06,0.000000e+00,-4.736889e+00,0.000000e+00,0.000000e+00,0.000000e+00,0.000000e+00,0.000000e+00,0.000000e+00,0.000000e+00,5.421011e-20,7.546700e-14,0.000000e+00,0.000000e+00,0.000000e+00,0.000000e+00,7.997939e+01,8.077502e+02,3.380324e-01,7.183287e-05,0.000000e+00,3.262553e+01,0.000000e+00,0.000000e+00,-6.965575e-01
6.251623e-03,8.014928e+01,8.075394e+02,8.817304e-05,5.904419e-06,3.380324e-01,7.183287e-05,3.464106e-06,0.000000e+00,-4.736889e+00,0.000000e+00,0.000000e+00,0.000000e+00,0.000000e+00,0.000000e+00,0.000000e+00,0.000000e+00,5.421011e-20,7.546700e-14,0.000000e+00,0.000000e+00,0.000000e+00,0.000000e+00,8.014928e+01,8.075640e+02,3.380324e-01,7.183287e-05,0.000000e+00,3.267447e+01,0.000000e+00,0.000000e+00,-6.965575e-01
6.262014e-03,8.022056e+01,8.074691e+02,8.817304e-05,5.904419e-06,3.380324e-01,7.183287e-05,3.462673e-06,0.000000e+00,-4.736889e+00,0.000000e+00,0.000000e+00,0.000000e+00,0.000000e+00,0.000000e+00,0.000000e+00,0.000000e+00,5.421011e-20,7.546700e-14,0.000000e+00,0.000000e+00,0.000000e+00,0.000000e+00,8.022056e+01,8.074771e+02,3.380324e-01,7.183287e-05,0.000000e+00,3.272336e+01,0.000000e+00,0.000000e+00,-6.965575e-01
6.272402e-03,8.019305e+01,8.074985e+02,8.817304e-05,5.904419e-06,3.380324e-01,7.183287e-05,3.463445e-06,0.000000e+00,-4.736889e+00,0.000000e+00,0.000000e+00,0.000000e+00,0.000000e+00,0.000000e+00,0.000000e+00,0.000000e+00,5.421011e-20,7.546700e-14,0.000000e+00,0.000000e+00,0.000000e+00,0.000000e+00,8.019305e+01,8.074899e+02,3.380324e-01,7.183287e-05,0.000000e+00,3.277225e+01,0.000000e+00,0.000000e+00,-6.965575e-01
6.282795e-03,8.006702e+01,8.076270e+02,8.817304e-05,5.904419e-06,3.380324e-01,7.183287e-05,3.466322e-06,0.000000e+00,-4.736889e+00,0.000000e+00,0.000000e+00,0.000000e+00,0.000000e+00,0.000000e+00,0.000000e+00,0.000000e+00,5.421011e-20,7.546700e-14,0.000000e+00,0.000000e+00,0.000000e+00,0.000000e+00,8.006702e+01,8.076019e+02,3.380324e-01,7.183287e-05,0.000000e+00,3.282116e+01,0.000000e+00,0.000000e+00,-6.965575e-01
6.293198e-03,7.984362e+01,8.078520e+02,8.817304e-05,5.904419e-06,3.380324e-01,7.183287e-05,3.470758e-06,0.000000e+00,-4.736889e+00,0.000000e+00,0.000000e+00,0.000000e+00,0.000000e+00,0.000000e+00,0.000000e+00,0.000000e+00,5.421011e-20,7.546700e-14,0.000000e+00,0.000000e+00,0.000000e+00,0.000000e+00,7.984362e+01,8.078111e+02,3.380324e-01,7.183287e-05,0.000000e+00,3.287011e+01,0.000000e+00,0.000000e+00,-6.965575e-01
6.300141e-03,7.964159e+01,8.080543e+02,8.817304e-05,5.904419e-06,3.380324e-01,7.183287e-05,3.474127e-06,0.000000e+00,-4.736889e+00,0.000000e+00,0.000000e+00,0.000000e+00,0.000000e+00,0.000000e+00,0.000000e+00,0.000000e+00,5.421011e-20,7.546700e-14,0.000000e+00,0.000000e+00,0.000000e+00,0.000000e+00,7.964159e+01,8.080031e+02,3.380324e-01,7.183287e-05,0.000000e+00,3.290278e+01,0.000000e+00,0.000000e+00,-6.965575e-01
6.310569e-03,7.926091e+01,8.084340e+02,8.817304e-05,5.904419e-06,3.380324e-01,7.183287e-05,3.478992e-06,0.000000e+00,-4.736889e+00,0.000000e+00,0.000000e+00,0.000000e+00,0.000000e+00,0.000000e+00,0.000000e+00,0.000000e+00,5.421011e-20,7.546700e-14,0.000000e+00,0.000000e+00,0.000000e+00,0.000000e+00,7.926091e+01,8.083677e+02,3.380324e-01,7.183287e-05,0.000000e+00,3.295185e+01,0.000000e+00,0.000000e+00,-6.965575e-01
6.321010e-03,7.878999e+01,8.089032e+02,8.817304e-05,5.904419e-06,3.380324e-01,7.183287e-05,3.482889e-06,0.000000e+00,-4.736889e+00,0.000000e+00,0.000000e+00,0.000000e+00,0.000000e+00,0.000000e+00,0.000000e+00,0.000000e+00,5.421011e-20,7.546700e-14,0.000000e+00,0.000000e+00,0.000000e+00,0.000000e+00,7.878999e+01,8.088222e+02,3.380324e-01,7.183287e-05,0.000000e+00,3.300099e+01,0.000000e+00,0.000000e+00,-6.965575e-01
6.331461e-03,7.823231e+01,8.094594e+02,8.817304e-05,5.904419e-06,3.380324e-01,7.183287e-05,3.485335e-06,0.000000e+00,-4.736889e+00,0.000000e+00,0.000000e+00,0.000000e+00,0.000000e+00,0.000000e+00,0.000000e+00,0.000000e+00,5.421011e-20,7.546700e-14,0.000000e+00,0.000000e+00,0.000000e+00,0.000000e+00,7.823231e+01,8.093641e+02,3.380324e-01,7.183287e-05,0.000000e+00,3.305017e+01,0.000000e+00,0.000000e+00,-6.965575e-01
6.341918e-03,7.759142e+01,8.100998e+02,8.817304e-05,5.904419e-06,3.380324e-01,7.183287e-05,3.486291e-06,0.000000e+00,-4.736889e+00,0.000000e+00,0.000000e+00,0.000000e+00,0.000000e+00,0.000000e+00,0.000000e+00,0.000000e+00,5.421011e-20,7.546700e-14,0.000000e+00,0.000000e+00,0.000000e+00,0.000000e+00,7.759142e+01,8.099907e+02,3.380324e-01,7.183287e-05,0.000000e+00,3.309938e+01,0.000000e+00,0.000000e+00,-6.965575e-01
6.352377e-03,7.687068e+01,8.108210e+02,8.817304e-05,5.904419e-06,3.380324e-01,7.183287e-05,3.486055e-06,0.000000e+00,-4.736889e+00,0.000000e+00,0.000000e+00,0.000000e+00,0.000000e+00,0.000000e+00,0.000000e+00,0.000000e+00,5.421011e-20,7.546700e-14,0.000000e+00,0.000000e+00,0.000000e+00,0.000000e+00,7.687068e+01,8.106987e+02,3.380324e-01,7.183287e-05,0.000000e+00,3.314860e+01,0.000000e+00,0.000000e+00,-6.965575e-01
6.362831e-03,7.607353e+01,8.116189e+02,8.817304e-05,5.904419e-06,3.380324e-01,7.183287e-05,3.480290e-06,0.000000e+00,-4.736889e+00,0.000000e+00,0.000000e+00,0.000000e+00,0.000000e+00,0.000000e+00,0.000000e+00,0.000000e+00,5.421011e-20,7.546700e-14,0.000000e+00,0.000000e+00,0.000000e+00,0.000000e+00,7.607353e+01,8.114842e+02,3.380324e-01,7.183287e-05,0.000000e+00,3.319779e+01,0.000000e+00,0.000000e+00,-6.965575e-01
6.373265e-03,7.520415e+01,8.124888e+02,8.817304e-05,5.904419e-06,3.380324e-01,7.183287e-05,3.473780e-06,0.000000e+00,-4.736889e+00,0.000000e+00,0.000000e+00,0.000000e+00,0.000000e+00,0.000000e+00,0.000000e+00,0.000000e+00,5.421011e-20,7.546700e-14,0.000000e+00,0.000000e+00,0.000000e+00,0.000000e+00,7.520415e+01,8.123423e+02,3.380324e-01,7.183287e-05,0.000000e+00,3.324689e+01,0.000000e+00,0.000000e+00,-6.965575e-01
6.380211e-03,7.458591e+01,8.131071e+02,8.817304e-05,5.904419e-06,3.380324e-01,7.183287e-05,3.470407e-06,0.000000e+00,-4.736889e+00,0.000000e+00,0.000000e+00,0.000000e+00,0.000000e+00,0.000000e+00,0.000000e+00,0.000000e+00,5.421011e-20,7.546700e-14,0.000000e+00,0.000000e+00,0.000000e+00,0.000000e+00,7.458591e+01,8.129530e+02,3.380324e-01,7.183287e-05,0.000000e+00,3.327958e+01,0.000000e+00,0.000000e+00,-6.965575e-01
6.390619e-03,7.360259e+01,8.140905e+02,8.817304e-05,5.904419e-06,3.380324e-01,7.183287e-05,3.467120e-06,0.000000e+00,-4.736889e+00,0.000000e+00,0.000000e+00,0.000000e+00,0.000000e+00,0.000000e+00,0.000000e+00,0.000000e+00,5.421011e-20,7.546700e-14,0.000000e+00,0.000000e+00,0.000000e+00,0.000000e+00,7.360259e+01,8.139254e+02,3.380324e-01,7.183287e-05,0.000000e+00,3.332855e+01,0.000000e+00,0.000000e+00,-6.965575e-01
6.401018e-03,7.255491e+01,8.151388e+02,8.817304e-05,5.904419e-06,3.380324e-01,7.183287e-05,3.466071e-06,0.000000e+00,-4.736889e+00,0.000000e+00,0.000000e+00,0.000000e+00,0.000000e+00,0.000000e+00,0.000000e+00,0.000000e+00,5.421011e-20,7.546700e-14,0.000000e+00,0.000000e+00,0.000000e+00,0.000000e+00,7.255491e+01,8.149631e+02,3.380324e-01,7.183287e-05,0.000000e+00,3.337749e+01,0.000000e+00,0.000000e+00,-6.965575e-01
6.411417e-03,7.144655e+01,8.162482e+02,8.817304e-05,5.904419e-06,3.380324e-01,7.183287e-05,3.467175e-06,0.000000e+00,-4.736889e+00,0.000000e+00,0.000000e+00,0.000000e+00,0.000000e+00,0.000000e+00,0.000000e+00,0.000000e+00,5.421011e-20,7.546700e-14,0.000000e+00,0.000000e+00,0.000000e+00,0.000000e+00,7.144655e+01,8.160627e+02,3.380324e-01,7.183287e-05,0.000000e+00,3.342643e+01,0.000000e+00,0.000000e+00,-6.965575e-01
6.421821e-03,7.028153e+01,8.174141e+02,8.817304e-05,5.904419e-06,3.380324e-01,7.183287e-05,3.470168e-06,0.000000e+00,-4.736889e+00,0.000000e+00,0.000000e+00,0.000000e+00,0.000000e+00,0.000000e+00,0.000000e+00,0.000000e+00,5.421011e-20,7.546700e-14,0.000000e+00,0.000000e+00,0.000000e+00,0.000000e+00,7.028153e+01,8.172195e+02,3.380324e-01,7.183287e-05,0.000000e+00,3.347539e+01,0.000000e+00,0.000000e+00,-6.965575e-01
6.432236e-03,6.906351e+01,8.186321e+02,8.817304e-05,5.904419e-06,3.380324e-01,7.183287e-05,3.474525e-06,0.000000e+00,-4.736889e+00,0.000000e+00,0.000000e+00,0.000000e+00,0.000000e+00,0.000000e+00,0.000000e+00,0.000000e+00,5.421011e-20,7.546700e-14,0.000000e+00,0.000000e+00,0.000000e+00,0.000000e+00,6.906351e+01,8.184292e+02,3.380324e-01,7.183287e-05,0.000000e+00,3.352440e+01,0.000000e+00,0.000000e+00,-6.965575e-01
6.442663e-03,6.779547e+01,8.198995e+02,8.817304e-05,5.904419e-06,3.380324e-01,7.183287e-05,3.476098e-06,0.000000e+00,-4.736889e+00,0.000000e+00,0.000000e+00,0.000000e+00,0.000000e+00,0.000000e+00,0.000000e+00,0.000000e+00,5.421011e-20,7.546700e-14,0.000000e+00,0.000000e+00,0.000000e+00,0.000000e+00,6.779547e+01,8.196885e+02,3.380324e-01,7.183287e-05,0.000000e+00,3.357346e+01,0.000000e+00,0.000000e+00,-6.965575e-01
6.453091e-03,6.648088e+01,8.212133e+02,8.817304e-05,5.904419e-06,3.380324e-01,7.183287e-05,3.476283e-06,0.000000e+00,-4.736889e+00,0.000000e+00,0.000000e+00,0.000000e+00,0.000000e+00,0.000000e+00,0.000000e+00,0.000000e+00,5.421011e-20,7.546700e-14,0.000000e+00,0.000000e+00,0.000000e+00,0.000000e+00,6.648088e+01,8.209948e+02,3.380324e-01,7.183287e-05,0.000000e+00,3.362254e+01,0.000000e+00,0.000000e+00,-6.965575e-01
6.460044e-03,6.557948e+01,8.221146e+02,8.817304e-05,5.904419e-06,3.380324e-01,7.183287e-05,3.476709e-06,0.000000e+00,-4.736889e+00,0.000000e+00,0.000000e+00,0.000000e+00,0.000000e+00,0.000000e+00,0.000000e+00,0.000000e+00,5.421011e-20,7.546700e-14,0.000000e+00,0.000000e+00,0.000000e+00,0.000000e+00,6.557948e+01,8.218910e+02,3.380324e-01,7.183287e-05,0.000000e+00,3.365525e+01,0.000000e+00,0.000000e+00,-6.965575e-01
6.470475e-03,6.419076e+01,8.235038e+02,8.817304e-05,5.904419e-06,3.380324e-01,7.183287e-05,3.477681e-06,0.000000e+00,-4.736889e+00,0.000000e+00,0.000000e+00,0.000000e+00,0.000000e+00,0.000000e+00,0.000000e+00,0.000000e+00,5.421011e-20,7.546700e-14,0.000000e+00,0.000000e+00,0.000000e+00,0.000000e+00,6.419076e+01,8.232728e+02,3.380324e-01,7.183287e-05,0.000000e+00,3.370434e+01,0.000000e+00,0.000000e+00,-6.965575e-01
6.480909e-03,6.275925e+01,8.249367e+02,8.817304e-05,5.904419e-06,3.380324e-01,7.183287e-05,3.478857e-06,0.000000e+00,-4.736889e+00,0.000000e+00,0.000000e+00,0.000000e+00,0.000000e+00,0.000000e+00,0.000000e+00,0.000000e+00,5.421011e-20,7.546700e-14,0.000000e+00,0.000000e+00,0.000000e+00,0.000000e+00,6.275925e+01,8.246985e+02,3.380324e-01,7.183287e-05,0.000000e+00,3.375344e+01,0.000000e+00,0.000000e+00,-6.965575e-01
6.491347e-03,6.128643e+01,8.264116e+02,8.817304e-05,5.904419e-06,3.380324e-01,7.183287e-05,3.479987e-06,0.000000e+00,-4.736889e+00,0.000000e+00,0.000000e+00,0.000000e+00,0.000000e+00,0.000000e+00,0.000000e+00,0.000000e+00,5.421011e-20,7.546700e-14,0.000000e+00,0.000000e+00,0.000000e+00,0.000000e+00,6.128643e+01,8.261666e+02,3.380324e-01,7.183287e-05,0.000000e+00,3.380256e+01,0.000000e+00,0.000000e+00,-6.965575e-01
6.501785e-03,5.977469e+01,8.279260e+02,8.817304e-05,5.904419e-06,3.380324e-01,7.183287e-05,3.477143e-06,0.000000e+00,-4.736889e+00,0.000000e+00,0.000000e+00,0.000000e+00,0.000000e+00,0.000000e+00,0.000000e+00,0.000000e+00,5.421011e-20,7.546700e-14,0.000000e+00,0.000000e+00,0.000000e+00,0.000000e+00,5.977469e+01,8.276747e+02,3.380324e-01,7.183287e-05,0.000000e+00,3.385168e+01,0.000000e+00,0.000000e+00,-6.965575e-01
6.512213e-03,5.822794e+01,8.294758e+02,8.817304e-05,5.904419e-06,3.380324e-01,7.183287e-05,3.474644e-06,0.000000e+00,-4.736889e+00,0.000000e+00,0.000000e+00,0.000000e+00,0.000000e+00,0.000000e+00,0.000000e+00,0.000000e+00,5.421011e-20,7.546700e-14,0.000000e+00,0.000000e+00,0.000000e+00,0.000000e+00,5.822794e+01,8.292188e+02,3.380324e-01,7.183287e-05,0.000000e+00,3.390076e+01,0.000000e+00,0.000000e+00,-6.965575e-01
6.522636e-03,5.664905e+01,8.310572e+02,8.817304e-05,5.904419e-06,3.380324e-01,7.183287e-05,3.473995e-06,0.000000e+00,-4.736889e+00,0.000000e+00,0.000000e+00,0.000000e+00,0.000000e+00,0.000000e+00,0.000000e+00,0.000000e+00,5.421011e-20,7.546700e-14,0.000000e+00,0.000000e+00,0.000000e+00,0.000000e+00,5.664905e+01,8.307952e+02,3.380324e-01,7.183287e-05,0.000000e+00,3.394980e+01,0.000000e+00,0.000000e+00,-6.965575e-01
6.533059e-03,5.504099e+01,8.326667e+02,8.817304e-05,5.904419e-06,3.380324e-01,7.183287e-05,3.475363e-06,0.000000e+00,-4.736889e+00,0.000000e+00,0.000000e+00,0.000000e+00,0.000000e+00,0.000000e+00,0.000000e+00,0.000000e+00,5.421011e-20,7.546700e-14,0.000000e+00,0.000000e+00,0.000000e+00,0.000000e+00,5.504099e+01,8.324004e+02,3.380324e-01,7.183287e-05,0.000000e+00,3.399885e+01,0.000000e+00,0.000000e+00,-6.965575e-01
6.540011e-03,5.395426e+01,8.337538e+02,8.817304e-05,5.904419e-06,3.380324e-01,7.183287e-05,3.477219e-06,0.000000e+00,-4.736889e+00,0.000000e+00,0.000000e+00,0.000000e+00,0.000000e+00,0.000000e+00,0.000000e+00,0.000000e+00,5.421011e-20,7.546700e-14,0.000000e+00,0.000000e+00,0.000000e+00,0.000000e+00,5.395426e+01,8.334848e+02,3.380324e-01,7.183287e-05,0.000000e+00,3.403156e+01,0.000000e+00,0.000000e+00,-6.965575e-01
6.550446e-03,5.230454e+01,8.354037e+02,8.817304e-05,5.904419e-06,3.380324e-01,7.183287e-05,3.479983e-06,0.000000e+00,-4.736889e+00,0.000000e+00,0.000000e+00,0.000000e+00,0.000000e+00,0.000000e+00,0.000000e+00,0.000000e+00,5.421011e-20,7.546700e-14,0.000000e+00,0.000000e+00,0.000000e+00,0.000000e+00,5.230454e+01,8.351310e+02,3.380324e-01,7.183287e-05,0.000000e+00,3.408067e+01,0.000000e+00,0.000000e+00,-6.965575e-01
6.560885e-03,5.063589e+01,8.370726e+02,8.817304e-05,5.904419e-06,3.380324e-01,7.183287e-05,3.479633e-06,0.000000e+00,-4.736889e+00,0.000000e+00,0.000000e+00,0.000000e+00,0.000000e+00,0.000000e+00,0.000000e+00,0.000000e+00,5.421011e-20,7.546700e-14,0.000000e+00,0.000000e+00,0.000000e+00,0.000000e+00,5.063589e+01,8.367971e+02,3.380324e-01,7.183287e-05,0.000000e+00,3.412980e+01,0.000000e+00,0.000000e+00,-6.965575e-01
6.571324e-03,4.895401e+01,8.387552e+02,8.817304e-05,5.904419e-06,3.380324e-01,7.183287e-05,3.479234e-06,0.000000e+00,-4.736889e+00,0.000000e+00,0.000000e+00,0.000000e+00,0.000000e+00,0.000000e+00,0.000000e+00,0.000000e+00,5.421011e-20,7.546700e-14,0.000000e+00,0.000000e+00,0.000000e+00,0.000000e+00,4.895401e+01,8.384778e+02,3.380324e-01,7.183287e-05,0.000000e+00,3.417892e+01,0.000000e+00,0.000000e+00,-6.965575e-01
6.581761e-03,4.726437e+01,8.404456e+02,8.817304e-05,5.904419e-06,3.380324e-01,7.183287e-05,3.478691e-06,0.000000e+00,-4.736889e+00,0.000000e+00,0.000000e+00,0.000000e+00,0.000000e+00,0.000000e+00,0.000000e+00,0.000000e+00,5.421011e-20,7.546700e-14,0.000000e+00,0.000000e+00,0.000000e+00,0.000000e+00,4.726437e+01,8.401675e+02,3.380324e-01,7.183287e-05,0.000000e+00,3.422803e+01,0.000000e+00,0.000000e+00,-6.965575e-01
6.592196e-03,4.557278e+01,8.421376e+02,8.817304e-05,5.904419e-06,3.380324e-01,7.183287e-05,3.477975e-06,0.000000e+00,-4.736889e+00,0.000000e+00,0.000000e+00,0.000000e+00,0.000000e+00,0.000000e+00,0.000000e+00,0.000000e+00,5.421011e-20,7.546700e-14,0.000000e+00,0.000000e+00,0.000000e+00,0.000000e+00,4.557278e+01,8.418597e+02,3.380324e-01,7.183287e-05,0.000000e+00,3.427714e+01,0.000000e+00,0.000000e+00,-6.965575e-01
6.602630e-03,4.388505e+01,8.438253e+02,8.817304e-05,5.904419e-06,3.380324e-01,7.183287e-05,3.477227e-06,0.000000e+00,-4.736889e+00,0.000000e+00,0.000000e+00,0.000000e+00,0.000000e+00,0.000000e+00,0.000000e+00,0.000000e+00,5.421011e-20,7.546700e-14,0.000000e+00,0.000000e+00,0.000000e+00,0.000000e+00,4.388505e+01,8.435485e+02,3.380324e-01,7.183287e-05,0.000000e+00,3.432624e+01,0.000000e+00,0.000000e+00,-6.965575e-01
6.613061e-03,4.220687e+01,8.455033e+02,8.817304e-05,5.904419e-06,3.380324e-01,7.183287e-05,3.476798e-06,0.000000e+00,-4.736889e+00,0.000000e+00,0.000000e+00,0.000000e+00,0.000000e+00,0.000000e+00,0.000000e+00,0.000000e+00,5.421011e-20,7.546700e-14,0.000000e+00,0.000000e+00,0.000000e+00,0.000000e+00,4.220687e+01,8.452285e+02,3.380324e-01,7.183287e-05,0.000000e+00,3.437532e+01,0.000000e+00,0.000000e+00,-6.965575e-01
6.620015e-03,4.109620e+01,8.466141e+02,8.817304e-05,5.904419e-06,3.380324e-01,7.183287e-05,3.476858e-06,0.000000e+00,-4.736889e+00,0.000000e+00,0.000000e+00,0.000000e+00,0.000000e+00,0.000000e+00,0.000000e+00,0.000000e+00,5.421011e-20,7.546700e-14,0.000000e+00,0.000000e+00,0.000000e+00,0.000000e+00,4.109620e+01,8.463411e+02,3.380324e-01,7.183287e-05,0.000000e+00,3.440805e+01,0.000000e+00,0.000000e+00,-6.965575e-01
6.630445e-03,3.944696e+01,8.482644e+02,8.817304e-05,5.904419e-06,3.380324e-01,7.183287e-05,3.477621e-06,0.000000e+00,-4.736889e+00,0.000000e+00,0.000000e+00,0.000000e+00,0.000000e+00,0.000000e+00,0.000000e+00,0.000000e+00,5.421011e-20,7.546700e-14,0.000000e+00,0.000000e+00,0.000000e+00,0.000000e+00,3.944696e+01,8.479949e+02,3.380324e-01,7.183287e-05,0.000000e+00,3.445713e+01,0.000000e+00,0.000000e+00,-6.965575e-01
6.640880e-03,3.782397e+01,8.498894e+02,8.817304e-05,5.904419e-06,3.380324e-01,7.183287e-05,3.479156e-06,0.000000e+00,-4.736889e+00,0.000000e+00,0.000000e+00,0.000000e+00,0.000000e+00,0.000000e+00,0.000000e+00,0.000000e+00,5.421011e-20,7.546700e-14,0.000000e+00,0.000000e+00,0.000000e+00,0.000000e+00,3.782397e+01,8.496248e+02,3.380324e-01,7.183287e-05,0.000000e+00,3.450624e+01,0.000000e+00,0.000000e+00,-6.965575e-01
6.651319e-03,3.623508e+01,8.514810e+02,8.817304e-05,5.904419e-06,3.380324e-01,7.183287e-05,3.481185e-06,0.000000e+00,-4.736889e+00,0.000000e+00,0.000000e+00,0.000000e+00,0.000000e+00,0.000000e+00,0.000000e+00,0.000000e+00,5.421011e-20,7.546700e-14,0.000000e+00,0.000000e+00,0.000000e+00,0.000000e+00,3.623508e+01,8.512226e+02,3.380324e-01,7.183287e-05,0.000000e+00,3.455536e+01,0.000000e+00,0.000000e+00,-6.965575e-01
6.661765e-03,3.468914e+01,8.530298e+02,8.817304e-05,5.904419e-06,3.380324e-01,7.183287e-05,3.483261e-06,0.000000e+00,-4.736889e+00,0.000000e+00,0.000000e+00,0.000000e+00,0.000000e+00,0.000000e+00,0.000000e+00,0.000000e+00,5.421011e-20,7.546700e-14,0.000000e+00,0.000000e+00,0.000000e+00,0.000000e+00,3.468914e+01,8.527793e+02,3.380324e-01,7.183287e-05,0.000000e+00,3.460452e+01,0.000000e+00,0.000000e+00,-6.965575e-01
6.672217e-03,3.319571e+01,8.545257e+02,8.817304e-05,5.904419e-06,3.380324e-01,7.183287e-05,3.484916e-06,0.000000e+00,-4.736889e+00,0.000000e+00,0.000000e+00,0.000000e+00,0.000000e+00,0.000000e+00,0.000000e+00,0.000000e+00,5.421011e-20,7.546700e-14,0.000000e+00,0.000000e+00,0.000000e+00,0.000000e+00,3.319571e+01,8.542849e+02,3.380324e-01,7.183287e-05,0.000000e+00,3.465370e+01,0.000000e+00,0.000000e+00,-6.965575e-01
6.682672e-03,3.176453e+01,8.559585e+02,8.817304e-05,5.904419e-06,3.380324e-01,7.183287e-05,3.485794e-06,0.000000e+00,-4.736889e+00,0.000000e+00,0.000000e+00,0.000000e+00,0.000000e+00,0.000000e+00,0.000000e+00,0.000000e+00,5.421011e-20,7.546700e-14,0.000000e+00,0.000000e+00,0.000000e+00,0.000000e+00,3.176453e+01,8.557289e+02,3.380324e-01,7.183287e-05,0.000000e+00,3.470290e+01,0.000000e+00,0.000000e+00,-6.965575e-01
6.693130e-03,3.040477e+01,8.573190e+02,8.817304e-05,5.904419e-06,3.380324e-01,7.183287e-05,3.485678e-06,0.000000e+00,-4.736889e+00,0.000000e+00,0.000000e+00,0.000000e+00,0.000000e+00,0.000000e+00,0.000000e+00,0.000000e+00,5.421011e-20,7.546700e-14,0.000000e+00,0.000000e+00,0.000000e+00,0.000000e+00,3.040477e+01,8.571021e+02,3.380324e-01,7.183287e-05,0.000000e+00,3.475212e+01,0.000000e+00,0.000000e+00,-6.965575e-01
6.700101e-03,2.954205e+01,8.581820e+02,8.817304e-05,5.904419e-06,3.380324e-01,7.183287e-05,3.485050e-06,0.000000e+00,-4.736889e+00,0.000000e+00,0.000000e+00,0.000000e+00,0.000000e+00,0.000000e+00,0.000000e+00,0.000000e+00,5.421011e-20,7.546700e-14,0.000000e+00,0.000000e+00,0.000000e+00,0.000000e+00,2.954205e+01,8.579741e+02,3.380324e-01,7.183287e-05,0.000000e+00,3.478492e+01,0.000000e+00,0.000000e+00,-6.965575e-01
6.710554e-03,2.831922e+01,8.594055e+02,8.817304e-05,5.904419e-06,3.380324e-01,7.183287e-05,3.483395e-06,0.000000e+00,-4.736889e+00,0.000000e+00,0.000000e+00,0.000000e+00,0.000000e+00,0.000000e+00,0.000000e+00,0.000000e+00,5.421011e-20,7.546700e-14,0.000000e+00,0.000000e+00,0.000000e+00,0.000000e+00,2.831922e+01,8.592122e+02,3.380324e-01,7.183287e-05,0.000000e+00,3.483411e+01,0.000000e+00,0.000000e+00,-6.965575e-01
6.721003e-03,2.718823e+01,8.605377e+02,8.817304e-05,5.904419e-06,3.380324e-01,7.183287e-05,3.481151e-06,0.000000e+00,-4.736889e+00,0.000000e+00,0.000000e+00,0.000000e+00,0.000000e+00,0.000000e+00,0.000000e+00,0.000000e+00,5.421011e-20,7.546700e-14,0.000000e+00,0.000000e+00,0.000000e+00,0.000000e+00,2.718823e+01,8.603601e+02,3.380324e-01,7.183287e-05,0.000000e+00,3.488328e+01,0.000000e+00,0.000000e+00,-6.965575e-01
6.731444e-03,2.615614e+01,8.615716e+02,8.817304e-05,5.904419e-06,3.380324e-01,7.183287e-05,3.478664e-06,0.000000e+00,-4.736889e+00,0.000000e+00,0.000000e+00,0.000000e+00,0.000000e+00,0.000000e+00,0.000000e+00,0.000000e+00,5.421011e-20,7.546700e-14,0.000000e+00,0.000000e+00,0.000000e+00,0.000000e+00,2.615614e+01,8.614110e+02,3.380324e-01,7.183287e-05,0.000000e+00,3.493241e+01,0.000000e+00,0.000000e+00,-6.965575e-01
6.741877e-03,2.522999e+01,8.624995e+02,8.817304e-05,5.904419e-06,3.380324e-01,7.183287e-05,3.476285e-06,0.000000e+00,-4.736889e+00,0.000000e+00,0.000000e+00,0.000000e+00,0.000000e+00,0.000000e+00,0.000000e+00,0.000000e+00,5.421011e-20,7.546700e-14,0.000000e+00,0.000000e+00,0.000000e+00,0.000000e+00,2.522999e+01,8.623571e+02,3.380324e-01,7.183287e-05,0.000000e+00,3.498151e+01,0.000000e+00,0.000000e+00,-6.965575e-01
6.752304e-03,2.441642e+01,8.633141e+02,8.817304e-05,5.904419e-06,3.380324e-01,7.183287e-05,3.474341e-06,0.000000e+00,-4.736889e+00,0.000000e+00,0.000000e+00,0.000000e+00,0.000000e+00,0.000000e+00,0.000000e+00,0.000000e+00,5.421011e-20,7.546700e-14,0.000000e+00,0.000000e+00,0.000000e+00,0.000000e+00,2.441642e+01,8.631911e+02,3.380324e-01,7.183287e-05,0.000000e+00,3.503058e+01,0.000000e+00,0.000000e+00,-6.965575e-01
6.762725e-03,2.372122e+01,8.640096e+02,8.817304e-05,5.904419e-06,3.380324e-01,7.183287e-05,3.473036e-06,0.000000e+00,-4.736889e+00,0.000000e+00,0.000000e+00,0.000000e+00,0.000000e+00,0.000000e+00,0.000000e+00,0.000000e+00,5.421011e-20,7.546700e-14,0.000000e+00,0.000000e+00,0.000000e+00,0.000000e+00,2.372122e+01,8.639069e+02,3.380324e-01,7.183287e-05,0.000000e+00,3.507962e+01,0.000000e+00,0.000000e+00,-6.965575e-01
6.773144e-03,2.314906e+01,8.645815e+02,8.819022e-05,5.974705e-06,3.380323e-01,7.183287e-05,3.472426e-06,0.000000e+00,-4.736889e+00,0.000000e+00,0.000000e+00,0.000000e+00,0.000000e+00,0.000000e+00,0.000000e+00,0.000000e+00,5.421011e-20,7.546700e-14,0.000000e+00,0.000000e+00,0.000000e+00,0.000000e+00,2.314906e+01,8.644997e+02,3.380323e-01,7.183287e-05,0.000000e+00,3.512865e+01,0.000000e+00,0.000000e+00,-6.965575e-01
6.780088e-03,2.283776e+01,8.648926e+02,8.821796e-05,6.036117e-06,3.380320e-01,7.183287e-05,3.472374e-06,0.000000e+00,-4.736889e+00,0.000000e+00,0.000000e+00,0.000000e+00,0.000000e+00,0.000000e+00,0.000000e+00,0.000000e+00,5.421011e-20,7.546700e-14,0.000000e+00,0.000000e+00,0.000000e+00,0.000000e+00,2.283776e+01,8.648249e+02,3.380321e-01,7.183287e-05,0.000000e+00,3.516133e+01,0.000000e+00,0.000000e+00,-6.965575e-01
6.790506e-03,2.247788e+01,8.652523e+02,8.827641e-05,6.089953e-06,3.380316e-01,7.183287e-05,3.472697e-06,0.000000e+00,-4.736889e+00,0.000000e+00,0.000000e+00,0.000000e+00,0.000000e+00,0.000000e+00,0.000000e+00,0.000000e+00,5.421011e-20,7.546700e-14,0.000000e+00,0.000000e+00,0.000000e+00,0.000000e+00,2.247788e+01,8.652061e+02,3.380317e-01,7.183287e-05,0.000000e+00,3.521035e+01,0.000000e+00,0.000000e+00,-6.965575e-01
6.800924e-03,2.224758e+01,8.654825e+02,8.833678e-05,6.084008e-06,3.380312e-01,7.183287e-05,3.473416e-06,0.000000e+00,-4.736889e+00,0.000000e+00,0.000000e+00,0.000000e+00,0.000000e+00,0.000000e+00,0.000000e+00,0.000000e+00,5.421011e-20,7.546700e-14,0.000000e+00,0.000000e+00,0.000000e+00,0.000000e+00,2.224758e+01,8.654579e+02,3.380313e-01,7.183287e-05,0.000000e+00,3.525938e+01,0.000000e+00,0.000000e+00,-6.965575e-01
6.811346e-03,2.214652e+01,8.655833e+02,8.839876e-05,6.050440e-06,3.380307e-01,7.183287e-05,3.474477e-06,0.000000e+00,-4.736889e+00,0.000000e+00,0.000000e+00,0.000000e+00,0.000000e+00,0.000000e+00,0.000000e+00,0.000000e+00,5.421011e-20,7.546700e-14,0.000000e+00,0.000000e+00,0.000000e+00,0.000000e+00,2.214652e+01,8.655801e+02,3.380308e-01,7.183287e-05,0.000000e+00,3.530842e+01,0.000000e+00,0.000000e+00,-6.965575e-01
6.821771e-03,2.217234e+01,8.655563e+02,8.845164e-05,6.013298e-06,3.380303e-01,7.183287e-05,3.475881e-06,0.000000e+00,-4.736889e+00,0.000000e+00,0.000000e+00,0.000000e+00,0.000000e+00,0.000000e+00,0.000000e+00,0.000000e+00,5.421011e-20,7.546700e-14,0.000000e+00,0.000000e+00,0.000000e+00,0.000000e+00,2.217234e+01,8.655742e+02,3.380304e-01,7.183287e-05,0.000000e+00,3.535748e+01,0.000000e+00,0.000000e+00,-6.965575e-01
6.832200e-03,2.232040e+01,8.654065e+02,8.848969e-05,5.990897e-06,3.380299e-01,7.183287e-05,3.477590e-06,0.000000e+00,-4.736889e+00,0.000000e+00,0.000000e+00,0.000000e+00,0.000000e+00,0.000000e+00,0.000000e+00,0.000000e+00,5.421011e-20,7.546700e-14,0.000000e+00,0.000000e+00,0.000000e+00,0.000000e+00,2.232040e+01,8.654443e+02,3.380299e-01,7.183287e-05,0.000000e+00,3.540656e+01,0.000000e+00,0.000000e+00,-6.965575e-01
6.842635e-03,2.258400e+01,8.651409e+02,8.851202e-05,5.985109e-06,3.380295e-01,7.183287e-05,3.479492e-06,0.000000e+00,-4.736889e+00,0.000000e+00,0.000000e+00,0.000000e+00,0.000000e+00,0.000000e+00,0.000000e+00,0.000000e+00,5.421011e-20,7.546700e-14,0.000000e+00,0.000000e+00,0.000000e+00,0.000000e+00,2.258400e+01,8.651974e+02,3.380295e-01,7.183287e-05,0.000000e+00,3.545566e+01,0.000000e+00,0.000000e+00,-6.965575e-01
6.853075e-03,2.295507e+01,8.647679e+02,8.854957e-05,5.990402e-06,3.380293e-01,7.183287e-05,3.481416e-06,0.000000e+00,-4.736889e+00,0.000000e+00,0.000000e+00,0.000000e+00,0.000000e+00,0.000000e+00,0.000000e+00,0.000000e+00,5.421011e-20,7.546700e-14,0.000000e+00,0.000000e+00,0.000000e+00,0.000000e+00,2.295507e+01,8.648417e+02,3.380293e-01,7.183287e-05,0.000000e+00,3.550479e+01,0.000000e+00,0.000000e+00,-6.965575e-01
6.860038e-03,2.325789e+01,8.644641e+02,8.857984e-05,6.006444e-06,3.380291e-01,7.183287e-05,3.482612e-06,0.000000e+00,-4.736889e+00,0.000000e+00,0.000000e+00,0.000000e+00,0.000000e+00,0.000000e+00,0.000000e+00,0.000000e+00,5.421011e-20,7.546700e-14,0.000000e+00,0.000000e+00,0.000000e+00,0.000000e+00,2.325789e+01,8.645485e+02,3.380292e-01,7.183287e-05,0.000000e+00,3.553756e+01,0.000000e+00,0.000000e+00,-6.965575e-01
6.870488e-03,2.378875e+01,8.639318e+02,8.860968e-05,6.014583e-06,3.380291e-01,7.183287e-05,3.484192e-06,0.000000e+00,-4.736889e+00,0.000000e+00,0.000000e+00,0.000000e+00,0.000000e+00,0.000000e+00,0.000000e+00,0.000000e+00,5.421011e-20,7.546700e-14,0.000000e+00,0.000000e+00,0.000000e+00,0.000000e+00,2.378875e+01,8.640310e+02,3.380291e-01,7.183287e-05,0.000000e+00,3.558673e+01,0.000000e+00,0.000000e+00,-6.965575e-01
6.880942e-03,2.440376e+01,8.633157e+02,8.863158e-05,6.016448e-06,3.380290e-01,7.183287e-05,3.485507e-06,0.000000e+00,-4.736889e+00,0.000000e+00,0.000000e+00,0.000000e+00,0.000000e+00,0.000000e+00,0.000000e+00,0.000000e+00,5.421011e-20,7.546700e-14,0.000000e+00,0.000000e+00,0.000000e+00,0.000000e+00,2.440376e+01,8.634282e+02,3.380290e-01,7.183287e-05,0.000000e+00,3.563592e+01,0.000000e+00,0.000000e+00,-6.965575e-01
6.891399e-03,2.509422e+01,8.626248e+02,8.864945e-05,6.015505e-06,3.380289e-01,7.183287e-05,3.484008e-06,0.000000e+00,-4.736889e+00,0.000000e+00,0.000000e+00,0.000000e+00,0.000000e+00,0.000000e+00,0.000000e+00,0.000000e+00,5.421011e-20,7.546700e-14,0.000000e+00,0.000000e+00,0.000000e+00,0.000000e+00,2.509422e+01,8.627490e+02,3.380289e-01,7.183287e-05,0.000000e+00,3.568513e+01,0.000000e+00,0.000000e+00,-6.965575e-01
6.901847e-03,2.585107e+01,8.618685e+02,8.866860e-05,6.015372e-06,3.380288e-01,7.183287e-05,3.481161e-06,0.000000e+00,-4.736889e+00,0.000000e+00,0.000000e+00,0.000000e+00,0.000000e+00,0.000000e+00,0.000000e+00,0.000000e+00,5.421011e-20,7.546700e-14,0.000000e+00,0.000000e+00,0.000000e+00,0.000000e+00,2.585107e+01,8.620031e+02,3.380288e-01,7.183287e-05,0.000000e+00,3.573430e+01,0.000000e+00,0.000000e+00,-6.965575e-01
6.912289e-03,2.666629e+01,8.610541e+02,8.868866e-05,6.026052e-06,3.380287e-01,7.183287e-05,3.480139e-06,0.000000e+00,-4.736889e+00,0.000000e+00,0.000000e+00,0.000000e+00,0.000000e+00,0.000000e+00,0.000000e+00,0.000000e+00,5.421011e-20,7.546700e-14,0.000000e+00,0.000000e+00,0.000000e+00,0.000000e+00,2.666629e+01,8.611978e+02,3.380287e-01,7.183287e-05,0.000000e+00,3.578344e+01,0.000000e+00,0.000000e+00,-6.965575e-01
6.922730e-03,2.753213e+01,8.601881e+02,8.870670e-05,6.038330e-06,3.380285e-01,7.183287e-05,3.481019e-06,0.000000e+00,-4.736889e+00,0.000000e+00,0.000000e+00,0.000000e+00,0.000000e+00,0.000000e+00,0.000000e+00,0.000000e+00,5.421011e-20,7.546700e-14,0.000000e+00,0.000000e+00,0.000000e+00,0.000000e+00,2.753213e+01,8.603398e+02,3.380285e-01,7.183287e-05,0.000000e+00,3.583257e+01,0.000000e+00,0.000000e+00,-6.965575e-01
6.933175e-03,2.843990e+01,8.592785e+02,8.872942e-05,6.052408e-06,3.380283e-01,7.183287e-05,3.483675e-06,0.000000e+00,-4.736889e+00,0.000000e+00,0.000000e+00,0.000000e+00,0.000000e+00,0.000000e+00,0.000000e+00,0.000000e+00,5.421011e-20,7.546700e-14,0.000000e+00,0.000000e+00,0.000000e+00,0.000000e+00,2.843990e+01,8.594368e+02,3.380283e-01,7.183287e-05,0.000000e+00,3.588172e+01,0.000000e+00,0.000000e+00,-6.965575e-01
6.940144e-03,2.906337e+01,8.586529e+02,8.874937e-05,6.062811e-06,3.380282e-01,7.183287e-05,3.485944e-06,0.000000e+00,-4.736889e+00,0.000000e+00,0.000000e+00,0.000000e+00,0.000000e+00,0.000000e+00,0.000000e+00,0.000000e+00,5.421011e-20,7.546700e-14,0.000000e+00,0.000000e+00,0.000000e+00,0.000000e+00,2.906337e+01,8.588145e+02,3.380282e-01,7.183287e-05,0.000000e+00,3.591451e+01,0.000000e+00,0.000000e+00,-6.965575e-01
6.950598e-03,3.001646e+01,8.576959e+02,8.878463e-05,6.075271e-06,3.380281e-01,7.183287e-05,3.481894e-06,0.000000e+00,-4.736889e+00,0.000000e+00,0.000000e+00,0.000000e+00,0.000000e+00,0.000000e+00,0.000000e+00,0.000000e+00,5.421011e-20,7.546700e-14,0.000000e+00,0.000000e+00,0.000000e+00,0.000000e+00,3.001646e+01,8.578603e+02,3.380281e-01,7.183287e-05,0.000000e+00,3.596371e+01,0.000000e+00,0.000000e+00,-6.965575e-01
6.961040e-03,3.097823e+01,8.567306e+02,8.882369e-05,6.078832e-06,3.380280e-01,7.183287e-05,3.478045e-06,0.000000e+00,-4.736889e+00,0.000000e+00,0.000000e+00,0.000000e+00,0.000000e+00,0.000000e+00,0.000000e+00,0.000000e+00,5.421011e-20,7.546700e-14,0.000000e+00,0.000000e+00,0.000000e+00,0.000000e+00,3.097823e+01,8.568953e+02,3.380280e-01,7.183287e-05,0.000000e+00,3.601284e+01,0.000000e+00,0.000000e+00,-6.965575e-01
6.971471e-03,3.193589e+01,8.557709e+02,8.885941e-05,6.078582e-06,3.380278e-01,7.183287e-05,3.474667e-06,0.000000e+00,-4.736889e+00,0.000000e+00,0.000000e+00,0.000000e+00,0.000000e+00,0.000000e+00,0.000000e+00,0.000000e+00,5.421011e-20,7.546700e-14,0.000000e+00,0.000000e+00,0.000000e+00,0.000000e+00,3.193589e+01,8.559337e+02,3.380279e-01,7.183287e-05,0.000000e+00,3.606193e+01,0.000000e+00,0.000000e+00,-6.965575e-01
6.981892e-03,3.287778e+01,8.548287e+02,8.888685e-05,6.089046e-06,3.380277e-01,7.183287e-05,3.472269e-06,0.000000e+00,-4.736889e+00,0.000000e+00,0.000000e+00,0.000000e+00,0.000000e+00,0.000000e+00,0.000000e+00,0.000000e+00,5.421011e-20,7.546700e-14,0.000000e+00,0.000000e+00,0.000000e+00,0.000000e+00,3.287778e+01,8.549877e+02,3.380277e-01,7.183287e-05,0.000000e+00,3.611097e+01,0.000000e+00,0.000000e+00,-6.965575e-01
6.992307e-03,3.379410e+01,8.539133e+02,8.890349e-05,6.101766e-06,3.380274e-01,7.183287e-05,3.471501e-06,0.000000e+00,-4.736889e+00,0.000000e+00,0.000000e+00,0.000000e+00,0.000000e+00,0.000000e+00,0.000000e+00,0.000000e+00,5.421011e-20,7.546700e-14,0.000000e+00,0.000000e+00,0.000000e+00,0.000000e+00,3.379410e+01,8.540672e+02,3.380275e-01,7.183287e-05,0.000000e+00,3.615998e+01,0.000000e+00,0.000000e+00,-6.965575e-01
7.002722e-03,3.467699e+01,8.530312e+02,8.891020e-05,6.116644e-06,3.380272e-01,7.183287e-05,3.472794e-06,0.000000e+00,-4.736889e+00,0.000000e+00,0.000000e+00,0.000000e+00,0.000000e+00,0.000000e+00,0.000000e+00,0.000000e+00,5.421011e-20,7.546700e-14,0.000000e+00,0.000000e+00,0.000000e+00,0.000000e+00,3.467699e+01,8.531792e+02,3.380273e-01,7.183287e-05,0.000000e+00,3.620899e+01,0.000000e+00,0.000000e+00,-6.965575e-01
7.013144e-03,3.552028e+01,8.521882e+02,8.889981e-05,6.124782e-06,3.380271e-01,7.183287e-05,3.476146e-06,0.000000e+00,-4.736889e+00,0.000000e+00,0.000000e+00,0.000000e+00,0.000000e+00,0.000000e+00,0.000000e+00,0.000000e+00,5.421011e-20,7.546700e-14,0.000000e+00,0.000000e+00,0.000000e+00,0.000000e+00,3.552028e+01,8.523292e+02,3.380271e-01,7.183287e-05,0.000000e+00,3.625803e+01,0.000000e+00,0.000000e+00,-6.965575e-01
7.020098e-03,3.605805e+01,8.516500e+02,8.889981e-05,6.124782e-06,3.380271e-01,7.183287e-05,3.479357e-06,0.000000e+00,-4.736889e+00,0.000000e+00,0.000000e+00,0.000000e+00,0.000000e+00,0.000000e+00,0.000000e+00,0.000000e+00,5.421011e-20,7.546700e-14,0.000000e+00,0.000000e+00,0.000000e+00,0.000000e+00,3.605805e+01,8.517861e+02,3.380271e-01,7.183287e-05,0.000000e+00,3.629076e+01,0.000000e+00,0.000000e+00,-6.965575e-01
7.030537e-03,3.682499e+01,8.508817e+02,8.889981e-05,6.124782e-06,3.380271e-01,7.183287e-05,3.480390e-06,0.000000e+00,-4.736889e+00,0.000000e+00,0.000000e+00,0.000000e+00,0.000000e+00,0.000000e+00,0.000000e+00,0.000000e+00,5.421011e-20,7.546700e-14,0.000000e+00,0.000000e+00,0.000000e+00,0.000000e+00,3.682499e+01,8.510097e+02,3.380271e-01,7.183287e-05,0.000000e+00,3.633988e+01,0.000000e+00,0.000000e+00,-6.965575e-01
7.040980e-03,3.754125e+01,8.501639e+02,8.889981e-05,6.124782e-06,3.380271e-01,7.183287e-05,3.482194e-06,0.000000e+00,-4.736889e+00,0.000000e+00,0.000000e+00,0.000000e+00,0.000000e+00,0.000000e+00,0.000000e+00,0.000000e+00,5.421011e-20,7.546700e-14,0.000000e+00,0.000000e+00,0.000000e+00,0.000000e+00,3.754125e+01,8.502833e+02,3.380271e-01,7.183287e-05,0.000000e+00,3.638902e+01,0.000000e+00,0.000000e+00,-6.965575e-01
7.051429e-03,3.820542e+01,8.494990e+02,8.889981e-05,6.124782e-06,3.380271e-01,7.183287e-05,3.484979e-06,0.000000e+00,-4.736889e+00,0.000000e+00,0.000000e+00,0.000000e+00,0.000000e+00,0.000000e+00,0.000000e+00,0.000000e+00,5.421011e-20,7.546700e-14,0.000000e+00,0.000000e+00,0.000000e+00,0.000000e+00,3.820542e+01,8.496094e+02,3.380271e-01,7.183287e-05,0.000000e+00,3.643819e+01,0.000000e+00,0.000000e+00,-6.965575e-01
7.061887e-03,3.881723e+01,8.488875e+02,8.889981e-05,6.124782e-06,3.380271e-01,7.183287e-05,3.488258e-06,0.000000e+00,-4.736889e+00,0.000000e+00,0.000000e+00,0.000000e+00,0.000000e+00,0.000000e+00,0.000000e+00,0.000000e+00,5.421011e-20,7.546700e-14,0.000000e+00,0.000000e+00,0.000000e+00,0.000000e+00,3.881723e+01,8.489891e+02,3.380271e-01,7.183287e-05,0.000000e+00,3.648740e+01,0.000000e+00,0.000000e+00,-6.965575e-01
7.072355e-03,3.937748e+01,8.483283e+02,8.889981e-05,6.124782e-06,3.380271e-01,7.183287e-05,3.491383e-06,0.000000e+00,-4.736889e+00,0.000000e+00,0.000000e+00,0.000000e+00,0.000000e+00,0.000000e+00,0.000000e+00,0.000000e+00,5.421011e-20,7.546700e-14,0.000000e+00,0.000000e+00,0.000000e+00,0.000000e+00,3.937748e+01,8.484214e+02,3.380271e-01,7.183287e-05,0.000000e+00,3.653667e+01,0.000000e+00,0.000000e+00,-6.965575e-01
7.082831e-03,3.988784e+01,8.478191e+02,8.889981e-05,6.124782e-06,3.380271e-01,7.183287e-05,3.492741e-06,0.000000e+00,-4.736889e+00,0.000000e+00,0.000000e+00,0.000000e+00,0.000000e+00,0.000000e+00,0.000000e+00,0.000000e+00,5.421011e-20,7.546700e-14,0.000000e+00,0.000000e+00,0.000000e+00,0.000000e+00,3.988784e+01,8.479041e+02,3.380271e-01,7.183287e-05,0.000000e+00,3.658596e+01,0.000000e+00,0.000000e+00,-6.965575e-01
7.093310e-03,4.035056e+01,8.473568e+02,8.889981e-05,6.124782e-06,3.380271e-01,7.183287e-05,3.493551e-06,0.000000e+00,-4.736889e+00,0.000000e+00,0.000000e+00,0.000000e+00,0.000000e+00,0.000000e+00,0.000000e+00,0.000000e+00,5.421011e-20,7.546700e-14,0.000000e+00,0.000000e+00,0.000000e+00,0.000000e+00,4.035056e+01,8.474342e+02,3.380271e-01,7.183287e-05,0.000000e+00,3.663527e+01,0.000000e+00,0.000000e+00,-6.965575e-01
7.100298e-03,4.063409e+01,8.470730e+02,8.889981e-05,6.124782e-06,3.380271e-01,7.183287e-05,3.494345e-06,0.000000e+00,-4.736889e+00,0.000000e+00,0.000000e+00,0.000000e+00,0.000000e+00,0.000000e+00,0.000000e+00,0.000000e+00,5.421011e-20,7.546700e-14,0.000000e+00,0.000000e+00,0.000000e+00,0.000000e+00,4.063409e+01,8.471457e+02,3.380271e-01,7.183287e-05,0.000000e+00,3.666816e+01,0.000000e+00,0.000000e+00,-6.965575e-01
7.110780e-03,4.102447e+01,8.466817e+02,8.889981e-05,6.124782e-06,3.380271e-01,7.183287e-05,3.493045e-06,0.000000e+00,-4.736889e+00,0.000000e+00,0.000000e+00,0.000000e+00,0.000000e+00,0.000000e+00,0.000000e+00,0.000000e+00,5.421011e-20,7.546700e-14,0.000000e+00,0.000000e+00,0.000000e+00,0.000000e+00,4.102447e+01,8.467477e+02,3.380271e-01,7.183287e-05,0.000000e+00,3.671748e+01,0.000000e+00,0.000000e+00,-6.965575e-01
7.121257e-03,4.137628e+01,8.463290e+02,8.889981e-05,6.124782e-06,3.380271e-01,7.183287e-05,3.490283e-06,0.000000e+00,-4.736889e+00,0.000000e+00,0.000000e+00,0.000000e+00,0.000000e+00,0.000000e+00,0.000000e+00,0.000000e+00,5.421011e-20,7.546700e-14,0.000000e+00,0.000000e+00,0.000000e+00,0.000000e+00,4.137628e+01,8.463888e+02,3.380271e-01,7.183287e-05,0.000000e+00,3.676678e+01,0.000000e+00,0.000000e+00,-6.965575e-01
7.131724e-03,4.169429e+01,8.460106e+02,8.889981e-05,6.124782e-06,3.380271e-01,7.183287e-05,3.486683e-06,0.000000e+00,-4.736889e+00,0.000000e+00,0.000000e+00,0.000000e+00,0.000000e+00,0.000000e+00,0.000000e+00,0.000000e+00,5.421011e-20,7.546700e-14,0.000000e+00,0.000000e+00,0.000000e+00,0.000000e+00,4.169429e+01,8.460651e+02,3.380271e-01,7.183287e-05,0.000000e+00,3.681604e+01,0.000000e+00,0.000000e+00,-6.965575e-01
7.142180e-03,4.198455e+01,8.457204e+02,8.889981e-05,6.124782e-06,3.380271e-01,7.183287e-05,3.482798e-06,0.000000e+00,-4.736889e+00,0.000000e+00,0.000000e+00,0.000000e+00,0.000000e+00,0.000000e+00,0.000000e+00,0.000000e+00,5.421011e-20,7.546700e-14,0.000000e+00,0.000000e+00,0.000000e+00,0.000000e+00,4.198455e+01,8.457708e+02,3.380271e-01,7.183287e-05,0.000000e+00,3.686525e+01,0.000000e+00,0.000000e+00,-6.965575e-01
7.152625e-03,4.225455e+01,8.454509e+02,8.889981e-05,6.124782e-06,3.380271e-01,7.183287e-05,3.479151e-06,0.000000e+00,-4.736889e+00,0.000000e+00,0.000000e+00,0.000000e+00,0.000000e+00,0.000000e+00,0.000000e+00,0.000000e+00,5.421011e-20,7.546700e-14,0.000000e+00,0.000000e+00,0.000000e+00,0.000000e+00,4.225455e+01,8.454985e+02,3.380271e-01,7.183287e-05,0.000000e+00,3.691439e+01,0.000000e+00,0.000000e+00,-6.965575e-01
7.163059e-03,4.251295e+01,8.451931e+02,8.889981e-05,6.124782e-06,3.380271e-01,7.183287e-05,3.476160e-06,0.000000e+00,-4.736889e+00,0.000000e+00,0.000000e+00,0.000000e+00,0.000000e+00,0.000000e+00,0.000000e+00,0.000000e+00,5.421011e-20,7.546700e-14,0.000000e+00,0.000000e+00,0.000000e+00,0.000000e+00,4.251295e+01,8.452394e+02,3.380271e-01,7.183287e-05,0.000000e+00,3.696349e+01,0.000000e+00,0.000000e+00,-6.965575e-01
7.170010e-03,4.268334e+01,8.450231e+02,8.889981e-05,6.124782e-06,3.380271e-01,7.183287e-05,3.474683e-06,0.000000e+00,-4.736889e+00,0.000000e+00,0.000000e+00,0.000000e+00,0.000000e+00,0.000000e+00,0.000000e+00,0.000000e+00,5.421011e-20,7.546700e-14,0.000000e+00,0.000000e+00,0.000000e+00,0.000000e+00,4.268334e+01,8.450695e+02,3.380271e-01,7.183287e-05,0.000000e+00,3.699621e+01,0.000000e+00,0.000000e+00,-6.965575e-01
7.180433e-03,4.294301e+01,8.447642e+02,8.889981e-05,6.124782e-06,3.380271e-01,7.183287e-05,3.473375e-06,0.000000e+00,-4.736889e+00,0.000000e+00,0.000000e+00,0.000000e+00,0.000000e+00,0.000000e+00,0.000000e+00,0.000000e+00,5.421011e-20,7.546700e-14,0.000000e+00,0.000000e+00,0.000000e+00,0.000000e+00,4.294301e+01,8.448118e+02,3.380271e-01,7.183287e-05,0.000000e+00,3.704525e+01,0.000000e+00,0.000000e+00,-6.965575e-01
7.190853e-03,4.321534e+01,8.444924e+02,8.889981e-05,6.124782e-06,3.380271e-01,7.183287e-05,3.473240e-06,0.000000e+00,-4.736889e+00,0.000000e+00,0.000000e+00,0.000000e+00,0.000000e+00,0.000000e+00,0.000000e+00,0.000000e+00,5.421011e-20,7.546700e-14,0.000000e+00,0.000000e+00,0.000000e+00,0.000000e+00,4.321534e+01,8.445428e+02,3.380271e-01,7.183287e-05,0.000000e+00,3.709428e+01,0.000000e+00,0.000000e+00,-6.965575e-01
7.201273e-03,4.350787e+01,8.441998e+02,8.889981e-05,6.124782e-06,3.380271e-01,7.183287e-05,3.474279e-06,0.000000e+00,-4.736889e+00,0.000000e+00,0.000000e+00,0.000000e+00,0.000000e+00,0.000000e+00,0.000000e+00,0.000000e+00,5.421011e-20,7.546700e-14,0.000000e+00,0.000000e+00,0.000000e+00,0.000000e+00,4.350787e+01,8.442542e+02,3.380271e-01,7.183287e-05,0.000000e+00,3.714332e+01,0.000000e+00,0.000000e+00,-6.965575e-01
7.211698e-03,4.382640e+01,8.438804e+02,8.889981e-05,6.124782e-06,3.380271e-01,7.183287e-05,3.476307e-06,0.000000e+00,-4.736889e+00,0.000000e+00,0.000000e+00,0.000000e+00,0.000000e+00,0.000000e+00,0.000000e+00,0.000000e+00,5.421011e-20,7.546700e-14,0.000000e+00,0.000000e+00,0.000000e+00,0.000000e+00,4.382640e+01,8.439396e+02,3.380271e-01,7.183287e-05,0.000000e+00,3.719238e+01,0.000000e+00,0.000000e+00,-6.965575e-01
7.222129e-03,4.417487e+01,8.435303e+02,8.889981e-05,6.124782e-06,3.380271e-01,7.183287e-05,3.478928e-06,0.000000e+00,-4.736889e+00,0.000000e+00,0.000000e+00,0.000000e+00,0.000000e+00,0.000000e+00,0.000000e+00,0.000000e+00,5.421011e-20,7.546700e-14,0.000000e+00,0.000000e+00,0.000000e+00,0.000000e+00,4.417487e+01,8.435948e+02,3.380271e-01,7.183287e-05,0.000000e+00,3.724147e+01,0.000000e+00,0.000000e+00,-6.965575e-01
7.232569e-03,4.455560e+01,8.431479e+02,8.889981e-05,6.124782e-06,3.380271e-01,7.183287e-05,3.481592e-06,0.000000e+00,-4.736889e+00,0.000000e+00,0.000000e+00,0.000000e+00,0.000000e+00,0.000000e+00,0.000000e+00,0.000000e+00,5.421011e-20,7.546700e-14,0.000000e+00,0.000000e+00,0.000000e+00,0.000000e+00,4.455560e+01,8.432179e+02,3.380271e-01,7.183287e-05,0.000000e+00,3.729059e+01,0.000000e+00,0.000000e+00,-6.965575e-01
7.243016e-03,4.496976e+01,8.427328e+02,8.889981e-05,6.124782e-06,3.380271e-01,7.183287e-05,3.483691e-06,0.000000e+00,-4.736889e+00,0.000000e+00,0.000000e+00,0.000000e+00,0.000000e+00,0.000000e+00,0.000000e+00,0.000000e+00,5.421011e-20,7.546700e-14,0.000000e+00,0.000000e+00,0.000000e+00,0.000000e+00,4.496976e+01,8.428082e+02,3.380271e-01,7.183287e-05,0.000000e+00,3.733975e+01,0.000000e+00,0.000000e+00,-6.965575e-01
7.253469e-03,4.541770e+01,8.422849e+02,8.889981e-05,6.124782e-06,3.380271e-01,7.183287e-05,3.484767e-06,0.000000e+00,-4.736889e+00,0.000000e+00,0.000000e+00,0.000000e+00,0.000000e+00,0.000000e+00,0.000000e+00,0.000000e+00,5.421011e-20,7.546700e-14,0.000000e+00,0.000000e+00,0.000000e+00,0.000000e+00,4.541770e+01,8.423658e+02,3.380271e-01,7.183287e-05,0.000000e+00,3.738894e+01,0.000000e+00,0.000000e+00,-6.965575e-01
7.260438e-03,4.573482e+01,8.419682e+02,8.889981e-05,6.124782e-06,3.380271e-01,7.183287e-05,3.484838e-06,0.000000e+00,-4.736889e+00,0.000000e+00,0.000000e+00,0.000000e+00,0.000000e+00,0.000000e+00,0.000000e+00,0.000000e+00,5.421011e-20,7.546700e-14,0.000000e+00,0.000000e+00,0.000000e+00,0.000000e+00,4.573482e+01,8.420527e+02,3.380271e-01,7.183287e-05,0.000000e+00,3.742173e+01,0.000000e+00,0.000000e+00,-6.965575e-01
7.270892e-03,4.623694e+01,8.414670e+02,8.889981e-05,6.124782e-06,3.380271e-01,7.183287e-05,3.484035e-06,0.000000e+00,-4.736889e+00,0.000000e+00,0.000000e+00,0.000000e+00,0.000000e+00,0.000000e+00,0.000000e+00,0.000000e+00,5.421011e-20,7.546700e-14,0.000000e+00,0.000000e+00,0.000000e+00,0.000000e+00,4.623694e+01,8.415566e+02,3.380271e-01,7.183287e-05,0.000000e+00,3.747093e+01,0.000000e+00,0.000000e+00,-6.965575e-01
7.281343e-03,4.676771e+01,8.409369e+02,8.889981e-05,6.124782e-06,3.380271e-01,7.183287e-05,3.482432e-06,0.000000e+00,-4.736889e+00,0.000000e+00,0.000000e+00,0.000000e+00,0.000000e+00,0.000000e+00,0.000000e+00,0.000000e+00,5.421011e-20,7.546700e-14,0.000000e+00,0.000000e+00,0.000000e+00,0.000000e+00,4.676771e+01,8.410310e+02,3.380271e-01,7.183287e-05,0.000000e+00,3.752011e+01,0.000000e+00,0.000000e+00,-6.965575e-01
7.291788e-03,4.732175e+01,8.403829e+02,8.889981e-05,6.124782e-06,3.380271e-01,7.183287e-05,3.480503e-06,0.000000e+00,-4.736889e+00,0.000000e+00,0.000000e+00,0.000000e+00,0.000000e+00,0.000000e+00,0.000000e+00,0.000000e+00,5.421011e-20,7.546700e-14,0.000000e+00,0.000000e+00,0.000000e+00,0.000000e+00,4.732175e+01,8.404805e+02,3.380271e-01,7.183287e-05,0.000000e+00,3.756926e+01,0.000000e+00,0.000000e+00,-6.965575e-01
7.302227e-03,4.789173e+01,8.398126e+02,8.889981e-05,6.124782e-06,3.380271e-01,7.183287e-05,3.478696e-06,0.000000e+00,-4.736889e+00,0.000000e+00,0.000000e+00,0.000000e+00,0.000000e+00,0.000000e+00,0.000000e+00,0.000000e+00,5.421011e-20,7.546700e-14,0.000000e+00,0.000000e+00,0.000000e+00,0.000000e+00,4.789173e+01,8.399123e+02,3.380271e-01,7.183287e-05,0.000000e+00,3.761839e+01,0.000000e+00,0.000000e+00,-6.965575e-01
7.312662e-03,4.846888e+01,8.392350e+02,8.889981e-05,6.124782e-06,3.380271e-01,7.183287e-05,3.477279e-06,0.000000e+00,-4.736889e+00,0.000000e+00,0.000000e+00,0.000000e+00,0.000000e+00,0.000000e+00,0.000000e+00,0.000000e+00,5.421011e-20,7.546700e-14,0.000000e+00,0.000000e+00,0.000000e+00,0.000000e+00,4.846888e+01,8.393351e+02,3.380271e-01,7.183287e-05,0.000000e+00,3.766749e+01,0.000000e+00,0.000000e+00,-6.965575e-01
7.323093e-03,4.904374e+01,8.386599e+02,8.889981e-05,6.124782e-06,3.380271e-01,7.183287e-05,3.476247e-06,0.000000e+00,-4.736889e+00,0.000000e+00,0.000000e+00,0.000000e+00,0.000000e+00,0.000000e+00,0.000000e+00,0.000000e+00,5.421011e-20,7.546700e-14,0.000000e+00,0.000000e+00,0.000000e+00,0.000000e+00,4.904374e+01,8.387589e+02,3.380271e-01,7.183287e-05,0.000000e+00,3.771657e+01,0.000000e+00,0.000000e+00,-6.965575e-01
7.330045e-03,4.942097e+01,8.382825e+02,8.889981e-05,6.124782e-06,3.380271e-01,7.183287e-05,3.475630e-06,0.000000e+00,-4.736889e+00,0.000000e+00,0.000000e+00,0.000000e+00,0.000000e+00,0.000000e+00,0.000000e+00,0.000000e+00,5.421011e-20,7.546700e-14,0.000000e+00,0.000000e+00,0.000000e+00,0.000000e+00,4.942097e+01,8.383798e+02,3.380271e-01,7.183287e-05,0.000000e+00,3.774929e+01,0.000000e+00,0.000000e+00,-6.965575e-01
7.340471e-03,4.997098e+01,8.377319e+02,8.889981e-05,6.124782e-06,3.380271e-01,7.183287e-05,3.474500e-06,0.000000e+00,-4.736889e+00,0.000000e+00,0.000000e+00,0.000000e+00,0.000000e+00,0.000000e+00,0.000000e+00,0.000000e+00,5.421011e-20,7.546700e-14,0.000000e+00,0.000000e+00,0.000000e+00,0.000000e+00,4.997098e+01,8.378257e+02,3.380271e-01,7.183287e-05,0.000000e+00,3.779835e+01,0.000000e+00,0.000000e+00,-6.965575e-01
7.350893e-03,5.049411e+01,8.372079e+02,8.889981e-05,6.124782e-06,3.380271e-01,7.183287e-05,3.472866e-06,0.000000e+00,-4.736889e+00,0.000000e+00,0.000000e+00,0.000000e+00,0.000000e+00,0.000000e+00,0.000000e+00,0.000000e+00,5.421011e-20,7.546700e-14,0.000000e+00,0.000000e+00,0.000000e+00,0.000000e+00,5.049411e+01,8.372966e+02,3.380271e-01,7.183287e-05,0.000000e+00,3.784739e+01,0.000000e+00,0.000000e+00,-6.965575e-01
7.361310e-03,5.098209e+01,8.367189e+02,8.889981e-05,6.124782e-06,3.380271e-01,7.183287e-05,3.470699e-06,0.000000e+00,-4.736889e+00,0.000000e+00,0.000000e+00,0.000000e+00,0.000000e+00,0.000000e+00,0.000000e+00,0.000000e+00,5.421011e-20,7.546700e-14,0.000000e+00,0.000000e+00,0.000000e+00,0.000000e+00,5.098209e+01,8.368010e+02,3.380271e-01,7.183287e-05,0.000000e+00,3.789641e+01,0.000000e+00,0.000000e+00,-6.965575e-01
7.371719e-03,5.142746e+01,8.362727e+02,8.889981e-05,6.124782e-06,3.380271e-01,7.183287e-05,3.468285e-06,0.000000e+00,-4.736889e+00,0.000000e+00,0.000000e+00,0.000000e+00,0.000000e+00,0.000000e+00,0.000000e+00,0.000000e+00,5.421011e-20,7.546700e-14,0.000000e+00,0.000000e+00,0.000000e+00,0.000000e+00,5.142746e+01,8.363471e+02,3.380271e-01,7.183287e-05,0.000000e+00,3.794540e+01,0.000000e+00,0.000000e+00,-6.965575e-01
7.382122e-03,5.182373e+01,8.358763e+02,8.889981e-05,6.124782e-06,3.380271e-01,7.183287e-05,3.466164e-06,0.000000e+00,-4.736889e+00,0.000000e+00,0.000000e+00,0.000000e+00,0.000000e+00,0.000000e+00,0.000000e+00,0.000000e+00,5.421011e-20,7.546700e-14,0.000000e+00,0.000000e+00,0.000000e+00,0.000000e+00,5.182373e+01,8.359420e+02,3.380271e-01,7.183287e-05,0.000000e+00,3.799435e+01,0.000000e+00,0.000000e+00,-6.965575e-01
7.392519e-03,5.216554e+01,8.355350e+02,8.889981e-05,6.124782e-06,3.380271e-01,7.183287e-05,3.464984e-06,0.000000e+00,-4.736889e+00,0.000000e+00,0.000000e+00,0.000000e+00,0.000000e+00,0.000000e+00,0.000000e+00,0.000000e+00,5.421011e-20,7.546700e-14,0.000000e+00,0.000000e+00,0.000000e+00,0.000000e+00,5.216554e+01,8.355911e+02,3.380271e-01,7.183287e-05,0.000000e+00,3.804327e+01,0.000000e+00,0.000000e+00,-6.965575e-01
7.402914e-03,5.244855e+01,8.352524e+02,8.889981e-05,6.124782e-06,3.380271e-01,7.183287e-05,3.465239e-06,0.000000e+00,-4.736889e+00,0.000000e+00,0.000000e+00,0.000000e+00,0.000000e+00,0.000000e+00,0.000000e+00,0.000000e+00,5.421011e-20,7.546700e-14,0.000000e+00,0.000000e+00,0.000000e+00,0.000000e+00,5.244855e+01,8.352986e+02,3.380271e-01,7.183287e-05,0.000000e+00,3.809219e+01,0.000000e+00,0.000000e+00,-6.965575e-01
7.413311e-03,5.266915e+01,8.350316e+02,8.889981e-05,6.124782e-06,3.380271e-01,7.183287e-05,3.467133e-06,0.000000e+00,-4.736889e+00,0.000000e+00,0.000000e+00,0.000000e+00,0.000000e+00,0.000000e+00,0.000000e+00,0.000000e+00,5.421011e-20,7.546700e-14,0.000000e+00,0.000000e+00,0.000000e+00,0.000000e+00,5.266915e+01,8.350673e+02,3.380271e-01,7.183287e-05,0.000000e+00,3.814112e+01,0.000000e+00,0.000000e+00,-6.965575e-01
7.420246e-03,5.277988e+01,8.349202e+02,8.889981e-05,6.124782e-06,3.380271e-01,7.183287e-05,3.469252e-06,0.000000e+00,-4.736889e+00,0.000000e+00,0.000000e+00,0.000000e+00,0.000000e+00,0.000000e+00,0.000000e+00,0.000000e+00,5.421011e-20,7.546700e-14,0.000000e+00,0.000000e+00,0.000000e+00,0.000000e+00,5.277988e+01,8.349485e+02,3.380271e-01,7.183287e-05,0.000000e+00,3.817375e+01,0.000000e+00,0.000000e+00,-6.965575e-01
7.430658e-03,5.288910e+01,8.348093e+02,8.889981e-05,6.124782e-06,3.380271e-01,7.183287e-05,3.473370e-06,0.000000e+00,-4.736889e+00,0.000000e+00,0.000000e+00,0.000000e+00,0.000000e+00,0.000000e+00,0.000000e+00,0.000000e+00,5.421011e-20,7.546700e-14,0.000000e+00,0.000000e+00,0.000000e+00,0.000000e+00,5.288910e+01,8.348262e+02,3.380271e-01,7.183287e-05,0.000000e+00,3.822275e+01,0.000000e+00,0.000000e+00,-6.965575e-01
7.441083e-03,5.292743e+01,8.347695e+02,8.889981e-05,6.124782e-06,3.380271e-01,7.183287e-05,3.477190e-06,0.000000e+00,-4.736889e+00,0.000000e+00,0.000000e+00,0.000000e+00,0.000000e+00,0.000000e+00,0.000000e+00,0.000000e+00,5.421011e-20,7.546700e-14,0.000000e+00,0.000000e+00,0.000000e+00,0.000000e+00,5.292743e+01,8.347743e+02,3.380271e-01,7.183287e-05,0.000000e+00,3.827180e+01,0.000000e+00,0.000000e+00,-6.965575e-01
7.451513e-03,5.289277e+01,8.348034e+02,8.889981e-05,6.124782e-06,3.380271e-01,7.183287e-05,3.476270e-06,0.000000e+00,-4.736889e+00,0.000000e+00,0.000000e+00,0.000000e+00,0.000000e+00,0.000000e+00,0.000000e+00,0.000000e+00,5.421011e-20,7.546700e-14,0.000000e+00,0.000000e+00,0.000000e+00,0.000000e+00,5.289277e+01,8.347958e+02,3.380271e-01,7.183287e-05,0.000000e+00,3.832089e+01,0.000000e+00,0.000000e+00,-6.965575e-01
7.461941e-03,5.278478e+01,8.349115e+02,8.889981e-05,6.124782e-06,3.380271e-01,7.183287e-05,3.475434e-06,0.000000e+00,-4.736889e+00,0.000000e+00,0.000000e+00,0.000000e+00,0.000000e+00,0.000000e+00,0.000000e+00,0.000000e+00,5.421011e-20,7.546700e-14,0.000000e+00,0.000000e+00,0.000000e+00,0.000000e+00,5.278478e+01,8.348916e+02,3.380271e-01,7.183287e-05,0.000000e+00,3.836996e+01,0.000000e+00,0.000000e+00,-6.965575e-01
7.472367e-03,5.260502e+01,8.350917e+02,8.889981e-05,6.124782e-06,3.380271e-01,7.183287e-05,3.475086e-06,0.000000e+00,-4.736889e+00,0.000000e+00,0.000000e+00,0.000000e+00,0.000000e+00,0.000000e+00,0.000000e+00,0.000000e+00,5.421011e-20,7.546700e-14,0.000000e+00,0.000000e+00,0.000000e+00,0.000000e+00,5.260502e+01,8.350601e+02,3.380271e-01,7.183287e-05,0.000000e+00,3.841902e+01,0.000000e+00,0.000000e+00,-6.965575e-01
7.482792e-03,5.235692e+01,8.353400e+02,8.889981e-05,6.124782e-06,3.380271e-01,7.183287e-05,3.475572e-06,0.000000e+00,-4.736889e+00,0.000000e+00,0.000000e+00,0.000000e+00,0.000000e+00,0.000000e+00,0.000000e+00,0.000000e+00,5.421011e-20,7.546700e-14,0.000000e+00,0.000000e+00,0.000000e+00,0.000000e+00,5.235692e+01,8.352974e+02,3.380271e-01,7.183287e-05,0.000000e+00,3.846808e+01,0.000000e+00,0.000000e+00,-6.965575e-01
7.493220e-03,5.204555e+01,8.356509e+02,8.889981e-05,6.124782e-06,3.380271e-01,7.183287e-05,3.477043e-06,0.000000e+00,-4.736889e+00,0.000000e+00,0.000000e+00,0.000000e+00,0.000000e+00,0.000000e+00,0.000000e+00,0.000000e+00,5.421011e-20,7.546700e-14,0.000000e+00,0.000000e+00,0.000000e+00,0.000000e+00,5.204555e+01,8.355983e+02,3.380271e-01,7.183287e-05,0.000000e+00,3.851715e+01,0.000000e+00,0.000000e+00,-6.965575e-01
7.500175e-03,5.180592e+01,8.358900e+02,8.889981e-05,6.124782e-06,3.380271e-01,7.183287e-05,3.477910e-06,0.000000e+00,-4.736889e+00,0.000000e+00,0.000000e+00,0.000000e+00,0.000000e+00,0.000000e+00,0.000000e+00,0.000000e+00,5.421011e-20,7.546700e-14,0.000000e+00,0.000000e+00,0.000000e+00,0.000000e+00,5.180592e+01,8.358314e+02,3.380271e-01,7.183287e-05,0.000000e+00,3.854988e+01,0.000000e+00,0.000000e+00,-6.965575e-01
7.510609e-03,5.140400e+01,8.362909e+02,8.889981e-05,6.124782e-06,3.380271e-01,7.183287e-05,3.478404e-06,0.000000e+00,-4.736889e+00,0.000000e+00,0.000000e+00,0.000000e+00,0.000000e+00,0.000000e+00,0.000000e+00,0.000000e+00,5.421011e-20,7.546700e-14,0.000000e+00,0.000000e+00,0.000000e+00,0.000000e+00,5.140400e+01,8.362242e+02,3.380271e-01,7.183287e-05,0.000000e+00,3.859898e+01,0.000000e+00,0.000000e+00,-6.965575e-01
7.521046e-03,5.095837e+01,8.367354e+02,8.889981e-05,6.124782e-06,3.380271e-01,7.183287e-05,3.480410e-06,0.000000e+00,-4.736889e+00,0.000000e+00,0.000000e+00,0.000000e+00,0.000000e+00,0.000000e+00,0.000000e+00,0.000000e+00,5.421011e-20,7.546700e-14,0.000000e+00,0.000000e+00,0.000000e+00,0.000000e+00,5.095837e+01,8.366621e+02,3.380271e-01,7.183287e-05,0.000000e+00,3.864809e+01,0.000000e+00,0.000000e+00,-6.965575e-01
7.531487e-03,5.047753e+01,8.372152e+02,8.889981e-05,6.124782e-06,3.380271e-01,7.183287e-05,3.478745e-06,0.000000e+00,-4.736889e+00,0.000000e+00,0.000000e+00,0.000000e+00,0.000000e+00,0.000000e+00,0.000000e+00,0.000000e+00,5.421011e-20,7.546700e-14,0.000000e+00,0.000000e+00,0.000000e+00,0.000000e+00,5.047753e+01,8.371367e+02,3.380271e-01,7.183287e-05,0.000000e+00,3.869722e+01,0.000000e+00,0.000000e+00,-6.965575e-01
7.541920e-03,4.997067e+01,8.377213e+02,8.889981e-05,6.124782e-06,3.380271e-01,7.183287e-05,3.475514e-06,0.000000e+00,-4.736889e+00,0.000000e+00,0.000000e+00,0.000000e+00,0.000000e+00,0.000000e+00,0.000000e+00,0.000000e+00,5.421011e-20,7.546700e-14,0.000000e+00,0.000000e+00,0.000000e+00,0.000000e+00,4.997067e+01,8.376390e+02,3.380271e-01,7.183287e-05,0.000000e+00,3.874632e+01,0.000000e+00,0.000000e+00,-6.965575e-01
7.552343e-03,4.944633e+01,8.382452e+02,8.889981e-05,6.124782e-06,3.380271e-01,7.183287e-05,3.472229e-06,0.000000e+00,-4.736889e+00,0.000000e+00,0.000000e+00,0.000000e+00,0.000000e+00,0.000000e+00,0.000000e+00,0.000000e+00,5.421011e-20,7.546700e-14,0.000000e+00,0.000000e+00,0.000000e+00,0.000000e+00,4.944633e+01,8.381605e+02,3.380271e-01,7.183287e-05,0.000000e+00,3.879537e+01,0.000000e+00,0.000000e+00,-6.965575e-01
7.562757e-03,4.891268e+01,8.387792e+02,8.889981e-05,6.124782e-06,3.380271e-01,7.183287e-05,3.469243e-06,0.000000e+00,-4.736889e+00,0.000000e+00,0.000000e+00,0.000000e+00,0.000000e+00,0.000000e+00,0.000000e+00,0.000000e+00,5.421011e-20,7.546700e-14,0.000000e+00,0.000000e+00,0.000000e+00,0.000000e+00,4.891268e+01,8.386935e+02,3.380271e-01,7.183287e-05,0.000000e+00,3.884437e+01,0.000000e+00,0.000000e+00,-6.965575e-01
7.573162e-03,4.837768e+01,8.393153e+02,8.889981e-05,6.124782e-06,3.380271e-01,7.183287e-05,3.466977e-06,0.000000e+00,-4.736889e+00,0.000000e+00,0.000000e+00,0.000000e+00,0.000000e+00,0.000000e+00,0.000000e+00,0.000000e+00,5.421011e-20,7.546700e-14,0.000000e+00,0.000000e+00,0.000000e+00,0.000000e+00,4.837768e+01,8.392299e+02,3.380271e-01,7.183287e-05,0.000000e+00,3.889333e+01,0.000000e+00,0.000000e+00,-6.965575e-01
7.580095e-03,4.802414e+01,8.396699e+02,8.889981e-05,6.124782e-06,3.380271e-01,7.183287e-05,3.466064e-06,0.000000e+00,-4.736889e+00,0.000000e+00,0.000000e+00,0.000000e+00,0.000000e+00,0.000000e+00,0.000000e+00,0.000000e+00,5.421011e-20,7.546700e-14,0.000000e+00,0.000000e+00,0.000000e+00,0.000000e+00,4.802414e+01,8.395854e+02,3.380271e-01,7.183287e-05,0.000000e+00,3.892596e+01,0.000000e+00,0.000000e+00,-6.965575e-01
7.590493e-03,4.750405e+01,8.401914e+02,8.889981e-05,6.124782e-06,3.380271e-01,7.183287e-05,3.465804e-06,0.000000e+00,-4.736889e+00,0.000000e+00,0.000000e+00,0.000000e+00,0.000000e+00,0.000000e+00,0.000000e+00,0.000000e+00,5.421011e-20,7.546700e-14,0.000000e+00,0.000000e+00,0.000000e+00,0.000000e+00,4.750405e+01,8.401094e+02,3.380271e-01,7.183287e-05,0.000000e+00,3.897489e+01,0.000000e+00,0.000000e+00,-6.965575e-01
7.600891e-03,4.700234e+01,8.406939e+02,8.889981e-05,6.124782e-06,3.380271e-01,7.183287e-05,3.466969e-06,0.000000e+00,-4.736889e+00,0.000000e+00,0.000000e+00,0.000000e+00,0.000000e+00,0.000000e+00,0.000000e+00,0.000000e+00,5.421011e-20,7.546700e-14,0.000000e+00,0.000000e+00,0.000000e+00,0.000000e+00,4.700234e+01,8.406156e+02,3.380271e-01,7.183287e-05,0.000000e+00,3.902382e+01,0.000000e+00,0.000000e+00,-6.965575e-01
7.611294e-03,4.652478e+01,8.411713e+02,8.889981e-05,6.124782e-06,3.380271e-01,7.183287e-05,3.469484e-06,0.000000e+00,-4.736889e+00,0.000000e+00,0.000000e+00,0.000000e+00,0.000000e+00,0.000000e+00,0.000000e+00,0.000000e+00,5.421011e-20,7.546700e-14,0.000000e+00,0.000000e+00,0.000000e+00,0.000000e+00,4.652478e+01,8.410975e+02,3.380271e-01,7.183287e-05,0.000000e+00,3.907278e+01,0.000000e+00,0.000000e+00,-6.965575e-01
7.621706e-03,4.607565e+01,8.416196e+02,8.889981e-05,6.124782e-06,3.380271e-01,7.183287e-05,3.473016e-06,0.000000e+00,-4.736889e+00,0.000000e+00,0.000000e+00,0.000000e+00,0.000000e+00,0.000000e+00,0.000000e+00,0.000000e+00,5.421011e-20,7.546700e-14,0.000000e+00,0.000000e+00,0.000000e+00,0.000000e+00,4.607565e+01,8.415508e+02,3.380271e-01,7.183287e-05,0.000000e+00,3.912177e+01,0.000000e+00,0.000000e+00,-6.965575e-01
7.632129e-03,4.565757e+01,8.420367e+02,8.889981e-05,6.124782e-06,3.380271e-01,7.183287e-05,3.477002e-06,0.000000e+00,-4.736889e+00,0.000000e+00,0.000000e+00,0.000000e+00,0.000000e+00,0.000000e+00,0.000000e+00,0.000000e+00,5.421011e-20,7.546700e-14,0.000000e+00,0.000000e+00,0.000000e+00,0.000000e+00,4.565757e+01,8.419733e+02,3.380271e-01,7.183287e-05,0.000000e+00,3.917082e+01,0.000000e+00,0.000000e+00,-6.965575e-01
7.642564e-03,4.527171e+01,8.424221e+02,8.889981e-05,6.124782e-06,3.380271e-01,7.183287e-05,3.480785e-06,0.000000e+00,-4.736889e+00,0.000000e+00,0.000000e+00,0.000000e+00,0.000000e+00,0.000000e+00,0.000000e+00,0.000000e+00,5.421011e-20,7.546700e-14,0.000000e+00,0.000000e+00,0.000000e+00,0.000000e+00,4.527171e+01,8.423640e+02,3.380271e-01,7.183287e-05,0.000000e+00,3.921992e+01,0.000000e+00,0.000000e+00,-6.965575e-01
7.653008e-03,4.491816e+01,8.427751e+02,8.889981e-05,6.124782e-06,3.380271e-01,7.183287e-05,3.480355e-06,0.000000e+00,-4.736889e+00,0.000000e+00,0.000000e+00,0.000000e+00,0.000000e+00,0.000000e+00,0.000000e+00,0.000000e+00,5.421011e-20,7.546700e-14,0.000000e+00,0.000000e+00,0.000000e+00,0.000000e+00,4.491816e+01,8.427225e+02,3.380271e-01,7.183287e-05,0.000000e+00,3.926907e+01,0.000000e+00,0.000000e+00,-6.965575e-01
7.663447e-03,4.459648e+01,8.430958e+02,8.889981e-05,6.124782e-06,3.380271e-01,7.183287e-05,3.478089e-06,0.000000e+00,-4.736889e+00,0.000000e+00,0.000000e+00,0.000000e+00,0.000000e+00,0.000000e+00,0.000000e+00,0.000000e+00,5.421011e-20,7.546700e-14,0.000000e+00,0.000000e+00,0.000000e+00,0.000000e+00,4.459648e+01,8.430485e+02,3.380271e-01,7.183287e-05,0.000000e+00,3.931819e+01,0.000000e+00,0.000000e+00,-6.965575e-01
7.670403e-03,4.439891e+01,8.432922e+02,8.889981e-05,6.124782e-06,3.380271e-01,7.183287e-05,3.477435e-06,0.000000e+00,-4.736889e+00,0.000000e+00,0.000000e+00,0.000000e+00,0.000000e+00,0.000000e+00,0.000000e+00,0.000000e+00,5.421011e-20,7.546700e-14,0.000000e+00,0.000000e+00,0.000000e+00,0.000000e+00,4.439891e+01,8.432484e+02,3.380271e-01,7.183287e-05,0.000000e+00,3.935093e+01,0.000000e+00,0.000000e+00,-6.965575e-01
7.680835e-03,4.412615e+01,8.435627e+02,8.889981e-05,6.124782e-06,3.380271e-01,7.183287e-05,3.477815e-06,0.000000e+00,-4.736889e+00,0.000000e+00,0.000000e+00,0.000000e+00,0.000000e+00,0.000000e+00,0.000000e+00,0.000000e+00,5.421011e-20,7.546700e-14,0.000000e+00,0.000000e+00,0.000000e+00,0.000000e+00,4.412615e+01,8.435234e+02,3.380271e-01,7.183287e-05,0.000000e+00,3.940002e+01,0.000000e+00,0.000000e+00,-6.965575e-01
7.691270e-03,4.387937e+01,8.438071e+02,8.889981e-05,6.124782e-06,3.380271e-01,7.183287e-05,3.479736e-06,0.000000e+00,-4.736889e+00,0.000000e+00,0.000000e+00,0.000000e+00,0.000000e+00,0.000000e+00,0.000000e+00,0.000000e+00,5.421011e-20,7.546700e-14,0.000000e+00,0.000000e+00,0.000000e+00,0.000000e+00,4.387937e+01,8.437719e+02,3.380271e-01,7.183287e-05,0.000000e+00,3.944912e+01,0.000000e+00,0.000000e+00,-6.965575e-01
7.701711e-03,4.365585e+01,8.440288e+02,8.889981e-05,6.124782e-06,3.380271e-01,7.183287e-05,3.479746e-06,0.000000e+00,-4.736889e+00,0.000000e+00,0.000000e+00,0.000000e+00,0.000000e+00,0.000000e+00,0.000000e+00,0.000000e+00,5.421011e-20,7.546700e-14,0.000000e+00,0.000000e+00,0.000000e+00,0.000000e+00,4.365585e+01,8.439971e+02,3.380271e-01,7.183287e-05,0.000000e+00,3.949826e+01,0.000000e+00,0.000000e+00,-6.965575e-01
7.712147e-03,4.345314e+01,8.442307e+02,8.889981e-05,6.124782e-06,3.380271e-01,7.183287e-05,3.476053e-06,0.000000e+00,-4.736889e+00,0.000000e+00,0.000000e+00,0.000000e+00,0.000000e+00,0.000000e+00,0.000000e+00,0.000000e+00,5.421011e-20,7.546700e-14,0.000000e+00,0.000000e+00,0.000000e+00,0.000000e+00,4.345314e+01,8.442021e+02,3.380271e-01,7.183287e-05,0.000000e+00,3.954736e+01,0.000000e+00,0.000000e+00,-6.965575e-01
7.722571e-03,4.326853e+01,8.444153e+02,8.889981e-05,6.124782e-06,3.380271e-01,7.183287e-05,3.472296e-06,0.000000e+00,-4.736889e+00,0.000000e+00,0.000000e+00,0.000000e+00,0.000000e+00,0.000000e+00,0.000000e+00,0.000000e+00,5.421011e-20,7.546700e-14,0.000000e+00,0.000000e+00,0.000000e+00,0.000000e+00,4.326853e+01,8.443894e+02,3.380271e-01,7.183287e-05,0.000000e+00,3.959642e+01,0.000000e+00,0.000000e+00,-6.965575e-01
7.732985e-03,4.309910e+01,8.445850e+02,8.889981e-05,6.124782e-06,3.380271e-01,7.183287e-05,3.468969e-06,0.000000e+00,-4.736889e+00,0.000000e+00,0.000000e+00,0.000000e+00,0.000000e+00,0.000000e+00,0.000000e+00,0.000000e+00,5.421011e-20,7.546700e-14,0.000000e+00,0.000000e+00,0.000000e+00,0.000000e+00,4.309910e+01,8.445614e+02,3.380271e-01,7.183287e-05,0.000000e+00,3.964542e+01,0.000000e+00,0.000000e+00,-6.965575e-01
7.743389e-03,4.294188e+01,8.447426e+02,8.889981e-05,6.124782e-06,3.380271e-01,7.183287e-05,3.466517e-06,0.000000e+00,-4.736889e+00,0.000000e+00,0.000000e+00,0.000000e+00,0.000000e+00,0.000000e+00,0.000000e+00,0.000000e+00,5.421011e-20,7.546700e-14,0.000000e+00,0.000000e+00,0.000000e+00,0.000000e+00,4.294188e+01,8.447208e+02,3.380271e-01,7.183287e-05,0.000000e+00,3.969438e+01,0.000000e+00,0.000000e+00,-6.965575e-01
7.750321e-03,4.284252e+01,8.448419e+02,8.889981e-05,6.124782e-06,3.380271e-01,7.183287e-05,3.465532e-06,0.000000e+00,-4.736889e+00,0.000000e+00,0.000000e+00,0.000000e+00,0.000000e+00,0.000000e+00,0.000000e+00,0.000000e+00,5.421011e-20,7.546700e-14,0.000000e+00,0.000000e+00,0.000000e+00,0.000000e+00,4.284252e+01,8.448212e+02,3.380271e-01,7.183287e-05,0.000000e+00,3.972700e+01,0.000000e+00,0.000000e+00,-6.965575e-01
7.760717e-03,4.270022e+01,8.449836e+02,8.889981e-05,6.124782e-06,3.380271e-01,7.183287e-05,3.465122e-06,0.000000e+00,-4.736889e+00,0.000000e+00,0.000000e+00,0.000000e+00,0.000000e+00,0.000000e+00,0.000000e+00,0.000000e+00,5.421011e-20,7.546700e-14,0.000000e+00,0.000000e+00,0.000000e+00,0.000000e+00,4.270022e+01,8.449644e+02,3.380271e-01,7.183287e-05,0.000000e+00,3.977592e+01,0.000000e+00,0.000000e+00,-6.965575e-01
7.771113e-03,4.256512e+01,8.451174e+02,8.889981e-05,6.124782e-06,3.380271e-01,7.183287e-05,3.465889e-06,0.000000e+00,-4.736889e+00,0.000000e+00,0.000000e+00,0.000000e+00,0.000000e+00,0.000000e+00,0.000000e+00,0.000000e+00,5.421011e-20,7.546700e-14,0.000000e+00,0.000000e+00,0.000000e+00,0.000000e+00,4.256512e+01,8.450994e+02,3.380271e-01,7.183287e-05,0.000000e+00,3.982484e+01,0.000000e+00,0.000000e+00,-6.965575e-01
7.781512e-03,4.243721e+01,8.452431e+02,8.889981e-05,6.124782e-06,3.380271e-01,7.183287e-05,3.467478e-06,0.000000e+00,-4.736889e+00,0.000000e+00,0.000000e+00,0.000000e+00,0.000000e+00,0.000000e+00,0.000000e+00,0.000000e+00,5.421011e-20,7.546700e-14,0.000000e+00,0.000000e+00,0.000000e+00,0.000000e+00,4.243721e+01,8.452264e+02,3.380271e-01,7.183287e-05,0.000000e+00,3.987378e+01,0.000000e+00,0.000000e+00,-6.965575e-01
7.791916e-03,4.231744e+01,8.453603e+02,8.889981e-05,6.124782e-06,3.380271e-01,7.183287e-05,3.469317e-06,0.000000e+00,-4.736889e+00,0.000000e+00,0.000000e+00,0.000000e+00,0.000000e+00,0.000000e+00,0.000000e+00,0.000000e+00,5.421011e-20,7.546700e-14,0.000000e+00,0.000000e+00,0.000000e+00,0.000000e+00,4.231744e+01,8.453452e+02,3.380271e-01,7.183287e-05,0.000000e+00,3.992274e+01,0.000000e+00,0.000000e+00,-6.965575e-01
7.802326e-03,4.220771e+01,8.454678e+02,8.889981e-05,6.124782e-06,3.380271e-01,7.183287e-05,3.470830e-06,0.000000e+00,-4.736889e+00,0.000000e+00,0.000000e+00,0.000000e+00,0.000000e+00,0.000000e+00,0.000000e+00,0.000000e+00,5.421011e-20,7.546700e-14,0.000000e+00,0.000000e+00,0.000000e+00,0.000000e+00,4.220771e+01,8.454544e+02,3.380271e-01,7.183287e-05,0.000000e+00,3.997172e+01,0.000000e+00,0.000000e+00,-6.965575e-01
7.812739e-03,4.211096e+01,8.455637e+02,8.889981e-05,6.124782e-06,3.380271e-01,7.183287e-05,3.471617e-06,0.000000e+00,-4.736889e+00,0.000000e+00,0.000000e+00,0.000000e+00,0.000000e+00,0.000000e+00,0.000000e+00,0.000000e+00,5.421011e-20,7.546700e-14,0.000000e+00,0.000000e+00,0.000000e+00,0.000000e+00,4.211096e+01,8.455524e+02,3.380271e-01,7.183287e-05,0.000000e+00,4.002073e+01,0.000000e+00,0.000000e+00,-6.965575e-01
7.823153e-03,4.203148e+01,8.456435e+02,8.889981e-05,6.124782e-06,3.380271e-01,7.183287e-05,3.469612e-06,0.000000e+00,-4.736889e+00,0.000000e+00,0.000000e+00,0.000000e+00,0.000000e+00,0.000000e+00,0.000000e+00,0.000000e+00,5.421011e-20,7.546700e-14,0.000000e+00,0.000000e+00,0.000000e+00,0.000000e+00,4.203148e+01,8.456354e+02,3.380271e-01,7.183287e-05,0.000000e+00,4.006973e+01,0.000000e+00,0.000000e+00,-6.965575e-01
7.830092e-03,4.199085e+01,8.456849e+02,8.889981e-05,6.124782e-06,3.380271e-01,7.183287e-05,3.467908e-06,0.000000e+00,-4.736889e+00,0.000000e+00,0.000000e+00,0.000000e+00,0.000000e+00,0.000000e+00,0.000000e+00,0.000000e+00,5.421011e-20,7.546700e-14,0.000000e+00,0.000000e+00,0.000000e+00,0.000000e+00,4.199085e+01,8.456794e+02,3.380271e-01,7.183287e-05,0.000000e+00,4.010238e+01,0.000000e+00,0.000000e+00,-6.965575e-01
7.840495e-03,4.195336e+01,8.457236e+02,8.889981e-05,6.124782e-06,3.380271e-01,7.183287e-05,3.467018e-06,0.000000e+00,-4.736889e+00,0.000000e+00,0.000000e+00,0.000000e+00,0.000000e+00,0.000000e+00,0.000000e+00,0.000000e+00,5.421011e-20,7.546700e-14,0.000000e+00,0.000000e+00,0.000000e+00,0.000000e+00,4.195336e+01,8.457233e+02,3.380271e-01,7.183287e-05,0.000000e+00,4.015133e+01,0.000000e+00,0.000000e+00,-6.965575e-01
7.850896e-03,4.195040e+01,8.457270e+02,8.889981e-05,6.124782e-06,3.380271e-01,7.183287e-05,3.467588e-06,0.000000e+00,-4.736889e+00,0.000000e+00,0.000000e+00,0.000000e+00,0.000000e+00,0.000000e+00,0.000000e+00,0.000000e+00,5.421011e-20,7.546700e-14,0.000000e+00,0.000000e+00,0.000000e+00,0.000000e+00,4.195040e+01,8.457332e+02,3.380271e-01,7.183287e-05,0.000000e+00,4.020028e+01,0.000000e+00,0.000000e+00,-6.965575e-01
7.861297e-03,4.198911e+01,8.456876e+02,8.889981e-05,6.124782e-06,3.380271e-01,7.183287e-05,3.465130e-06,0.000000e+00,-4.736889e+00,0.000000e+00,0.000000e+00,0.000000e+00,0.000000e+00,0.000000e+00,0.000000e+00,0.000000e+00,5.421011e-20,7.546700e-14,0.000000e+00,0.000000e+00,0.000000e+00,0.000000e+00,4.198911e+01,8.457014e+02,3.380271e-01,7.183287e-05,0.000000e+00,4.024922e+01,0.000000e+00,0.000000e+00,-6.965575e-01
7.871689e-03,4.207588e+01,8.455994e+02,8.889981e-05,6.124782e-06,3.380271e-01,7.183287e-05,3.462402e-06,0.000000e+00,-4.736889e+00,0.000000e+00,0.000000e+00,0.000000e+00,0.000000e+00,0.000000e+00,0.000000e+00,0.000000e+00,5.421011e-20,7.546700e-14,0.000000e+00,0.000000e+00,0.000000e+00,0.000000e+00,4.207588e+01,8.456218e+02,3.380271e-01,7.183287e-05,0.000000e+00,4.029813e+01,0.000000e+00,0.000000e+00,-6.965575e-01
7.882074e-03,4.221602e+01,8.454581e+02,8.889981e-05,6.124782e-06,3.380271e-01,7.183287e-05,3.459714e-06,0.000000e+00,-4.736889e+00,0.000000e+00,0.000000e+00,0.000000e+00,0.000000e+00,0.000000e+00,0.000000e+00,0.000000e+00,5.421011e-20,7.546700e-14,0.000000e+00,0.000000e+00,0.000000e+00,0.000000e+00,4.221602e+01,8.454896e+02,3.380271e-01,7.183287e-05,0.000000e+00,4.034699e+01,0.000000e+00,0.000000e+00,-6.965575e-01
7.892450e-03,4.241398e+01,8.452598e+02,8.889981e-05,6.124782e-06,3.380271e-01,7.183287e-05,3.457437e-06,0.000000e+00,-4.736889e+00,0.000000e+00,0.000000e+00,0.000000e+00,0.000000e+00,0.000000e+00,0.000000e+00,0.000000e+00,5.421011e-20,7.546700e-14,0.000000e+00,0.000000e+00,0.000000e+00,0.000000e+00,4.241398e+01,8.453011e+02,3.380271e-01,7.183287e-05,0.000000e+00,4.039582e+01,0.000000e+00,0.000000e+00,-6.965575e-01
7.902821e-03,4.267350e+01,8.450008e+02,8.889981e-05,6.124782e-06,3.380271e-01,7.183287e-05,3.455909e-06,0.000000e+00,-4.736889e+00,0.000000e+00,0.000000e+00,0.000000e+00,0.000000e+00,0.000000e+00,0.000000e+00,0.000000e+00,5.421011e-20,7.546700e-14,0.000000e+00,0.000000e+00,0.000000e+00,0.000000e+00,4.267350e+01,8.450524e+02,3.380271e-01,7.183287e-05,0.000000e+00,4.044463e+01,0.000000e+00,0.000000e+00,-6.965575e-01
7.913188e-03,4.299768e+01,8.446772e+02,8.889981e-05,6.124782e-06,3.380271e-01,7.183287e-05,3.455335e-06,0.000000e+00,-4.736889e+00,0.000000e+00,0.000000e+00,0.000000e+00,0.000000e+00,0.000000e+00,0.000000e+00,0.000000e+00,5.421011e-20,7.546700e-14,0.000000e+00,0.000000e+00,0.000000e+00,0.000000e+00,4.299768e+01,8.447399e+02,3.380271e-01,7.183287e-05,0.000000e+00,4.049341e+01,0.000000e+00,0.000000e+00,-6.965575e-01
7.920098e-03,4.325081e+01,8.444241e+02,8.889981e-05,6.124782e-06,3.380271e-01,7.183287e-05,3.455488e-06,0.000000e+00,-4.736889e+00,0.000000e+00,0.000000e+00,0.000000e+00,0.000000e+00,0.000000e+00,0.000000e+00,0.000000e+00,5.421011e-20,7.546700e-14,0.000000e+00,0.000000e+00,0.000000e+00,0.000000e+00,4.325081e+01,8.444943e+02,3.380271e-01,7.183287e-05,0.000000e+00,4.052593e+01,0.000000e+00,0.000000e+00,-6.965575e-01
7.930466e-03,4.368679e+01,8.439877e+02,8.889981e-05,6.124782e-06,3.380271e-01,7.183287e-05,3.456461e-06,0.000000e+00,-4.736889e+00,0.000000e+00,0.000000e+00,0.000000e+00,0.000000e+00,0.000000e+00,0.000000e+00,0.000000e+00,5.421011e-20,7.546700e-14,0.000000e+00,0.000000e+00,0.000000e+00,0.000000e+00,4.368679e+01,8.440693e+02,3.380271e-01,7.183287e-05,0.000000e+00,4.057471e+01,0.000000e+00,0.000000e+00,-6.965575e-01
7.940836e-03,4.418992e+01,8.434834e+02,8.889981e-05,6.124782e-06,3.380271e-01,7.183287e-05,3.458188e-06,0.000000e+00,-4.736889e+00,0.000000e+00,0.000000e+00,0.000000e+00,0.000000e+00,0.000000e+00,0.000000e+00,0.000000e+00,5.421011e-20,7.546700e-14,0.000000e+00,0.000000e+00,0.000000e+00,0.000000e+00,4.418992e+01,8.435762e+02,3.380271e-01,7.183287e-05,0.000000e+00,4.062352e+01,0.000000e+00,0.000000e+00,-6.965575e-01
7.951213e-03,4.475822e+01,8.429138e+02,8.889981e-05,6.124782e-06,3.380271e-01,7.183287e-05,3.460412e-06,0.000000e+00,-4.736889e+00,0.000000e+00,0.000000e+00,0.000000e+00,0.000000e+00,0.000000e+00,0.000000e+00,0.000000e+00,5.421011e-20,7.546700e-14,0.000000e+00,0.000000e+00,0.000000e+00,0.000000e+00,4.475822e+01,8.430172e+02,3.380271e-01,7.183287e-05,0.000000e+00,4.067235e+01,0.000000e+00,0.000000e+00,-6.965575e-01
7.961597e-03,4.538824e+01,8.422827e+02,8.889981e-05,6.124782e-06,3.380271e-01,7.183287e-05,3.462765e-06,0.000000e+00,-4.736889e+00,0.000000e+00,0.000000e+00,0.000000e+00,0.000000e+00,0.000000e+00,0.000000e+00,0.000000e+00,5.421011e-20,7.546700e-14,0.000000e+00,0.000000e+00,0.000000e+00,0.000000e+00,4.538824e+01,8.423960e+02,3.380271e-01,7.183287e-05,0.000000e+00,4.072121e+01,0.000000e+00,0.000000e+00,-6.965575e-01
7.971987e-03,4.607529e+01,8.415949e+02,8.889981e-05,6.124782e-06,3.380271e-01,7.183287e-05,3.464827e-06,0.000000e+00,-4.736889e+00,0.000000e+00,0.000000e+00,0.000000e+00,0.000000e+00,0.000000e+00,0.000000e+00,0.000000e+00,5.421011e-20,7.546700e-14,0.000000e+00,0.000000e+00,0.000000e+00,0.000000e+00,4.607529e+01,8.417173e+02,3.380271e-01,7.183287e-05,0.000000e+00,4.077011e+01,0.000000e+00,0.000000e+00,-6.965575e-01
7.982383e-03,4.681381e+01,8.408559e+02,8.889981e-05,6.124782e-06,3.380271e-01,7.183287e-05,3.466195e-06,0.000000e+00,-4.736889e+00,0.000000e+00,0.000000e+00,0.000000e+00,0.000000e+00,0.000000e+00,0.000000e+00,0.000000e+00,5.421011e-20,7.546700e-14,0.000000e+00,0.000000e+00,0.000000e+00,0.000000e+00,4.681381e+01,8.409863e+02,3.380271e-01,7.183287e-05,0.000000e+00,4.081903e+01,0.000000e+00,0.000000e+00,-6.965575e-01
7.992783e-03,4.759761e+01,8.400715e+02,8.889981e-05,6.124782e-06,3.380271e-01,7.183287e-05,3.466617e-06,0.000000e+00,-4.736889e+00,0.000000e+00,0.000000e+00,0.000000e+00,0.000000e+00,0.000000e+00,0.000000e+00,0.000000e+00,5.421011e-20,7.546700e-14,0.000000e+00,0.000000e+00,0.000000e+00,0.000000e+00,4.759761e+01,8.402090e+02,3.380271e-01,7.183287e-05,0.000000e+00,4.086796e+01,0.000000e+00,0.000000e+00,-6.965575e-01
8.003183e-03,4.841999e+01,8.392482e+02,8.889981e-05,6.124782e-06,3.380271e-01,7.183287e-05,3.466115e-06,0.000000e+00,-4.736889e+00,0.000000e+00,0.000000e+00,0.000000e+00,0.000000e+00,0.000000e+00,0.000000e+00,0.000000e+00,5.421011e-20,7.546700e-14,0.000000e+00,0.000000e+00,0.000000e+00,0.000000e+00,4.841999e+01,8.393917e+02,3.380271e-01,7.183287e-05,0.000000e+00,4.091690e+01,0.000000e+00,0.000000e+00,-6.965575e-01
8.010115e-03,4.898619e+01,8.386812e+02,8.889981e-05,6.124782e-06,3.380271e-01,7.183287e-05,3.465407e-06,0.000000e+00,-4.736889e+00,0.000000e+00,0.000000e+00,0.000000e+00,0.000000e+00,0.000000e+00,0.000000e+00,0.000000e+00,5.421011e-20,7.546700e-14,0.000000e+00,0.000000e+00,0.000000e+00,0.000000e+00,4.898619e+01,8.388280e+02,3.380271e-01,7.183287e-05,0.000000e+00,4.094952e+01,0.000000e+00,0.000000e+00,-6.965575e-01
8.020509e-03,4.985711e+01,8.378087e+02,8.889981e-05,6.124782e-06,3.380271e-01,7.183287e-05,3.464122e-06,0.000000e+00,-4.736889e+00,0.000000e+00,0.000000e+00,0.000000e+00,0.000000e+00,0.000000e+00,0.000000e+00,0.000000e+00,5.421011e-20,7.546700e-14,0.000000e+00,0.000000e+00,0.000000e+00,0.000000e+00,4.985711e+01,8.379595e+02,3.380271e-01,7.183287e-05,0.000000e+00,4.099844e+01,0.000000e+00,0.000000e+00,-6.965575e-01
8.030901e-03,5.074771e+01,8.369166e+02,8.889981e-05,6.124782e-06,3.380271e-01,7.183287e-05,3.463012e-06,0.000000e+00,-4.736889e+00,0.000000e+00,0.000000e+00,0.000000e+00,0.000000e+00,0.000000e+00,0.000000e+00,0.000000e+00,5.421011e-20,7.546700e-14,0.000000e+00,0.000000e+00,0.000000e+00,0.000000e+00,5.074771e+01,8.370701e+02,3.380271e-01,7.183287e-05,0.000000e+00,4.104734e+01,0.000000e+00,0.000000e+00,-6.965575e-01
8.041289e-03,5.165133e+01,8.360118e+02,8.889981e-05,6.124782e-06,3.380271e-01,7.183287e-05,3.462457e-06,0.000000e+00,-4.736889e+00,0.000000e+00,0.000000e+00,0.000000e+00,0.000000e+00,0.000000e+00,0.000000e+00,0.000000e+00,5.421011e-20,7.546700e-14,0.000000e+00,0.000000e+00,0.000000e+00,0.000000e+00,5.165133e+01,8.361669e+02,3.380271e-01,7.183287e-05,0.000000e+00,4.109622e+01,0.000000e+00,0.000000e+00,-6.965575e-01
8.051676e-03,5.256176e+01,8.351008e+02,8.889981e-05,6.124782e-06,3.380271e-01,7.183287e-05,3.462611e-06,0.000000e+00,-4.736889e+00,0.000000e+00,0.000000e+00,0.000000e+00,0.000000e+00,0.000000e+00,0.000000e+00,0.000000e+00,5.421011e-20,7.546700e-14,0.000000e+00,0.000000e+00,0.000000e+00,0.000000e+00,5.256176e+01,8.352565e+02,3.380271e-01,7.183287e-05,0.000000e+00,4.114510e+01,0.000000e+00,0.000000e+00,-6.965575e-01
8.062065e-03,5.347340e+01,8.341888e+02,8.889981e-05,6.124782e-06,3.380271e-01,7.183287e-05,3.463408e-06,0.000000e+00,-4.736889e+00,0.000000e+00,0.000000e+00,0.000000e+00,0.000000e+00,0.000000e+00,0.000000e+00,0.000000e+00,5.421011e-20,7.546700e-14,0.000000e+00,0.000000e+00,0.000000e+00,0.000000e+00,5.347340e+01,8.343442e+02,3.380271e-01,7.183287e-05,0.000000e+00,4.119398e+01,0.000000e+00,0.000000e+00,-6.965575e-01
8.072456e-03,5.438132e+01,8.332805e+02,8.889981e-05,6.124782e-06,3.380271e-01,7.183287e-05,3.464678e-06,0.000000e+00,-4.736889e+00,0.000000e+00,0.000000e+00,0.000000e+00,0.000000e+00,0.000000e+00,0.000000e+00,0.000000e+00,5.421011e-20,7.546700e-14,0.000000e+00,0.000000e+00,0.000000e+00,0.000000e+00,5.438132e+01,8.334351e+02,3.380271e-01,7.183287e-05,0.000000e+00,4.124289e+01,0.000000e+00,0.000000e+00,-6.965575e-01
8.082852e-03,5.528135e+01,8.323801e+02,8.889981e-05,6.124782e-06,3.380271e-01,7.183287e-05,3.466180e-06,0.000000e+00,-4.736889e+00,0.000000e+00,0.000000e+00,0.000000e+00,0.000000e+00,0.000000e+00,0.000000e+00,0.000000e+00,5.421011e-20,7.546700e-14,0.000000e+00,0.000000e+00,0.000000e+00,0.000000e+00,5.528135e+01,8.325331e+02,3.380271e-01,7.183287e-05,0.000000e+00,4.129181e+01,0.000000e+00,0.000000e+00,-6.965575e-01
8.093252e-03,5.617015e+01,8.314910e+02,8.889981e-05,6.124782e-06,3.380271e-01,7.183287e-05,3.467706e-06,0.000000e+00,-4.736889e+00,0.000000e+00,0.000000e+00,0.000000e+00,0.000000e+00,0.000000e+00,0.000000e+00,0.000000e+00,5.421011e-20,7.546700e-14,0.000000e+00,0.000000e+00,0.000000e+00,0.000000e+00,5.617015e+01,8.316418e+02,3.380271e-01,7.183287e-05,0.000000e+00,4.134074e+01,0.000000e+00,0.000000e+00,-6.965575e-01
8.100187e-03,5.675515e+01,8.309058e+02,8.889981e-05,6.124782e-06,3.380271e-01,7.183287e-05,3.468691e-06,0.000000e+00,-4.736889e+00,0.000000e+00,0.000000e+00,0.000000e+00,0.000000e+00,0.000000e+00,0.000000e+00,0.000000e+00,5.421011e-20,7.546700e-14,0.000000e+00,0.000000e+00,0.000000e+00,0.000000e+00,5.675515e+01,8.310551e+02,3.380271e-01,7.183287e-05,0.000000e+00,4.137338e+01,0.000000e+00,0.000000e+00,-6.965575e-01
8.110595e-03,5.761974e+01,8.300410e+02,8.889981e-05,6.124782e-06,3.380271e-01,7.183287e-05,3.470114e-06,0.000000e+00,-4.736889e+00,0.000000e+00,0.000000e+00,0.000000e+00,0.000000e+00,0.000000e+00,0.000000e+00,0.000000e+00,5.421011e-20,7.546700e-14,0.000000e+00,0.000000e+00,0.000000e+00,0.000000e+00,5.761974e+01,8.301876e+02,3.380271e-01,7.183287e-05,0.000000e+00,4.142236e+01,0.000000e+00,0.000000e+00,-6.965575e-01
8.121007e-03,5.846693e+01,8.291933e+02,8.889981e-05,6.124782e-06,3.380271e-01,7.183287e-05,3.471537e-06,0.000000e+00,-4.736889e+00,0.000000e+00,0.000000e+00,0.000000e+00,0.000000e+00,0.000000e+00,0.000000e+00,0.000000e+00,5.421011e-20,7.546700e-14,0.000000e+00,0.000000e+00,0.000000e+00,0.000000e+00,5.846693e+01,8.293369e+02,3.380271e-01,7.183287e-05,0.000000e+00,4.147135e+01,0.000000e+00,0.000000e+00,-6.965575e-01
8.131423e-03,5.929425e+01,8.283651e+02,8.889981e-05,6.124782e-06,3.380271e-01,7.183287e-05,3.473059e-06,0.000000e+00,-4.736889e+00,0.000000e+00,0.000000e+00,0.000000e+00,0.000000e+00,0.000000e+00,0.000000e+00,0.000000e+00,5.421011e-20,7.546700e-14,0.000000e+00,0.000000e+00,0.000000e+00,0.000000e+00,5.929425e+01,8.285051e+02,3.380271e-01,7.183287e-05,0.000000e+00,4.152037e+01,0.000000e+00,0.000000e+00,-6.965575e-01
8.141844e-03,6.009881e+01,8.275594e+02,8.889981e-05,6.124782e-06,3.380271e-01,7.183287e-05,3.474720e-06,0.000000e+00,-4.736889e+00,0.000000e+00,0.000000e+00,0.000000e+00,0.000000e+00,0.000000e+00,0.000000e+00,0.000000e+00,5.421011e-20,7.546700e-14,0.000000e+00,0.000000e+00,0.000000e+00,0.000000e+00,6.009881e+01,8.276954e+02,3.380271e-01,7.183287e-05,0.000000e+00,4.156940e+01,0.000000e+00,0.000000e+00,-6.965575e-01
8.152270e-03,6.087753e+01,8.267802e+02,8.889981e-05,6.124782e-06,3.380271e-01,7.183287e-05,3.476395e-06,0.000000e+00,-4.736889e+00,0.000000e+00,0.000000e+00,0.000000e+00,0.000000e+00,0.000000e+00,0.000000e+00,0.000000e+00,5.421011e-20,7.546700e-14,0.000000e+00,0.000000e+00,0.000000e+00,0.000000e+00,6.087753e+01,8.269116e+02,3.380271e-01,7.183287e-05,0.000000e+00,4.161847e+01,0.000000e+00,0.000000e+00,-6.965575e-01
8.162701e-03,6.162755e+01,8.260305e+02,8.889981e-05,6.124782e-06,3.380271e-01,7.183287e-05,3.477809e-06,0.000000e+00,-4.736889e+00,0.000000e+00,0.000000e+00,0.000000e+00,0.000000e+00,0.000000e+00,0.000000e+00,0.000000e+00,5.421011e-20,7.546700e-14,0.000000e+00,0.000000e+00,0.000000e+00,0.000000e+00,6.162755e+01,8.261567e+02,3.380271e-01,7.183287e-05,0.000000e+00,4.166755e+01,0.000000e+00,0.000000e+00,-6.965575e-01
8.173134e-03,6.234645e+01,8.253124e+02,8.889981e-05,6.124782e-06,3.380271e-01,7.183287e-05,3.478545e-06,0.000000e+00,-4.736889e+00,0.000000e+00,0.000000e+00,0.000000e+00,0.000000e+00,0.000000e+00,0.000000e+00,0.000000e+00,5.421011e-20,7.546700e-14,0.000000e+00,0.000000e+00,0.000000e+00,0.000000e+00,6.234645e+01,8.254333e+02,3.380271e-01,7.183287e-05,0.000000e+00,4.171665e+01,0.000000e+00,0.000000e+00,-6.965575e-01
8.180092e-03,6.280730e+01,8.248521e+02,8.889981e-05,6.124782e-06,3.380271e-01,7.183287e-05,3.478463e-06,0.000000e+00,-4.736889e+00,0.000000e+00,0.000000e+00,0.000000e+00,0.000000e+00,0.000000e+00,0.000000e+00,0.000000e+00,5.421011e-20,7.546700e-14,0.000000e+00,0.000000e+00,0.000000e+00,0.000000e+00,6.280730e+01,8.249692e+02,3.380271e-01,7.183287e-05,0.000000e+00,4.174939e+01,0.000000e+00,0.000000e+00,-6.965575e-01
8.190526e-03,6.346889e+01,8.241906e+02,8.889981e-05,6.124782e-06,3.380271e-01,7.183287e-05,3.477297e-06,0.000000e+00,-4.736889e+00,0.000000e+00,0.000000e+00,0.000000e+00,0.000000e+00,0.000000e+00,0.000000e+00,0.000000e+00,5.421011e-20,7.546700e-14,0.000000e+00,0.000000e+00,0.000000e+00,0.000000e+00,6.346889e+01,8.243018e+02,3.380271e-01,7.183287e-05,0.000000e+00,4.179849e+01,0.000000e+00,0.000000e+00,-6.965575e-01
8.200956e-03,6.409167e+01,8.235668e+02,8.889981e-05,6.124782e-06,3.380271e-01,7.183287e-05,3.474932e-06,0.000000e+00,-4.736889e+00,0.000000e+00,0.000000e+00,0.000000e+00,0.000000e+00,0.000000e+00,0.000000e+00,0.000000e+00,5.421011e-20,7.546700e-14,0.000000e+00,0.000000e+00,0.000000e+00,0.000000e+00,6.409167e+01,8.236714e+02,3.380271e-01,7.183287e-05,0.000000e+00,4.184757e+01,0.000000e+00,0.000000e+00,-6.965575e-01
8.211378e-03,6.467094e+01,8.229857e+02,8.889981e-05,6.124782e-06,3.380271e-01,7.183287e-05,3.471673e-06,0.000000e+00,-4.736889e+00,0.000000e+00,0.000000e+00,0.000000e+00,0.000000e+00,0.000000e+00,0.000000e+00,0.000000e+00,5.421011e-20,7.546700e-14,0.000000e+00,0.000000e+00,0.000000e+00,0.000000e+00,6.467094e+01,8.230827e+02,3.380271e-01,7.183287e-05,0.000000e+00,4.189661e+01,0.000000e+00,0.000000e+00,-6.965575e-01
8.221789e-03,6.520103e+01,8.224536e+02,8.889981e-05,6.124782e-06,3.380271e-01,7.183287e-05,3.468003e-06,0.000000e+00,-4.736889e+00,0.000000e+00,0.000000e+00,0.000000e+00,0.000000e+00,0.000000e+00,0.000000e+00,0.000000e+00,5.421011e-20,7.546700e-14,0.000000e+00,0.000000e+00,0.000000e+00,0.000000e+00,6.520103e+01,8.225419e+02,3.380271e-01,7.183287e-05,0.000000e+00,4.194561e+01,0.000000e+00,0.000000e+00,-6.965575e-01
8.232189e-03,6.567600e+01,8.219771e+02,8.889981e-05,6.124782e-06,3.380271e-01,7.183287e-05,3.464409e-06,0.000000e+00,-4.736889e+00,0.000000e+00,0.000000e+00,0.000000e+00,0.000000e+00,0.000000e+00,0.000000e+00,0.000000e+00,5.421011e-20,7.546700e-14,0.000000e+00,0.000000e+00,0.000000e+00,0.000000e+00,6.567600e+01,8.220556e+02,3.380271e-01,7.183287e-05,0.000000e+00,4.199455e+01,0.000000e+00,0.000000e+00,-6.965575e-01
8.242579e-03,6.609026e+01,8.215623e+02,8.889981e-05,6.124782e-06,3.380271e-01,7.183287e-05,3.461233e-06,0.000000e+00,-4.736889e+00,0.000000e+00,0.000000e+00,0.000000e+00,0.000000e+00,0.000000e+00,0.000000e+00,0.000000e+00,5.421011e-20,7.546700e-14,0.000000e+00,0.000000e+00,0.000000e+00,0.000000e+00,6.609026e+01,8.216302e+02,3.380271e-01,7.183287e-05,0.000000e+00,4.204344e+01,0.000000e+00,0.000000e+00,-6.965575e-01
8.252961e-03,6.643909e+01,8.212137e+02,8.889981e-05,6.124782e-06,3.380271e-01,7.183287e-05,3.458649e-06,0.000000e+00,-4.736889e+00,0.000000e+00,0.000000e+00,0.000000e+00,0.000000e+00,0.000000e+00,0.000000e+00,0.000000e+00,5.421011e-20,7.546700e-14,0.000000e+00,0.000000e+00,0.000000e+00,0.000000e+00,6.643909e+01,8.212703e+02,3.380271e-01,7.183287e-05,0.000000e+00,4.209229e+01,0.000000e+00,0.000000e+00,-6.965575e-01
8.263334e-03,6.671886e+01,8.209344e+02,8.889981e-05,6.124782e-06,3.380271e-01,7.183287e-05,3.456693e-06,0.000000e+00,-4.736889e+00,0.000000e+00,0.000000e+00,0.000000e+00,0.000000e+00,0.000000e+00,0.000000e+00,0.000000e+00,5.421011e-20,7.546700e-14,0.000000e+00,0.000000e+00,0.000000e+00,0.000000e+00,6.671886e+01,8.209792e+02,3.380271e-01,7.183287e-05,0.000000e+00,4.214111e+01,0.000000e+00,0.000000e+00,-6.965575e-01
8.270247e-03,6.686563e+01,8.207877e+02,8.889981e-05,6.124782e-06,3.380271e-01,7.183287e-05,3.455716e-06,0.000000e+00,-4.736889e+00,0.000000e+00,0.000000e+00,0.000000e+00,0.000000e+00,0.000000e+00,0.000000e+00,0.000000e+00,5.421011e-20,7.546700e-14,0.000000e+00,0.000000e+00,0.000000e+00,0.000000e+00,6.686563e+01,8.208245e+02,3.380271e-01,7.183287e-05,0.000000e+00,4.217364e+01,0.000000e+00,0.000000e+00,-6.965575e-01
8.280613e-03,6.702444e+01,8.206285e+02,8.889981e-05,6.124782e-06,3.380271e-01,7.183287e-05,3.454649e-06,0.000000e+00,-4.736889e+00,0.000000e+00,0.000000e+00,0.000000e+00,0.000000e+00,0.000000e+00,0.000000e+00,0.000000e+00,5.421011e-20,7.546700e-14,0.000000e+00,0.000000e+00,0.000000e+00,0.000000e+00,6.702444e+01,8.206530e+02,3.380271e-01,7.183287e-05,0.000000e+00,4.222242e+01,0.000000e+00,0.000000e+00,-6.965575e-01
8.290976e-03,6.710799e+01,8.205439e+02,8.889981e-05,6.124782e-06,3.380271e-01,7.183287e-05,3.453911e-06,0.000000e+00,-4.736889e+00,0.000000e+00,0.000000e+00,0.000000e+00,0.000000e+00,0.000000e+00,0.000000e+00,0.000000e+00,5.421011e-20,7.546700e-14,0.000000e+00,0.000000e+00,0.000000e+00,0.000000e+00,6.710799e+01,8.205558e+02,3.380271e-01,7.183287e-05,0.000000e+00,4.227119e+01,0.000000e+00,0.000000e+00,-6.965575e-01
8.301337e-03,6.711496e+01,8.205356e+02,8.889981e-05,6.124782e-06,3.380271e-01,7.183287e-05,3.453360e-06,0.000000e+00,-4.736889e+00,0.000000e+00,0.000000e+00,0.000000e+00,0.000000e+00,0.000000e+00,0.000000e+00,0.000000e+00,5.421011e-20,7.546700e-14,0.000000e+00,0.000000e+00,0.000000e+00,0.000000e+00,6.711496e+01,8.205348e+02,3.380271e-01,7.183287e-05,0.000000e+00,4.231994e+01,0.000000e+00,0.000000e+00,-6.965575e-01
8.311697e-03,6.704504e+01,8.206042e+02,8.889981e-05,6.124782e-06,3.380271e-01,7.183287e-05,3.452944e-06,0.000000e+00,-4.736889e+00,0.000000e+00,0.000000e+00,0.000000e+00,0.000000e+00,0.000000e+00,0.000000e+00,0.000000e+00,5.421011e-20,7.546700e-14,0.000000e+00,0.000000e+00,0.000000e+00,0.000000e+00,6.704504e+01,8.205905e+02,3.380271e-01,7.183287e-05,0.000000e+00,4.236869e+01,0.000000e+00,0.000000e+00,-6.965575e-01
8.322055e-03,6.689911e+01,8.207487e+02,8.889981e-05,6.124782e-06,3.380271e-01,7.183287e-05,3.452718e-06,0.000000e+00,-4.736889e+00,0.000000e+00,0.000000e+00,0.000000e+00,0.000000e+00,0.000000e+00,0.000000e+00,0.000000e+00,5.421011e-20,7.546700e-14,0.000000e+00,0.000000e+00,0.000000e+00,0.000000e+00,6.689911e+01,8.207225e+02,3.380271e-01,7.183287e-05,0.000000e+00,4.241744e+01,0.000000e+00,0.000000e+00,-6.965575e-01
8.332414e-03,6.667933e+01,8.209670e+02,8.889981e-05,6.124782e-06,3.380271e-01,7.183287e-05,3.452843e-06,0.000000e+00,-4.736889e+00,0.000000e+00,0.000000e+00,0.000000e+00,0.000000e+00,0.000000e+00,0.000000e+00,0.000000e+00,5.421011e-20,7.546700e-14,0.000000e+00,0.000000e+00,0.000000e+00,0.000000e+00,6.667933e+01,8.209287e+02,3.380271e-01,7.183287e-05,0.000000e+00,4.246618e+01,0.000000e+00,0.000000e+00,-6.965575e-01
8.342773e-03,6.638886e+01,8.212560e+02,8.889981e-05,6.124782e-06,3.380271e-01,7.183287e-05,3.453463e-06,0.000000e+00,-4.736889e+00,0.000000e+00,0.000000e+00,0.000000e+00,0.000000e+00,0.000000e+00,0.000000e+00,0.000000e+00,5.421011e-20,7.546700e-14,0.000000e+00,0.000000e+00,0.000000e+00,0.000000e+00,6.638886e+01,8.212062e+02,3.380271e-01,7.183287e-05,0.000000e+00,4.251493e+01,0.000000e+00,0.000000e+00,-6.965575e-01
8.353134e-03,6.603165e+01,8.216124e+02,8.889981e-05,6.124782e-06,3.380271e-01,7.183287e-05,3.454626e-06,0.000000e+00,-4.736889e+00,0.000000e+00,0.000000e+00,0.000000e+00,0.000000e+00,0.000000e+00,0.000000e+00,0.000000e+00,5.421011e-20,7.546700e-14,0.000000e+00,0.000000e+00,0.000000e+00,0.000000e+00,6.603165e+01,8.215517e+02,3.380271e-01,7.183287e-05,0.000000e+00,4.256369e+01,0.000000e+00,0.000000e+00,-6.965575e-01
8.360044e-03,6.575861e+01,8.218853e+02,8.889981e-05,6.124782e-06,3.380271e-01,7.183287e-05,3.455674e-06,0.000000e+00,-4.736889e+00,0.000000e+00,0.000000e+00,0.000000e+00,0.000000e+00,0.000000e+00,0.000000e+00,0.000000e+00,5.421011e-20,7.546700e-14,0.000000e+00,0.000000e+00,0.000000e+00,0.000000e+00,6.575861e+01,8.218177e+02,3.380271e-01,7.183287e-05,0.000000e+00,4.259620e+01,0.000000e+00,0.000000e+00,-6.965575e-01
8.370413e-03,6.530023e+01,8.223442e+02,8.889981e-05,6.124782e-06,3.380271e-01,7.183287e-05,3.457517e-06,0.000000e+00,-4.736889e+00,0.000000e+00,0.000000e+00,0.000000e+00,0.000000e+00,0.000000e+00,0.000000e+00,0.000000e+00,5.421011e-20,7.546700e-14,0.000000e+00,0.000000e+00,0.000000e+00,0.000000e+00,6.530023e+01,8.222670e+02,3.380271e-01,7.183287e-05,0.000000e+00,4.264499e+01,0.000000e+00,0.000000e+00,-6.965575e-01
8.380787e-03,6.478730e+01,8.228580e+02,8.889981e-05,6.124782e-06,3.380271e-01,7.183287e-05,3.459448e-06,0.000000e+00,-4.736889e+00,0.000000e+00,0.000000e+00,0.000000e+00,0.000000e+00,0.000000e+00,0.000000e+00,0.000000e+00,5.421011e-20,7.546700e-14,0.000000e+00,0.000000e+00,0.000000e+00,0.000000e+00,6.478730e+01,8.227721e+02,3.380271e-01,7.183287e-05,0.000000e+00,4.269381e+01,0.000000e+00,0.000000e+00,-6.965575e-01
8.391167e-03,6.422376e+01,8.234223e+02,8.889981e-05,6.124782e-06,3.380271e-01,7.183287e-05,3.461197e-06,0.000000e+00,-4.736889e+00,0.000000e+00,0.000000e+00,0.000000e+00,0.000000e+00,0.000000e+00,0.000000e+00,0.000000e+00,5.421011e-20,7.546700e-14,0.000000e+00,0.000000e+00,0.000000e+00,0.000000e+00,6.422376e+01,8.233282e+02,3.380271e-01,7.183287e-05,0.000000e+00,4.274266e+01,0.000000e+00,0.000000e+00,-6.965575e-01
8.401552e-03,6.361244e+01,8.240338e+02,8.889981e-05,6.124782e-06,3.380271e-01,7.183287e-05,3.462561e-06,0.000000e+00,-4.736889e+00,0.000000e+00,0.000000e+00,0.000000e+00,0.000000e+00,0.000000e+00,0.000000e+00,0.000000e+00,5.421011e-20,7.546700e-14,0.000000e+00,0.000000e+00,0.000000e+00,0.000000e+00,6.361244e+01,8.239321e+02,3.380271e-01,7.183287e-05,0.000000e+00,4.279153e+01,0.000000e+00,0.000000e+00,-6.965575e-01
8.411941e-03,6.295484e+01,8.246912e+02,8.889981e-05,6.124782e-06,3.380271e-01,7.183287e-05,3.463412e-06,0.000000e+00,-4.736889e+00,0.000000e+00,0.000000e+00,0.000000e+00,0.000000e+00,0.000000e+00,0.000000e+00,0.000000e+00,5.421011e-20,7.546700e-14,0.000000e+00,0.000000e+00,0.000000e+00,0.000000e+00,6.295484e+01,8.245818e+02,3.380271e-01,7.183287e-05,0.000000e+00,4.284042e+01,0.000000e+00,0.000000e+00,-6.965575e-01
8.422332e-03,6.225144e+01,8.253943e+02,8.889981e-05,6.124782e-06,3.380271e-01,7.183287e-05,3.463720e-06,0.000000e+00,-4.736889e+00,0.000000e+00,0.000000e+00,0.000000e+00,0.000000e+00,0.000000e+00,0.000000e+00,0.000000e+00,5.421011e-20,7.546700e-14,0.000000e+00,0.000000e+00,0.000000e+00,0.000000e+00,6.225144e+01,8.252773e+02,3.380271e-01,7.183287e-05,0.000000e+00,4.288931e+01,0.000000e+00,0.000000e+00,-6.965575e-01
8.432723e-03,6.150237e+01,8.261438e+02,8.889981e-05,6.124782e-06,3.380271e-01,7.183287e-05,3.463564e-06,0.000000e+00,-4.736889e+00,0.000000e+00,0.000000e+00,0.000000e+00,0.000000e+00,0.000000e+00,0.000000e+00,0.000000e+00,5.421011e-20,7.546700e-14,0.000000e+00,0.000000e+00,0.000000e+00,0.000000e+00,6.150237e+01,8.260190e+02,3.380271e-01,7.183287e-05,0.000000e+00,4.293821e+01,0.000000e+00,0.000000e+00,-6.965575e-01
8.443113e-03,6.070815e+01,8.269391e+02,8.889981e-05,6.124782e-06,3.380271e-01,7.183287e-05,3.463096e-06,0.000000e+00,-4.736889e+00,0.000000e+00,0.000000e+00,0.000000e+00,0.000000e+00,0.000000e+00,0.000000e+00,0.000000e+00,5.421011e-20,7.546700e-14,0.000000e+00,0.000000e+00,0.000000e+00,0.000000e+00,6.070815e+01,8.268068e+02,3.380271e-01,7.183287e-05,0.000000e+00,4.298710e+01,0.000000e+00,0.000000e+00,-6.965575e-01
8.450039e-03,6.015422e+01,8.274941e+02,8.889981e-05,6.124782e-06,3.380271e-01,7.183287e-05,3.462709e-06,0.000000e+00,-4.736889e+00,0.000000e+00,0.000000e+00,0.000000e+00,0.000000e+00,0.000000e+00,0.000000e+00,0.000000e+00,5.421011e-20,7.546700e-14,0.000000e+00,0.000000e+00,0.000000e+00,0.000000e+00,6.015422e+01,8.273569e+02,3.380271e-01,7.183287e-05,0.000000e+00,4.301970e+01,0.000000e+00,0.000000e+00,-6.965575e-01
8.460427e-03,5.928827e+01,8.283618e+02,8.889981e-05,6.124782e-06,3.380271e-01,7.183287e-05,3.462157e-06,0.000000e+00,-4.736889e+00,0.000000e+00,0.000000e+00,0.000000e+00,0.000000e+00,0.000000e+00,0.000000e+00,0.000000e+00,5.421011e-20,7.546700e-14,0.000000e+00,0.000000e+00,0.000000e+00,0.000000e+00,5.928827e+01,8.282177e+02,3.380271e-01,7.183287e-05,0.000000e+00,4.306858e+01,0.000000e+00,0.000000e+00,-6.965575e-01
8.470813e-03,5.838272e+01,8.292688e+02,8.889981e-05,6.124782e-06,3.380271e-01,7.183287e-05,3.461747e-06,0.000000e+00,-4.736889e+00,0.000000e+00,0.000000e+00,0.000000e+00,0.000000e+00,0.000000e+00,0.000000e+00,0.000000e+00,5.421011e-20,7.546700e-14,0.000000e+00,0.000000e+00,0.000000e+00,0.000000e+00,5.838272e+01,8.291184e+02,3.380271e-01,7.183287e-05,0.000000e+00,4.311745e+01,0.000000e+00,0.000000e+00,-6.965575e-01
8.481198e-03,5.744067e+01,8.302120e+02,8.889981e-05,6.124782e-06,3.380271e-01,7.183287e-05,3.461518e-06,0.000000e+00,-4.736889e+00,0.000000e+00,0.000000e+00,0.000000e+00,0.000000e+00,0.000000e+00,0.000000e+00,0.000000e+00,5.421011e-20,7.546700e-14,0.000000e+00,0.000000e+00,0.000000e+00,0.000000e+00,5.744067e+01,8.300558e+02,3.380271e-01,7.183287e-05,0.000000e+00,4.316632e+01,0.000000e+00,0.000000e+00,-6.965575e-01
8.491582e-03,5.646513e+01,8.311886e+02,8.889981e-05,6.124782e-06,3.380271e-01,7.183287e-05,3.461453e-06,0.000000e+00,-4.736889e+00,0.000000e+00,0.000000e+00,0.000000e+00,0.000000e+00,0.000000e+00,0.000000e+00,0.000000e+00,5.421011e-20,7.546700e-14,0.000000e+00,0.000000e+00,0.000000e+00,0.000000e+00,5.646513e+01,8.310270e+02,3.380271e-01,7.183287e-05,0.000000e+00,4.321519e+01,0.000000e+00,0.000000e+00,-6.965575e-01
8.501966e-03,5.545894e+01,8.321956e+02,8.889981e-05,6.124782e-06,3.380271e-01,7.183287e-05,3.461505e-06,0.000000e+00,-4.736889e+00,0.000000e+00,0.000000e+00,0.000000e+00,0.000000e+00,0.000000e+00,0.000000e+00,0.000000e+00,5.421011e-20,7.546700e-14,0.000000e+00,0.000000e+00,0.000000e+00,0.000000e+00,5.545894e+01,8.320292e+02,3.380271e-01,7.183287e-05,0.000000e+00,4.326405e+01,0.000000e+00,0.000000e+00,-6.965575e-01
8.512351e-03,5.442459e+01,8.332302e+02,8.889981e-05,6.124782e-06,3.380271e-01,7.183287e-05,3.461648e-06,0.000000e+00,-4.736889e+00,0.000000e+00,0.000000e+00,0.000000e+00,0.000000e+00,0.000000e+00,0.000000e+00,0.000000e+00,5.421011e-20,7.546700e-14,0.000000e+00,0.000000e+00,0.000000e+00,0.000000e+00,5.442459e+01,8.330594e+02,3.380271e-01,7.183287e-05,0.000000e+00,4.331292e+01,0.000000e+00,0.000000e+00,-6.965575e-01
8.522736e-03,5.336425e+01,8.342902e+02,8.889981e-05,6.124782e-06,3.380271e-01,7.183287e-05,3.461924e-06,0.000000e+00,-4.736889e+00,0.000000e+00,0.000000e+00,0.000000e+00,0.000000e+00,0.000000e+00,0.000000e+00,0.000000e+00,5.421011e-20,7.546700e-14,0.000000e+00,0.000000e+00,0.000000e+00,0.000000e+00,5.336425e+01,8.341153e+02,3.380271e-01,7.183287e-05,0.000000e+00,4.336179e+01,0.000000e+00,0.000000e+00,-6.965575e-01
8.533122e-03,5.227995e+01,8.353733e+02,8.889981e-05,6.124782e-06,3.380271e-01,7.183287e-05,3.462412e-06,0.000000e+00,-4.736889e+00,0.000000e+00,0.000000e+00,0.000000e+00,0.000000e+00,0.000000e+00,0.000000e+00,0.000000e+00,5.421011e-20,7.546700e-14,0.000000e+00,0.000000e+00,0.000000e+00,0.000000e+00,5.227995e+01,8.351948e+02,3.380271e-01,7.183287e-05,0.000000e+00,4.341066e+01,0.000000e+00,0.000000e+00,-6.965575e-01
8.540047e-03,5.154488e+01,8.361074e+02,8.889981e-05,6.124782e-06,3.380271e-01,7.183287e-05,3.462898e-06,0.000000e+00,-4.736889e+00,0.000000e+00,0.000000e+00,0.000000e+00,0.000000e+00,0.000000e+00,0.000000e+00,0.000000e+00,5.421011e-20,7.546700e-14,0.000000e+00,0.000000e+00,0.000000e+00,0.000000e+00,5.154488e+01,8.359265e+02,3.380271e-01,7.183287e-05,0.000000e+00,4.344325e+01,0.000000e+00,0.000000e+00,-6.965575e-01
8.550437e-03,5.042607e+01,8.372249e+02,8.889981e-05,6.124782e-06,3.380271e-01,7.183287e-05,3.463927e-06,0.000000e+00,-4.736889e+00,0.000000e+00,0.000000e+00,0.000000e+00,0.000000e+00,0.000000e+00,0.000000e+00,0.000000e+00,5.421011e-20,7.546700e-14,0.000000e+00,0.000000e+00,0.000000e+00,0.000000e+00,5.042607e+01,8.370410e+02,3.380271e-01,7.183287e-05,0.000000e+00,4.349214e+01,0.000000e+00,0.000000e+00,-6.965575e-01
8.560831e-03,4.929130e+01,8.383591e+02,8.889981e-05,6.124782e-06,3.380271e-01,7.183287e-05,3.465345e-06,0.000000e+00,-4.736889e+00,0.000000e+00,0.000000e+00,0.000000e+00,0.000000e+00,0.000000e+00,0.000000e+00,0.000000e+00,5.421011e-20,7.546700e-14,0.000000e+00,0.000000e+00,0.000000e+00,0.000000e+00,4.929130e+01,8.381727e+02,3.380271e-01,7.183287e-05,0.000000e+00,4.354105e+01,0.000000e+00,0.000000e+00,-6.965575e-01
8.571228e-03,4.814568e+01,8.395054e+02,8.889981e-05,6.124782e-06,3.380271e-01,7.183287e-05,3.467080e-06,0.000000e+00,-4.736889e+00,0.000000e+00,0.000000e+00,0.000000e+00,0.000000e+00,0.000000e+00,0.000000e+00,0.000000e+00,5.421011e-20,7.546700e-14,0.000000e+00,0.000000e+00,0.000000e+00,0.000000e+00,4.814568e+01,8.393174e+02,3.380271e-01,7.183287e-05,0.000000e+00,4.358998e+01,0.000000e+00,0.000000e+00,-6.965575e-01
8.581631e-03,4.699548e+01,8.406575e+02,8.889981e-05,6.124782e-06,3.380271e-01,7.183287e-05,3.468962e-06,0.000000e+00,-4.736889e+00,0.000000e+00,0.000000e+00,0.000000e+00,0.000000e+00,0.000000e+00,0.000000e+00,0.000000e+00,5.421011e-20,7.546700e-14,0.000000e+00,0.000000e+00,0.000000e+00,0.000000e+00,4.699548e+01,8.404691e+02,3.380271e-01,7.183287e-05,0.000000e+00,4.363894e+01,0.000000e+00,0.000000e+00,-6.965575e-01
8.592040e-03,4.584765e+01,8.418077e+02,8.889981e-05,6.124782e-06,3.380271e-01,7.183287e-05,3.470758e-06,0.000000e+00,-4.736889e+00,0.000000e+00,0.000000e+00,0.000000e+00,0.000000e+00,0.000000e+00,0.000000e+00,0.000000e+00,5.421011e-20,7.546700e-14,0.000000e+00,0.000000e+00,0.000000e+00,0.000000e+00,4.584765e+01,8.416202e+02,3.380271e-01,7.183287e-05,0.000000e+00,4.368792e+01,0.000000e+00,0.000000e+00,-6.965575e-01
8.602453e-03,4.470910e+01,8.429486e+02,8.889981e-05,6.124782e-06,3.380271e-01,7.183287e-05,3.472204e-06,0.000000e+00,-4.736889e+00,0.000000e+00,0.000000e+00,0.000000e+00,0.000000e+00,0.000000e+00,0.000000e+00,0.000000e+00,5.421011e-20,7.546700e-14,0.000000e+00,0.000000e+00,0.000000e+00,0.000000e+00,4.470910e+01,8.427632e+02,3.380271e-01,7.183287e-05,0.000000e+00,4.373692e+01,0.000000e+00,0.000000e+00,-6.965575e-01
8.612871e-03,4.358626e+01,8.440731e+02,8.889981e-05,6.124782e-06,3.380271e-01,7.183287e-05,3.473064e-06,0.000000e+00,-4.736889e+00,0.000000e+00,0.000000e+00,0.000000e+00,0.000000e+00,0.000000e+00,0.000000e+00,0.000000e+00,5.421011e-20,7.546700e-14,0.000000e+00,0.000000e+00,0.000000e+00,0.000000e+00,4.358626e+01,8.438909e+02,3.380271e-01,7.183287e-05,0.000000e+00,4.378594e+01,0.000000e+00,0.000000e+00,-6.965575e-01
8.623291e-03,4.248491e+01,8.451752e+02,8.889981e-05,6.124782e-06,3.380271e-01,7.183287e-05,3.473199e-06,0.000000e+00,-4.736889e+00,0.000000e+00,0.000000e+00,0.000000e+00,0.000000e+00,0.000000e+00,0.000000e+00,0.000000e+00,5.421011e-20,7.546700e-14,0.000000e+00,0.000000e+00,0.000000e+00,0.000000e+00,4.248491e+01,8.449971e+02,3.380271e-01,7.183287e-05,0.000000e+00,4.383497e+01,0.000000e+00,0.000000e+00,-6.965575e-01
8.630237e-03,4.176528e+01,8.458948e+02,8.889981e-05,6.124782e-06,3.380271e-01,7.183287e-05,3.472870e-06,0.000000e+00,-4.736889e+00,0.000000e+00,0.000000e+00,0.000000e+00,0.000000e+00,0.000000e+00,0.000000e+00,0.000000e+00,5.421011e-20,7.546700e-14,0.000000e+00,0.000000e+00,0.000000e+00,0.000000e+00,4.176528e+01,8.457200e+02,3.380271e-01,7.183287e-05,0.000000e+00,4.386766e+01,0.000000e+00,0.000000e+00,-6.965575e-01
8.640654e-03,4.071152e+01,8.469480e+02,8.888891e-05,6.133306e-06,3.380271e-01,7.183287e-05,3.471846e-06,0.000000e+00,-4.736889e+00,0.000000e+00,0.000000e+00,0.000000e+00,0.000000e+00,0.000000e+00,0.000000e+00,0.000000e+00,5.421011e-20,7.546700e-14,0.000000e+00,0.000000e+00,0.000000e+00,0.000000e+00,4.071152e+01,8.467787e+02,3.380271e-01,7.183287e-05,0.000000e+00,4.391668e+01,0.000000e+00,0.000000e+00,-6.965575e-01
8.651069e-03,3.969312e+01,8.479650e+02,8.887424e-05,6.167685e-06,3.380269e-01,7.183287e-05,3.470422e-06,0.000000e+00,-4.736889e+00,0.000000e+00,0.000000e+00,0.000000e+00,0.000000e+00,0.000000e+00,0.000000e+00,0.000000e+00,5.421011e-20,7.546700e-14,0.000000e+00,0.000000e+00,0.000000e+00,0.000000e+00,3.969312e+01,8.478021e+02,3.380269e-01,7.183287e-05,0.000000e+00,4.396569e+01,0.000000e+00,0.000000e+00,-6.965575e-01
8.661401e-03,3.872207e+01,8.489339e+02,8.886170e-05,6.213957e-06,3.380265e-01,7.183287e-05,3.390203e-06,0.000000e+00,-4.736889e+00,0.000000e+00,0.000000e+00,0.000000e+00,0.000000e+00,0.000000e+00,0.000000e+00,0.000000e+00,5.421011e-20,7.546700e-14,0.000000e+00,0.000000e+00,0.000000e+00,0.000000e+00,3.872207e+01,8.487816e+02,3.380265e-01,7.183287e-05,0.000000e+00,4.401431e+01,0.000000e+00,0.000000e+00,-6.965575e-01
8.671616e-03,3.780426e+01,8.498494e+02,8.885462e-05,6.247677e-06,3.380261e-01,7.183287e-05,3.436785e-06,0.000000e+00,-4.736889e+00,0.000000e+00,0.000000e+00,0.000000e+00,0.000000e+00,0.000000e+00,0.000000e+00,0.000000e+00,5.421011e-20,7.546700e-14,0.000000e+00,0.000000e+00,0.000000e+00,0.000000e+00,3.780426e+01,8.497023e+02,3.380261e-01,7.183287e-05,0.000000e+00,4.406238e+01,0.000000e+00,0.000000e+00,-6.965575e-01
8.681926e-03,3.692349e+01,8.507278e+02,8.886884e-05,6.271480e-06,3.380257e-01,7.183287e-05,3.436728e-06,0.000000e+00,-4.736889e+00,0.000000e+00,0.000000e+00,0.000000e+00,0.000000e+00,0.000000e+00,0.000000e+00,0.000000e+00,5.421011e-20,7.546700e-14,0.000000e+00,0.000000e+00,0.000000e+00,0.000000e+00,3.692349e+01,8.505885e+02,3.380258e-01,7.183287e-05,0.000000e+00,4.411090e+01,0.000000e+00,0.000000e+00,-6.965575e-01
8.692295e-03,3.608524e+01,8.515640e+02,8.887707e-05,6.277617e-06,3.380254e-01,7.183287e-05,3.465502e-06,0.000000e+00,-4.736889e+00,0.000000e+00,0.000000e+00,0.000000e+00,0.000000e+00,0.000000e+00,0.000000e+00,0.000000e+00,5.421011e-20,7.546700e-14,0.000000e+00,0.000000e+00,0.000000e+00,0.000000e+00,3.608524e+01,8.514315e+02,3.380254e-01,7.183287e-05,0.000000e+00,4.415969e+01,0.000000e+00,0.000000e+00,-6.965575e-01
8.702691e-03,3.529256e+01,8.523550e+02,8.888650e-05,6.283030e-06,3.380251e-01,7.183287e-05,3.464976e-06,0.000000e+00,-4.736889e+00,0.000000e+00,0.000000e+00,0.000000e+00,0.000000e+00,0.000000e+00,0.000000e+00,0.000000e+00,5.421011e-20,7.546700e-14,0.000000e+00,0.000000e+00,0.000000e+00,0.000000e+00,3.529256e+01,8.522304e+02,3.380251e-01,7.183287e-05,0.000000e+00,4.420861e+01,0.000000e+00,0.000000e+00,-6.965575e-01
8.713085e-03,3.454685e+01,8.531000e+02,8.888324e-05,6.277960e-06,3.380248e-01,7.183287e-05,3.464792e-06,0.000000e+00,-4.736889e+00,0.000000e+00,0.000000e+00,0.000000e+00,0.000000e+00,0.000000e+00,0.000000e+00,0.000000e+00,5.421011e-20,7.546700e-14,0.000000e+00,0.000000e+00,0.000000e+00,0.000000e+00,3.454685e+01,8.529829e+02,3.380249e-01,7.183287e-05,0.000000e+00,4.425752e+01,0.000000e+00,0.000000e+00,-6.965575e-01
8.720015e-03,3.407501e+01,8.535714e+02,8.887165e-05,6.279536e-06,3.380247e-01,7.183287e-05,3.464876e-06,0.000000e+00,-4.736889e+00,0.000000e+00,0.000000e+00,0.000000e+00,0.000000e+00,0.000000e+00,0.000000e+00,0.000000e+00,5.421011e-20,7.546700e-14,0.000000e+00,0.000000e+00,0.000000e+00,0.000000e+00,3.407501e+01,8.534594e+02,3.380247e-01,7.183287e-05,0.000000e+00,4.429013e+01,0.000000e+00,0.000000e+00,-6.965575e-01
8.730410e-03,3.340381e+01,8.542416e+02,8.883428e-05,6.314450e-06,3.380243e-01,7.183287e-05,3.465316e-06,0.000000e+00,-4.736889e+00,0.000000e+00,0.000000e+00,0.000000e+00,0.000000e+00,0.000000e+00,0.000000e+00,0.000000e+00,5.421011e-20,7.546700e-14,0.000000e+00,0.000000e+00,0.000000e+00,0.000000e+00,3.340381e+01,8.541368e+02,3.380244e-01,7.183287e-05,0.000000e+00,4.433905e+01,0.000000e+00,0.000000e+00,-6.965575e-01
8.740807e-03,3.277439e+01,8.548692e+02,8.880060e-05,6.350087e-06,3.380239e-01,7.183287e-05,3.466101e-06,0.000000e+00,-4.736889e+00,0.000000e+00,0.000000e+00,0.000000e+00,0.000000e+00,0.000000e+00,0.000000e+00,0.000000e+00,5.421011e-20,7.546700e-14,0.000000e+00,0.000000e+00,0.000000e+00,0.000000e+00,3.277439e+01,8.547714e+02,3.380240e-01,7.183287e-05,0.000000e+00,4.438797e+01,0.000000e+00,0.000000e+00,-6.965575e-01
8.751206e-03,3.218374e+01,8.554573e+02,8.876012e-05,6.398700e-06,3.380234e-01,7.183287e-05,3.467145e-06,0.000000e+00,-4.736889e+00,0.000000e+00,0.000000e+00,0.000000e+00,0.000000e+00,0.000000e+00,0.000000e+00,0.000000e+00,5.421011e-20,7.546700e-14,0.000000e+00,0.000000e+00,0.000000e+00,0.000000e+00,3.218374e+01,8.553658e+02,3.380235e-01,7.183287e-05,0.000000e+00,4.443691e+01,0.000000e+00,0.000000e+00,-6.965575e-01
8.761609e-03,3.162794e+01,8.560095e+02,8.870506e-05,6.458947e-06,3.380228e-01,7.183287e-05,3.468284e-06,0.000000e+00,-4.736889e+00,0.000000e+00,0.000000e+00,0.000000e+00,0.000000e+00,0.000000e+00,0.000000e+00,0.000000e+00,5.421011e-20,7.546700e-14,0.000000e+00,0.000000e+00,0.000000e+00,0.000000e+00,3.162794e+01,8.559236e+02,3.380229e-01,7.183287e-05,0.000000e+00,4.448586e+01,0.000000e+00,0.000000e+00,-6.965575e-01
8.772015e-03,3.110242e+01,8.565304e+02,8.869680e-05,6.511854e-06,3.380218e-01,7.183287e-05,3.469302e-06,0.000000e+00,-4.736889e+00,0.000000e+00,0.000000e+00,0.000000e+00,0.000000e+00,0.000000e+00,0.000000e+00,0.000000e+00,5.421011e-20,7.546700e-14,0.000000e+00,0.000000e+00,0.000000e+00,0.000000e+00,3.110242e+01,8.564493e+02,3.380220e-01,7.183287e-05,0.000000e+00,4.453482e+01,0.000000e+00,0.000000e+00,-6.965575e-01
8.782423e-03,3.060247e+01,8.570252e+02,8.868457e-05,6.522604e-06,3.380205e-01,7.183287e-05,3.469978e-06,0.000000e+00,-4.736889e+00,0.000000e+00,0.000000e+00,0.000000e+00,0.000000e+00,0.000000e+00,0.000000e+00,0.000000e+00,5.421011e-20,7.546700e-14,0.000000e+00,0.000000e+00,0.000000e+00,0.000000e+00,3.060247e+01,8.569482e+02,3.380207e-01,7.183287e-05,0.000000e+00,4.458381e+01,0.000000e+00,0.000000e+00,-6.965575e-01
8.792833e-03,3.012391e+01,8.574988e+02,8.868599e-05,6.524727e-06,3.380192e-01,7.183287e-05,3.470145e-06,0.000000e+00,-4.736889e+00,0.000000e+00,0.000000e+00,0.000000e+00,0.000000e+00,0.000000e+00,0.000000e+00,0.000000e+00,5.421011e-20,7.546700e-14,0.000000e+00,0.000000e+00,0.000000e+00,0.000000e+00,3.012391e+01,8.574251e+02,3.380195e-01,7.183287e-05,0.000000e+00,4.463279e+01,0.000000e+00,0.000000e+00,-6.965575e-01
8.803244e-03,2.966354e+01,8.579529e+02,8.874700e-05,6.522901e-06,3.380172e-01,7.183287e-05,3.469763e-06,0.000000e+00,-4.736889e+00,0.000000e+00,0.000000e+00,0.000000e+00,0.000000e+00,0.000000e+00,0.000000e+00,0.000000e+00,5.421011e-20,7.546700e-14,0.000000e+00,0.000000e+00,0.000000e+00,0.000000e+00,2.966354e+01,8.578823e+02,3.380176e-01,7.183287e-05,0.000000e+00,4.468178e+01,0.000000e+00,0.000000e+00,-6.965575e-01
8.810183e-03,2.936562e+01,8.582464e+02,8.878542e-05,6.508930e-06,3.380157e-01,7.183287e-05,3.469258e-06,0.000000e+00,-4.736889e+00,0.000000e+00,0.000000e+00,0.000000e+00,0.000000e+00,0.000000e+00,0.000000e+00,0.000000e+00,5.421011e-20,7.546700e-14,0.000000e+00,0.000000e+00,0.000000e+00,0.000000e+00,2.936562e+01,8.581774e+02,3.380161e-01,7.183287e-05,0.000000e+00,4.471443e+01,0.000000e+00,0.000000e+00,-6.965575e-01
8.820590e-03,2.893124e+01,8.586734e+02,8.885301e-05,6.486048e-06,3.380131e-01,7.183287e-05,3.468304e-06,0.000000e+00,-4.736889e+00,0.000000e+00,0.000000e+00,0.000000e+00,0.000000e+00,0.000000e+00,0.000000e+00,0.000000e+00,5.421011e-20,7.546700e-14,0.000000e+00,0.000000e+00,0.000000e+00,0.000000e+00,2.893124e+01,8.586070e+02,3.380135e-01,7.183287e-05,0.000000e+00,4.476340e+01,0.000000e+00,0.000000e+00,-6.965575e-01
8.830993e-03,2.851114e+01,8.590865e+02,8.884240e-05,6.541497e-06,3.380105e-01,7.183287e-05,3.467369e-06,0.000000e+00,-4.736889e+00,0.000000e+00,0.000000e+00,0.000000e+00,0.000000e+00,0.000000e+00,0.000000e+00,0.000000e+00,5.421011e-20,7.546700e-14,0.000000e+00,0.000000e+00,0.000000e+00,0.000000e+00,2.851114e+01,8.590221e+02,3.380109e-01,7.183287e-05,0.000000e+00,4.481236e+01,0.000000e+00,0.000000e+00,-6.965575e-01
8.841395e-03,2.810471e+01,8.594890e+02,8.880800e-05,6.537586e-06,3.380089e-01,7.183287e-05,3.466717e-06,0.000000e+00,-4.736889e+00,0.000000e+00,0.000000e+00,0.000000e+00,0.000000e+00,0.000000e+00,0.000000e+00,0.000000e+00,5.421011e-20,7.546700e-14,0.000000e+00,0.000000e+00,0.000000e+00,0.000000e+00,2.810471e+01,8.594266e+02,3.380092e-01,7.183287e-05,0.000000e+00,4.486130e+01,0.000000e+00,0.000000e+00,-6.965575e-01
8.851795e-03,2.771144e+01,8.598779e+02,8.881539e-05,6.488788e-06,3.380076e-01,7.183287e-05,3.466526e-06,0.000000e+00,-4.736889e+00,0.000000e+00,0.000000e+00,0.000000e+00,0.000000e+00,0.000000e+00,0.000000e+00,0.000000e+00,5.421011e-20,7.546700e-14,0.000000e+00,0.000000e+00,0.000000e+00,0.000000e+00,2.771144e+01,8.598177e+02,3.380078e-01,7.183287e-05,0.000000e+00,4.491024e+01,0.000000e+00,0.000000e+00,-6.965575e-01
8.862195e-03,2.733079e+01,8.602545e+02,8.889190e-05,6.454167e-06,3.380067e-01,7.183287e-05,3.466844e-06,0.000000e+00,-4.736889e+00,0.000000e+00,0.000000e+00,0.000000e+00,0.000000e+00,0.000000e+00,0.000000e+00,0.000000e+00,5.421011e-20,7.546700e-14,0.000000e+00,0.000000e+00,0.000000e+00,0.000000e+00,2.733079e+01,8.601962e+02,3.380068e-01,7.183287e-05,0.000000e+00,4.495918e+01,0.000000e+00,0.000000e+00,-6.965575e-01
8.872596e-03,2.696204e+01,8.606203e+02,8.892521e-05,6.454902e-06,3.380065e-01,7.183287e-05,3.467600e-06,0.000000e+00,-4.736889e+00,0.000000e+00,0.000000e+00,0.000000e+00,0.000000e+00,0.000000e+00,0.000000e+00,0.000000e+00,5.421011e-20,7.546700e-14,0.000000e+00,0.000000e+00,0.000000e+00,0.000000e+00,2.696204e+01,8.605637e+02,3.380065e-01,7.183287e-05,0.000000e+00,4.500812e+01,0.000000e+00,0.000000e+00,-6.965575e-01
8.882999e-03,2.660459e+01,8.609758e+02,8.892521e-05,6.454902e-06,3.380065e-01,7.183287e-05,3.468640e-06,0.000000e+00,-4.736889e+00,0.000000e+00,0.000000e+00,0.000000e+00,0.000000e+00,0.000000e+00,0.000000e+00,0.000000e+00,5.421011e-20,7.546700e-14,0.000000e+00,0.000000e+00,0.000000e+00,0.000000e+00,2.660459e+01,8.609210e+02,3.380065e-01,7.183287e-05,0.000000e+00,4.505707e+01,0.000000e+00,0.000000e+00,-6.965575e-01
8.893407e-03,2.625828e+01,8.613209e+02,8.892521e-05,6.454902e-06,3.380065e-01,7.183287e-05,3.469776e-06,0.000000e+00,-4.736889e+00,0.000000e+00,0.000000e+00,0.000000e+00,0.000000e+00,0.000000e+00,0.000000e+00,0.000000e+00,5.421011e-20,7.546700e-14,0.000000e+00,0.000000e+00,0.000000e+00,0.000000e+00,2.625828e+01,8.612678e+02,3.380065e-01,7.183287e-05,0.000000e+00,4.510604e+01,0.000000e+00,0.000000e+00,-6.965575e-01
8.900346e-03,2.603381e+01,8.615453e+02,8.892521e-05,6.454902e-06,3.380065e-01,7.183287e-05,3.470512e-06,0.000000e+00,-4.736889e+00,0.000000e+00,0.000000e+00,0.000000e+00,0.000000e+00,0.000000e+00,0.000000e+00,0.000000e+00,5.421011e-20,7.546700e-14,0.000000e+00,0.000000e+00,0.000000e+00,0.000000e+00,2.603381e+01,8.614933e+02,3.380065e-01,7.183287e-05,0.000000e+00,4.513869e+01,0.000000e+00,0.000000e+00,-6.965575e-01
8.910759e-03,2.570749e+01,8.618723e+02,8.892521e-05,6.454902e-06,3.380065e-01,7.183287e-05,3.471497e-06,0.000000e+00,-4.736889e+00,0.000000e+00,0.000000e+00,0.000000e+00,0.000000e+00,0.000000e+00,0.000000e+00,0.000000e+00,5.421011e-20,7.546700e-14,0.000000e+00,0.000000e+00,0.000000e+00,0.000000e+00,2.570749e+01,8.618224e+02,3.380065e-01,7.183287e-05,0.000000e+00,4.518769e+01,0.000000e+00,0.000000e+00,-6.965575e-01
8.921174e-03,2.539499e+01,8.621860e+02,8.892521e-05,6.454902e-06,3.380065e-01,7.183287e-05,3.472286e-06,0.000000e+00,-4.736889e+00,0.000000e+00,0.000000e+00,0.000000e+00,0.000000e+00,0.000000e+00,0.000000e+00,0.000000e+00,5.421011e-20,7.546700e-14,0.000000e+00,0.000000e+00,0.000000e+00,0.000000e+00,2.539499e+01,8.621385e+02,3.380065e-01,7.183287e-05,0.000000e+00,4.523670e+01,0.000000e+00,0.000000e+00,-6.965575e-01
8.931592e-03,2.509790e+01,8.624843e+02,8.892521e-05,6.454902e-06,3.380065e-01,7.183287e-05,3.472868e-06,0.000000e+00,-4.736889e+00,0.000000e+00,0.000000e+00,0.000000e+00,0.000000e+00,0.000000e+00,0.000000e+00,0.000000e+00,5.421011e-20,7.546700e-14,0.000000e+00,0.000000e+00,0.000000e+00,0.000000e+00,2.509790e+01,8.624395e+02,3.380065e-01,7.183287e-05,0.000000e+00,4.528572e+01,0.000000e+00,0.000000e+00,-6.965575e-01
8.942011e-03,2.481744e+01,8.627653e+02,8.892521e-05,6.454902e-06,3.380065e-01,7.183287e-05,3.473275e-06,0.000000e+00,-4.736889e+00,0.000000e+00,0.000000e+00,0.000000e+00,0.000000e+00,0.000000e+00,0.000000e+00,0.000000e+00,5.421011e-20,7.546700e-14,0.000000e+00,0.000000e+00,0.000000e+00,0.000000e+00,2.481744e+01,8.627234e+02,3.380065e-01,7.183287e-05,0.000000e+00,4.533475e+01,0.000000e+00,0.000000e+00,-6.965575e-01
8.952431e-03,2.455416e+01,8.630281e+02,8.892521e-05,6.454902e-06,3.380065e-01,7.183287e-05,3.473538e-06,0.000000e+00,-4.736889e+00,0.000000e+00,0.000000e+00,0.000000e+00,0.000000e+00,0.000000e+00,0.000000e+00,0.000000e+00,5.421011e-20,7.546700e-14,0.000000e+00,0.000000e+00,0.000000e+00,0.000000e+00,2.455416e+01,8.629894e+02,3.380065e-01,7.183287e-05,0.000000e+00,4.538378e+01,0.000000e+00,0.000000e+00,-6.965575e-01
8.962852e-03,2.430797e+01,8.632732e+02,8.892521e-05,6.454902e-06,3.380065e-01,7.183287e-05,3.473639e-06,0.000000e+00,-4.736889e+00,0.000000e+00,0.000000e+00,0.000000e+00,0.000000e+00,0.000000e+00,0.000000e+00,0.000000e+00,5.421011e-20,7.546700e-14,0.000000e+00,0.000000e+00,0.000000e+00,0.000000e+00,2.430797e+01,8.632373e+02,3.380065e-01,7.183287e-05,0.000000e+00,4.543281e+01,0.000000e+00,0.000000e+00,-6.965575e-01
8.973273e-03,2.407851e+01,8.635010e+02,8.892521e-05,6.454902e-06,3.380065e-01,7.183287e-05,3.473516e-06,0.000000e+00,-4.736889e+00,0.000000e+00,0.000000e+00,0.000000e+00,0.000000e+00,0.000000e+00,0.000000e+00,0.000000e+00,5.421011e-20,7.546700e-14,0.000000e+00,0.000000e+00,0.000000e+00,0.000000e+00,2.407851e+01,8.634680e+02,3.380065e-01,7.183287e-05,0.000000e+00,4.548185e+01,0.000000e+00,0.000000e+00,-6.965575e-01
8.980220e-03,2.393477e+01,8.636437e+02,8.892521e-05,6.454902e-06,3.380065e-01,7.183287e-05,3.473274e-06,0.000000e+00,-4.736889e+00,0.000000e+00,0.000000e+00,0.000000e+00,0.000000e+00,0.000000e+00,0.000000e+00,0.000000e+00,5.421011e-20,7.546700e-14,0.000000e+00,0.000000e+00,0.000000e+00,0.000000e+00,2.393477e+01,8.636125e+02,3.380065e-01,7.183287e-05,0.000000e+00,4.551453e+01,0.000000e+00,0.000000e+00,-6.965575e-01
8.990639e-03,2.373337e+01,8.638438e+02,8.892521e-05,6.454902e-06,3.380065e-01,7.183287e-05,3.472635e-06,0.000000e+00,-4.736889e+00,0.000000e+00,0.000000e+00,0.000000e+00,0.000000e+00,0.000000e+00,0.000000e+00,0.000000e+00,5.421011e-20,7.546700e-14,0.000000e+00,0.000000e+00,0.000000e+00,0.000000e+00,2.373337e+01,8.638154e+02,3.380065e-01,7.183287e-05,0.000000e+00,4.556356e+01,0.000000e+00,0.000000e+00,-6.965575e-01
9.001056e-03,2.355009e+01,8.640263e+02,8.892521e-05,6.454902e-06,3.380065e-01,7.183287e-05,3.471681e-06,0.000000e+00,-4.736889e+00,0.000000e+00,0.000000e+00,0.000000e+00,0.000000e+00,0.000000e+00,0.000000e+00,0.000000e+00,5.421011e-20,7.546700e-14,0.000000e+00,0.000000e+00,0.000000e+00,0.000000e+00,2.355009e+01,8.640009e+02,3.380065e-01,7.183287e-05,0.000000e+00,4.561258e+01,0.000000e+00,0.000000e+00,-6.965575e-01
9.011470e-03,2.338707e+01,8.641895e+02,8.892521e-05,6.454902e-06,3.380065e-01,7.183287e-05,3.470548e-06,0.000000e+00,-4.736889e+00,0.000000e+00,0.000000e+00,0.000000e+00,0.000000e+00,0.000000e+00,0.000000e+00,0.000000e+00,5.421011e-20,7.546700e-14,0.000000e+00,0.000000e+00,0.000000e+00,0.000000e+00,2.338707e+01,8.641675e+02,3.380065e-01,7.183287e-05,0.000000e+00,4.566158e+01,0.000000e+00,0.000000e+00,-6.965575e-01
9.021880e-03,2.324728e+01,8.643304e+02,8.892521e-05,6.454902e-06,3.380065e-01,7.183287e-05,3.469488e-06,0.000000e+00,-4.736889e+00,0.000000e+00,0.000000e+00,0.000000e+00,0.000000e+00,0.000000e+00,0.000000e+00,0.000000e+00,5.421011e-20,7.546700e-14,0.000000e+00,0.000000e+00,0.000000e+00,0.000000e+00,2.324728e+01,8.643124e+02,3.380065e-01,7.183287e-05,0.000000e+00,4.571057e+01,0.000000e+00,0.000000e+00,-6.965575e-01
9.032289e-03,2.313429e+01,8.644451e+02,8.892027e-05,6.448627e-06,3.380064e-01,7.183287e-05,3.468819e-06,0.000000e+00,-4.736889e+00,0.000000e+00,0.000000e+00,0.000000e+00,0.000000e+00,0.000000e+00,0.000000e+00,0.000000e+00,5.421011e-20,7.546700e-14,0.000000e+00,0.000000e+00,0.000000e+00,0.000000e+00,2.313429e+01,8.644319e+02,3.380065e-01,7.183287e-05,0.000000e+00,4.575954e+01,0.000000e+00,0.000000e+00,-6.965575e-01
9.042694e-03,2.305186e+01,8.645294e+02,8.891337e-05,6.460367e-06,3.380064e-01,7.183287e-05,3.468854e-06,0.000000e+00,-4.736889e+00,0.000000e+00,0.000000e+00,0.000000e+00,0.000000e+00,0.000000e+00,0.000000e+00,0.000000e+00,5.421011e-20,7.546700e-14,0.000000e+00,0.000000e+00,0.000000e+00,0.000000e+00,2.305186e+01,8.645215e+02,3.380064e-01,7.183287e-05,0.000000e+00,4.580851e+01,0.000000e+00,0.000000e+00,-6.965575e-01
9.053102e-03,2.300363e+01,8.645790e+02,8.890804e-05,6.467607e-06,3.380064e-01,7.183287e-05,3.469792e-06,0.000000e+00,-4.736889e+00,0.000000e+00,0.000000e+00,0.000000e+00,0.000000e+00,0.000000e+00,0.000000e+00,0.000000e+00,5.421011e-20,7.546700e-14,0.000000e+00,0.000000e+00,0.000000e+00,0.000000e+00,2.300363e+01,8.645772e+02,3.380064e-01,7.183287e-05,0.000000e+00,4.585748e+01,0.000000e+00,0.000000e+00,-6.965575e-01
9.060042e-03,2.299212e+01,8.645911e+02,8.890352e-05,6.469123e-06,3.380063e-01,7.183287e-05,3.470951e-06,0.000000e+00,-4.736889e+00,0.000000e+00,0.000000e+00,0.000000e+00,0.000000e+00,0.000000e+00,0.000000e+00,0.000000e+00,5.421011e-20,7.546700e-14,0.000000e+00,0.000000e+00,0.000000e+00,0.000000e+00,2.299212e+01,8.645936e+02,3.380063e-01,7.183287e-05,0.000000e+00,4.589014e+01,0.000000e+00,0.000000e+00,-6.965575e-01
9.070457e-03,2.300815e+01,8.645754e+02,8.889032e-05,6.471827e-06,3.380063e-01,7.183287e-05,3.473412e-06,0.000000e+00,-4.736889e+00,0.000000e+00,0.000000e+00,0.000000e+00,0.000000e+00,0.000000e+00,0.000000e+00,0.000000e+00,5.421011e-20,7.546700e-14,0.000000e+00,0.000000e+00,0.000000e+00,0.000000e+00,2.300815e+01,8.645849e+02,3.380063e-01,7.183287e-05,0.000000e+00,4.593914e+01,0.000000e+00,0.000000e+00,-6.965575e-01
9.080880e-03,2.306703e+01,8.645165e+02,8.887392e-05,6.474774e-06,3.380063e-01,7.183287e-05,3.324812e-06,0.000000e+00,-4.736889e+00,0.000000e+00,0.000000e+00,0.000000e+00,0.000000e+00,0.000000e+00,0.000000e+00,0.000000e+00,5.421011e-20,7.546700e-14,0.000000e+00,0.000000e+00,0.000000e+00,0.000000e+00,2.306703e+01,8.645334e+02,3.380063e-01,7.183287e-05,0.000000e+00,4.598819e+01,0.000000e+00,0.000000e+00,-6.965575e-01
9.090862e-03,2.316689e+01,8.644164e+02,8.885377e-05,6.478012e-06,3.380063e-01,7.183287e-05,3.332736e-06,0.000000e+00,-4.736889e+00,0.000000e+00,0.000000e+00,0.000000e+00,0.000000e+00,0.000000e+00,0.000000e+00,0.000000e+00,5.421011e-20,7.546700e-14,0.000000e+00,0.000000e+00,0.000000e+00,0.000000e+00,2.316689e+01,8.644399e+02,3.380063e-01,7.183287e-05,0.000000e+00,4.603516e+01,0.000000e+00,0.000000e+00,-6.965575e-01
9.100868e-03,2.331345e+01,8.642695e+02,8.883882e-05,6.479960e-06,3.380063e-01,7.183287e-05,3.340631e-06,0.000000e+00,-4.736889e+00,0.000000e+00,0.000000e+00,0.000000e+00,0.000000e+00,0.000000e+00,0.000000e+00,0.000000e+00,5.421011e-20,7.546700e-14,0.000000e+00,0.000000e+00,0.000000e+00,0.000000e+00,2.331345e+01,8.643011e+02,3.380063e-01,7.183287e-05,0.000000e+00,4.608224e+01,0.000000e+00,0.000000e+00,-6.965575e-01
9.111178e-03,2.351772e+01,8.640649e+02,8.882881e-05,6.481046e-06,3.380063e-01,7.183287e-05,3.485861e-06,0.000000e+00,-4.736889e+00,0.000000e+00,0.000000e+00,0.000000e+00,0.000000e+00,0.000000e+00,0.000000e+00,0.000000e+00,5.421011e-20,7.546700e-14,0.000000e+00,0.000000e+00,0.000000e+00,0.000000e+00,2.351772e+01,8.641075e+02,3.380063e-01,7.183287e-05,0.000000e+00,4.613076e+01,0.000000e+00,0.000000e+00,-6.965575e-01
9.121638e-03,2.378577e+01,8.637965e+02,8.882702e-05,6.482745e-06,3.380063e-01,7.183287e-05,3.487995e-06,0.000000e+00,-4.736889e+00,0.000000e+00,0.000000e+00,0.000000e+00,0.000000e+00,0.000000e+00,0.000000e+00,0.000000e+00,5.421011e-20,7.546700e-14,0.000000e+00,0.000000e+00,0.000000e+00,0.000000e+00,2.378577e+01,8.638499e+02,3.380063e-01,7.183287e-05,0.000000e+00,4.617997e+01,0.000000e+00,0.000000e+00,-6.965575e-01
9.132103e-03,2.412150e+01,8.634606e+02,8.882121e-05,6.491873e-06,3.380063e-01,7.183287e-05,3.486774e-06,0.000000e+00,-4.736889e+00,0.000000e+00,0.000000e+00,0.000000e+00,0.000000e+00,0.000000e+00,0.000000e+00,0.000000e+00,5.421011e-20,7.546700e-14,0.000000e+00,0.000000e+00,0.000000e+00,0.000000e+00,2.412150e+01,8.635258e+02,3.380063e-01,7.183287e-05,0.000000e+00,4.622921e+01,0.000000e+00,0.000000e+00,-6.965575e-01
9.142559e-03,2.453127e+01,8.630510e+02,8.882010e-05,6.493391e-06,3.380063e-01,7.183287e-05,3.482761e-06,0.000000e+00,-4.736889e+00,0.000000e+00,0.000000e+00,0.000000e+00,0.000000e+00,0.000000e+00,0.000000e+00,0.000000e+00,5.421011e-20,7.546700e-14,0.000000e+00,0.000000e+00,0.000000e+00,0.000000e+00,2.453127e+01,8.631290e+02,3.380063e-01,7.183287e-05,0.000000e+00,4.627842e+01,0.000000e+00,0.000000e+00,-6.965575e-01
9.153004e-03,2.502177e+01,8.625607e+02,8.882010e-05,6.493391e-06,3.380063e-01,7.183287e-05,3.479498e-06,0.000000e+00,-4.736889e+00,0.000000e+00,0.000000e+00,0.000000e+00,0.000000e+00,0.000000e+00,0.000000e+00,0.000000e+00,5.421011e-20,7.546700e-14,0.000000e+00,0.000000e+00,0.000000e+00,0.000000e+00,2.502177e+01,8.626526e+02,3.380063e-01,7.183287e-05,0.000000e+00,4.632756e+01,0.000000e+00,0.000000e+00,-6.965575e-01
9.163440e-03,2.559957e+01,8.619830e+02,8.882010e-05,6.493391e-06,3.380063e-01,7.183287e-05,3.477368e-06,0.000000e+00,-4.736889e+00,0.000000e+00,0.000000e+00,0.000000e+00,0.000000e+00,0.000000e+00,0.000000e+00,0.000000e+00,5.421011e-20,7.546700e-14,0.000000e+00,0.000000e+00,0.000000e+00,0.000000e+00,2.559957e+01,8.620900e+02,3.380063e-01,7.183287e-05,0.000000e+00,4.637667e+01,0.000000e+00,0.000000e+00,-6.965575e-01
9.170394e-03,2.603618e+01,8.615464e+02,8.881968e-05,6.493746e-06,3.380063e-01,7.183287e-05,3.476734e-06,0.000000e+00,-4.736889e+00,0.000000e+00,0.000000e+00,0.000000e+00,0.000000e+00,0.000000e+00,0.000000e+00,0.000000e+00,5.421011e-20,7.546700e-14,0.000000e+00,0.000000e+00,0.000000e+00,0.000000e+00,2.603618e+01,8.616639e+02,3.380063e-01,7.183287e-05,0.000000e+00,4.640939e+01,0.000000e+00,0.000000e+00,-6.965575e-01
9.180824e-03,2.677190e+01,8.608106e+02,8.881714e-05,6.495851e-06,3.380063e-01,7.183287e-05,3.477104e-06,0.000000e+00,-4.736889e+00,0.000000e+00,0.000000e+00,0.000000e+00,0.000000e+00,0.000000e+00,0.000000e+00,0.000000e+00,5.421011e-20,7.546700e-14,0.000000e+00,0.000000e+00,0.000000e+00,0.000000e+00,2.677190e+01,8.609445e+02,3.380063e-01,7.183287e-05,0.000000e+00,4.645847e+01,0.000000e+00,0.000000e+00,-6.965575e-01
9.191257e-03,2.760800e+01,8.599745e+02,8.881419e-05,6.497595e-06,3.380063e-01,7.183287e-05,3.476570e-06,0.000000e+00,-4.736889e+00,0.000000e+00,0.000000e+00,0.000000e+00,0.000000e+00,0.000000e+00,0.000000e+00,0.000000e+00,5.421011e-20,7.546700e-14,0.000000e+00,0.000000e+00,0.000000e+00,0.000000e+00,2.760800e+01,8.601253e+02,3.380063e-01,7.183287e-05,0.000000e+00,4.650756e+01,0.000000e+00,0.000000e+00,-6.965575e-01
9.201683e-03,2.854593e+01,8.590367e+02,8.880109e-05,6.483508e-06,3.380062e-01,7.183287e-05,3.472854e-06,0.000000e+00,-4.736889e+00,0.000000e+00,0.000000e+00,0.000000e+00,0.000000e+00,0.000000e+00,0.000000e+00,0.000000e+00,5.421011e-20,7.546700e-14,0.000000e+00,0.000000e+00,0.000000e+00,0.000000e+00,2.854593e+01,8.592045e+02,3.380062e-01,7.183287e-05,0.000000e+00,4.655662e+01,0.000000e+00,0.000000e+00,-6.965575e-01
9.212098e-03,2.958583e+01,8.579971e+02,8.879170e-05,6.467498e-06,3.380062e-01,7.183287e-05,3.469867e-06,0.000000e+00,-4.736889e+00,0.000000e+00,0.000000e+00,0.000000e+00,0.000000e+00,0.000000e+00,0.000000e+00,0.000000e+00,5.421011e-20,7.546700e-14,0.000000e+00,0.000000e+00,0.000000e+00,0.000000e+00,2.958583e+01,8.581818e+02,3.380062e-01,7.183287e-05,0.000000e+00,4.660563e+01,0.000000e+00,0.000000e+00,-6.965575e-01
9.222506e-03,3.072678e+01,8.568564e+02,8.878743e-05,6.459455e-06,3.380062e-01,7.183287e-05,3.468009e-06,0.000000e+00,-4.736889e+00,0.000000e+00,0.000000e+00,0.000000e+00,0.000000e+00,0.000000e+00,0.000000e+00,0.000000e+00,5.421011e-20,7.546700e-14,0.000000e+00,0.000000e+00,0.000000e+00,0.000000e+00,3.072678e+01,8.570578e+02,3.380062e-01,7.183287e-05,0.000000e+00,4.665460e+01,0.000000e+00,0.000000e+00,-6.965575e-01
9.232909e-03,3.196622e+01,8.556169e+02,8.878743e-05,6.459455e-06,3.380062e-01,7.183287e-05,3.467483e-06,0.000000e+00,-4.736889e+00,0.000000e+00,0.000000e+00,0.000000e+00,0.000000e+00,0.000000e+00,0.000000e+00,0.000000e+00,5.421011e-20,7.546700e-14,0.000000e+00,0.000000e+00,0.000000e+00,0.000000e+00,3.196622e+01,8.558345e+02,3.380062e-01,7.183287e-05,0.000000e+00,4.670355e+01,0.000000e+00,0.000000e+00,-6.965575e-01
9.243312e-03,3.329971e+01,8.542831e+02,8.879157e-05,6.461026e-06,3.380062e-01,7.183287e-05,3.468296e-06,0.000000e+00,-4.736889e+00,0.000000e+00,0.000000e+00,0.000000e+00,0.000000e+00,0.000000e+00,0.000000e+00,0.000000e+00,5.421011e-20,7.546700e-14,0.000000e+00,0.000000e+00,0.000000e+00,0.000000e+00,3.329971e+01,8.545161e+02,3.380062e-01,7.183287e-05,0.000000e+00,4.675250e+01,0.000000e+00,0.000000e+00,-6.965575e-01
9.250249e-03,3.423796e+01,8.533446e+02,8.879837e-05,6.463062e-06,3.380062e-01,7.183287e-05,3.469503e-06,0.000000e+00,-4.736889e+00,0.000000e+00,0.000000e+00,0.000000e+00,0.000000e+00,0.000000e+00,0.000000e+00,0.000000e+00,5.421011e-20,7.546700e-14,0.000000e+00,0.000000e+00,0.000000e+00,0.000000e+00,3.423796e+01,8.535870e+02,3.380062e-01,7.183287e-05,0.000000e+00,4.678514e+01,0.000000e+00,0.000000e+00,-6.965575e-01
9.260660e-03,3.571361e+01,8.518685e+02,8.880031e-05,6.463863e-06,3.380062e-01,7.183287e-05,3.472111e-06,0.000000e+00,-4.736889e+00,0.000000e+00,0.000000e+00,0.000000e+00,0.000000e+00,0.000000e+00,0.000000e+00,0.000000e+00,5.421011e-20,7.546700e-14,0.000000e+00,0.000000e+00,0.000000e+00,0.000000e+00,3.571361e+01,8.521241e+02,3.380062e-01,7.183287e-05,0.000000e+00,4.683413e+01,0.000000e+00,0.000000e+00,-6.965575e-01
9.271080e-03,3.726338e+01,8.503182e+02,8.880031e-05,6.463863e-06,3.380062e-01,7.183287e-05,3.475346e-06,0.000000e+00,-4.736889e+00,0.000000e+00,0.000000e+00,0.000000e+00,0.000000e+00,0.000000e+00,0.000000e+00,0.000000e+00,5.421011e-20,7.546700e-14,0.000000e+00,0.000000e+00,0.000000e+00,0.000000e+00,3.726338e+01,8.505854e+02,3.380062e-01,7.183287e-05,0.000000e+00,4.688316e+01,0.000000e+00,0.000000e+00,-6.965575e-01
9.281509e-03,3.887750e+01,8.487036e+02,8.880031e-05,6.463863e-06,3.380062e-01,7.183287e-05,3.478835e-06,0.000000e+00,-4.736889e+00,0.000000e+00,0.000000e+00,0.000000e+00,0.000000e+00,0.000000e+00,0.000000e+00,0.000000e+00,5.421011e-20,7.546700e-14,0.000000e+00,0.000000e+00,0.000000e+00,0.000000e+00,3.887750e+01,8.489808e+02,3.380062e-01,7.183287e-05,0.000000e+00,4.693224e+01,0.000000e+00,0.000000e+00,-6.965575e-01
9.291949e-03,4.054531e+01,8.470350e+02,8.880031e-05,6.463863e-06,3.380062e-01,7.183287e-05,3.482243e-06,0.000000e+00,-4.736889e+00,0.000000e+00,0.000000e+00,0.000000e+00,0.000000e+00,0.000000e+00,0.000000e+00,0.000000e+00,5.421011e-20,7.546700e-14,0.000000e+00,0.000000e+00,0.000000e+00,0.000000e+00,4.054531e+01,8.473204e+02,3.380062e-01,7.183287e-05,0.000000e+00,4.698137e+01,0.000000e+00,0.000000e+00,-6.965575e-01
9.302399e-03,4.225536e+01,8.453240e+02,8.880031e-05,6.463863e-06,3.380062e-01,7.183287e-05,3.485300e-06,0.000000e+00,-4.736889e+00,0.000000e+00,0.000000e+00,0.000000e+00,0.000000e+00,0.000000e+00,0.000000e+00,0.000000e+00,5.421011e-20,7.546700e-14,0.000000e+00,0.000000e+00,0.000000e+00,0.000000e+00,4.225536e+01,8.456155e+02,3.380062e-01,7.183287e-05,0.000000e+00,4.703054e+01,0.000000e+00,0.000000e+00,-6.965575e-01
9.312357e-03,4.391167e+01,8.436666e+02,8.880046e-05,6.464009e-06,3.380062e-01,7.183287e-05,3.487661e-06,0.000000e+00,-4.736889e+00,0.000000e+00,0.000000e+00,0.000000e+00,0.000000e+00,0.000000e+00,0.000000e+00,0.000000e+00,5.421011e-20,7.546700e-14,0.000000e+00,0.000000e+00,0.000000e+00,0.000000e+00,4.391167e+01,8.439537e+02,3.380062e-01,7.183287e-05,0.000000e+00,4.707739e+01,0.000000e+00,0.000000e+00,-6.965575e-01
9.322821e-03,4.566795e+01,8.419091e+02,8.880058e-05,6.464073e-06,3.380062e-01,7.183287e-05,3.486335e-06,0.000000e+00,-4.736889e+00,0.000000e+00,0.000000e+00,0.000000e+00,0.000000e+00,0.000000e+00,0.000000e+00,0.000000e+00,5.421011e-20,7.546700e-14,0.000000e+00,0.000000e+00,0.000000e+00,0.000000e+00,4.566795e+01,8.422063e+02,3.380062e-01,7.183287e-05,0.000000e+00,4.712663e+01,0.000000e+00,0.000000e+00,-6.965575e-01
9.333276e-03,4.742644e+01,8.401497e+02,8.880058e-05,6.464073e-06,3.380062e-01,7.183287e-05,3.483336e-06,0.000000e+00,-4.736889e+00,0.000000e+00,0.000000e+00,0.000000e+00,0.000000e+00,0.000000e+00,0.000000e+00,0.000000e+00,5.421011e-20,7.546700e-14,0.000000e+00,0.000000e+00,0.000000e+00,0.000000e+00,4.742644e+01,8.404461e+02,3.380062e-01,7.183287e-05,0.000000e+00,4.717583e+01,0.000000e+00,0.000000e+00,-6.965575e-01
9.340242e-03,4.859351e+01,8.389821e+02,8.879822e-05,6.452381e-06,3.380062e-01,7.183287e-05,3.481946e-06,0.000000e+00,-4.736889e+00,0.000000e+00,0.000000e+00,0.000000e+00,0.000000e+00,0.000000e+00,0.000000e+00,0.000000e+00,5.421011e-20,7.546700e-14,0.000000e+00,0.000000e+00,0.000000e+00,0.000000e+00,4.859351e+01,8.392769e+02,3.380062e-01,7.183287e-05,0.000000e+00,4.720861e+01,0.000000e+00,0.000000e+00,-6.965575e-01
9.350687e-03,5.032732e+01,8.372476e+02,8.877990e-05,6.435050e-06,3.380061e-01,7.183287e-05,3.480822e-06,0.000000e+00,-4.736889e+00,0.000000e+00,0.000000e+00,0.000000e+00,0.000000e+00,0.000000e+00,0.000000e+00,0.000000e+00,5.421011e-20,7.546700e-14,0.000000e+00,0.000000e+00,0.000000e+00,0.000000e+00,5.032732e+01,8.375383e+02,3.380061e-01,7.183287e-05,0.000000e+00,4.725775e+01,0.000000e+00,0.000000e+00,-6.965575e-01
9.361129e-03,5.203080e+01,8.355434e+02,8.874313e-05,6.433831e-06,3.380059e-01,7.183287e-05,3.480828e-06,0.000000e+00,-4.736889e+00,0.000000e+00,0.000000e+00,0.000000e+00,0.000000e+00,0.000000e+00,0.000000e+00,0.000000e+00,5.421011e-20,7.546700e-14,0.000000e+00,0.000000e+00,0.000000e+00,0.000000e+00,5.203080e+01,8.358282e+02,3.380059e-01,7.183287e-05,0.000000e+00,4.730689e+01,0.000000e+00,0.000000e+00,-6.965575e-01
9.371572e-03,5.369341e+01,8.338802e+02,8.869550e-05,6.453513e-06,3.380056e-01,7.183287e-05,3.481838e-06,0.000000e+00,-4.736889e+00,0.000000e+00,0.000000e+00,0.000000e+00,0.000000e+00,0.000000e+00,0.000000e+00,0.000000e+00,5.421011e-20,7.546700e-14,0.000000e+00,0.000000e+00,0.000000e+00,0.000000e+00,5.369341e+01,8.341575e+02,3.380056e-01,7.183287e-05,0.000000e+00,4.735603e+01,0.000000e+00,0.000000e+00,-6.965575e-01
9.382020e-03,5.530571e+01,8.322678e+02,8.865806e-05,6.464007e-06,3.380054e-01,7.183287e-05,3.482731e-06,0.000000e+00,-4.736889e+00,0.000000e+00,0.000000e+00,0.000000e+00,0.000000e+00,0.000000e+00,0.000000e+00,0.000000e+00,5.421011e-20,7.546700e-14,0.000000e+00,0.000000e+00,0.000000e+00,0.000000e+00,5.530571e+01,8.325359e+02,3.380054e-01,7.183287e-05,0.000000e+00,4.740519e+01,0.000000e+00,0.000000e+00,-6.965575e-01
9.392466e-03,5.685855e+01,8.307158e+02,8.865381e-05,6.465375e-06,3.380053e-01,7.183287e-05,3.481174e-06,0.000000e+00,-4.736889e+00,0.000000e+00,0.000000e+00,0.000000e+00,0.000000e+00,0.000000e+00,0.000000e+00,0.000000e+00,5.421011e-20,7.546700e-14,0.000000e+00,0.000000e+00,0.000000e+00,0.000000e+00,5.685855e+01,8.309731e+02,3.380053e-01,7.183287e-05,0.000000e+00,4.745434e+01,0.000000e+00,0.000000e+00,-6.965575e-01
9.402908e-03,5.834459e+01,8.292310e+02,8.865381e-05,6.465375e-06,3.380053e-01,7.183287e-05,3.480384e-06,0.000000e+00,-4.736889e+00,0.000000e+00,0.000000e+00,0.000000e+00,0.000000e+00,0.000000e+00,0.000000e+00,0.000000e+00,5.421011e-20,7.546700e-14,0.000000e+00,0.000000e+00,0.000000e+00,0.000000e+00,5.834459e+01,8.294767e+02,3.380053e-01,7.183287e-05,0.000000e+00,4.750348e+01,0.000000e+00,0.000000e+00,-6.965575e-01
9.413349e-03,5.975867e+01,8.278183e+02,8.865381e-05,6.465375e-06,3.380053e-01,7.183287e-05,3.479449e-06,0.000000e+00,-4.736889e+00,0.000000e+00,0.000000e+00,0.000000e+00,0.000000e+00,0.000000e+00,0.000000e+00,0.000000e+00,5.421011e-20,7.546700e-14,0.000000e+00,0.000000e+00,0.000000e+00,0.000000e+00,5.975867e+01,8.280518e+02,3.380053e-01,7.183287e-05,0.000000e+00,4.755261e+01,0.000000e+00,0.000000e+00,-6.965575e-01
9.420307e-03,6.065913e+01,8.269186e+02,8.865381e-05,6.465375e-06,3.380053e-01,7.183287e-05,3.478378e-06,0.000000e+00,-4.736889e+00,0.000000e+00,0.000000e+00,0.000000e+00,0.000000e+00,0.000000e+00,0.000000e+00,0.000000e+00,5.421011e-20,7.546700e-14,0.000000e+00,0.000000e+00,0.000000e+00,0.000000e+00,6.065913e+01,8.271434e+02,3.380053e-01,7.183287e-05,0.000000e+00,4.758535e+01,0.000000e+00,0.000000e+00,-6.965575e-01
9.430742e-03,6.194396e+01,8.256341e+02,8.865381e-05,6.465375e-06,3.380053e-01,7.183287e-05,3.477455e-06,0.000000e+00,-4.736889e+00,0.000000e+00,0.000000e+00,0.000000e+00,0.000000e+00,0.000000e+00,0.000000e+00,0.000000e+00,5.421011e-20,7.546700e-14,0.000000e+00,0.000000e+00,0.000000e+00,0.000000e+00,6.194396e+01,8.258458e+02,3.380053e-01,7.183287e-05,0.000000e+00,4.763445e+01,0.000000e+00,0.000000e+00,-6.965575e-01
9.441174e-03,6.314799e+01,8.244296e+02,8.865381e-05,6.465375e-06,3.380053e-01,7.183287e-05,3.477448e-06,0.000000e+00,-4.736889e+00,0.000000e+00,0.000000e+00,0.000000e+00,0.000000e+00,0.000000e+00,0.000000e+00,0.000000e+00,5.421011e-20,7.546700e-14,0.000000e+00,0.000000e+00,0.000000e+00,0.000000e+00,6.314799e+01,8.246278e+02,3.380053e-01,7.183287e-05,0.000000e+00,4.768353e+01,0.000000e+00,0.000000e+00,-6.965575e-01
9.451607e-03,6.427042e+01,8.233062e+02,8.865381e-05,6.465375e-06,3.380053e-01,7.183287e-05,3.478409e-06,0.000000e+00,-4.736889e+00,0.000000e+00,0.000000e+00,0.000000e+00,0.000000e+00,0.000000e+00,0.000000e+00,0.000000e+00,5.421011e-20,7.546700e-14,0.000000e+00,0.000000e+00,0.000000e+00,0.000000e+00,6.427042e+01,8.234908e+02,3.380053e-01,7.183287e-05,0.000000e+00,4.773262e+01,0.000000e+00,0.000000e+00,-6.965575e-01
9.462044e-03,6.531189e+01,8.222638e+02,8.865381e-05,6.465375e-06,3.380053e-01,7.183287e-05,3.480297e-06,0.000000e+00,-4.736889e+00,0.000000e+00,0.000000e+00,0.000000e+00,0.000000e+00,0.000000e+00,0.000000e+00,0.000000e+00,5.421011e-20,7.546700e-14,0.000000e+00,0.000000e+00,0.000000e+00,0.000000e+00,6.531189e+01,8.224351e+02,3.380053e-01,7.183287e-05,0.000000e+00,4.778173e+01,0.000000e+00,0.000000e+00,-6.965575e-01
9.472487e-03,6.627473e+01,8.213006e+02,8.865381e-05,6.465375e-06,3.380053e-01,7.183287e-05,3.482942e-06,0.000000e+00,-4.736889e+00,0.000000e+00,0.000000e+00,0.000000e+00,0.000000e+00,0.000000e+00,0.000000e+00,0.000000e+00,5.421011e-20,7.546700e-14,0.000000e+00,0.000000e+00,0.000000e+00,0.000000e+00,6.627473e+01,8.214589e+02,3.380053e-01,7.183287e-05,0.000000e+00,4.783088e+01,0.000000e+00,0.000000e+00,-6.965575e-01
9.482939e-03,6.716290e+01,8.204128e+02,8.865381e-05,6.465375e-06,3.380053e-01,7.183287e-05,3.486016e-06,0.000000e+00,-4.736889e+00,0.000000e+00,0.000000e+00,0.000000e+00,0.000000e+00,0.000000e+00,0.000000e+00,0.000000e+00,5.421011e-20,7.546700e-14,0.000000e+00,0.000000e+00,0.000000e+00,0.000000e+00,6.716290e+01,8.205589e+02,3.380053e-01,7.183287e-05,0.000000e+00,4.788006e+01,0.000000e+00,0.000000e+00,-6.965575e-01
9.493398e-03,6.798158e+01,8.195949e+02,8.865381e-05,6.465375e-06,3.380053e-01,7.183287e-05,3.486777e-06,0.000000e+00,-4.736889e+00,0.000000e+00,0.000000e+00,0.000000e+00,0.000000e+00,0.000000e+00,0.000000e+00,0.000000e+00,5.421011e-20,7.546700e-14,0.000000e+00,0.000000e+00,0.000000e+00,0.000000e+00,6.798158e+01,8.197299e+02,3.380053e-01,7.183287e-05,0.000000e+00,4.792927e+01,0.000000e+00,0.000000e+00,-6.965575e-01
9.500372e-03,6.849162e+01,8.190856e+02,8.865381e-05,6.465375e-06,3.380053e-01,7.183287e-05,3.486816e-06,0.000000e+00,-4.736889e+00,0.000000e+00,0.000000e+00,0.000000e+00,0.000000e+00,0.000000e+00,0.000000e+00,0.000000e+00,5.421011e-20,7.546700e-14,0.000000e+00,0.000000e+00,0.000000e+00,0.000000e+00,6.849162e+01,8.192136e+02,3.380053e-01,7.183287e-05,0.000000e+00,4.796209e+01,0.000000e+00,0.000000e+00,-6.965575e-01
9.510833e-03,6.920814e+01,8.183701e+02,8.865381e-05,6.465375e-06,3.380053e-01,7.183287e-05,3.486704e-06,0.000000e+00,-4.736889e+00,0.000000e+00,0.000000e+00,0.000000e+00,0.000000e+00,0.000000e+00,0.000000e+00,0.000000e+00,5.421011e-20,7.546700e-14,0.000000e+00,0.000000e+00,0.000000e+00,0.000000e+00,6.920814e+01,8.184888e+02,3.380053e-01,7.183287e-05,0.000000e+00,4.801131e+01,0.000000e+00,0.000000e+00,-6.965575e-01
9.521293e-03,6.987257e+01,8.177065e+02,8.865381e-05,6.465375e-06,3.380053e-01,7.183287e-05,3.486430e-06,0.000000e+00,-4.736889e+00,0.000000e+00,0.000000e+00,0.000000e+00,0.000000e+00,0.000000e+00,0.000000e+00,0.000000e+00,5.421011e-20,7.546700e-14,0.000000e+00,0.000000e+00,0.000000e+00,0.000000e+00,6.987257e+01,8.178172e+02,3.380053e-01,7.183287e-05,0.000000e+00,4.806053e+01,0.000000e+00,0.000000e+00,-6.965575e-01
9.531751e-03,7.049155e+01,8.170883e+02,8.865381e-05,6.465375e-06,3.380053e-01,7.183287e-05,3.485868e-06,0.000000e+00,-4.736889e+00,0.000000e+00,0.000000e+00,0.000000e+00,0.000000e+00,0.000000e+00,0.000000e+00,0.000000e+00,5.421011e-20,7.546700e-14,0.000000e+00,0.000000e+00,0.000000e+00,0.000000e+00,7.049155e+01,8.171919e+02,3.380053e-01,7.183287e-05,0.000000e+00,4.810974e+01,0.000000e+00,0.000000e+00,-6.965575e-01
9.542206e-03,7.107093e+01,8.165096e+02,8.865381e-05,6.465375e-06,3.380053e-01,7.183287e-05,3.483399e-06,0.000000e+00,-4.736889e+00,0.000000e+00,0.000000e+00,0.000000e+00,0.000000e+00,0.000000e+00,0.000000e+00,0.000000e+00,5.421011e-20,7.546700e-14,0.000000e+00,0.000000e+00,0.000000e+00,0.000000e+00,7.107093e+01,8.166069e+02,3.380053e-01,7.183287e-05,0.000000e+00,4.815894e+01,0.000000e+00,0.000000e+00,-6.965575e-01
9.552655e-03,7.161587e+01,8.159653e+02,8.865381e-05,6.465375e-06,3.380053e-01,7.183287e-05,3.481952e-06,0.000000e+00,-4.736889e+00,0.000000e+00,0.000000e+00,0.000000e+00,0.000000e+00,0.000000e+00,0.000000e+00,0.000000e+00,5.421011e-20,7.546700e-14,0.000000e+00,0.000000e+00,0.000000e+00,0.000000e+00,7.161587e+01,8.160573e+02,3.380053e-01,7.183287e-05,0.000000e+00,4.820810e+01,0.000000e+00,0.000000e+00,-6.965575e-01
9.563101e-03,7.213096e+01,8.154510e+02,8.865381e-05,6.465375e-06,3.380053e-01,7.183287e-05,3.481813e-06,0.000000e+00,-4.736889e+00,0.000000e+00,0.000000e+00,0.000000e+00,0.000000e+00,0.000000e+00,0.000000e+00,0.000000e+00,5.421011e-20,7.546700e-14,0.000000e+00,0.000000e+00,0.000000e+00,0.000000e+00,7.213096e+01,8.155383e+02,3.380053e-01,7.183287e-05,0.000000e+00,4.825725e+01,0.000000e+00,0.000000e+00,-6.965575e-01
9.570064e-03,7.245967e+01,8.151230e+02,8.865381e-05,6.465375e-06,3.380053e-01,7.183287e-05,3.481717e-06,0.000000e+00,-4.736889e+00,0.000000e+00,0.000000e+00,0.000000e+00,0.000000e+00,0.000000e+00,0.000000e+00,0.000000e+00,5.421011e-20,7.546700e-14,0.000000e+00,0.000000e+00,0.000000e+00,0.000000e+00,7.245967e+01,8.152074e+02,3.380053e-01,7.183287e-05,0.000000e+00,4.829002e+01,0.000000e+00,0.000000e+00,-6.965575e-01
9.580504e-03,7.293260e+01,8.146516e+02,8.865381e-05,6.465375e-06,3.380053e-01,7.183287e-05,3.476431e-06,0.000000e+00,-4.736889e+00,0.000000e+00,0.000000e+00,0.000000e+00,0.000000e+00,0.000000e+00,0.000000e+00,0.000000e+00,5.421011e-20,7.546700e-14,0.000000e+00,0.000000e+00,0.000000e+00,0.000000e+00,7.293260e+01,8.147320e+02,3.380053e-01,7.183287e-05,0.000000e+00,4.833914e+01,0.000000e+00,0.000000e+00,-6.965575e-01
9.590928e-03,7.338306e+01,8.142031e+02,8.865381e-05,6.465375e-06,3.380053e-01,7.183287e-05,3.471370e-06,0.000000e+00,-4.736889e+00,0.000000e+00,0.000000e+00,0.000000e+00,0.000000e+00,0.000000e+00,0.000000e+00,0.000000e+00,5.421011e-20,7.546700e-14,0.000000e+00,0.000000e+00,0.000000e+00,0.000000e+00,7.338306e+01,8.142798e+02,3.380053e-01,7.183287e-05,0.000000e+00,4.838819e+01,0.000000e+00,0.000000e+00,-6.965575e-01
9.601338e-03,7.381273e+01,8.137756e+02,8.865381e-05,6.465375e-06,3.380053e-01,7.183287e-05,3.467239e-06,0.000000e+00,-4.736889e+00,0.000000e+00,0.000000e+00,0.000000e+00,0.000000e+00,0.000000e+00,0.000000e+00,0.000000e+00,5.421011e-20,7.546700e-14,0.000000e+00,0.000000e+00,0.000000e+00,0.000000e+00,7.381273e+01,8.138489e+02,3.380053e-01,7.183287e-05,0.000000e+00,4.843718e+01,0.000000e+00,0.000000e+00,-6.965575e-01
9.611736e-03,7.422228e+01,8.133680e+02,8.865381e-05,6.465375e-06,3.380053e-01,7.183287e-05,3.464617e-06,0.000000e+00,-4.736889e+00,0.000000e+00,0.000000e+00,0.000000e+00,0.000000e+00,0.000000e+00,0.000000e+00,0.000000e+00,5.421011e-20,7.546700e-14,0.000000e+00,0.000000e+00,0.000000e+00,0.000000e+00,7.422228e+01,8.134380e+02,3.380053e-01,7.183287e-05,0.000000e+00,4.848611e+01,0.000000e+00,0.000000e+00,-6.965575e-01
9.622129e-03,7.461119e+01,8.129802e+02,8.865785e-05,6.465876e-06,3.380053e-01,7.183287e-05,3.463840e-06,0.000000e+00,-4.736889e+00,0.000000e+00,0.000000e+00,0.000000e+00,0.000000e+00,0.000000e+00,0.000000e+00,0.000000e+00,5.421011e-20,7.546700e-14,0.000000e+00,0.000000e+00,0.000000e+00,0.000000e+00,7.461119e+01,8.130469e+02,3.380053e-01,7.183287e-05,0.000000e+00,4.853501e+01,0.000000e+00,0.000000e+00,-6.965575e-01
9.632521e-03,7.497743e+01,8.126140e+02,8.866510e-05,6.466521e-06,3.380052e-01,7.183287e-05,3.464952e-06,0.000000e+00,-4.736889e+00,0.000000e+00,0.000000e+00,0.000000e+00,0.000000e+00,0.000000e+00,0.000000e+00,0.000000e+00,5.421011e-20,7.546700e-14,0.000000e+00,0.000000e+00,0.000000e+00,0.000000e+00,7.497743e+01,8.126768e+02,3.380053e-01,7.183287e-05,0.000000e+00,4.858391e+01,0.000000e+00,0.000000e+00,-6.965575e-01
9.642919e-03,7.531750e+01,8.122731e+02,8.867139e-05,6.467009e-06,3.380052e-01,7.183287e-05,3.467746e-06,0.000000e+00,-4.736889e+00,0.000000e+00,0.000000e+00,0.000000e+00,0.000000e+00,0.000000e+00,0.000000e+00,0.000000e+00,5.421011e-20,7.546700e-14,0.000000e+00,0.000000e+00,0.000000e+00,0.000000e+00,7.531750e+01,8.123314e+02,3.380052e-01,7.183287e-05,0.000000e+00,4.863283e+01,0.000000e+00,0.000000e+00,-6.965575e-01
9.653326e-03,7.562658e+01,8.119626e+02,8.867746e-05,6.467766e-06,3.380052e-01,7.183287e-05,3.471831e-06,0.000000e+00,-4.736889e+00,0.000000e+00,0.000000e+00,0.000000e+00,0.000000e+00,0.000000e+00,0.000000e+00,0.000000e+00,5.421011e-20,7.546700e-14,0.000000e+00,0.000000e+00,0.000000e+00,0.000000e+00,7.562658e+01,8.120154e+02,3.380052e-01,7.183287e-05,0.000000e+00,4.868180e+01,0.000000e+00,0.000000e+00,-6.965575e-01
9.660271e-03,7.581251e+01,8.117755e+02,8.868186e-05,6.468570e-06,3.380051e-01,7.183287e-05,3.475031e-06,0.000000e+00,-4.736889e+00,0.000000e+00,0.000000e+00,0.000000e+00,0.000000e+00,0.000000e+00,0.000000e+00,0.000000e+00,5.421011e-20,7.546700e-14,0.000000e+00,0.000000e+00,0.000000e+00,0.000000e+00,7.581251e+01,8.118240e+02,3.380052e-01,7.183287e-05,0.000000e+00,4.871448e+01,0.000000e+00,0.000000e+00,-6.965575e-01
9.670701e-03,7.605628e+01,8.115299e+02,8.868773e-05,6.468355e-06,3.380051e-01,7.183287e-05,3.480158e-06,0.000000e+00,-4.736889e+00,0.000000e+00,0.000000e+00,0.000000e+00,0.000000e+00,0.000000e+00,0.000000e+00,0.000000e+00,5.421011e-20,7.546700e-14,0.000000e+00,0.000000e+00,0.000000e+00,0.000000e+00,7.605628e+01,8.115710e+02,3.380051e-01,7.183287e-05,0.000000e+00,4.876356e+01,0.000000e+00,0.000000e+00,-6.965575e-01
9.681147e-03,7.625125e+01,8.113331e+02,8.869422e-05,6.465812e-06,3.380050e-01,7.183287e-05,3.485213e-06,0.000000e+00,-4.736889e+00,0.000000e+00,0.000000e+00,0.000000e+00,0.000000e+00,0.000000e+00,0.000000e+00,0.000000e+00,5.421011e-20,7.546700e-14,0.000000e+00,0.000000e+00,0.000000e+00,0.000000e+00,7.625125e+01,8.113654e+02,3.380050e-01,7.183287e-05,0.000000e+00,4.881271e+01,0.000000e+00,0.000000e+00,-6.965575e-01
9.691602e-03,7.638911e+01,8.111934e+02,8.871649e-05,6.465680e-06,3.380048e-01,7.183287e-05,3.483590e-06,0.000000e+00,-4.736889e+00,0.000000e+00,0.000000e+00,0.000000e+00,0.000000e+00,0.000000e+00,0.000000e+00,0.000000e+00,5.421011e-20,7.546700e-14,0.000000e+00,0.000000e+00,0.000000e+00,0.000000e+00,7.638911e+01,8.112156e+02,3.380048e-01,7.183287e-05,0.000000e+00,4.886191e+01,0.000000e+00,0.000000e+00,-6.965575e-01
9.702050e-03,7.646098e+01,8.111201e+02,8.873736e-05,6.466045e-06,3.380045e-01,7.183287e-05,3.481186e-06,0.000000e+00,-4.736889e+00,0.000000e+00,0.000000e+00,0.000000e+00,0.000000e+00,0.000000e+00,0.000000e+00,0.000000e+00,5.421011e-20,7.546700e-14,0.000000e+00,0.000000e+00,0.000000e+00,0.000000e+00,7.646098e+01,8.111305e+02,3.380045e-01,7.183287e-05,0.000000e+00,4.891107e+01,0.000000e+00,0.000000e+00,-6.965575e-01
9.712491e-03,7.645818e+01,8.111221e+02,8.874133e-05,6.465023e-06,3.380043e-01,7.183287e-05,3.479331e-06,0.000000e+00,-4.736889e+00,0.000000e+00,0.000000e+00,0.000000e+00,0.000000e+00,0.000000e+00,0.000000e+00,0.000000e+00,5.421011e-20,7.546700e-14,0.000000e+00,0.000000e+00,0.000000e+00,0.000000e+00,7.645818e+01,8.111192e+02,3.380043e-01,7.183287e-05,0.000000e+00,4.896020e+01,0.000000e+00,0.000000e+00,-6.965575e-01
9.722929e-03,7.637251e+01,8.112078e+02,8.874284e-05,6.466105e-06,3.380043e-01,7.183287e-05,3.478371e-06,0.000000e+00,-4.736889e+00,0.000000e+00,0.000000e+00,0.000000e+00,0.000000e+00,0.000000e+00,0.000000e+00,0.000000e+00,5.421011e-20,7.546700e-14,0.000000e+00,0.000000e+00,0.000000e+00,0.000000e+00,7.637251e+01,8.111904e+02,3.380043e-01,7.183287e-05,0.000000e+00,4.900931e+01,0.000000e+00,0.000000e+00,-6.965575e-01
9.733363e-03,7.619691e+01,8.113837e+02,8.874284e-05,6.466105e-06,3.380043e-01,7.183287e-05,3.478495e-06,0.000000e+00,-4.736889e+00,0.000000e+00,0.000000e+00,0.000000e+00,0.000000e+00,0.000000e+00,0.000000e+00,0.000000e+00,5.421011e-20,7.546700e-14,0.000000e+00,0.000000e+00,0.000000e+00,0.000000e+00,7.619691e+01,8.113509e+02,3.380043e-01,7.183287e-05,0.000000e+00,4.905841e+01,0.000000e+00,0.000000e+00,-6.965575e-01
9.740321e-03,7.602708e+01,8.115538e+02,8.874284e-05,6.466105e-06,3.380043e-01,7.183287e-05,3.479189e-06,0.000000e+00,-4.736889e+00,0.000000e+00,0.000000e+00,0.000000e+00,0.000000e+00,0.000000e+00,0.000000e+00,0.000000e+00,5.421011e-20,7.546700e-14,0.000000e+00,0.000000e+00,0.000000e+00,0.000000e+00,7.602708e+01,8.115102e+02,3.380043e-01,7.183287e-05,0.000000e+00,4.909115e+01,0.000000e+00,0.000000e+00,-6.965575e-01
9.750760e-03,7.568996e+01,8.118912e+02,8.874284e-05,6.466105e-06,3.380043e-01,7.183287e-05,3.481031e-06,0.000000e+00,-4.736889e+00,0.000000e+00,0.000000e+00,0.000000e+00,0.000000e+00,0.000000e+00,0.000000e+00,0.000000e+00,5.421011e-20,7.546700e-14,0.000000e+00,0.000000e+00,0.000000e+00,0.000000e+00,7.568996e+01,8.118309e+02,3.380043e-01,7.183287e-05,0.000000e+00,4.914027e+01,0.000000e+00,0.000000e+00,-6.965575e-01
9.761205e-03,7.525103e+01,8.123303e+02,8.874284e-05,6.466105e-06,3.380043e-01,7.183287e-05,3.480199e-06,0.000000e+00,-4.736889e+00,0.000000e+00,0.000000e+00,0.000000e+00,0.000000e+00,0.000000e+00,0.000000e+00,0.000000e+00,5.421011e-20,7.546700e-14,0.000000e+00,0.000000e+00,0.000000e+00,0.000000e+00,7.525103e+01,8.122529e+02,3.380043e-01,7.183287e-05,0.000000e+00,4.918942e+01,0.000000e+00,0.000000e+00,-6.965575e-01
9.771639e-03,7.470878e+01,8.128724e+02,8.874284e-05,6.466105e-06,3.380043e-01,7.183287e-05,3.472337e-06,0.000000e+00,-4.736889e+00,0.000000e+00,0.000000e+00,0.000000e+00,0.000000e+00,0.000000e+00,0.000000e+00,0.000000e+00,5.421011e-20,7.546700e-14,0.000000e+00,0.000000e+00,0.000000e+00,0.000000e+00,7.470878e+01,8.127778e+02,3.380043e-01,7.183287e-05,0.000000e+00,4.923851e+01,0.000000e+00,0.000000e+00,-6.965575e-01
9.782047e-03,7.406241e+01,8.135186e+02,8.874284e-05,6.466105e-06,3.380043e-01,7.183287e-05,3.464081e-06,0.000000e+00,-4.736889e+00,0.000000e+00,0.000000e+00,0.000000e+00,0.000000e+00,0.000000e+00,0.000000e+00,0.000000e+00,5.421011e-20,7.546700e-14,0.000000e+00,0.000000e+00,0.000000e+00,0.000000e+00,7.406241e+01,8.134066e+02,3.380043e-01,7.183287e-05,0.000000e+00,4.928749e+01,0.000000e+00,0.000000e+00,-6.965575e-01
9.792431e-03,7.331114e+01,8.142696e+02,8.874284e-05,6.466105e-06,3.380043e-01,7.183287e-05,3.456408e-06,0.000000e+00,-4.736889e+00,0.000000e+00,0.000000e+00,0.000000e+00,0.000000e+00,0.000000e+00,0.000000e+00,0.000000e+00,5.421011e-20,7.546700e-14,0.000000e+00,0.000000e+00,0.000000e+00,0.000000e+00,7.331114e+01,8.141400e+02,3.380043e-01,7.183287e-05,0.000000e+00,4.933635e+01,0.000000e+00,0.000000e+00,-6.965575e-01
9.802794e-03,7.245467e+01,8.151259e+02,8.874284e-05,6.466105e-06,3.380043e-01,7.183287e-05,3.450313e-06,0.000000e+00,-4.736889e+00,0.000000e+00,0.000000e+00,0.000000e+00,0.000000e+00,0.000000e+00,0.000000e+00,0.000000e+00,5.421011e-20,7.546700e-14,0.000000e+00,0.000000e+00,0.000000e+00,0.000000e+00,7.245467e+01,8.149787e+02,3.380043e-01,7.183287e-05,0.000000e+00,4.938511e+01,0.000000e+00,0.000000e+00,-6.965575e-01
9.813140e-03,7.149357e+01,8.160870e+02,8.874284e-05,6.466105e-06,3.380043e-01,7.183287e-05,3.446617e-06,0.000000e+00,-4.736889e+00,0.000000e+00,0.000000e+00,0.000000e+00,0.000000e+00,0.000000e+00,0.000000e+00,0.000000e+00,5.421011e-20,7.546700e-14,0.000000e+00,0.000000e+00,0.000000e+00,0.000000e+00,7.149357e+01,8.159224e+02,3.380043e-01,7.183287e-05,0.000000e+00,4.943380e+01,0.000000e+00,0.000000e+00,-6.965575e-01
9.820033e-03,7.079562e+01,8.167851e+02,8.874284e-05,6.466105e-06,3.380043e-01,7.183287e-05,3.445754e-06,0.000000e+00,-4.736889e+00,0.000000e+00,0.000000e+00,0.000000e+00,0.000000e+00,0.000000e+00,0.000000e+00,0.000000e+00,5.421011e-20,7.546700e-14,0.000000e+00,0.000000e+00,0.000000e+00,0.000000e+00,7.079562e+01,8.166092e+02,3.380043e-01,7.183287e-05,0.000000e+00,4.946623e+01,0.000000e+00,0.000000e+00,-6.965575e-01
9.830371e-03,6.966543e+01,8.179158e+02,8.874284e-05,6.466105e-06,3.380043e-01,7.183287e-05,3.447000e-06,0.000000e+00,-4.736889e+00,0.000000e+00,0.000000e+00,0.000000e+00,0.000000e+00,0.000000e+00,0.000000e+00,0.000000e+00,5.421011e-20,7.546700e-14,0.000000e+00,0.000000e+00,0.000000e+00,0.000000e+00,6.966543e+01,8.177235e+02,3.380043e-01,7.183287e-05,0.000000e+00,4.951487e+01,0.000000e+00,0.000000e+00,-6.965575e-01
9.840716e-03,6.844006e+01,8.191420e+02,8.874284e-05,6.466105e-06,3.380043e-01,7.183287e-05,3.451142e-06,0.000000e+00,-4.736889e+00,0.000000e+00,0.000000e+00,0.000000e+00,0.000000e+00,0.000000e+00,0.000000e+00,0.000000e+00,5.421011e-20,7.546700e-14,0.000000e+00,0.000000e+00,0.000000e+00,0.000000e+00,6.844006e+01,8.189343e+02,3.380043e-01,7.183287e-05,0.000000e+00,4.956355e+01,0.000000e+00,0.000000e+00,-6.965575e-01
9.851075e-03,6.712656e+01,8.204563e+02,8.874284e-05,6.466105e-06,3.380043e-01,7.183287e-05,3.457686e-06,0.000000e+00,-4.736889e+00,0.000000e+00,0.000000e+00,0.000000e+00,0.000000e+00,0.000000e+00,0.000000e+00,0.000000e+00,5.421011e-20,7.546700e-14,0.000000e+00,0.000000e+00,0.000000e+00,0.000000e+00,6.712656e+01,8.202346e+02,3.380043e-01,7.183287e-05,0.000000e+00,4.961230e+01,0.000000e+00,0.000000e+00,-6.965575e-01
9.861456e-03,6.573370e+01,8.218499e+02,8.874284e-05,6.466105e-06,3.380043e-01,7.183287e-05,3.465839e-06,0.000000e+00,-4.736889e+00,0.000000e+00,0.000000e+00,0.000000e+00,0.000000e+00,0.000000e+00,0.000000e+00,0.000000e+00,5.421011e-20,7.546700e-14,0.000000e+00,0.000000e+00,0.000000e+00,0.000000e+00,6.573370e+01,8.216157e+02,3.380043e-01,7.183287e-05,0.000000e+00,4.966114e+01,0.000000e+00,0.000000e+00,-6.965575e-01
9.871862e-03,6.427156e+01,8.233126e+02,8.874284e-05,6.466105e-06,3.380043e-01,7.183287e-05,3.474628e-06,0.000000e+00,-4.736889e+00,0.000000e+00,0.000000e+00,0.000000e+00,0.000000e+00,0.000000e+00,0.000000e+00,0.000000e+00,5.421011e-20,7.546700e-14,0.000000e+00,0.000000e+00,0.000000e+00,0.000000e+00,6.427156e+01,8.230677e+02,3.380043e-01,7.183287e-05,0.000000e+00,4.971011e+01,0.000000e+00,0.000000e+00,-6.965575e-01
9.882295e-03,6.275113e+01,8.248339e+02,8.874284e-05,6.466105e-06,3.380043e-01,7.183287e-05,3.483014e-06,0.000000e+00,-4.736889e+00,0.000000e+00,0.000000e+00,0.000000e+00,0.000000e+00,0.000000e+00,0.000000e+00,0.000000e+00,5.421011e-20,7.546700e-14,0.000000e+00,0.000000e+00,0.000000e+00,0.000000e+00,6.275113e+01,8.245802e+02,3.380043e-01,7.183287e-05,0.000000e+00,4.975920e+01,0.000000e+00,0.000000e+00,-6.965575e-01
9.892746e-03,6.118484e+01,8.264016e+02,8.874284e-05,6.466105e-06,3.380043e-01,7.183287e-05,3.483614e-06,0.000000e+00,-4.736889e+00,0.000000e+00,0.000000e+00,0.000000e+00,0.000000e+00,0.000000e+00,0.000000e+00,0.000000e+00,5.421011e-20,7.546700e-14,0.000000e+00,0.000000e+00,0.000000e+00,0.000000e+00,6.118484e+01,8.261412e+02,3.380043e-01,7.183287e-05,0.000000e+00,4.980837e+01,0.000000e+00,0.000000e+00,-6.965575e-01
9.903196e-03,5.958652e+01,8.280018e+02,8.874284e-05,6.466105e-06,3.380043e-01,7.183287e-05,3.483877e-06,0.000000e+00,-4.736889e+00,0.000000e+00,0.000000e+00,0.000000e+00,0.000000e+00,0.000000e+00,0.000000e+00,0.000000e+00,5.421011e-20,7.546700e-14,0.000000e+00,0.000000e+00,0.000000e+00,0.000000e+00,5.958652e+01,8.277368e+02,3.380043e-01,7.183287e-05,0.000000e+00,4.985755e+01,0.000000e+00,0.000000e+00,-6.965575e-01
9.910164e-03,5.850835e+01,8.290814e+02,8.874284e-05,6.466105e-06,3.380043e-01,7.183287e-05,3.484600e-06,0.000000e+00,-4.736889e+00,0.000000e+00,0.000000e+00,0.000000e+00,0.000000e+00,0.000000e+00,0.000000e+00,0.000000e+00,5.421011e-20,7.546700e-14,0.000000e+00,0.000000e+00,0.000000e+00,0.000000e+00,5.850835e+01,8.288143e+02,3.380043e-01,7.183287e-05,0.000000e+00,4.989034e+01,0.000000e+00,0.000000e+00,-6.965575e-01
9.920620e-03,5.687914e+01,8.307128e+02,8.874284e-05,6.466105e-06,3.380043e-01,7.183287e-05,3.486414e-06,0.000000e+00,-4.736889e+00,0.000000e+00,0.000000e+00,0.000000e+00,0.000000e+00,0.000000e+00,0.000000e+00,0.000000e+00,5.421011e-20,7.546700e-14,0.000000e+00,0.000000e+00,0.000000e+00,0.000000e+00,5.687914e+01,8.304439e+02,3.380043e-01,7.183287e-05,0.000000e+00,4.993953e+01,0.000000e+00,0.000000e+00,-6.965575e-01
9.931082e-03,5.524334e+01,8.323508e+02,8.874284e-05,6.466105e-06,3.380043e-01,7.183287e-05,3.488859e-06,0.000000e+00,-4.736889e+00,0.000000e+00,0.000000e+00,0.000000e+00,0.000000e+00,0.000000e+00,0.000000e+00,0.000000e+00,5.421011e-20,7.546700e-14,0.000000e+00,0.000000e+00,0.000000e+00,0.000000e+00,5.524334e+01,8.320814e+02,3.380043e-01,7.183287e-05,0.000000e+00,4.998876e+01,0.000000e+00,0.000000e+00,-6.965575e-01
9.941551e-03,5.360910e+01,8.339869e+02,8.874284e-05,6.466105e-06,3.380043e-01,7.183287e-05,3.491542e-06,0.000000e+00,-4.736889e+00,0.000000e+00,0.000000e+00,0.000000e+00,0.000000e+00,0.000000e+00,0.000000e+00,0.000000e+00,5.421011e-20,7.546700e-14,0.000000e+00,0.000000e+00,0.000000e+00,0.000000e+00,5.360910e+01,8.337184e+02,3.380043e-01,7.183287e-05,0.000000e+00,5.003802e+01,0.000000e+00,0.000000e+00,-6.965575e-01
9.952025e-03,5.198463e+01,8.356129e+02,8.874284e-05,6.466105e-06,3.380043e-01,7.183287e-05,3.489134e-06,0.000000e+00,-4.736889e+00,0.000000e+00,0.000000e+00,0.000000e+00,0.000000e+00,0.000000e+00,0.000000e+00,0.000000e+00,5.421011e-20,7.546700e-14,0.000000e+00,0.000000e+00,0.000000e+00,0.000000e+00,5.198463e+01,8.353468e+02,3.380043e-01,7.183287e-05,0.000000e+00,5.008731e+01,0.000000e+00,0.000000e+00,-6.965575e-01
9.962488e-03,5.038005e+01,8.372187e+02,8.874284e-05,6.466105e-06,3.380043e-01,7.183287e-05,3.484031e-06,0.000000e+00,-4.736889e+00,0.000000e+00,0.000000e+00,0.000000e+00,0.000000e+00,0.000000e+00,0.000000e+00,0.000000e+00,5.421011e-20,7.546700e-14,0.000000e+00,0.000000e+00,0.000000e+00,0.000000e+00,5.038005e+01,8.369566e+02,3.380043e-01,7.183287e-05,0.000000e+00,5.013654e+01,0.000000e+00,0.000000e+00,-6.965575e-01
9.972935e-03,4.880295e+01,8.387968e+02,8.874284e-05,6.466105e-06,3.380043e-01,7.183287e-05,3.478886e-06,0.000000e+00,-4.736889e+00,0.000000e+00,0.000000e+00,0.000000e+00,0.000000e+00,0.000000e+00,0.000000e+00,0.000000e+00,5.421011e-20,7.546700e-14,0.000000e+00,0.000000e+00,0.000000e+00,0.000000e+00,4.880295e+01,8.385399e+02,3.380043e-01,7.183287e-05,0.000000e+00,5.018570e+01,0.000000e+00,0.000000e+00,-6.965575e-01
9.983366e-03,4.725993e+01,8.403407e+02,8.874284e-05,6.466105e-06,3.380043e-01,7.183287e-05,3.474273e-06,0.000000e+00,-4.736889e+00,0.000000e+00,0.000000e+00,0.000000e+00,0.000000e+00,0.000000e+00,0.000000e+00,0.000000e+00,5.421011e-20,7.546700e-14,0.000000e+00,0.000000e+00,0.000000e+00,0.000000e+00,4.725993e+01,8.400898e+02,3.380043e-01,7.183287e-05,0.000000e+00,5.023478e+01,0.000000e+00,0.000000e+00,-6.965575e-01
9.990314e-03,4.625300e+01,8.413481e+02,8.874284e-05,6.466105e-06,3.380043e-01,7.183287e-05,3.471748e-06,0.000000e+00,-4.736889e+00,0.000000e+00,0.000000e+00,0.000000e+00,0.000000e+00,0.000000e+00,0.000000e+00,0.000000e+00,5.421011e-20,7.546700e-14,0.000000e+00,0.000000e+00,0.000000e+00,0.000000e+00,4.625300e+01,8.411019e+02,3.380043e-01,7.183287e-05,0.000000e+00,5.026748e+01,0.000000e+00,0.000000e+00,-6.965575e-01
1.000073e-02,4.477867e+01,8.428233e+02,8.874284e-05,6.466105e-06,3.380043e-01,7.183287e-05,3.469109e-06,0.000000e+00,-4.736889e+00,0.000000e+00,0.000000e+00,0.000000e+00,0.000000e+00,0.000000e+00,0.000000e+00,0.000000e+00,5.421011e-20,7.546700e-14,0.000000e+00,0.000000e+00,0.000000e+00,0.000000e+00,4.477867e+01,8.425845e+02,3.380043e-01,7.183287e-05,0.000000e+00,5.031647e+01,0.000000e+00,0.000000e+00,-6.965575e-01
1.001113e-02,4.335068e+01,8.442521e+02,8.874284e-05,6.466105e-06,3.380043e-01,7.183287e-05,3.468161e-06,0.000000e+00,-4.736889e+00,0.000000e+00,0.000000e+00,0.000000e+00,0.000000e+00,0.000000e+00,0.000000e+00,0.000000e+00,5.421011e-20,7.546700e-14,0.000000e+00,0.000000e+00,0.000000e+00,0.000000e+00,4.335068e+01,8.440212e+02,3.380043e-01,7.183287e-05,0.000000e+00,5.036543e+01,0.000000e+00,0.000000e+00,-6.965575e-01
1.002154e-02,4.197123e+01,8.456321e+02,8.874284e-05,6.466105e-06,3.380043e-01,7.183287e-05,3.469117e-06,0.000000e+00,-4.736889e+00,0.000000e+00,0.000000e+00,0.000000e+00,0.000000e+00,0.000000e+00,0.000000e+00,0.000000e+00,5.421011e-20,7.546700e-14,0.000000e+00,0.000000e+00,0.000000e+00,0.000000e+00,4.197123e+01,8.454096e+02,3.380043e-01,7.183287e-05,0.000000e+00,5.041439e+01,0.000000e+00,0.000000e+00,-6.965575e-01
1.003195e-02,4.064125e+01,8.469624e+02,8.874284e-05,6.466105e-06,3.380043e-01,7.183287e-05,3.471994e-06,0.000000e+00,-4.736889e+00,0.000000e+00,0.000000e+00,0.000000e+00,0.000000e+00,0.000000e+00,0.000000e+00,0.000000e+00,5.421011e-20,7.546700e-14,0.000000e+00,0.000000e+00,0.000000e+00,0.000000e+00,4.064125e+01,8.467482e+02,3.380043e-01,7.183287e-05,0.000000e+00,5.046338e+01,0.000000e+00,0.000000e+00,-6.965575e-01
1.004237e-02,3.936063e+01,8.482429e+02,8.874284e-05,6.466105e-06,3.380043e-01,7.183287e-05,3.476549e-06,0.000000e+00,-4.736889e+00,0.000000e+00,0.000000e+00,0.000000e+00,0.000000e+00,0.000000e+00,0.000000e+00,0.000000e+00,5.421011e-20,7.546700e-14,0.000000e+00,0.000000e+00,0.000000e+00,0.000000e+00,3.936063e+01,8.480369e+02,3.380043e-01,7.183287e-05,0.000000e+00,5.051241e+01,0.000000e+00,0.000000e+00,-6.965575e-01
1.005280e-02,3.812851e+01,8.494747e+02,8.874284e-05,6.466105e-06,3.380043e-01,7.183287e-05,3.478593e-06,0.000000e+00,-4.736889e+00,0.000000e+00,0.000000e+00,0.000000e+00,0.000000e+00,0.000000e+00,0.000000e+00,0.000000e+00,5.421011e-20,7.546700e-14,0.000000e+00,0.000000e+00,0.000000e+00,0.000000e+00,3.812851e+01,8.492767e+02,3.380043e-01,7.183287e-05,0.000000e+00,5.056150e+01,0.000000e+00,0.000000e+00,-6.965575e-01
1.006323e-02,3.694570e+01,8.506573e+02,8.874284e-05,6.466105e-06,3.380043e-01,7.183287e-05,3.475639e-06,0.000000e+00,-4.736889e+00,0.000000e+00,0.000000e+00,0.000000e+00,0.000000e+00,0.000000e+00,0.000000e+00,0.000000e+00,5.421011e-20,7.546700e-14,0.000000e+00,0.000000e+00,0.000000e+00,0.000000e+00,3.694570e+01,8.504675e+02,3.380043e-01,7.183287e-05,0.000000e+00,5.061060e+01,0.000000e+00,0.000000e+00,-6.965575e-01
1.007018e-02,3.618413e+01,8.514189e+02,8.874284e-05,6.466105e-06,3.380043e-01,7.183287e-05,3.474205e-06,0.000000e+00,-4.736889e+00,0.000000e+00,0.000000e+00,0.000000e+00,0.000000e+00,0.000000e+00,0.000000e+00,0.000000e+00,5.421011e-20,7.546700e-14,0.000000e+00,0.000000e+00,0.000000e+00,0.000000e+00,3.618413e+01,8.512344e+02,3.380043e-01,7.183287e-05,0.000000e+00,5.064330e+01,0.000000e+00,0.000000e+00,-6.965575e-01
1.008061e-02,3.508070e+01,8.525229e+02,8.874284e-05,6.466105e-06,3.380043e-01,7.183287e-05,3.472938e-06,0.000000e+00,-4.736889e+00,0.000000e+00,0.000000e+00,0.000000e+00,0.000000e+00,0.000000e+00,0.000000e+00,0.000000e+00,5.421011e-20,7.546700e-14,0.000000e+00,0.000000e+00,0.000000e+00,0.000000e+00,3.508070e+01,8.523459e+02,3.380043e-01,7.183287e-05,0.000000e+00,5.069234e+01,0.000000e+00,0.000000e+00,-6.965575e-01
1.009102e-02,3.402230e+01,8.535822e+02,8.874284e-05,6.466105e-06,3.380043e-01,7.183287e-05,3.472762e-06,0.000000e+00,-4.736889e+00,0.000000e+00,0.000000e+00,0.000000e+00,0.000000e+00,0.000000e+00,0.000000e+00,0.000000e+00,5.421011e-20,7.546700e-14,0.000000e+00,0.000000e+00,0.000000e+00,0.000000e+00,3.402230e+01,8.534126e+02,3.380043e-01,7.183287e-05,0.000000e+00,5.074136e+01,0.000000e+00,0.000000e+00,-6.965575e-01
1.010144e-02,3.300726e+01,8.545983e+02,8.874284e-05,6.466105e-06,3.380043e-01,7.183287e-05,3.473616e-06,0.000000e+00,-4.736889e+00,0.000000e+00,0.000000e+00,0.000000e+00,0.000000e+00,0.000000e+00,0.000000e+00,0.000000e+00,5.421011e-20,7.546700e-14,0.000000e+00,0.000000e+00,0.000000e+00,0.000000e+00,3.300726e+01,8.544358e+02,3.380043e-01,7.183287e-05,0.000000e+00,5.079039e+01,0.000000e+00,0.000000e+00,-6.965575e-01
1.011187e-02,3.203420e+01,8.555723e+02,8.874284e-05,6.466105e-06,3.380043e-01,7.183287e-05,3.475337e-06,0.000000e+00,-4.736889e+00,0.000000e+00,0.000000e+00,0.000000e+00,0.000000e+00,0.000000e+00,0.000000e+00,0.000000e+00,5.421011e-20,7.546700e-14,0.000000e+00,0.000000e+00,0.000000e+00,0.000000e+00,3.203420e+01,8.554167e+02,3.380043e-01,7.183287e-05,0.000000e+00,5.083943e+01,0.000000e+00,0.000000e+00,-6.965575e-01
1.012229e-02,3.110203e+01,8.565052e+02,8.874284e-05,6.466105e-06,3.380043e-01,7.183287e-05,3.477664e-06,0.000000e+00,-4.736889e+00,0.000000e+00,0.000000e+00,0.000000e+00,0.000000e+00,0.000000e+00,0.000000e+00,0.000000e+00,5.421011e-20,7.546700e-14,0.000000e+00,0.000000e+00,0.000000e+00,0.000000e+00,3.110203e+01,8.563564e+02,3.380043e-01,7.183287e-05,0.000000e+00,5.088850e+01,0.000000e+00,0.000000e+00,-6.965575e-01
1.013273e-02,3.020999e+01,8.573980e+02,8.874284e-05,6.466105e-06,3.380043e-01,7.183287e-05,3.480337e-06,0.000000e+00,-4.736889e+00,0.000000e+00,0.000000e+00,0.000000e+00,0.000000e+00,0.000000e+00,0.000000e+00,0.000000e+00,5.421011e-20,7.546700e-14,0.000000e+00,0.000000e+00,0.000000e+00,0.000000e+00,3.020999e+01,8.572559e+02,3.380043e-01,7.183287e-05,0.000000e+00,5.093760e+01,0.000000e+00,0.000000e+00,-6.965575e-01
1.014317e-02,2.935770e+01,8.582513e+02,8.874284e-05,6.466105e-06,3.380043e-01,7.183287e-05,3.483192e-06,0.000000e+00,-4.736889e+00,0.000000e+00,0.000000e+00,0.000000e+00,0.000000e+00,0.000000e+00,0.000000e+00,0.000000e+00,5.421011e-20,7.546700e-14,0.000000e+00,0.000000e+00,0.000000e+00,0.000000e+00,2.935770e+01,8.581157e+02,3.380043e-01,7.183287e-05,0.000000e+00,5.098674e+01,0.000000e+00,0.000000e+00,-6.965575e-01
1.015014e-02,2.881165e+01,8.587982e+02,8.874284e-05,6.466105e-06,3.380043e-01,7.183287e-05,3.485186e-06,0.000000e+00,-4.736889e+00,0.000000e+00,0.000000e+00,0.000000e+00,0.000000e+00,0.000000e+00,0.000000e+00,0.000000e+00,5.421011e-20,7.546700e-14,0.000000e+00,0.000000e+00,0.000000e+00,0.000000e+00,2.881165e+01,8.586671e+02,3.380043e-01,7.183287e-05,0.000000e+00,5.101953e+01,0.000000e+00,0.000000e+00,-6.965575e-01
1.016060e-02,2.802625e+01,8.595851e+02,8.874284e-05,6.466105e-06,3.380043e-01,7.183287e-05,3.488371e-06,0.000000e+00,-4.736889e+00,0.000000e+00,0.000000e+00,0.000000e+00,0.000000e+00,0.000000e+00,0.000000e+00,0.000000e+00,5.421011e-20,7.546700e-14,0.000000e+00,0.000000e+00,0.000000e+00,0.000000e+00,2.802625e+01,8.594608e+02,3.380043e-01,7.183287e-05,0.000000e+00,5.106874e+01,0.000000e+00,0.000000e+00,-6.965575e-01
1.017107e-02,2.728227e+01,8.603306e+02,8.874284e-05,6.466105e-06,3.380043e-01,7.183287e-05,3.490198e-06,0.000000e+00,-4.736889e+00,0.000000e+00,0.000000e+00,0.000000e+00,0.000000e+00,0.000000e+00,0.000000e+00,0.000000e+00,5.421011e-20,7.546700e-14,0.000000e+00,0.000000e+00,0.000000e+00,0.000000e+00,2.728227e+01,8.602133e+02,3.380043e-01,7.183287e-05,0.000000e+00,5.111800e+01,0.000000e+00,0.000000e+00,-6.965575e-01
1.018154e-02,2.658207e+01,8.610320e+02,8.874284e-05,6.466105e-06,3.380043e-01,7.183287e-05,3.490007e-06,0.000000e+00,-4.736889e+00,0.000000e+00,0.000000e+00,0.000000e+00,0.000000e+00,0.000000e+00,0.000000e+00,0.000000e+00,5.421011e-20,7.546700e-14,0.000000e+00,0.000000e+00,0.000000e+00,0.000000e+00,2.658207e+01,8.609223e+02,3.380043e-01,7.183287e-05,0.000000e+00,5.116726e+01,0.000000e+00,0.000000e+00,-6.965575e-01
1.019201e-02,2.592810e+01,8.616866e+02,8.874284e-05,6.466105e-06,3.380043e-01,7.183287e-05,3.491252e-06,0.000000e+00,-4.736889e+00,0.000000e+00,0.000000e+00,0.000000e+00,0.000000e+00,0.000000e+00,0.000000e+00,0.000000e+00,5.421011e-20,7.546700e-14,0.000000e+00,0.000000e+00,0.000000e+00,0.000000e+00,2.592810e+01,8.615849e+02,3.380043e-01,7.183287e-05,0.000000e+00,5.121653e+01,0.000000e+00,0.000000e+00,-6.965575e-01
1.020249e-02,2.532334e+01,8.622914e+02,8.874284e-05,6.466105e-06,3.380043e-01,7.183287e-05,3.493861e-06,0.000000e+00,-4.736889e+00,0.000000e+00,0.000000e+00,0.000000e+00,0.000000e+00,0.000000e+00,0.000000e+00,0.000000e+00,5.421011e-20,7.546700e-14,0.000000e+00,0.000000e+00,0.000000e+00,0.000000e+00,2.532334e+01,8.621982e+02,3.380043e-01,7.183287e-05,0.000000e+00,5.126583e+01,0.000000e+00,0.000000e+00,-6.965575e-01
1.021297e-02,2.477169e+01,8.628428e+02,8.874284e-05,6.466105e-06,3.380043e-01,7.183287e-05,3.497545e-06,0.000000e+00,-4.736889e+00,0.000000e+00,0.000000e+00,0.000000e+00,0.000000e+00,0.000000e+00,0.000000e+00,0.000000e+00,5.421011e-20,7.546700e-14,0.000000e+00,0.000000e+00,0.000000e+00,0.000000e+00,2.477169e+01,8.627588e+02,3.380043e-01,7.183287e-05,0.000000e+00,5.131517e+01,0.000000e+00,0.000000e+00,-6.965575e-01
1.022346e-02,2.427818e+01,8.633361e+02,8.874284e-05,6.466105e-06,3.380043e-01,7.183287e-05,3.495953e-06,0.000000e+00,-4.736889e+00,0.000000e+00,0.000000e+00,0.000000e+00,0.000000e+00,0.000000e+00,0.000000e+00,0.000000e+00,5.421011e-20,7.546700e-14,0.000000e+00,0.000000e+00,0.000000e+00,0.000000e+00,2.427818e+01,8.632623e+02,3.380043e-01,7.183287e-05,0.000000e+00,5.136454e+01,0.000000e+00,0.000000e+00,-6.965575e-01
1.023045e-02,2.398457e+01,8.636299e+02,8.874284e-05,6.466105e-06,3.380043e-01,7.183287e-05,3.493591e-06,0.000000e+00,-4.736889e+00,0.000000e+00,0.000000e+00,0.000000e+00,0.000000e+00,0.000000e+00,0.000000e+00,0.000000e+00,5.421011e-20,7.546700e-14,0.000000e+00,0.000000e+00,0.000000e+00,0.000000e+00,2.398457e+01,8.635634e+02,3.380043e-01,7.183287e-05,0.000000e+00,5.139743e+01,0.000000e+00,0.000000e+00,-6.965575e-01
1.024093e-02,2.360128e+01,8.640142e+02,8.874284e-05,6.466105e-06,3.380043e-01,7.183287e-05,3.490475e-06,0.000000e+00,-4.736889e+00,0.000000e+00,0.000000e+00,0.000000e+00,0.000000e+00,0.000000e+00,0.000000e+00,0.000000e+00,5.421011e-20,7.546700e-14,0.000000e+00,0.000000e+00,0.000000e+00,0.000000e+00,2.360128e+01,8.639592e+02,3.380043e-01,7.183287e-05,0.000000e+00,5.144674e+01,0.000000e+00,0.000000e+00,-6.965575e-01
1.025140e-02,2.329105e+01,8.643261e+02,8.874284e-05,6.466105e-06,3.380043e-01,7.183287e-05,3.488017e-06,0.000000e+00,-4.736889e+00,0.000000e+00,0.000000e+00,0.000000e+00,0.000000e+00,0.000000e+00,0.000000e+00,0.000000e+00,5.421011e-20,7.546700e-14,0.000000e+00,0.000000e+00,0.000000e+00,0.000000e+00,2.329105e+01,8.642835e+02,3.380043e-01,7.183287e-05,0.000000e+00,5.149600e+01,0.000000e+00,0.000000e+00,-6.965575e-01
1.026186e-02,2.305826e+01,8.645609e+02,8.874284e-05,6.466105e-06,3.380043e-01,7.183287e-05,3.486231e-06,0.000000e+00,-4.736889e+00,0.000000e+00,0.000000e+00,0.000000e+00,0.000000e+00,0.000000e+00,0.000000e+00,0.000000e+00,5.421011e-20,7.546700e-14,0.000000e+00,0.000000e+00,0.000000e+00,0.000000e+00,2.305826e+01,8.645315e+02,3.380043e-01,7.183287e-05,0.000000e+00,5.154523e+01,0.000000e+00,0.000000e+00,-6.965575e-01
1.027232e-02,2.290616e+01,8.647148e+02,8.874284e-05,6.466105e-06,3.380043e-01,7.183287e-05,3.485017e-06,0.000000e+00,-4.736889e+00,0.000000e+00,0.000000e+00,0.000000e+00,0.000000e+00,0.000000e+00,0.000000e+00,0.000000e+00,5.421011e-20,7.546700e-14,0.000000e+00,0.000000e+00,0.000000e+00,0.000000e+00,2.290616e+01,8.646992e+02,3.380043e-01,7.183287e-05,0.000000e+00,5.159443e+01,0.000000e+00,0.000000e+00,-6.965575e-01
1.028277e-02,2.283654e+01,8.647857e+02,8.874284e-05,6.466105e-06,3.380043e-01,7.183287e-05,3.484248e-06,0.000000e+00,-4.736889e+00,0.000000e+00,0.000000e+00,0.000000e+00,0.000000e+00,0.000000e+00,0.000000e+00,0.000000e+00,5.421011e-20,7.546700e-14,0.000000e+00,0.000000e+00,0.000000e+00,0.000000e+00,2.283654e+01,8.647839e+02,3.380043e-01,7.183287e-05,0.000000e+00,5.164362e+01,0.000000e+00,0.000000e+00,-6.965575e-01
1.029323e-02,2.284964e+01,8.647729e+02,8.874284e-05,6.466105e-06,3.380043e-01,7.183287e-05,3.483847e-06,0.000000e+00,-4.736889e+00,0.000000e+00,0.000000e+00,0.000000e+00,0.000000e+00,0.000000e+00,0.000000e+00,0.000000e+00,5.421011e-20,7.546700e-14,0.000000e+00,0.000000e+00,0.000000e+00,0.000000e+00,2.284964e+01,8.647850e+02,3.380043e-01,7.183287e-05,0.000000e+00,5.169281e+01,0.000000e+00,0.000000e+00,-6.965575e-01
1.030019e-02,2.290379e+01,8.647184e+02,8.874284e-05,6.466105e-06,3.380043e-01,7.183287e-05,3.483770e-06,0.000000e+00,-4.736889e+00,0.000000e+00,0.000000e+00,0.000000e+00,0.000000e+00,0.000000e+00,0.000000e+00,0.000000e+00,5.421011e-20,7.546700e-14,0.000000e+00,0.000000e+00,0.000000e+00,0.000000e+00,2.290379e+01,8.647396e+02,3.380043e-01,7.183287e-05,0.000000e+00,5.172559e+01,0.000000e+00,0.000000e+00,-6.965575e-01
1.031065e-02,2.305161e+01,8.645696e+02,8.874284e-05,6.466105e-06,3.380043e-01,7.183287e-05,3.483941e-06,0.000000e+00,-4.736889e+00,0.000000e+00,0.000000e+00,0.000000e+00,0.000000e+00,0.000000e+00,0.000000e+00,0.000000e+00,5.421011e-20,7.546700e-14,0.000000e+00,0.000000e+00,0.000000e+00,0.000000e+00,2.305161e+01,8.646041e+02,3.380043e-01,7.183287e-05,0.000000e+00,5.177477e+01,0.000000e+00,0.000000e+00,-6.965575e-01
1.032110e-02,2.327697e+01,8.643427e+02,8.874284e-05,6.466105e-06,3.380043e-01,7.183287e-05,3.484444e-06,0.000000e+00,-4.736889e+00,0.000000e+00,0.000000e+00,0.000000e+00,0.000000e+00,0.000000e+00,0.000000e+00,0.000000e+00,5.421011e-20,7.546700e-14,0.000000e+00,0.000000e+00,0.000000e+00,0.000000e+00,2.327697e+01,8.643900e+02,3.380043e-01,7.183287e-05,0.000000e+00,5.182395e+01,0.000000e+00,0.000000e+00,-6.965575e-01
1.033155e-02,2.357697e+01,8.640411e+02,8.874284e-05,6.466105e-06,3.380043e-01,7.183287e-05,3.485183e-06,0.000000e+00,-4.736889e+00,0.000000e+00,0.000000e+00,0.000000e+00,0.000000e+00,0.000000e+00,0.000000e+00,0.000000e+00,5.421011e-20,7.546700e-14,0.000000e+00,0.000000e+00,0.000000e+00,0.000000e+00,2.357697e+01,8.641006e+02,3.380043e-01,7.183287e-05,0.000000e+00,5.187314e+01,0.000000e+00,0.000000e+00,-6.965575e-01
1.034201e-02,2.394876e+01,8.636680e+02,8.874284e-05,6.466105e-06,3.380043e-01,7.183287e-05,3.485937e-06,0.000000e+00,-4.736889e+00,0.000000e+00,0.000000e+00,0.000000e+00,0.000000e+00,0.000000e+00,0.000000e+00,0.000000e+00,5.421011e-20,7.546700e-14,0.000000e+00,0.000000e+00,0.000000e+00,0.000000e+00,2.394876e+01,8.637391e+02,3.380043e-01,7.183287e-05,0.000000e+00,5.192234e+01,0.000000e+00,0.000000e+00,-6.965575e-01
1.035247e-02,2.438966e+01,8.632263e+02,8.874284e-05,6.466105e-06,3.380043e-01,7.183287e-05,3.486381e-06,0.000000e+00,-4.736889e+00,0.000000e+00,0.000000e+00,0.000000e+00,0.000000e+00,0.000000e+00,0.000000e+00,0.000000e+00,5.421011e-20,7.546700e-14,0.000000e+00,0.000000e+00,0.000000e+00,0.000000e+00,2.438966e+01,8.633087e+02,3.380043e-01,7.183287e-05,0.000000e+00,5.197155e+01,0.000000e+00,0.000000e+00,-6.965575e-01
1.036293e-02,2.489717e+01,8.627186e+02,8.874284e-05,6.466105e-06,3.380043e-01,7.183287e-05,3.486182e-06,0.000000e+00,-4.736889e+00,0.000000e+00,0.000000e+00,0.000000e+00,0.000000e+00,0.000000e+00,0.000000e+00,0.000000e+00,5.421011e-20,7.546700e-14,0.000000e+00,0.000000e+00,0.000000e+00,0.000000e+00,2.489717e+01,8.628118e+02,3.380043e-01,7.183287e-05,0.000000e+00,5.202077e+01,0.000000e+00,0.000000e+00,-6.965575e-01
1.037338e-02,2.546875e+01,8.621473e+02,8.874284e-05,6.466105e-06,3.380043e-01,7.183287e-05,3.485038e-06,0.000000e+00,-4.736889e+00,0.000000e+00,0.000000e+00,0.000000e+00,0.000000e+00,0.000000e+00,0.000000e+00,0.000000e+00,5.421011e-20,7.546700e-14,0.000000e+00,0.000000e+00,0.000000e+00,0.000000e+00,2.546875e+01,8.622509e+02,3.380043e-01,7.183287e-05,0.000000e+00,5.206998e+01,0.000000e+00,0.000000e+00,-6.965575e-01
1.038035e-02,2.588404e+01,8.617323e+02,8.874284e-05,6.466105e-06,3.380043e-01,7.183287e-05,3.483685e-06,0.000000e+00,-4.736889e+00,0.000000e+00,0.000000e+00,0.000000e+00,0.000000e+00,0.000000e+00,0.000000e+00,0.000000e+00,5.421011e-20,7.546700e-14,0.000000e+00,0.000000e+00,0.000000e+00,0.000000e+00,2.588404e+01,8.618426e+02,3.380043e-01,7.183287e-05,0.000000e+00,5.210277e+01,0.000000e+00,0.000000e+00,-6.965575e-01
1.039080e-02,2.655602e+01,8.610607e+02,8.874284e-05,6.466105e-06,3.380043e-01,7.183287e-05,3.480812e-06,0.000000e+00,-4.736889e+00,0.000000e+00,0.000000e+00,0.000000e+00,0.000000e+00,0.000000e+00,0.000000e+00,0.000000e+00,5.421011e-20,7.546700e-14,0.000000e+00,0.000000e+00,0.000000e+00,0.000000e+00,2.655602e+01,8.611806e+02,3.380043e-01,7.183287e-05,0.000000e+00,5.215194e+01,0.000000e+00,0.000000e+00,-6.965575e-01
1.040124e-02,2.728374e+01,8.603328e+02,8.874284e-05,6.466105e-06,3.380043e-01,7.183287e-05,3.477152e-06,0.000000e+00,-4.736889e+00,0.000000e+00,0.000000e+00,0.000000e+00,0.000000e+00,0.000000e+00,0.000000e+00,0.000000e+00,5.421011e-20,7.546700e-14,0.000000e+00,0.000000e+00,0.000000e+00,0.000000e+00,2.728374e+01,8.604619e+02,3.380043e-01,7.183287e-05,0.000000e+00,5.220105e+01,0.000000e+00,0.000000e+00,-6.965575e-01
1.041167e-02,2.806330e+01,8.595524e+02,8.874284e-05,6.466105e-06,3.380043e-01,7.183287e-05,3.473094e-06,0.000000e+00,-4.736889e+00,0.000000e+00,0.000000e+00,0.000000e+00,0.000000e+00,0.000000e+00,0.000000e+00,0.000000e+00,5.421011e-20,7.546700e-14,0.000000e+00,0.000000e+00,0.000000e+00,0.000000e+00,2.806330e+01,8.596899e+02,3.380043e-01,7.183287e-05,0.000000e+00,5.225012e+01,0.000000e+00,0.000000e+00,-6.965575e-01
1.042208e-02,2.889044e+01,8.587238e+02,8.874284e-05,6.466105e-06,3.380043e-01,7.183287e-05,3.469092e-06,0.000000e+00,-4.736889e+00,0.000000e+00,0.000000e+00,0.000000e+00,0.000000e+00,0.000000e+00,0.000000e+00,0.000000e+00,5.421011e-20,7.546700e-14,0.000000e+00,0.000000e+00,0.000000e+00,0.000000e+00,2.889044e+01,8.588689e+02,3.380043e-01,7.183287e-05,0.000000e+00,5.229913e+01,0.000000e+00,0.000000e+00,-6.965575e-01
1.043249e-02,2.976073e+01,8.578514e+02,8.874284e-05,6.466105e-06,3.380043e-01,7.183287e-05,3.465579e-06,0.000000e+00,-4.736889e+00,0.000000e+00,0.000000e+00,0.000000e+00,0.000000e+00,0.000000e+00,0.000000e+00,0.000000e+00,5.421011e-20,7.546700e-14,0.000000e+00,0.000000e+00,0.000000e+00,0.000000e+00,2.976073e+01,8.580035e+02,3.380043e-01,7.183287e-05,0.000000e+00,5.234808e+01,0.000000e+00,0.000000e+00,-6.965575e-01
1.044288e-02,3.066987e+01,8.569403e+02,8.874284e-05,6.466105e-06,3.380043e-01,7.183287e-05,3.462899e-06,0.000000e+00,-4.736889e+00,0.000000e+00,0.000000e+00,0.000000e+00,0.000000e+00,0.000000e+00,0.000000e+00,0.000000e+00,5.421011e-20,7.546700e-14,0.000000e+00,0.000000e+00,0.000000e+00,0.000000e+00,3.066987e+01,8.570985e+02,3.380043e-01,7.183287e-05,0.000000e+00,5.239699e+01,0.000000e+00,0.000000e+00,-6.965575e-01
1.045327e-02,3.161397e+01,8.559949e+02,8.874284e-05,6.466105e-06,3.380043e-01,7.183287e-05,3.461251e-06,0.000000e+00,-4.736889e+00,0.000000e+00,0.000000e+00,0.000000e+00,0.000000e+00,0.000000e+00,0.000000e+00,0.000000e+00,5.421011e-20,7.546700e-14,0.000000e+00,0.000000e+00,0.000000e+00,0.000000e+00,3.161397e+01,8.561585e+02,3.380043e-01,7.183287e-05,0.000000e+00,5.244586e+01,0.000000e+00,0.000000e+00,-6.965575e-01
1.046019e-02,3.226120e+01,8.553473e+02,8.874284e-05,6.466105e-06,3.380043e-01,7.183287e-05,3.460744e-06,0.000000e+00,-4.736889e+00,0.000000e+00,0.000000e+00,0.000000e+00,0.000000e+00,0.000000e+00,0.000000e+00,0.000000e+00,5.421011e-20,7.546700e-14,0.000000e+00,0.000000e+00,0.000000e+00,0.000000e+00,3.226120e+01,8.555142e+02,3.380043e-01,7.183287e-05,0.000000e+00,5.247844e+01,0.000000e+00,0.000000e+00,-6.965575e-01
1.047057e-02,3.325690e+01,8.543516e+02,8.874284e-05,6.466105e-06,3.380043e-01,7.183287e-05,3.460771e-06,0.000000e+00,-4.736889e+00,0.000000e+00,0.000000e+00,0.000000e+00,0.000000e+00,0.000000e+00,0.000000e+00,0.000000e+00,5.421011e-20,7.546700e-14,0.000000e+00,0.000000e+00,0.000000e+00,0.000000e+00,3.325690e+01,8.545233e+02,3.380043e-01,7.183287e-05,0.000000e+00,5.252729e+01,0.000000e+00,0.000000e+00,-6.965575e-01
1.048095e-02,3.428065e+01,8.533281e+02,8.874284e-05,6.466105e-06,3.380043e-01,7.183287e-05,3.461486e-06,0.000000e+00,-4.736889e+00,0.000000e+00,0.000000e+00,0.000000e+00,0.000000e+00,0.000000e+00,0.000000e+00,0.000000e+00,5.421011e-20,7.546700e-14,0.000000e+00,0.000000e+00,0.000000e+00,0.000000e+00,3.428065e+01,8.535043e+02,3.380043e-01,7.183287e-05,0.000000e+00,5.257614e+01,0.000000e+00,0.000000e+00,-6.965575e-01
1.049134e-02,3.533059e+01,8.522782e+02,8.874284e-05,6.466105e-06,3.380043e-01,7.183287e-05,3.462491e-06,0.000000e+00,-4.736889e+00,0.000000e+00,0.000000e+00,0.000000e+00,0.000000e+00,0.000000e+00,0.000000e+00,0.000000e+00,5.421011e-20,7.546700e-14,0.000000e+00,0.000000e+00,0.000000e+00,0.000000e+00,3.533059e+01,8.524587e+02,3.380043e-01,7.183287e-05,0.000000e+00,5.262501e+01,0.000000e+00,0.000000e+00,-6.965575e-01
1.050173e-02,3.640452e+01,8.512038e+02,8.874284e-05,6.466105e-06,3.380043e-01,7.183287e-05,3.463326e-06,0.000000e+00,-4.736889e+00,0.000000e+00,0.000000e+00,0.000000e+00,0.000000e+00,0.000000e+00,0.000000e+00,0.000000e+00,5.421011e-20,7.546700e-14,0.000000e+00,0.000000e+00,0.000000e+00,0.000000e+00,3.640452e+01,8.513882e+02,3.380043e-01,7.183287e-05,0.000000e+00,5.267389e+01,0.000000e+00,0.000000e+00,-6.965575e-01
1.051212e-02,3.749959e+01,8.501078e+02,8.874284e-05,6.466105e-06,3.380043e-01,7.183287e-05,3.463559e-06,0.000000e+00,-4.736889e+00,0.000000e+00,0.000000e+00,0.000000e+00,0.000000e+00,0.000000e+00,0.000000e+00,0.000000e+00,5.421011e-20,7.546700e-14,0.000000e+00,0.000000e+00,0.000000e+00,0.000000e+00,3.749959e+01,8.502955e+02,3.380043e-01,7.183287e-05,0.000000e+00,5.272278e+01,0.000000e+00,0.000000e+00,-6.965575e-01
1.052251e-02,3.861205e+01,8.489943e+02,8.874284e-05,6.466105e-06,3.380043e-01,7.183287e-05,3.462883e-06,0.000000e+00,-4.736889e+00,0.000000e+00,0.000000e+00,0.000000e+00,0.000000e+00,0.000000e+00,0.000000e+00,0.000000e+00,5.421011e-20,7.546700e-14,0.000000e+00,0.000000e+00,0.000000e+00,0.000000e+00,3.861205e+01,8.491845e+02,3.380043e-01,7.183287e-05,0.000000e+00,5.277168e+01,0.000000e+00,0.000000e+00,-6.965575e-01
1.053290e-02,3.973722e+01,8.478682e+02,8.874284e-05,6.466105e-06,3.380043e-01,7.183287e-05,3.461189e-06,0.000000e+00,-4.736889e+00,0.000000e+00,0.000000e+00,0.000000e+00,0.000000e+00,0.000000e+00,0.000000e+00,0.000000e+00,5.421011e-20,7.546700e-14,0.000000e+00,0.000000e+00,0.000000e+00,0.000000e+00,3.973722e+01,8.480601e+02,3.380043e-01,7.183287e-05,0.000000e+00,5.282055e+01,0.000000e+00,0.000000e+00,-6.965575e-01
1.054328e-02,4.086964e+01,8.467352e+02,8.874284e-05,6.466105e-06,3.380043e-01,7.183287e-05,3.458613e-06,0.000000e+00,-4.736889e+00,0.000000e+00,0.000000e+00,0.000000e+00,0.000000e+00,0.000000e+00,0.000000e+00,0.000000e+00,5.421011e-20,7.546700e-14,0.000000e+00,0.000000e+00,0.000000e+00,0.000000e+00,4.086964e+01,8.469278e+02,3.380043e-01,7.183287e-05,0.000000e+00,5.286940e+01,0.000000e+00,0.000000e+00,-6.965575e-01
1.055019e-02,4.162560e+01,8.459789e+02,8.874284e-05,6.466105e-06,3.380043e-01,7.183287e-05,3.456567e-06,0.000000e+00,-4.736889e+00,0.000000e+00,0.000000e+00,0.000000e+00,0.000000e+00,0.000000e+00,0.000000e+00,0.000000e+00,5.421011e-20,7.546700e-14,0.000000e+00,0.000000e+00,0.000000e+00,0.000000e+00,4.162560e+01,8.461714e+02,3.380043e-01,7.183287e-05,0.000000e+00,5.290194e+01,0.000000e+00,0.000000e+00,-6.965575e-01
1.056056e-02,4.275619e+01,8.448480e+02,8.874284e-05,6.466105e-06,3.380043e-01,7.183287e-05,3.453321e-06,0.000000e+00,-4.736889e+00,0.000000e+00,0.000000e+00,0.000000e+00,0.000000e+00,0.000000e+00,0.000000e+00,0.000000e+00,5.421011e-20,7.546700e-14,0.000000e+00,0.000000e+00,0.000000e+00,0.000000e+00,4.275619e+01,8.450395e+02,3.380043e-01,7.183287e-05,0.000000e+00,5.295072e+01,0.000000e+00,0.000000e+00,-6.965575e-01
1.057092e-02,4.387668e+01,8.437271e+02,8.874284e-05,6.466105e-06,3.380043e-01,7.183287e-05,3.450243e-06,0.000000e+00,-4.736889e+00,0.000000e+00,0.000000e+00,0.000000e+00,0.000000e+00,0.000000e+00,0.000000e+00,0.000000e+00,5.421011e-20,7.546700e-14,0.000000e+00,0.000000e+00,0.000000e+00,0.000000e+00,4.387668e+01,8.439164e+02,3.380043e-01,7.183287e-05,0.000000e+00,5.299945e+01,0.000000e+00,0.000000e+00,-6.965575e-01
1.058126e-02,4.498007e+01,8.426231e+02,8.874284e-05,6.466105e-06,3.380043e-01,7.183287e-05,3.447659e-06,0.000000e+00,-4.736889e+00,0.000000e+00,0.000000e+00,0.000000e+00,0.000000e+00,0.000000e+00,0.000000e+00,0.000000e+00,5.421011e-20,7.546700e-14,0.000000e+00,0.000000e+00,0.000000e+00,0.000000e+00,4.498007e+01,8.428090e+02,3.380043e-01,7.183287e-05,0.000000e+00,5.304815e+01,0.000000e+00,0.000000e+00,-6.965575e-01
1.059160e-02,4.605939e+01,8.415431e+02,8.874284e-05,6.466105e-06,3.380043e-01,7.183287e-05,3.445729e-06,0.000000e+00,-4.736889e+00,0.000000e+00,0.000000e+00,0.000000e+00,0.000000e+00,0.000000e+00,0.000000e+00,0.000000e+00,5.421011e-20,7.546700e-14,0.000000e+00,0.000000e+00,0.000000e+00,0.000000e+00,4.605939e+01,8.417245e+02,3.380043e-01,7.183287e-05,0.000000e+00,5.309681e+01,0.000000e+00,0.000000e+00,-6.965575e-01
1.060194e-02,4.710780e+01,8.404939e+02,8.874284e-05,6.466105e-06,3.380043e-01,7.183287e-05,3.444445e-06,0.000000e+00,-4.736889e+00,0.000000e+00,0.000000e+00,0.000000e+00,0.000000e+00,0.000000e+00,0.000000e+00,0.000000e+00,5.421011e-20,7.546700e-14,0.000000e+00,0.000000e+00,0.000000e+00,0.000000e+00,4.710780e+01,8.406696e+02,3.380043e-01,7.183287e-05,0.000000e+00,5.314544e+01,0.000000e+00,0.000000e+00,-6.965575e-01
1.061227e-02,4.811857e+01,8.394822e+02,8.874284e-05,6.466105e-06,3.380043e-01,7.183287e-05,3.443684e-06,0.000000e+00,-4.736889e+00,0.000000e+00,0.000000e+00,0.000000e+00,0.000000e+00,0.000000e+00,0.000000e+00,0.000000e+00,5.421011e-20,7.546700e-14,0.000000e+00,0.000000e+00,0.000000e+00,0.000000e+00,4.811857e+01,8.396512e+02,3.380043e-01,7.183287e-05,0.000000e+00,5.319406e+01,0.000000e+00,0.000000e+00,-6.965575e-01
1.062260e-02,4.908504e+01,8.385148e+02,8.874284e-05,6.466105e-06,3.380043e-01,7.183287e-05,3.443262e-06,0.000000e+00,-4.736889e+00,0.000000e+00,0.000000e+00,0.000000e+00,0.000000e+00,0.000000e+00,0.000000e+00,0.000000e+00,5.421011e-20,7.546700e-14,0.000000e+00,0.000000e+00,0.000000e+00,0.000000e+00,4.908504e+01,8.386758e+02,3.380043e-01,7.183287e-05,0.000000e+00,5.324267e+01,0.000000e+00,0.000000e+00,-6.965575e-01
1.063293e-02,5.000055e+01,8.375981e+02,8.874284e-05,6.466105e-06,3.380043e-01,7.183287e-05,3.442994e-06,0.000000e+00,-4.736889e+00,0.000000e+00,0.000000e+00,0.000000e+00,0.000000e+00,0.000000e+00,0.000000e+00,0.000000e+00,5.421011e-20,7.546700e-14,0.000000e+00,0.000000e+00,0.000000e+00,0.000000e+00,5.000055e+01,8.377502e+02,3.380043e-01,7.183287e-05,0.000000e+00,5.329127e+01,0.000000e+00,0.000000e+00,-6.965575e-01
1.064326e-02,5.085833e+01,8.367391e+02,8.874284e-05,6.466105e-06,3.380043e-01,7.183287e-05,3.442741e-06,0.000000e+00,-4.736889e+00,0.000000e+00,0.000000e+00,0.000000e+00,0.000000e+00,0.000000e+00,0.000000e+00,0.000000e+00,5.421011e-20,7.546700e-14,0.000000e+00,0.000000e+00,0.000000e+00,0.000000e+00,5.085833e+01,8.368811e+02,3.380043e-01,7.183287e-05,0.000000e+00,5.333987e+01,0.000000e+00,0.000000e+00,-6.965575e-01
1.065015e-02,5.139482e+01,8.362018e+02,8.874284e-05,6.466105e-06,3.380043e-01,7.183287e-05,3.442547e-06,0.000000e+00,-4.736889e+00,0.000000e+00,0.000000e+00,0.000000e+00,0.000000e+00,0.000000e+00,0.000000e+00,0.000000e+00,5.421011e-20,7.546700e-14,0.000000e+00,0.000000e+00,0.000000e+00,0.000000e+00,5.139482e+01,8.363364e+02,3.380043e-01,7.183287e-05,0.000000e+00,5.337227e+01,0.000000e+00,0.000000e+00,-6.965575e-01
1.066047e-02,5.214184e+01,8.354537e+02,8.874284e-05,6.466105e-06,3.380043e-01,7.183287e-05,3.442211e-06,0.000000e+00,-4.736889e+00,0.000000e+00,0.000000e+00,0.000000e+00,0.000000e+00,0.000000e+00,0.000000e+00,0.000000e+00,5.421011e-20,7.546700e-14,0.000000e+00,0.000000e+00,0.000000e+00,0.000000e+00,5.214184e+01,8.355764e+02,3.380043e-01,7.183287e-05,0.000000e+00,5.342086e+01,0.000000e+00,0.000000e+00,-6.965575e-01
1.067080e-02,5.281462e+01,8.347801e+02,8.874284e-05,6.466105e-06,3.380043e-01,7.183287e-05,3.441852e-06,0.000000e+00,-4.736889e+00,0.000000e+00,0.000000e+00,0.000000e+00,0.000000e+00,0.000000e+00,0.000000e+00,0.000000e+00,5.421011e-20,7.546700e-14,0.000000e+00,0.000000e+00,0.000000e+00,0.000000e+00,5.281462e+01,8.348900e+02,3.380043e-01,7.183287e-05,0.000000e+00,5.346946e+01,0.000000e+00,0.000000e+00,-6.965575e-01
1.068113e-02,5.340865e+01,8.341855e+02,8.874284e-05,6.466105e-06,3.380043e-01,7.183287e-05,3.441513e-06,0.000000e+00,-4.736889e+00,0.000000e+00,0.000000e+00,0.000000e+00,0.000000e+00,0.000000e+00,0.000000e+00,0.000000e+00,5.421011e-20,7.546700e-14,0.000000e+00,0.000000e+00,0.000000e+00,0.000000e+00,5.340865e+01,8.342820e+02,3.380043e-01,7.183287e-05,0.000000e+00,5.351804e+01,0.000000e+00,0.000000e+00,-6.965575e-01
1.069145e-02,5.392093e+01,8.336732e+02,8.874284e-05,6.466105e-06,3.380043e-01,7.183287e-05,3.441234e-06,0.000000e+00,-4.736889e+00,0.000000e+00,0.000000e+00,0.000000e+00,0.000000e+00,0.000000e+00,0.000000e+00,0.000000e+00,5.421011e-20,7.546700e-14,0.000000e+00,0.000000e+00,0.000000e+00,0.000000e+00,5.392093e+01,8.337557e+02,3.380043e-01,7.183287e-05,0.000000e+00,5.356662e+01,0.000000e+00,0.000000e+00,-6.965575e-01
1.070177e-02,5.435012e+01,8.332441e+02,8.874284e-05,6.466105e-06,3.380043e-01,7.183287e-05,3.441046e-06,0.000000e+00,-4.736889e+00,0.000000e+00,0.000000e+00,0.000000e+00,0.000000e+00,0.000000e+00,0.000000e+00,0.000000e+00,5.421011e-20,7.546700e-14,0.000000e+00,0.000000e+00,0.000000e+00,0.000000e+00,5.435012e+01,8.333127e+02,3.380043e-01,7.183287e-05,0.000000e+00,5.361520e+01,0.000000e+00,0.000000e+00,-6.965575e-01
1.071210e-02,5.469653e+01,8.328982e+02,8.874284e-05,6.466105e-06,3.380043e-01,7.183287e-05,3.440976e-06,0.000000e+00,-4.736889e+00,0.000000e+00,0.000000e+00,0.000000e+00,0.000000e+00,0.000000e+00,0.000000e+00,0.000000e+00,5.421011e-20,7.546700e-14,0.000000e+00,0.000000e+00,0.000000e+00,0.000000e+00,5.469653e+01,8.329531e+02,3.380043e-01,7.183287e-05,0.000000e+00,5.366377e+01,0.000000e+00,0.000000e+00,-6.965575e-01
1.072242e-02,5.496200e+01,8.326334e+02,8.874284e-05,6.466105e-06,3.380043e-01,7.183287e-05,3.441041e-06,0.000000e+00,-4.736889e+00,0.000000e+00,0.000000e+00,0.000000e+00,0.000000e+00,0.000000e+00,0.000000e+00,0.000000e+00,5.421011e-20,7.546700e-14,0.000000e+00,0.000000e+00,0.000000e+00,0.000000e+00,5.496200e+01,8.326750e+02,3.380043e-01,7.183287e-05,0.000000e+00,5.371235e+01,0.000000e+00,0.000000e+00,-6.965575e-01
1.073274e-02,5.514970e+01,8.324465e+02,8.874284e-05,6.466105e-06,3.380043e-01,7.183287e-05,3.441268e-06,0.000000e+00,-4.736889e+00,0.000000e+00,0.000000e+00,0.000000e+00,0.000000e+00,0.000000e+00,0.000000e+00,0.000000e+00,5.421011e-20,7.546700e-14,0.000000e+00,0.000000e+00,0.000000e+00,0.000000e+00,5.514970e+01,8.324755e+02,3.380043e-01,7.183287e-05,0.000000e+00,5.376092e+01,0.000000e+00,0.000000e+00,-6.965575e-01
1.074307e-02,5.526389e+01,8.323332e+02,8.874284e-05,6.466105e-06,3.380043e-01,7.183287e-05,3.441707e-06,0.000000e+00,-4.736889e+00,0.000000e+00,0.000000e+00,0.000000e+00,0.000000e+00,0.000000e+00,0.000000e+00,0.000000e+00,5.421011e-20,7.546700e-14,0.000000e+00,0.000000e+00,0.000000e+00,0.000000e+00,5.526389e+01,8.323502e+02,3.380043e-01,7.183287e-05,0.000000e+00,5.380950e+01,0.000000e+00,0.000000e+00,-6.965575e-01
1.075339e-02,5.530964e+01,8.322880e+02,8.874284e-05,6.466105e-06,3.380043e-01,7.183287e-05,3.442417e-06,0.000000e+00,-4.736889e+00,0.000000e+00,0.000000e+00,0.000000e+00,0.000000e+00,0.000000e+00,0.000000e+00,0.000000e+00,5.421011e-20,7.546700e-14,0.000000e+00,0.000000e+00,0.000000e+00,0.000000e+00,5.530964e+01,8.322941e+02,3.380043e-01,7.183287e-05,0.000000e+00,5.385809e+01,0.000000e+00,0.000000e+00,-6.965575e-01
1.076028e-02,5.530485e+01,8.322930e+02,8.874284e-05,6.466105e-06,3.380043e-01,7.183287e-05,3.443076e-06,0.000000e+00,-4.736889e+00,0.000000e+00,0.000000e+00,0.000000e+00,0.000000e+00,0.000000e+00,0.000000e+00,0.000000e+00,5.421011e-20,7.546700e-14,0.000000e+00,0.000000e+00,0.000000e+00,0.000000e+00,5.530485e+01,8.322924e+02,3.380043e-01,7.183287e-05,0.000000e+00,5.389048e+01,0.000000e+00,0.000000e+00,-6.965575e-01
1.077061e-02,5.524899e+01,8.323489e+02,8.874284e-05,6.466105e-06,3.380043e-01,7.183287e-05,3.444395e-06,0.000000e+00,-4.736889e+00,0.000000e+00,0.000000e+00,0.000000e+00,0.000000e+00,0.000000e+00,0.000000e+00,0.000000e+00,5.421011e-20,7.546700e-14,0.000000e+00,0.000000e+00,0.000000e+00,0.000000e+00,5.524899e+01,8.323389e+02,3.380043e-01,7.183287e-05,0.000000e+00,5.393909e+01,0.000000e+00,0.000000e+00,-6.965575e-01
1.078094e-02,5.513985e+01,8.324579e+02,8.874284e-05,6.466105e-06,3.380043e-01,7.183287e-05,3.446150e-06,0.000000e+00,-4.736889e+00,0.000000e+00,0.000000e+00,0.000000e+00,0.000000e+00,0.000000e+00,0.000000e+00,0.000000e+00,5.421011e-20,7.546700e-14,0.000000e+00,0.000000e+00,0.000000e+00,0.000000e+00,5.513985e+01,8.324395e+02,3.380043e-01,7.183287e-05,0.000000e+00,5.398772e+01,0.000000e+00,0.000000e+00,-6.965575e-01
1.079128e-02,5.498299e+01,8.326146e+02,8.874284e-05,6.466105e-06,3.380043e-01,7.183287e-05,3.448343e-06,0.000000e+00,-4.736889e+00,0.000000e+00,0.000000e+00,0.000000e+00,0.000000e+00,0.000000e+00,0.000000e+00,0.000000e+00,5.421011e-20,7.546700e-14,0.000000e+00,0.000000e+00,0.000000e+00,0.000000e+00,5.498299e+01,8.325886e+02,3.380043e-01,7.183287e-05,0.000000e+00,5.403638e+01,0.000000e+00,0.000000e+00,-6.965575e-01
1.080163e-02,5.478374e+01,8.328138e+02,8.874284e-05,6.466105e-06,3.380043e-01,7.183287e-05,3.450913e-06,0.000000e+00,-4.736889e+00,0.000000e+00,0.000000e+00,0.000000e+00,0.000000e+00,0.000000e+00,0.000000e+00,0.000000e+00,5.421011e-20,7.546700e-14,0.000000e+00,0.000000e+00,0.000000e+00,0.000000e+00,5.478374e+01,8.327811e+02,3.380043e-01,7.183287e-05,0.000000e+00,5.408507e+01,0.000000e+00,0.000000e+00,-6.965575e-01
1.081199e-02,5.454712e+01,8.330507e+02,8.874284e-05,6.466105e-06,3.380043e-01,7.183287e-05,3.453725e-06,0.000000e+00,-4.736889e+00,0.000000e+00,0.000000e+00,0.000000e+00,0.000000e+00,0.000000e+00,0.000000e+00,0.000000e+00,5.421011e-20,7.546700e-14,0.000000e+00,0.000000e+00,0.000000e+00,0.000000e+00,5.454712e+01,8.330121e+02,3.380043e-01,7.183287e-05,0.000000e+00,5.413380e+01,0.000000e+00,0.000000e+00,-6.965575e-01
1.082235e-02,5.427785e+01,8.333203e+02,8.874284e-05,6.466105e-06,3.380043e-01,7.183287e-05,3.456574e-06,0.000000e+00,-4.736889e+00,0.000000e+00,0.000000e+00,0.000000e+00,0.000000e+00,0.000000e+00,0.000000e+00,0.000000e+00,5.421011e-20,7.546700e-14,0.000000e+00,0.000000e+00,0.000000e+00,0.000000e+00,5.427785e+01,8.332766e+02,3.380043e-01,7.183287e-05,0.000000e+00,5.418256e+01,0.000000e+00,0.000000e+00,-6.965575e-01
1.083272e-02,5.398029e+01,8.336182e+02,8.874284e-05,6.466105e-06,3.380043e-01,7.183287e-05,3.459236e-06,0.000000e+00,-4.736889e+00,0.000000e+00,0.000000e+00,0.000000e+00,0.000000e+00,0.000000e+00,0.000000e+00,0.000000e+00,5.421011e-20,7.546700e-14,0.000000e+00,0.000000e+00,0.000000e+00,0.000000e+00,5.398029e+01,8.335701e+02,3.380043e-01,7.183287e-05,0.000000e+00,5.423137e+01,0.000000e+00,0.000000e+00,-6.965575e-01
1.084310e-02,5.365830e+01,8.339402e+02,8.874284e-05,6.466105e-06,3.380043e-01,7.183287e-05,3.461513e-06,0.000000e+00,-4.736889e+00,0.000000e+00,0.000000e+00,0.000000e+00,0.000000e+00,0.000000e+00,0.000000e+00,0.000000e+00,5.421011e-20,7.546700e-14,0.000000e+00,0.000000e+00,0.000000e+00,0.000000e+00,5.365830e+01,8.338884e+02,3.380043e-01,7.183287e-05,0.000000e+00,5.428021e+01,0.000000e+00,0.000000e+00,-6.965575e-01
1.085003e-02,5.343169e+01,8.341667e+02,8.874284e-05,6.466105e-06,3.380043e-01,7.183287e-05,3.462757e-06,0.000000e+00,-4.736889e+00,0.000000e+00,0.000000e+00,0.000000e+00,0.000000e+00,0.000000e+00,0.000000e+00,0.000000e+00,5.421011e-20,7.546700e-14,0.000000e+00,0.000000e+00,0.000000e+00,0.000000e+00,5.343169e+01,8.341127e+02,3.380043e-01,7.183287e-05,0.000000e+00,5.431279e+01,0.000000e+00,0.000000e+00,-6.965575e-01
1.086042e-02,5.307570e+01,8.345225e+02,8.874284e-05,6.466105e-06,3.380043e-01,7.183287e-05,3.464188e-06,0.000000e+00,-4.736889e+00,0.000000e+00,0.000000e+00,0.000000e+00,0.000000e+00,0.000000e+00,0.000000e+00,0.000000e+00,5.421011e-20,7.546700e-14,0.000000e+00,0.000000e+00,0.000000e+00,0.000000e+00,5.307570e+01,8.344653e+02,3.380043e-01,7.183287e-05,0.000000e+00,5.436168e+01,0.000000e+00,0.000000e+00,-6.965575e-01
1.087081e-02,5.270188e+01,8.348961e+02,8.874284e-05,6.466105e-06,3.380043e-01,7.183287e-05,3.465152e-06,0.000000e+00,-4.736889e+00,0.000000e+00,0.000000e+00,0.000000e+00,0.000000e+00,0.000000e+00,0.000000e+00,0.000000e+00,5.421011e-20,7.546700e-14,0.000000e+00,0.000000e+00,0.000000e+00,0.000000e+00,5.270188e+01,8.348360e+02,3.380043e-01,7.183287e-05,0.000000e+00,5.441059e+01,0.000000e+00,0.000000e+00,-6.965575e-01
1.088121e-02,5.231102e+01,8.352870e+02,8.874284e-05,6.466105e-06,3.380043e-01,7.183287e-05,3.465736e-06,0.000000e+00,-4.736889e+00,0.000000e+00,0.000000e+00,0.000000e+00,0.000000e+00,0.000000e+00,0.000000e+00,0.000000e+00,5.421011e-20,7.546700e-14,0.000000e+00,0.000000e+00,0.000000e+00,0.000000e+00,5.231102e+01,8.352241e+02,3.380043e-01,7.183287e-05,0.000000e+00,5.445951e+01,0.000000e+00,0.000000e+00,-6.965575e-01
1.089160e-02,5.190310e+01,8.356954e+02,8.874284e-05,6.466105e-06,3.380043e-01,7.183287e-05,3.466018e-06,0.000000e+00,-4.736889e+00,0.000000e+00,0.000000e+00,0.000000e+00,0.000000e+00,0.000000e+00,0.000000e+00,0.000000e+00,5.421011e-20,7.546700e-14,0.000000e+00,0.000000e+00,0.000000e+00,0.000000e+00,5.190310e+01,8.356295e+02,3.380043e-01,7.183287e-05,0.000000e+00,5.450843e+01,0.000000e+00,0.000000e+00,-6.965575e-01
1.090200e-02,5.147756e+01,8.361215e+02,8.874284e-05,6.466105e-06,3.380043e-01,7.183287e-05,3.466035e-06,0.000000e+00,-4.736889e+00,0.000000e+00,0.000000e+00,0.000000e+00,0.000000e+00,0.000000e+00,0.000000e+00,0.000000e+00,5.421011e-20,7.546700e-14,0.000000e+00,0.000000e+00,0.000000e+00,0.000000e+00,5.147756e+01,8.360526e+02,3.380043e-01,7.183287e-05,0.000000e+00,5.455736e+01,0.000000e+00,0.000000e+00,-6.965575e-01
1.091240e-02,5.103357e+01,8.365658e+02,8.874284e-05,6.466105e-06,3.380043e-01,7.183287e-05,3.465810e-06,0.000000e+00,-4.736889e+00,0.000000e+00,0.000000e+00,0.000000e+00,0.000000e+00,0.000000e+00,0.000000e+00,0.000000e+00,5.421011e-20,7.546700e-14,0.000000e+00,0.000000e+00,0.000000e+00,0.000000e+00,5.103357e+01,8.364939e+02,3.380043e-01,7.183287e-05,0.000000e+00,5.460629e+01,0.000000e+00,0.000000e+00,-6.965575e-01
1.092280e-02,5.057029e+01,8.370288e+02,8.874284e-05,6.466105e-06,3.380043e-01,7.183287e-05,3.465396e-06,0.000000e+00,-4.736889e+00,0.000000e+00,0.000000e+00,0.000000e+00,0.000000e+00,0.000000e+00,0.000000e+00,0.000000e+00,5.421011e-20,7.546700e-14,0.000000e+00,0.000000e+00,0.000000e+00,0.000000e+00,5.057029e+01,8.369537e+02,3.380043e-01,7.183287e-05,0.000000e+00,5.465521e+01,0.000000e+00,0.000000e+00,-6.965575e-01
1.093319e-02,5.008719e+01,8.375110e+02,8.874284e-05,6.466105e-06,3.380043e-01,7.183287e-05,3.464890e-06,0.000000e+00,-4.736889e+00,0.000000e+00,0.000000e+00,0.000000e+00,0.000000e+00,0.000000e+00,0.000000e+00,0.000000e+00,5.421011e-20,7.546700e-14,0.000000e+00,0.000000e+00,0.000000e+00,0.000000e+00,5.008719e+01,8.374327e+02,3.380043e-01,7.183287e-05,0.000000e+00,5.470412e+01,0.000000e+00,0.000000e+00,-6.965575e-01
1.094012e-02,4.975412e+01,8.378433e+02,8.874284e-05,6.466105e-06,3.380043e-01,7.183287e-05,3.464563e-06,0.000000e+00,-4.736889e+00,0.000000e+00,0.000000e+00,0.000000e+00,0.000000e+00,0.000000e+00,0.000000e+00,0.000000e+00,5.421011e-20,7.546700e-14,0.000000e+00,0.000000e+00,0.000000e+00,0.000000e+00,4.975412e+01,8.377628e+02,3.380043e-01,7.183287e-05,0.000000e+00,5.473673e+01,0.000000e+00,0.000000e+00,-6.965575e-01
1.095052e-02,4.923851e+01,8.383577e+02,8.874284e-05,6.466105e-06,3.380043e-01,7.183287e-05,3.464186e-06,0.000000e+00,-4.736889e+00,0.000000e+00,0.000000e+00,0.000000e+00,0.000000e+00,0.000000e+00,0.000000e+00,0.000000e+00,5.421011e-20,7.546700e-14,0.000000e+00,0.000000e+00,0.000000e+00,0.000000e+00,4.923851e+01,8.382740e+02,3.380043e-01,7.183287e-05,0.000000e+00,5.478563e+01,0.000000e+00,0.000000e+00,-6.965575e-01
1.096091e-02,4.870496e+01,8.388904e+02,8.874284e-05,6.466105e-06,3.380043e-01,7.183287e-05,3.464055e-06,0.000000e+00,-4.736889e+00,0.000000e+00,0.000000e+00,0.000000e+00,0.000000e+00,0.000000e+00,0.000000e+00,0.000000e+00,5.421011e-20,7.546700e-14,0.000000e+00,0.000000e+00,0.000000e+00,0.000000e+00,4.870496e+01,8.388038e+02,3.380043e-01,7.183287e-05,0.000000e+00,5.483453e+01,0.000000e+00,0.000000e+00,-6.965575e-01
1.097130e-02,4.815554e+01,8.394395e+02,8.874284e-05,6.466105e-06,3.380043e-01,7.183287e-05,3.464270e-06,0.000000e+00,-4.736889e+00,0.000000e+00,0.000000e+00,0.000000e+00,0.000000e+00,0.000000e+00,0.000000e+00,0.000000e+00,5.421011e-20,7.546700e-14,0.000000e+00,0.000000e+00,0.000000e+00,0.000000e+00,4.815554e+01,8.393503e+02,3.380043e-01,7.183287e-05,0.000000e+00,5.488343e+01,0.000000e+00,0.000000e+00,-6.965575e-01
1.098169e-02,4.759274e+01,8.400024e+02,8.874284e-05,6.466105e-06,3.380043e-01,7.183287e-05,3.464898e-06,0.000000e+00,-4.736889e+00,0.000000e+00,0.000000e+00,0.000000e+00,0.000000e+00,0.000000e+00,0.000000e+00,0.000000e+00,5.421011e-20,7.546700e-14,0.000000e+00,0.000000e+00,0.000000e+00,0.000000e+00,4.759274e+01,8.399113e+02,3.380043e-01,7.183287e-05,0.000000e+00,5.493234e+01,0.000000e+00,0.000000e+00,-6.965575e-01
1.099209e-02,4.701928e+01,8.405763e+02,8.874284e-05,6.466105e-06,3.380043e-01,7.183287e-05,3.465958e-06,0.000000e+00,-4.736889e+00,0.000000e+00,0.000000e+00,0.000000e+00,0.000000e+00,0.000000e+00,0.000000e+00,0.000000e+00,5.421011e-20,7.546700e-14,0.000000e+00,0.000000e+00,0.000000e+00,0.000000e+00,4.701928e+01,8.404835e+02,3.380043e-01,7.183287e-05,0.000000e+00,5.498125e+01,0.000000e+00,0.000000e+00,-6.965575e-01
1.100249e-02,4.643802e+01,8.411578e+02,8.874284e-05,6.466105e-06,3.380043e-01,7.183287e-05,3.467419e-06,0.000000e+00,-4.736889e+00,0.000000e+00,0.000000e+00,0.000000e+00,0.000000e+00,0.000000e+00,0.000000e+00,0.000000e+00,5.421011e-20,7.546700e-14,0.000000e+00,0.000000e+00,0.000000e+00,0.000000e+00,4.643802e+01,8.410640e+02,3.380043e-01,7.183287e-05,0.000000e+00,5.503019e+01,0.000000e+00,0.000000e+00,-6.965575e-01
1.101289e-02,4.585208e+01,8.417437e+02,8.874284e-05,6.466105e-06,3.380043e-01,7.183287e-05,3.469200e-06,0.000000e+00,-4.736889e+00,0.000000e+00,0.000000e+00,0.000000e+00,0.000000e+00,0.000000e+00,0.000000e+00,0.000000e+00,5.421011e-20,7.546700e-14,0.000000e+00,0.000000e+00,0.000000e+00,0.000000e+00,4.585208e+01,8.416494e+02,3.380043e-01,7.183287e-05,0.000000e+00,5.507914e+01,0.000000e+00,0.000000e+00,-6.965575e-01
1.102330e-02,4.526510e+01,8.423303e+02,8.874284e-05,6.466105e-06,3.380043e-01,7.183287e-05,3.471182e-06,0.000000e+00,-4.736889e+00,0.000000e+00,0.000000e+00,0.000000e+00,0.000000e+00,0.000000e+00,0.000000e+00,0.000000e+00,5.421011e-20,7.546700e-14,0.000000e+00,0.000000e+00,0.000000e+00,0.000000e+00,4.526510e+01,8.422362e+02,3.380043e-01,7.183287e-05,0.000000e+00,5.512812e+01,0.000000e+00,0.000000e+00,-6.965575e-01
1.103025e-02,4.487539e+01,8.427197e+02,8.874284e-05,6.466105e-06,3.380043e-01,7.183287e-05,3.472548e-06,0.000000e+00,-4.736889e+00,0.000000e+00,0.000000e+00,0.000000e+00,0.000000e+00,0.000000e+00,0.000000e+00,0.000000e+00,5.421011e-20,7.546700e-14,0.000000e+00,0.000000e+00,0.000000e+00,0.000000e+00,4.487539e+01,8.426262e+02,3.380043e-01,7.183287e-05,0.000000e+00,5.516080e+01,0.000000e+00,0.000000e+00,-6.965575e-01
1.104067e-02,4.429713e+01,8.432977e+02,8.874284e-05,6.466105e-06,3.380043e-01,7.183287e-05,3.474575e-06,0.000000e+00,-4.736889e+00,0.000000e+00,0.000000e+00,0.000000e+00,0.000000e+00,0.000000e+00,0.000000e+00,0.000000e+00,5.421011e-20,7.546700e-14,0.000000e+00,0.000000e+00,0.000000e+00,0.000000e+00,4.429713e+01,8.432057e+02,3.380043e-01,7.183287e-05,0.000000e+00,5.520982e+01,0.000000e+00,0.000000e+00,-6.965575e-01
1.105109e-02,4.373201e+01,8.438627e+02,8.874284e-05,6.466105e-06,3.380043e-01,7.183287e-05,3.476495e-06,0.000000e+00,-4.736889e+00,0.000000e+00,0.000000e+00,0.000000e+00,0.000000e+00,0.000000e+00,0.000000e+00,0.000000e+00,5.421011e-20,7.546700e-14,0.000000e+00,0.000000e+00,0.000000e+00,0.000000e+00,4.373201e+01,8.437734e+02,3.380043e-01,7.183287e-05,0.000000e+00,5.525888e+01,0.000000e+00,0.000000e+00,-6.965575e-01
1.106152e-02,4.318696e+01,8.444080e+02,8.874284e-05,6.466105e-06,3.380043e-01,7.183287e-05,3.478230e-06,0.000000e+00,-4.736889e+00,0.000000e+00,0.000000e+00,0.000000e+00,0.000000e+00,0.000000e+00,0.000000e+00,0.000000e+00,5.421011e-20,7.546700e-14,0.000000e+00,0.000000e+00,0.000000e+00,0.000000e+00,4.318696e+01,8.443225e+02,3.380043e-01,7.183287e-05,0.000000e+00,5.530796e+01,0.000000e+00,0.000000e+00,-6.965575e-01
1.107196e-02,4.266928e+01,8.449259e+02,8.874284e-05,6.466105e-06,3.380043e-01,7.183287e-05,3.479664e-06,0.000000e+00,-4.736889e+00,0.000000e+00,0.000000e+00,0.000000e+00,0.000000e+00,0.000000e+00,0.000000e+00,0.000000e+00,5.421011e-20,7.546700e-14,0.000000e+00,0.000000e+00,0.000000e+00,0.000000e+00,4.266928e+01,8.448456e+02,3.380043e-01,7.183287e-05,0.000000e+00,5.535707e+01,0.000000e+00,0.000000e+00,-6.965575e-01
1.108240e-02,4.218618e+01,8.454091e+02,8.874284e-05,6.466105e-06,3.380043e-01,7.183287e-05,3.480630e-06,0.000000e+00,-4.736889e+00,0.000000e+00,0.000000e+00,0.000000e+00,0.000000e+00,0.000000e+00,0.000000e+00,0.000000e+00,5.421011e-20,7.546700e-14,0.000000e+00,0.000000e+00,0.000000e+00,0.000000e+00,4.218618e+01,8.453351e+02,3.380043e-01,7.183287e-05,0.000000e+00,5.540620e+01,0.000000e+00,0.000000e+00,-6.965575e-01
1.109284e-02,4.174440e+01,8.458506e+02,8.874284e-05,6.466105e-06,3.380043e-01,7.183287e-05,3.480912e-06,0.000000e+00,-4.736889e+00,0.000000e+00,0.000000e+00,0.000000e+00,0.000000e+00,0.000000e+00,0.000000e+00,0.000000e+00,5.421011e-20,7.546700e-14,0.000000e+00,0.000000e+00,0.000000e+00,0.000000e+00,4.174440e+01,8.457841e+02,3.380043e-01,7.183287e-05,0.000000e+00,5.545533e+01,0.000000e+00,0.000000e+00,-6.965575e-01
1.110328e-02,4.134987e+01,8.462444e+02,8.874284e-05,6.466105e-06,3.380043e-01,7.183287e-05,3.480295e-06,0.000000e+00,-4.736889e+00,0.000000e+00,0.000000e+00,0.000000e+00,0.000000e+00,0.000000e+00,0.000000e+00,0.000000e+00,5.421011e-20,7.546700e-14,0.000000e+00,0.000000e+00,0.000000e+00,0.000000e+00,4.134987e+01,8.461863e+02,3.380043e-01,7.183287e-05,0.000000e+00,5.550447e+01,0.000000e+00,0.000000e+00,-6.965575e-01
1.111024e-02,4.111563e+01,8.464781e+02,8.874284e-05,6.466105e-06,3.380043e-01,7.183287e-05,3.479319e-06,0.000000e+00,-4.736889e+00,0.000000e+00,0.000000e+00,0.000000e+00,0.000000e+00,0.000000e+00,0.000000e+00,0.000000e+00,5.421011e-20,7.546700e-14,0.000000e+00,0.000000e+00,0.000000e+00,0.000000e+00,4.111563e+01,8.464259e+02,3.380043e-01,7.183287e-05,0.000000e+00,5.553722e+01,0.000000e+00,0.000000e+00,-6.965575e-01
1.112068e-02,4.081057e+01,8.467820e+02,8.874284e-05,6.466105e-06,3.380043e-01,7.183287e-05,3.477011e-06,0.000000e+00,-4.736889e+00,0.000000e+00,0.000000e+00,0.000000e+00,0.000000e+00,0.000000e+00,0.000000e+00,0.000000e+00,5.421011e-20,7.546700e-14,0.000000e+00,0.000000e+00,0.000000e+00,0.000000e+00,4.081057e+01,8.467394e+02,3.380043e-01,7.183287e-05,0.000000e+00,5.558633e+01,0.000000e+00,0.000000e+00,-6.965575e-01
1.113111e-02,4.056400e+01,8.470275e+02,8.874284e-05,6.466105e-06,3.380043e-01,7.183287e-05,3.473812e-06,0.000000e+00,-4.736889e+00,0.000000e+00,0.000000e+00,0.000000e+00,0.000000e+00,0.000000e+00,0.000000e+00,0.000000e+00,5.421011e-20,7.546700e-14,0.000000e+00,0.000000e+00,0.000000e+00,0.000000e+00,4.056400e+01,8.469948e+02,3.380043e-01,7.183287e-05,0.000000e+00,5.563539e+01,0.000000e+00,0.000000e+00,-6.965575e-01
1.114152e-02,4.037824e+01,8.472123e+02,8.874284e-05,6.466105e-06,3.380043e-01,7.183287e-05,3.469984e-06,0.000000e+00,-4.736889e+00,0.000000e+00,0.000000e+00,0.000000e+00,0.000000e+00,0.000000e+00,0.000000e+00,0.000000e+00,5.421011e-20,7.546700e-14,0.000000e+00,0.000000e+00,0.000000e+00,0.000000e+00,4.037824e+01,8.471898e+02,3.380043e-01,7.183287e-05,0.000000e+00,5.568441e+01,0.000000e+00,0.000000e+00,-6.965575e-01
1.115193e-02,4.025460e+01,8.473352e+02,8.874284e-05,6.466105e-06,3.380043e-01,7.183287e-05,3.465888e-06,0.000000e+00,-4.736889e+00,0.000000e+00,0.000000e+00,0.000000e+00,0.000000e+00,0.000000e+00,0.000000e+00,0.000000e+00,5.421011e-20,7.546700e-14,0.000000e+00,0.000000e+00,0.000000e+00,0.000000e+00,4.025460e+01,8.473230e+02,3.380043e-01,7.183287e-05,0.000000e+00,5.573338e+01,0.000000e+00,0.000000e+00,-6.965575e-01
1.116232e-02,4.019356e+01,8.473957e+02,8.874284e-05,6.466105e-06,3.380043e-01,7.183287e-05,3.461918e-06,0.000000e+00,-4.736889e+00,0.000000e+00,0.000000e+00,0.000000e+00,0.000000e+00,0.000000e+00,0.000000e+00,0.000000e+00,5.421011e-20,7.546700e-14,0.000000e+00,0.000000e+00,0.000000e+00,0.000000e+00,4.019356e+01,8.473939e+02,3.380043e-01,7.183287e-05,0.000000e+00,5.578228e+01,0.000000e+00,0.000000e+00,-6.965575e-01
1.117271e-02,4.019493e+01,8.473939e+02,8.874284e-05,6.466105e-06,3.380043e-01,7.183287e-05,3.458453e-06,0.000000e+00,-4.736889e+00,0.000000e+00,0.000000e+00,0.000000e+00,0.000000e+00,0.000000e+00,0.000000e+00,0.000000e+00,5.421011e-20,7.546700e-14,0.000000e+00,0.000000e+00,0.000000e+00,0.000000e+00,4.019493e+01,8.474025e+02,3.380043e-01,7.183287e-05,0.000000e+00,5.583113e+01,0.000000e+00,0.000000e+00,-6.965575e-01
1.118308e-02,4.025813e+01,8.473301e+02,8.874284e-05,6.466105e-06,3.380043e-01,7.183287e-05,3.455806e-06,0.000000e+00,-4.736889e+00,0.000000e+00,0.000000e+00,0.000000e+00,0.000000e+00,0.000000e+00,0.000000e+00,0.000000e+00,5.421011e-20,7.546700e-14,0.000000e+00,0.000000e+00,0.000000e+00,0.000000e+00,4.025813e+01,8.473489e+02,3.380043e-01,7.183287e-05,0.000000e+00,5.587994e+01,0.000000e+00,0.000000e+00,-6.965575e-01
1.119344e-02,4.038217e+01,8.472048e+02,8.874284e-05,6.466105e-06,3.380043e-01,7.183287e-05,3.454191e-06,0.000000e+00,-4.736889e+00,0.000000e+00,0.000000e+00,0.000000e+00,0.000000e+00,0.000000e+00,0.000000e+00,0.000000e+00,5.421011e-20,7.546700e-14,0.000000e+00,0.000000e+00,0.000000e+00,0.000000e+00,4.038217e+01,8.472339e+02,3.380043e-01,7.183287e-05,0.000000e+00,5.592872e+01,0.000000e+00,0.000000e+00,-6.965575e-01
1.120035e-02,4.049800e+01,8.470879e+02,8.874284e-05,6.466105e-06,3.380043e-01,7.183287e-05,3.453739e-06,0.000000e+00,-4.736889e+00,0.000000e+00,0.000000e+00,0.000000e+00,0.000000e+00,0.000000e+00,0.000000e+00,0.000000e+00,5.421011e-20,7.546700e-14,0.000000e+00,0.000000e+00,0.000000e+00,0.000000e+00,4.049800e+01,8.471235e+02,3.380043e-01,7.183287e-05,0.000000e+00,5.596122e+01,0.000000e+00,0.000000e+00,-6.965575e-01
1.121071e-02,4.072007e+01,8.468636e+02,8.874284e-05,6.466105e-06,3.380043e-01,7.183287e-05,3.453984e-06,0.000000e+00,-4.736889e+00,0.000000e+00,0.000000e+00,0.000000e+00,0.000000e+00,0.000000e+00,0.000000e+00,0.000000e+00,5.421011e-20,7.546700e-14,0.000000e+00,0.000000e+00,0.000000e+00,0.000000e+00,4.072007e+01,8.469089e+02,3.380043e-01,7.183287e-05,0.000000e+00,5.600998e+01,0.000000e+00,0.000000e+00,-6.965575e-01
1.122108e-02,4.099793e+01,8.465834e+02,8.874284e-05,6.466105e-06,3.380043e-01,7.183287e-05,3.455233e-06,0.000000e+00,-4.736889e+00,0.000000e+00,0.000000e+00,0.000000e+00,0.000000e+00,0.000000e+00,0.000000e+00,0.000000e+00,5.421011e-20,7.546700e-14,0.000000e+00,0.000000e+00,0.000000e+00,0.000000e+00,4.099793e+01,8.466378e+02,3.380043e-01,7.183287e-05,0.000000e+00,5.605874e+01,0.000000e+00,0.000000e+00,-6.965575e-01
1.123144e-02,4.132855e+01,8.462511e+02,8.874284e-05,6.466105e-06,3.380043e-01,7.183287e-05,3.457273e-06,0.000000e+00,-4.736889e+00,0.000000e+00,0.000000e+00,0.000000e+00,0.000000e+00,0.000000e+00,0.000000e+00,0.000000e+00,5.421011e-20,7.546700e-14,0.000000e+00,0.000000e+00,0.000000e+00,0.000000e+00,4.132855e+01,8.463138e+02,3.380043e-01,7.183287e-05,0.000000e+00,5.610752e+01,0.000000e+00,0.000000e+00,-6.965575e-01
1.124182e-02,4.170842e+01,8.458704e+02,8.874284e-05,6.466105e-06,3.380043e-01,7.183287e-05,3.459824e-06,0.000000e+00,-4.736889e+00,0.000000e+00,0.000000e+00,0.000000e+00,0.000000e+00,0.000000e+00,0.000000e+00,0.000000e+00,5.421011e-20,7.546700e-14,0.000000e+00,0.000000e+00,0.000000e+00,0.000000e+00,4.170842e+01,8.459409e+02,3.380043e-01,7.183287e-05,0.000000e+00,5.615634e+01,0.000000e+00,0.000000e+00,-6.965575e-01
1.125220e-02,4.213364e+01,8.454451e+02,8.874284e-05,6.466105e-06,3.380043e-01,7.183287e-05,3.462573e-06,0.000000e+00,-4.736889e+00,0.000000e+00,0.000000e+00,0.000000e+00,0.000000e+00,0.000000e+00,0.000000e+00,0.000000e+00,5.421011e-20,7.546700e-14,0.000000e+00,0.000000e+00,0.000000e+00,0.000000e+00,4.213364e+01,8.455228e+02,3.380043e-01,7.183287e-05,0.000000e+00,5.620519e+01,0.000000e+00,0.000000e+00,-6.965575e-01
1.126259e-02,4.260001e+01,8.449791e+02,8.874284e-05,6.466105e-06,3.380043e-01,7.183287e-05,3.465191e-06,0.000000e+00,-4.736889e+00,0.000000e+00,0.000000e+00,0.000000e+00,0.000000e+00,0.000000e+00,0.000000e+00,0.000000e+00,5.421011e-20,7.546700e-14,0.000000e+00,0.000000e+00,0.000000e+00,0.000000e+00,4.260001e+01,8.450633e+02,3.380043e-01,7.183287e-05,0.000000e+00,5.625408e+01,0.000000e+00,0.000000e+00,-6.965575e-01
1.127299e-02,4.310303e+01,8.444764e+02,8.874284e-05,6.466105e-06,3.380043e-01,7.183287e-05,3.467357e-06,0.000000e+00,-4.736889e+00,0.000000e+00,0.000000e+00,0.000000e+00,0.000000e+00,0.000000e+00,0.000000e+00,0.000000e+00,5.421011e-20,7.546700e-14,0.000000e+00,0.000000e+00,0.000000e+00,0.000000e+00,4.310303e+01,8.445663e+02,3.380043e-01,7.183287e-05,0.000000e+00,5.630301e+01,0.000000e+00,0.000000e+00,-6.965575e-01
1.128339e-02,4.363810e+01,8.439410e+02,8.874284e-05,6.466105e-06,3.380043e-01,7.183287e-05,3.468823e-06,0.000000e+00,-4.736889e+00,0.000000e+00,0.000000e+00,0.000000e+00,0.000000e+00,0.000000e+00,0.000000e+00,0.000000e+00,5.421011e-20,7.546700e-14,0.000000e+00,0.000000e+00,0.000000e+00,0.000000e+00,4.363810e+01,8.440361e+02,3.380043e-01,7.183287e-05,0.000000e+00,5.635196e+01,0.000000e+00,0.000000e+00,-6.965575e-01
1.129033e-02,4.401039e+01,8.435683e+02,8.874284e-05,6.466105e-06,3.380043e-01,7.183287e-05,3.469348e-06,0.000000e+00,-4.736889e+00,0.000000e+00,0.000000e+00,0.000000e+00,0.000000e+00,0.000000e+00,0.000000e+00,0.000000e+00,5.421011e-20,7.546700e-14,0.000000e+00,0.000000e+00,0.000000e+00,0.000000e+00,4.401039e+01,8.436663e+02,3.380043e-01,7.183287e-05,0.000000e+00,5.638461e+01,0.000000e+00,0.000000e+00,-6.965575e-01
1.130074e-02,4.458910e+01,8.429885e+02,8.874284e-05,6.466105e-06,3.380043e-01,7.183287e-05,3.469462e-06,0.000000e+00,-4.736889e+00,0.000000e+00,0.000000e+00,0.000000e+00,0.000000e+00,0.000000e+00,0.000000e+00,0.000000e+00,5.421011e-20,7.546700e-14,0.000000e+00,0.000000e+00,0.000000e+00,0.000000e+00,4.458910e+01,8.430904e+02,3.380043e-01,7.183287e-05,0.000000e+00,5.643359e+01,0.000000e+00,0.000000e+00,-6.965575e-01
1.131115e-02,4.518889e+01,8.423872e+02,8.874284e-05,6.466105e-06,3.380043e-01,7.183287e-05,3.468892e-06,0.000000e+00,-4.736889e+00,0.000000e+00,0.000000e+00,0.000000e+00,0.000000e+00,0.000000e+00,0.000000e+00,0.000000e+00,5.421011e-20,7.546700e-14,0.000000e+00,0.000000e+00,0.000000e+00,0.000000e+00,4.518889e+01,8.424924e+02,3.380043e-01,7.183287e-05,0.000000e+00,5.648256e+01,0.000000e+00,0.000000e+00,-6.965575e-01
1.132155e-02,4.580658e+01,8.417678e+02,8.874284e-05,6.466105e-06,3.380043e-01,7.183287e-05,3.467852e-06,0.000000e+00,-4.736889e+00,0.000000e+00,0.000000e+00,0.000000e+00,0.000000e+00,0.000000e+00,0.000000e+00,0.000000e+00,5.421011e-20,7.546700e-14,0.000000e+00,0.000000e+00,0.000000e+00,0.000000e+00,4.580658e+01,8.418759e+02,3.380043e-01,7.183287e-05,0.000000e+00,5.653152e+01,0.000000e+00,0.000000e+00,-6.965575e-01
1.133195e-02,4.643921e+01,8.411334e+02,8.874284e-05,6.466105e-06,3.380043e-01,7.183287e-05,3.466565e-06,0.000000e+00,-4.736889e+00,0.000000e+00,0.000000e+00,0.000000e+00,0.000000e+00,0.000000e+00,0.000000e+00,0.000000e+00,5.421011e-20,7.546700e-14,0.000000e+00,0.000000e+00,0.000000e+00,0.000000e+00,4.643921e+01,8.412437e+02,3.380043e-01,7.183287e-05,0.000000e+00,5.658047e+01,0.000000e+00,0.000000e+00,-6.965575e-01
1.134235e-02,4.708378e+01,8.404872e+02,8.874284e-05,6.466105e-06,3.380043e-01,7.183287e-05,3.465223e-06,0.000000e+00,-4.736889e+00,0.000000e+00,0.000000e+00,0.000000e+00,0.000000e+00,0.000000e+00,0.000000e+00,0.000000e+00,5.421011e-20,7.546700e-14,0.000000e+00,0.000000e+00,0.000000e+00,0.000000e+00,4.708378e+01,8.405992e+02,3.380043e-01,7.183287e-05,0.000000e+00,5.662940e+01,0.000000e+00,0.000000e+00,-6.965575e-01
1.135275e-02,4.773706e+01,8.398326e+02,8.874284e-05,6.466105e-06,3.380043e-01,7.183287e-05,3.463974e-06,0.000000e+00,-4.736889e+00,0.000000e+00,0.000000e+00,0.000000e+00,0.000000e+00,0.000000e+00,0.000000e+00,0.000000e+00,5.421011e-20,7.546700e-14,0.000000e+00,0.000000e+00,0.000000e+00,0.000000e+00,4.773706e+01,8.399457e+02,3.380043e-01,7.183287e-05,0.000000e+00,5.667831e+01,0.000000e+00,0.000000e+00,-6.965575e-01
1.136314e-02,4.839566e+01,8.391729e+02,8.874284e-05,6.466105e-06,3.380043e-01,7.183287e-05,3.462930e-06,0.000000e+00,-4.736889e+00,0.000000e+00,0.000000e+00,0.000000e+00,0.000000e+00,0.000000e+00,0.000000e+00,0.000000e+00,5.421011e-20,7.546700e-14,0.000000e+00,0.000000e+00,0.000000e+00,0.000000e+00,4.839566e+01,8.392866e+02,3.380043e-01,7.183287e-05,0.000000e+00,5.672720e+01,0.000000e+00,0.000000e+00,-6.965575e-01
1.137006e-02,4.883604e+01,8.387320e+02,8.874284e-05,6.466105e-06,3.380043e-01,7.183287e-05,3.462401e-06,0.000000e+00,-4.736889e+00,0.000000e+00,0.000000e+00,0.000000e+00,0.000000e+00,0.000000e+00,0.000000e+00,0.000000e+00,5.421011e-20,7.546700e-14,0.000000e+00,0.000000e+00,0.000000e+00,0.000000e+00,4.883604e+01,8.388458e+02,3.380043e-01,7.183287e-05,0.000000e+00,5.675979e+01,0.000000e+00,0.000000e+00,-6.965575e-01
1.138045e-02,4.949639e+01,8.380709e+02,8.874284e-05,6.466105e-06,3.380043e-01,7.183287e-05,3.461942e-06,0.000000e+00,-4.736889e+00,0.000000e+00,0.000000e+00,0.000000e+00,0.000000e+00,0.000000e+00,0.000000e+00,0.000000e+00,5.421011e-20,7.546700e-14,0.000000e+00,0.000000e+00,0.000000e+00,0.000000e+00,4.949639e+01,8.381845e+02,3.380043e-01,7.183287e-05,0.000000e+00,5.680866e+01,0.000000e+00,0.000000e+00,-6.965575e-01
1.139084e-02,5.015428e+01,8.374124e+02,8.874284e-05,6.466105e-06,3.380043e-01,7.183287e-05,3.462025e-06,0.000000e+00,-4.736889e+00,0.000000e+00,0.000000e+00,0.000000e+00,0.000000e+00,0.000000e+00,0.000000e+00,0.000000e+00,5.421011e-20,7.546700e-14,0.000000e+00,0.000000e+00,0.000000e+00,0.000000e+00,5.015428e+01,8.375253e+02,3.380043e-01,7.183287e-05,0.000000e+00,5.685753e+01,0.000000e+00,0.000000e+00,-6.965575e-01
1.140122e-02,5.080781e+01,8.367581e+02,8.874284e-05,6.466105e-06,3.380043e-01,7.183287e-05,3.462761e-06,0.000000e+00,-4.736889e+00,0.000000e+00,0.000000e+00,0.000000e+00,0.000000e+00,0.000000e+00,0.000000e+00,0.000000e+00,5.421011e-20,7.546700e-14,0.000000e+00,0.000000e+00,0.000000e+00,0.000000e+00,5.080781e+01,8.368702e+02,3.380043e-01,7.183287e-05,0.000000e+00,5.690641e+01,0.000000e+00,0.000000e+00,-6.965575e-01
1.141161e-02,5.145544e+01,8.361098e+02,8.874284e-05,6.466105e-06,3.380043e-01,7.183287e-05,3.464233e-06,0.000000e+00,-4.736889e+00,0.000000e+00,0.000000e+00,0.000000e+00,0.000000e+00,0.000000e+00,0.000000e+00,0.000000e+00,5.421011e-20,7.546700e-14,0.000000e+00,0.000000e+00,0.000000e+00,0.000000e+00,5.145544e+01,8.362208e+02,3.380043e-01,7.183287e-05,0.000000e+00,5.695529e+01,0.000000e+00,0.000000e+00,-6.965575e-01
1.142201e-02,5.209579e+01,8.354691e+02,8.874284e-05,6.466105e-06,3.380043e-01,7.183287e-05,3.466414e-06,0.000000e+00,-4.736889e+00,0.000000e+00,0.000000e+00,0.000000e+00,0.000000e+00,0.000000e+00,0.000000e+00,0.000000e+00,5.421011e-20,7.546700e-14,0.000000e+00,0.000000e+00,0.000000e+00,0.000000e+00,5.209579e+01,8.355787e+02,3.380043e-01,7.183287e-05,0.000000e+00,5.700420e+01,0.000000e+00,0.000000e+00,-6.965575e-01
1.143241e-02,5.272738e+01,8.348375e+02,8.874284e-05,6.466105e-06,3.380043e-01,7.183287e-05,3.469177e-06,0.000000e+00,-4.736889e+00,0.000000e+00,0.000000e+00,0.000000e+00,0.000000e+00,0.000000e+00,0.000000e+00,0.000000e+00,5.421011e-20,7.546700e-14,0.000000e+00,0.000000e+00,0.000000e+00,0.000000e+00,5.272738e+01,8.349455e+02,3.380043e-01,7.183287e-05,0.000000e+00,5.705315e+01,0.000000e+00,0.000000e+00,-6.965575e-01
1.144282e-02,5.334855e+01,8.342164e+02,8.874284e-05,6.466105e-06,3.380043e-01,7.183287e-05,3.472289e-06,0.000000e+00,-4.736889e+00,0.000000e+00,0.000000e+00,0.000000e+00,0.000000e+00,0.000000e+00,0.000000e+00,0.000000e+00,5.421011e-20,7.546700e-14,0.000000e+00,0.000000e+00,0.000000e+00,0.000000e+00,5.334855e+01,8.343226e+02,3.380043e-01,7.183287e-05,0.000000e+00,5.710213e+01,0.000000e+00,0.000000e+00,-6.965575e-01
1.145324e-02,5.395751e+01,8.336074e+02,8.874284e-05,6.466105e-06,3.380043e-01,7.183287e-05,3.475411e-06,0.000000e+00,-4.736889e+00,0.000000e+00,0.000000e+00,0.000000e+00,0.000000e+00,0.000000e+00,0.000000e+00,0.000000e+00,5.421011e-20,7.546700e-14,0.000000e+00,0.000000e+00,0.000000e+00,0.000000e+00,5.395751e+01,8.337114e+02,3.380043e-01,7.183287e-05,0.000000e+00,5.715117e+01,0.000000e+00,0.000000e+00,-6.965575e-01
1.146019e-02,5.435573e+01,8.332089e+02,8.874284e-05,6.466105e-06,3.380043e-01,7.183287e-05,3.477301e-06,0.000000e+00,-4.736889e+00,0.000000e+00,0.000000e+00,0.000000e+00,0.000000e+00,0.000000e+00,0.000000e+00,0.000000e+00,5.421011e-20,7.546700e-14,0.000000e+00,0.000000e+00,0.000000e+00,0.000000e+00,5.435573e+01,8.333114e+02,3.380043e-01,7.183287e-05,0.000000e+00,5.718388e+01,0.000000e+00,0.000000e+00,-6.965575e-01
1.147063e-02,5.493996e+01,8.326239e+02,8.874284e-05,6.466105e-06,3.380043e-01,7.183287e-05,3.479551e-06,0.000000e+00,-4.736889e+00,0.000000e+00,0.000000e+00,0.000000e+00,0.000000e+00,0.000000e+00,0.000000e+00,0.000000e+00,5.421011e-20,7.546700e-14,0.000000e+00,0.000000e+00,0.000000e+00,0.000000e+00,5.493996e+01,8.327237e+02,3.380043e-01,7.183287e-05,0.000000e+00,5.723298e+01,0.000000e+00,0.000000e+00,-6.965575e-01
1.148107e-02,5.550670e+01,8.320560e+02,8.874284e-05,6.466105e-06,3.380043e-01,7.183287e-05,3.480803e-06,0.000000e+00,-4.736889e+00,0.000000e+00,0.000000e+00,0.000000e+00,0.000000e+00,0.000000e+00,0.000000e+00,0.000000e+00,5.421011e-20,7.546700e-14,0.000000e+00,0.000000e+00,0.000000e+00,0.000000e+00,5.550670e+01,8.321528e+02,3.380043e-01,7.183287e-05,0.000000e+00,5.728210e+01,0.000000e+00,0.000000e+00,-6.965575e-01
1.149151e-02,5.605402e+01,8.315076e+02,8.874284e-05,6.466105e-06,3.380043e-01,7.183287e-05,3.480865e-06,0.000000e+00,-4.736889e+00,0.000000e+00,0.000000e+00,0.000000e+00,0.000000e+00,0.000000e+00,0.000000e+00,0.000000e+00,5.421011e-20,7.546700e-14,0.000000e+00,0.000000e+00,0.000000e+00,0.000000e+00,5.605402e+01,8.316010e+02,3.380043e-01,7.183287e-05,0.000000e+00,5.733124e+01,0.000000e+00,0.000000e+00,-6.965575e-01
1.150195e-02,5.658023e+01,8.309806e+02,8.874284e-05,6.466105e-06,3.380043e-01,7.183287e-05,3.479768e-06,0.000000e+00,-4.736889e+00,0.000000e+00,0.000000e+00,0.000000e+00,0.000000e+00,0.000000e+00,0.000000e+00,0.000000e+00,5.421011e-20,7.546700e-14,0.000000e+00,0.000000e+00,0.000000e+00,0.000000e+00,5.658023e+01,8.310703e+02,3.380043e-01,7.183287e-05,0.000000e+00,5.738037e+01,0.000000e+00,0.000000e+00,-6.965575e-01
1.151239e-02,5.708407e+01,8.304765e+02,8.874284e-05,6.466105e-06,3.380043e-01,7.183287e-05,3.477768e-06,0.000000e+00,-4.736889e+00,0.000000e+00,0.000000e+00,0.000000e+00,0.000000e+00,0.000000e+00,0.000000e+00,0.000000e+00,5.421011e-20,7.546700e-14,0.000000e+00,0.000000e+00,0.000000e+00,0.000000e+00,5.708407e+01,8.305623e+02,3.380043e-01,7.183287e-05,0.000000e+00,5.742949e+01,0.000000e+00,0.000000e+00,-6.965575e-01
1.152282e-02,5.756498e+01,8.299959e+02,8.874284e-05,6.466105e-06,3.380043e-01,7.183287e-05,3.475284e-06,0.000000e+00,-4.736889e+00,0.000000e+00,0.000000e+00,0.000000e+00,0.000000e+00,0.000000e+00,0.000000e+00,0.000000e+00,5.421011e-20,7.546700e-14,0.000000e+00,0.000000e+00,0.000000e+00,0.000000e+00,5.756498e+01,8.300778e+02,3.380043e-01,7.183287e-05,0.000000e+00,5.747857e+01,0.000000e+00,0.000000e+00,-6.965575e-01
1.153324e-02,5.802322e+01,8.295383e+02,8.874284e-05,6.466105e-06,3.380043e-01,7.183287e-05,3.472828e-06,0.000000e+00,-4.736889e+00,0.000000e+00,0.000000e+00,0.000000e+00,0.000000e+00,0.000000e+00,0.000000e+00,0.000000e+00,5.421011e-20,7.546700e-14,0.000000e+00,0.000000e+00,0.000000e+00,0.000000e+00,5.802322e+01,8.296164e+02,3.380043e-01,7.183287e-05,0.000000e+00,5.752761e+01,0.000000e+00,0.000000e+00,-6.965575e-01
1.154019e-02,5.831666e+01,8.292452e+02,8.874284e-05,6.466105e-06,3.380043e-01,7.183287e-05,3.471455e-06,0.000000e+00,-4.736889e+00,0.000000e+00,0.000000e+00,0.000000e+00,0.000000e+00,0.000000e+00,0.000000e+00,0.000000e+00,5.421011e-20,7.546700e-14,0.000000e+00,0.000000e+00,0.000000e+00,0.000000e+00,5.831666e+01,8.293210e+02,3.380043e-01,7.183287e-05,0.000000e+00,5.756029e+01,0.000000e+00,0.000000e+00,-6.965575e-01
1.155060e-02,5.874009e+01,8.288220e+02,8.874284e-05,6.466105e-06,3.380043e-01,7.183287e-05,3.470101e-06,0.000000e+00,-4.736889e+00,0.000000e+00,0.000000e+00,0.000000e+00,0.000000e+00,0.000000e+00,0.000000e+00,0.000000e+00,5.421011e-20,7.546700e-14,0.000000e+00,0.000000e+00,0.000000e+00,0.000000e+00,5.874009e+01,8.288947e+02,3.380043e-01,7.183287e-05,0.000000e+00,5.760929e+01,0.000000e+00,0.000000e+00,-6.965575e-01
1.156101e-02,5.914545e+01,8.284164e+02,8.874284e-05,6.466105e-06,3.380043e-01,7.183287e-05,3.469842e-06,0.000000e+00,-4.736889e+00,0.000000e+00,0.000000e+00,0.000000e+00,0.000000e+00,0.000000e+00,0.000000e+00,0.000000e+00,5.421011e-20,7.546700e-14,0.000000e+00,0.000000e+00,0.000000e+00,0.000000e+00,5.914545e+01,8.284863e+02,3.380043e-01,7.183287e-05,0.000000e+00,5.765827e+01,0.000000e+00,0.000000e+00,-6.965575e-01
1.157142e-02,5.953512e+01,8.280259e+02,8.874284e-05,6.466105e-06,3.380043e-01,7.183287e-05,3.470769e-06,0.000000e+00,-4.736889e+00,0.000000e+00,0.000000e+00,0.000000e+00,0.000000e+00,0.000000e+00,0.000000e+00,0.000000e+00,5.421011e-20,7.546700e-14,0.000000e+00,0.000000e+00,0.000000e+00,0.000000e+00,5.953512e+01,8.280934e+02,3.380043e-01,7.183287e-05,0.000000e+00,5.770726e+01,0.000000e+00,0.000000e+00,-6.965575e-01
1.158183e-02,5.991137e+01,8.276484e+02,8.874284e-05,6.466105e-06,3.380043e-01,7.183287e-05,3.472765e-06,0.000000e+00,-4.736889e+00,0.000000e+00,0.000000e+00,0.000000e+00,0.000000e+00,0.000000e+00,0.000000e+00,0.000000e+00,5.421011e-20,7.546700e-14,0.000000e+00,0.000000e+00,0.000000e+00,0.000000e+00,5.991137e+01,8.277140e+02,3.380043e-01,7.183287e-05,0.000000e+00,5.775626e+01,0.000000e+00,0.000000e+00,-6.965575e-01
1.159225e-02,6.027620e+01,8.272825e+02,8.874284e-05,6.466105e-06,3.380043e-01,7.183287e-05,3.475554e-06,0.000000e+00,-4.736889e+00,0.000000e+00,0.000000e+00,0.000000e+00,0.000000e+00,0.000000e+00,0.000000e+00,0.000000e+00,5.421011e-20,7.546700e-14,0.000000e+00,0.000000e+00,0.000000e+00,0.000000e+00,6.027620e+01,8.273462e+02,3.380043e-01,7.183287e-05,0.000000e+00,5.780529e+01,0.000000e+00,0.000000e+00,-6.965575e-01
1.160268e-02,6.063140e+01,8.269265e+02,8.874284e-05,6.466105e-06,3.380043e-01,7.183287e-05,3.478782e-06,0.000000e+00,-4.736889e+00,0.000000e+00,0.000000e+00,0.000000e+00,0.000000e+00,0.000000e+00,0.000000e+00,0.000000e+00,5.421011e-20,7.546700e-14,0.000000e+00,0.000000e+00,0.000000e+00,0.000000e+00,6.063140e+01,8.269886e+02,3.380043e-01,7.183287e-05,0.000000e+00,5.785437e+01,0.000000e+00,0.000000e+00,-6.965575e-01
1.161312e-02,6.097868e+01,8.265788e+02,8.874284e-05,6.466105e-06,3.380043e-01,7.183287e-05,3.480247e-06,0.000000e+00,-4.736889e+00,0.000000e+00,0.000000e+00,0.000000e+00,0.000000e+00,0.000000e+00,0.000000e+00,0.000000e+00,5.421011e-20,7.546700e-14,0.000000e+00,0.000000e+00,0.000000e+00,0.000000e+00,6.097868e+01,8.266398e+02,3.380043e-01,7.183287e-05,0.000000e+00,5.790349e+01,0.000000e+00,0.000000e+00,-6.965575e-01
1.162008e-02,6.120650e+01,8.263510e+02,8.874284e-05,6.466105e-06,3.380043e-01,7.183287e-05,3.479219e-06,0.000000e+00,-4.736889e+00,0.000000e+00,0.000000e+00,0.000000e+00,0.000000e+00,0.000000e+00,0.000000e+00,0.000000e+00,5.421011e-20,7.546700e-14,0.000000e+00,0.000000e+00,0.000000e+00,0.000000e+00,6.120650e+01,8.264112e+02,3.380043e-01,7.183287e-05,0.000000e+00,5.793624e+01,0.000000e+00,0.000000e+00,-6.965575e-01
1.163052e-02,6.154397e+01,8.260137e+02,8.874284e-05,6.466105e-06,3.380043e-01,7.183287e-05,3.477612e-06,0.000000e+00,-4.736889e+00,0.000000e+00,0.000000e+00,0.000000e+00,0.000000e+00,0.000000e+00,0.000000e+00,0.000000e+00,5.421011e-20,7.546700e-14,0.000000e+00,0.000000e+00,0.000000e+00,0.000000e+00,6.154397e+01,8.260731e+02,3.380043e-01,7.183287e-05,0.000000e+00,5.798535e+01,0.000000e+00,0.000000e+00,-6.965575e-01
1.164095e-02,6.187805e+01,8.256801e+02,8.874284e-05,6.466105e-06,3.380043e-01,7.183287e-05,3.475924e-06,0.000000e+00,-4.736889e+00,0.000000e+00,0.000000e+00,0.000000e+00,0.000000e+00,0.000000e+00,0.000000e+00,0.000000e+00,5.421011e-20,7.546700e-14,0.000000e+00,0.000000e+00,0.000000e+00,0.000000e+00,6.187805e+01,8.257391e+02,3.380043e-01,7.183287e-05,0.000000e+00,5.803443e+01,0.000000e+00,0.000000e+00,-6.965575e-01
1.165138e-02,6.221058e+01,8.253481e+02,8.874284e-05,6.466105e-06,3.380043e-01,7.183287e-05,3.474205e-06,0.000000e+00,-4.736889e+00,0.000000e+00,0.000000e+00,0.000000e+00,0.000000e+00,0.000000e+00,0.000000e+00,0.000000e+00,5.421011e-20,7.546700e-14,0.000000e+00,0.000000e+00,0.000000e+00,0.000000e+00,6.221058e+01,8.254070e+02,3.380043e-01,7.183287e-05,0.000000e+00,5.808349e+01,0.000000e+00,0.000000e+00,-6.965575e-01
1.166180e-02,6.254300e+01,8.250164e+02,8.874284e-05,6.466105e-06,3.380043e-01,7.183287e-05,3.472616e-06,0.000000e+00,-4.736889e+00,0.000000e+00,0.000000e+00,0.000000e+00,0.000000e+00,0.000000e+00,0.000000e+00,0.000000e+00,5.421011e-20,7.546700e-14,0.000000e+00,0.000000e+00,0.000000e+00,0.000000e+00,6.254300e+01,8.250753e+02,3.380043e-01,7.183287e-05,0.000000e+00,5.813252e+01,0.000000e+00,0.000000e+00,-6.965575e-01
1.167222e-02,6.287603e+01,8.246840e+02,8.874284e-05,6.466105e-06,3.380043e-01,7.183287e-05,3.471412e-06,0.000000e+00,-4.736889e+00,0.000000e+00,0.000000e+00,0.000000e+00,0.000000e+00,0.000000e+00,0.000000e+00,0.000000e+00,5.421011e-20,7.546700e-14,0.000000e+00,0.000000e+00,0.000000e+00,0.000000e+00,6.287603e+01,8.247430e+02,3.380043e-01,7.183287e-05,0.000000e+00,5.818154e+01,0.000000e+00,0.000000e+00,-6.965575e-01
1.168263e-02,6.320943e+01,8.243510e+02,8.874284e-05,6.466105e-06,3.380043e-01,7.183287e-05,3.470859e-06,0.000000e+00,-4.736889e+00,0.000000e+00,0.000000e+00,0.000000e+00,0.000000e+00,0.000000e+00,0.000000e+00,0.000000e+00,5.421011e-20,7.546700e-14,0.000000e+00,0.000000e+00,0.000000e+00,0.000000e+00,6.320943e+01,8.244101e+02,3.380043e-01,7.183287e-05,0.000000e+00,5.823054e+01,0.000000e+00,0.000000e+00,-6.965575e-01
1.169304e-02,6.354167e+01,8.240189e+02,8.874284e-05,6.466105e-06,3.380043e-01,7.183287e-05,3.471180e-06,0.000000e+00,-4.736889e+00,0.000000e+00,0.000000e+00,0.000000e+00,0.000000e+00,0.000000e+00,0.000000e+00,0.000000e+00,5.421011e-20,7.546700e-14,0.000000e+00,0.000000e+00,0.000000e+00,0.000000e+00,6.354167e+01,8.240776e+02,3.380043e-01,7.183287e-05,0.000000e+00,5.827953e+01,0.000000e+00,0.000000e+00,-6.965575e-01
1.170346e-02,6.386993e+01,8.236904e+02,8.874284e-05,6.466105e-06,3.380043e-01,7.183287e-05,3.472489e-06,0.000000e+00,-4.736889e+00,0.000000e+00,0.000000e+00,0.000000e+00,0.000000e+00,0.000000e+00,0.000000e+00,0.000000e+00,5.421011e-20,7.546700e-14,0.000000e+00,0.000000e+00,0.000000e+00,0.000000e+00,6.386993e+01,8.237482e+02,3.380043e-01,7.183287e-05,0.000000e+00,5.832854e+01,0.000000e+00,0.000000e+00,-6.965575e-01
1.171040e-02,6.408459e+01,8.234755e+02,8.874284e-05,6.466105e-06,3.380043e-01,7.183287e-05,3.473897e-06,0.000000e+00,-4.736889e+00,0.000000e+00,0.000000e+00,0.000000e+00,0.000000e+00,0.000000e+00,0.000000e+00,0.000000e+00,5.421011e-20,7.546700e-14,0.000000e+00,0.000000e+00,0.000000e+00,0.000000e+00,6.408459e+01,8.235323e+02,3.380043e-01,7.183287e-05,0.000000e+00,5.836122e+01,0.000000e+00,0.000000e+00,-6.965575e-01
1.172083e-02,6.439644e+01,8.231630e+02,8.874284e-05,6.466105e-06,3.380043e-01,7.183287e-05,3.476672e-06,0.000000e+00,-4.736889e+00,0.000000e+00,0.000000e+00,0.000000e+00,0.000000e+00,0.000000e+00,0.000000e+00,0.000000e+00,5.421011e-20,7.546700e-14,0.000000e+00,0.000000e+00,0.000000e+00,0.000000e+00,6.439644e+01,8.232175e+02,3.380043e-01,7.183287e-05,0.000000e+00,5.841027e+01,0.000000e+00,0.000000e+00,-6.965575e-01
1.173126e-02,6.469066e+01,8.228680e+02,8.874284e-05,6.466105e-06,3.380043e-01,7.183287e-05,3.479956e-06,0.000000e+00,-4.736889e+00,0.000000e+00,0.000000e+00,0.000000e+00,0.000000e+00,0.000000e+00,0.000000e+00,0.000000e+00,5.421011e-20,7.546700e-14,0.000000e+00,0.000000e+00,0.000000e+00,0.000000e+00,6.469066e+01,8.229190e+02,3.380043e-01,7.183287e-05,0.000000e+00,5.845937e+01,0.000000e+00,0.000000e+00,-6.965575e-01
1.174170e-02,6.496017e+01,8.225974e+02,8.874284e-05,6.466105e-06,3.380043e-01,7.183287e-05,3.482497e-06,0.000000e+00,-4.736889e+00,0.000000e+00,0.000000e+00,0.000000e+00,0.000000e+00,0.000000e+00,0.000000e+00,0.000000e+00,5.421011e-20,7.546700e-14,0.000000e+00,0.000000e+00,0.000000e+00,0.000000e+00,6.496017e+01,8.226439e+02,3.380043e-01,7.183287e-05,0.000000e+00,5.850851e+01,0.000000e+00,0.000000e+00,-6.965575e-01
1.175215e-02,6.519704e+01,8.223593e+02,8.874284e-05,6.466105e-06,3.380043e-01,7.183287e-05,3.480792e-06,0.000000e+00,-4.736889e+00,0.000000e+00,0.000000e+00,0.000000e+00,0.000000e+00,0.000000e+00,0.000000e+00,0.000000e+00,5.421011e-20,7.546700e-14,0.000000e+00,0.000000e+00,0.000000e+00,0.000000e+00,6.519704e+01,8.223997e+02,3.380043e-01,7.183287e-05,0.000000e+00,5.855766e+01,0.000000e+00,0.000000e+00,-6.965575e-01
1.176259e-02,6.539311e+01,8.221619e+02,8.874284e-05,6.466105e-06,3.380043e-01,7.183287e-05,3.480006e-06,0.000000e+00,-4.736889e+00,0.000000e+00,0.000000e+00,0.000000e+00,0.000000e+00,0.000000e+00,0.000000e+00,0.000000e+00,5.421011e-20,7.546700e-14,0.000000e+00,0.000000e+00,0.000000e+00,0.000000e+00,6.539311e+01,8.221948e+02,3.380043e-01,7.183287e-05,0.000000e+00,5.860679e+01,0.000000e+00,0.000000e+00,-6.965575e-01
1.177303e-02,6.554054e+01,8.220128e+02,8.874284e-05,6.466105e-06,3.380043e-01,7.183287e-05,3.480433e-06,0.000000e+00,-4.736889e+00,0.000000e+00,0.000000e+00,0.000000e+00,0.000000e+00,0.000000e+00,0.000000e+00,0.000000e+00,5.421011e-20,7.546700e-14,0.000000e+00,0.000000e+00,0.000000e+00,0.000000e+00,6.554054e+01,8.220371e+02,3.380043e-01,7.183287e-05,0.000000e+00,5.865591e+01,0.000000e+00,0.000000e+00,-6.965575e-01
1.178347e-02,6.563184e+01,8.219196e+02,8.874284e-05,6.466105e-06,3.380043e-01,7.183287e-05,3.481916e-06,0.000000e+00,-4.736889e+00,0.000000e+00,0.000000e+00,0.000000e+00,0.000000e+00,0.000000e+00,0.000000e+00,0.000000e+00,5.421011e-20,7.546700e-14,0.000000e+00,0.000000e+00,0.000000e+00,0.000000e+00,6.563184e+01,8.219340e+02,3.380043e-01,7.183287e-05,0.000000e+00,5.870505e+01,0.000000e+00,0.000000e+00,-6.965575e-01
1.179044e-02,6.565808e+01,8.218920e+02,8.874284e-05,6.466105e-06,3.380043e-01,7.183287e-05,3.483400e-06,0.000000e+00,-4.736889e+00,0.000000e+00,0.000000e+00,0.000000e+00,0.000000e+00,0.000000e+00,0.000000e+00,0.000000e+00,5.421011e-20,7.546700e-14,0.000000e+00,0.000000e+00,0.000000e+00,0.000000e+00,6.565808e+01,8.218992e+02,3.380043e-01,7.183287e-05,0.000000e+00,5.873782e+01,0.000000e+00,0.000000e+00,-6.965575e-01
1.180089e-02,6.564075e+01,8.219072e+02,8.874284e-05,6.466105e-06,3.380043e-01,7.183287e-05,3.485375e-06,0.000000e+00,-4.736889e+00,0.000000e+00,0.000000e+00,0.000000e+00,0.000000e+00,0.000000e+00,0.000000e+00,0.000000e+00,5.421011e-20,7.546700e-14,0.000000e+00,0.000000e+00,0.000000e+00,0.000000e+00,6.564075e+01,8.219028e+02,3.380043e-01,7.183287e-05,0.000000e+00,5.878701e+01,0.000000e+00,0.000000e+00,-6.965575e-01
1.181135e-02,6.555035e+01,8.219957e+02,8.874284e-05,6.466105e-06,3.380043e-01,7.183287e-05,3.484362e-06,0.000000e+00,-4.736889e+00,0.000000e+00,0.000000e+00,0.000000e+00,0.000000e+00,0.000000e+00,0.000000e+00,0.000000e+00,5.421011e-20,7.546700e-14,0.000000e+00,0.000000e+00,0.000000e+00,0.000000e+00,6.555035e+01,8.219786e+02,3.380043e-01,7.183287e-05,0.000000e+00,5.883621e+01,0.000000e+00,0.000000e+00,-6.965575e-01
1.182180e-02,6.538203e+01,8.221624e+02,8.874284e-05,6.466105e-06,3.380043e-01,7.183287e-05,3.481759e-06,0.000000e+00,-4.736889e+00,0.000000e+00,0.000000e+00,0.000000e+00,0.000000e+00,0.000000e+00,0.000000e+00,0.000000e+00,5.421011e-20,7.546700e-14,0.000000e+00,0.000000e+00,0.000000e+00,0.000000e+00,6.538203e+01,8.221320e+02,3.380043e-01,7.183287e-05,0.000000e+00,5.888538e+01,0.000000e+00,0.000000e+00,-6.965575e-01
1.183224e-02,6.513165e+01,8.224116e+02,8.874284e-05,6.466105e-06,3.380043e-01,7.183287e-05,3.479227e-06,0.000000e+00,-4.736889e+00,0.000000e+00,0.000000e+00,0.000000e+00,0.000000e+00,0.000000e+00,0.000000e+00,0.000000e+00,5.421011e-20,7.546700e-14,0.000000e+00,0.000000e+00,0.000000e+00,0.000000e+00,6.513165e+01,8.223671e+02,3.380043e-01,7.183287e-05,0.000000e+00,5.893452e+01,0.000000e+00,0.000000e+00,-6.965575e-01
1.184267e-02,6.479546e+01,8.227469e+02,8.874284e-05,6.466105e-06,3.380043e-01,7.183287e-05,3.477070e-06,0.000000e+00,-4.736889e+00,0.000000e+00,0.000000e+00,0.000000e+00,0.000000e+00,0.000000e+00,0.000000e+00,0.000000e+00,5.421011e-20,7.546700e-14,0.000000e+00,0.000000e+00,0.000000e+00,0.000000e+00,6.479546e+01,8.226879e+02,3.380043e-01,7.183287e-05,0.000000e+00,5.898362e+01,0.000000e+00,0.000000e+00,-6.965575e-01
1.185310e-02,6.437008e+01,8.231717e+02,8.874284e-05,6.466105e-06,3.380043e-01,7.183287e-05,3.475515e-06,0.000000e+00,-4.736889e+00,0.000000e+00,0.000000e+00,0.000000e+00,0.000000e+00,0.000000e+00,0.000000e+00,0.000000e+00,5.421011e-20,7.546700e-14,0.000000e+00,0.000000e+00,0.000000e+00,0.000000e+00,6.437008e+01,8.230975e+02,3.380043e-01,7.183287e-05,0.000000e+00,5.903270e+01,0.000000e+00,0.000000e+00,-6.965575e-01
1.186005e-02,6.403541e+01,8.235060e+02,8.874284e-05,6.466105e-06,3.380043e-01,7.183287e-05,3.474880e-06,0.000000e+00,-4.736889e+00,0.000000e+00,0.000000e+00,0.000000e+00,0.000000e+00,0.000000e+00,0.000000e+00,0.000000e+00,5.421011e-20,7.546700e-14,0.000000e+00,0.000000e+00,0.000000e+00,0.000000e+00,6.403541e+01,8.234214e+02,3.380043e-01,7.183287e-05,0.000000e+00,5.906540e+01,0.000000e+00,0.000000e+00,-6.965575e-01
1.187048e-02,6.345485e+01,8.240861e+02,8.874284e-05,6.466105e-06,3.380043e-01,7.183287e-05,3.474575e-06,0.000000e+00,-4.736889e+00,0.000000e+00,0.000000e+00,0.000000e+00,0.000000e+00,0.000000e+00,0.000000e+00,0.000000e+00,5.421011e-20,7.546700e-14,0.000000e+00,0.000000e+00,0.000000e+00,0.000000e+00,6.345485e+01,8.239857e+02,3.380043e-01,7.183287e-05,0.000000e+00,5.911445e+01,0.000000e+00,0.000000e+00,-6.965575e-01
1.188090e-02,6.277834e+01,8.247623e+02,8.874284e-05,6.466105e-06,3.380043e-01,7.183287e-05,3.475036e-06,0.000000e+00,-4.736889e+00,0.000000e+00,0.000000e+00,0.000000e+00,0.000000e+00,0.000000e+00,0.000000e+00,0.000000e+00,5.421011e-20,7.546700e-14,0.000000e+00,0.000000e+00,0.000000e+00,0.000000e+00,6.277834e+01,8.246458e+02,3.380043e-01,7.183287e-05,0.000000e+00,5.916350e+01,0.000000e+00,0.000000e+00,-6.965575e-01
1.189133e-02,6.200503e+01,8.255355e+02,8.874284e-05,6.466105e-06,3.380043e-01,7.183287e-05,3.476202e-06,0.000000e+00,-4.736889e+00,0.000000e+00,0.000000e+00,0.000000e+00,0.000000e+00,0.000000e+00,0.000000e+00,0.000000e+00,5.421011e-20,7.546700e-14,0.000000e+00,0.000000e+00,0.000000e+00,0.000000e+00,6.200503e+01,8.254028e+02,3.380043e-01,7.183287e-05,0.000000e+00,5.921256e+01,0.000000e+00,0.000000e+00,-6.965575e-01
1.190176e-02,6.113542e+01,8.264052e+02,8.874284e-05,6.466105e-06,3.380043e-01,7.183287e-05,3.477946e-06,0.000000e+00,-4.736889e+00,0.000000e+00,0.000000e+00,0.000000e+00,0.000000e+00,0.000000e+00,0.000000e+00,0.000000e+00,5.421011e-20,7.546700e-14,0.000000e+00,0.000000e+00,0.000000e+00,0.000000e+00,6.113542e+01,8.262565e+02,3.380043e-01,7.183287e-05,0.000000e+00,5.926164e+01,0.000000e+00,0.000000e+00,-6.965575e-01
1.191220e-02,6.017134e+01,8.273694e+02,8.874284e-05,6.466105e-06,3.380043e-01,7.183287e-05,3.480087e-06,0.000000e+00,-4.736889e+00,0.000000e+00,0.000000e+00,0.000000e+00,0.000000e+00,0.000000e+00,0.000000e+00,0.000000e+00,5.421011e-20,7.546700e-14,0.000000e+00,0.000000e+00,0.000000e+00,0.000000e+00,6.017134e+01,8.272051e+02,3.380043e-01,7.183287e-05,0.000000e+00,5.931075e+01,0.000000e+00,0.000000e+00,-6.965575e-01
1.192264e-02,5.911583e+01,8.284248e+02,8.874284e-05,6.466105e-06,3.380043e-01,7.183287e-05,3.482420e-06,0.000000e+00,-4.736889e+00,0.000000e+00,0.000000e+00,0.000000e+00,0.000000e+00,0.000000e+00,0.000000e+00,0.000000e+00,5.421011e-20,7.546700e-14,0.000000e+00,0.000000e+00,0.000000e+00,0.000000e+00,5.911583e+01,8.282457e+02,3.380043e-01,7.183287e-05,0.000000e+00,5.935988e+01,0.000000e+00,0.000000e+00,-6.965575e-01
1.193309e-02,5.797301e+01,8.295673e+02,8.874284e-05,6.466105e-06,3.380043e-01,7.183287e-05,3.482440e-06,0.000000e+00,-4.736889e+00,0.000000e+00,0.000000e+00,0.000000e+00,0.000000e+00,0.000000e+00,0.000000e+00,0.000000e+00,5.421011e-20,7.546700e-14,0.000000e+00,0.000000e+00,0.000000e+00,0.000000e+00,5.797301e+01,8.293740e+02,3.380043e-01,7.183287e-05,0.000000e+00,5.940905e+01,0.000000e+00,0.000000e+00,-6.965575e-01
1.194005e-02,5.716550e+01,8.303744e+02,8.874284e-05,6.466105e-06,3.380043e-01,7.183287e-05,3.480564e-06,0.000000e+00,-4.736889e+00,0.000000e+00,0.000000e+00,0.000000e+00,0.000000e+00,0.000000e+00,0.000000e+00,0.000000e+00,5.421011e-20,7.546700e-14,0.000000e+00,0.000000e+00,0.000000e+00,0.000000e+00,5.716550e+01,8.301724e+02,3.380043e-01,7.183287e-05,0.000000e+00,5.944181e+01,0.000000e+00,0.000000e+00,-6.965575e-01
1.195049e-02,5.589046e+01,8.316487e+02,8.874284e-05,6.466105e-06,3.380043e-01,7.183287e-05,3.477574e-06,0.000000e+00,-4.736889e+00,0.000000e+00,0.000000e+00,0.000000e+00,0.000000e+00,0.000000e+00,0.000000e+00,0.000000e+00,5.421011e-20,7.546700e-14,0.000000e+00,0.000000e+00,0.000000e+00,0.000000e+00,5.589046e+01,8.314343e+02,3.380043e-01,7.183287e-05,0.000000e+00,5.949093e+01,0.000000e+00,0.000000e+00,-6.965575e-01
1.196092e-02,5.454453e+01,8.329941e+02,8.874284e-05,6.466105e-06,3.380043e-01,7.183287e-05,3.474499e-06,0.000000e+00,-4.736889e+00,0.000000e+00,0.000000e+00,0.000000e+00,0.000000e+00,0.000000e+00,0.000000e+00,0.000000e+00,5.421011e-20,7.546700e-14,0.000000e+00,0.000000e+00,0.000000e+00,0.000000e+00,5.454453e+01,8.327682e+02,3.380043e-01,7.183287e-05,0.000000e+00,5.954001e+01,0.000000e+00,0.000000e+00,-6.965575e-01
1.197134e-02,5.313470e+01,8.344036e+02,8.874284e-05,6.466105e-06,3.380043e-01,7.183287e-05,3.471527e-06,0.000000e+00,-4.736889e+00,0.000000e+00,0.000000e+00,0.000000e+00,0.000000e+00,0.000000e+00,0.000000e+00,0.000000e+00,5.421011e-20,7.546700e-14,0.000000e+00,0.000000e+00,0.000000e+00,0.000000e+00,5.313470e+01,8.341677e+02,3.380043e-01,7.183287e-05,0.000000e+00,5.958904e+01,0.000000e+00,0.000000e+00,-6.965575e-01
1.198175e-02,5.166872e+01,8.358698e+02,8.874284e-05,6.466105e-06,3.380043e-01,7.183287e-05,3.468889e-06,0.000000e+00,-4.736889e+00,0.000000e+00,0.000000e+00,0.000000e+00,0.000000e+00,0.000000e+00,0.000000e+00,0.000000e+00,5.421011e-20,7.546700e-14,0.000000e+00,0.000000e+00,0.000000e+00,0.000000e+00,5.166872e+01,8.356251e+02,3.380043e-01,7.183287e-05,0.000000e+00,5.963803e+01,0.000000e+00,0.000000e+00,-6.965575e-01
1.199215e-02,5.015495e+01,8.373842e+02,8.874284e-05,6.466105e-06,3.380043e-01,7.183287e-05,3.466802e-06,0.000000e+00,-4.736889e+00,0.000000e+00,0.000000e+00,0.000000e+00,0.000000e+00,0.000000e+00,0.000000e+00,0.000000e+00,5.421011e-20,7.546700e-14,0.000000e+00,0.000000e+00,0.000000e+00,0.000000e+00,5.015495e+01,8.371320e+02,3.380043e-01,7.183287e-05,0.000000e+00,5.968699e+01,0.000000e+00,0.000000e+00,-6.965575e-01
1.200255e-02,4.860215e+01,8.389376e+02,8.874284e-05,6.466105e-06,3.380043e-01,7.183287e-05,3.465427e-06,0.000000e+00,-4.736889e+00,0.000000e+00,0.000000e+00,0.000000e+00,0.000000e+00,0.000000e+00,0.000000e+00,0.000000e+00,5.421011e-20,7.546700e-14,0.000000e+00,0.000000e+00,0.000000e+00,0.000000e+00,4.860215e+01,8.386797e+02,3.380043e-01,7.183287e-05,0.000000e+00,5.973592e+01,0.000000e+00,0.000000e+00,-6.965575e-01
1.201295e-02,4.701920e+01,8.405211e+02,8.874284e-05,6.466105e-06,3.380043e-01,7.183287e-05,3.464849e-06,0.000000e+00,-4.736889e+00,0.000000e+00,0.000000e+00,0.000000e+00,0.000000e+00,0.000000e+00,0.000000e+00,0.000000e+00,5.421011e-20,7.546700e-14,0.000000e+00,0.000000e+00,0.000000e+00,0.000000e+00,4.701920e+01,8.402589e+02,3.380043e-01,7.183287e-05,0.000000e+00,5.978484e+01,0.000000e+00,0.000000e+00,-6.965575e-01
1.202334e-02,4.541492e+01,8.421257e+02,8.874284e-05,6.466105e-06,3.380043e-01,7.183287e-05,3.465102e-06,0.000000e+00,-4.736889e+00,0.000000e+00,0.000000e+00,0.000000e+00,0.000000e+00,0.000000e+00,0.000000e+00,0.000000e+00,5.421011e-20,7.546700e-14,0.000000e+00,0.000000e+00,0.000000e+00,0.000000e+00,4.541492e+01,8.418606e+02,3.380043e-01,7.183287e-05,0.000000e+00,5.983375e+01,0.000000e+00,0.000000e+00,-6.965575e-01
1.203027e-02,4.433788e+01,8.432029e+02,8.874284e-05,6.466105e-06,3.380043e-01,7.183287e-05,3.465700e-06,0.000000e+00,-4.736889e+00,0.000000e+00,0.000000e+00,0.000000e+00,0.000000e+00,0.000000e+00,0.000000e+00,0.000000e+00,5.421011e-20,7.546700e-14,0.000000e+00,0.000000e+00,0.000000e+00,0.000000e+00,4.433788e+01,8.429367e+02,3.380043e-01,7.183287e-05,0.000000e+00,5.986636e+01,0.000000e+00,0.000000e+00,-6.965575e-01
1.204067e-02,4.271762e+01,8.448237e+02,8.874284e-05,6.466105e-06,3.380043e-01,7.183287e-05,3.467129e-06,0.000000e+00,-4.736889e+00,0.000000e+00,0.000000e+00,0.000000e+00,0.000000e+00,0.000000e+00,0.000000e+00,0.000000e+00,5.421011e-20,7.546700e-14,0.000000e+00,0.000000e+00,0.000000e+00,0.000000e+00,4.271762e+01,8.445569e+02,3.380043e-01,7.183287e-05,0.000000e+00,5.991529e+01,0.000000e+00,0.000000e+00,-6.965575e-01
1.205108e-02,4.109991e+01,8.464422e+02,8.874284e-05,6.466105e-06,3.380043e-01,7.183287e-05,3.469000e-06,0.000000e+00,-4.736889e+00,0.000000e+00,0.000000e+00,0.000000e+00,0.000000e+00,0.000000e+00,0.000000e+00,0.000000e+00,5.421011e-20,7.546700e-14,0.000000e+00,0.000000e+00,0.000000e+00,0.000000e+00,4.109991e+01,8.461766e+02,3.380043e-01,7.183287e-05,0.000000e+00,5.996424e+01,0.000000e+00,0.000000e+00,-6.965575e-01
1.206149e-02,3.949433e+01,8.480489e+02,8.874284e-05,6.466105e-06,3.380043e-01,7.183287e-05,3.470720e-06,0.000000e+00,-4.736889e+00,0.000000e+00,0.000000e+00,0.000000e+00,0.000000e+00,0.000000e+00,0.000000e+00,0.000000e+00,5.421011e-20,7.546700e-14,0.000000e+00,0.000000e+00,0.000000e+00,0.000000e+00,3.949433e+01,8.477861e+02,3.380043e-01,7.183287e-05,0.000000e+00,6.001322e+01,0.000000e+00,0.000000e+00,-6.965575e-01
1.207190e-02,3.791127e+01,8.496329e+02,8.874284e-05,6.466105e-06,3.380043e-01,7.183287e-05,3.468939e-06,0.000000e+00,-4.736889e+00,0.000000e+00,0.000000e+00,0.000000e+00,0.000000e+00,0.000000e+00,0.000000e+00,0.000000e+00,5.421011e-20,7.546700e-14,0.000000e+00,0.000000e+00,0.000000e+00,0.000000e+00,3.791127e+01,8.493748e+02,3.380043e-01,7.183287e-05,0.000000e+00,6.006220e+01,0.000000e+00,0.000000e+00,-6.965575e-01
1.208230e-02,3.636062e+01,8.511841e+02,8.874284e-05,6.466105e-06,3.380043e-01,7.183287e-05,3.468115e-06,0.000000e+00,-4.736889e+00,0.000000e+00,0.000000e+00,0.000000e+00,0.000000e+00,0.000000e+00,0.000000e+00,0.000000e+00,5.421011e-20,7.546700e-14,0.000000e+00,0.000000e+00,0.000000e+00,0.000000e+00,3.636062e+01,8.509321e+02,3.380043e-01,7.183287e-05,0.000000e+00,6.011117e+01,0.000000e+00,0.000000e+00,-6.965575e-01
1.209271e-02,3.484973e+01,8.526950e+02,8.874284e-05,6.466105e-06,3.380043e-01,7.183287e-05,3.468362e-06,0.000000e+00,-4.736889e+00,0.000000e+00,0.000000e+00,0.000000e+00,0.000000e+00,0.000000e+00,0.000000e+00,0.000000e+00,5.421011e-20,7.546700e-14,0.000000e+00,0.000000e+00,0.000000e+00,0.000000e+00,3.484973e+01,8.524501e+02,3.380043e-01,7.183287e-05,0.000000e+00,6.016012e+01,0.000000e+00,0.000000e+00,-6.965575e-01
1.210311e-02,3.338445e+01,8.541600e+02,8.874284e-05,6.466105e-06,3.380043e-01,7.183287e-05,3.469676e-06,0.000000e+00,-4.736889e+00,0.000000e+00,0.000000e+00,0.000000e+00,0.000000e+00,0.000000e+00,0.000000e+00,0.000000e+00,5.421011e-20,7.546700e-14,0.000000e+00,0.000000e+00,0.000000e+00,0.000000e+00,3.338445e+01,8.539230e+02,3.380043e-01,7.183287e-05,0.000000e+00,6.020909e+01,0.000000e+00,0.000000e+00,-6.965575e-01
1.211005e-02,3.243521e+01,8.551090e+02,8.874284e-05,6.466105e-06,3.380043e-01,7.183287e-05,3.471080e-06,0.000000e+00,-4.736889e+00,0.000000e+00,0.000000e+00,0.000000e+00,0.000000e+00,0.000000e+00,0.000000e+00,0.000000e+00,5.421011e-20,7.546700e-14,0.000000e+00,0.000000e+00,0.000000e+00,0.000000e+00,3.243521e+01,8.548778e+02,3.380043e-01,7.183287e-05,0.000000e+00,6.024174e+01,0.000000e+00,0.000000e+00,-6.965575e-01
1.212047e-02,3.105564e+01,8.564888e+02,8.874284e-05,6.466105e-06,3.380043e-01,7.183287e-05,3.473792e-06,0.000000e+00,-4.736889e+00,0.000000e+00,0.000000e+00,0.000000e+00,0.000000e+00,0.000000e+00,0.000000e+00,0.000000e+00,5.421011e-20,7.546700e-14,0.000000e+00,0.000000e+00,0.000000e+00,0.000000e+00,3.105564e+01,8.562665e+02,3.380043e-01,7.183287e-05,0.000000e+00,6.029076e+01,0.000000e+00,0.000000e+00,-6.965575e-01
1.213089e-02,2.973264e+01,8.578126e+02,8.874284e-05,6.466105e-06,3.380043e-01,7.183287e-05,3.473227e-06,0.000000e+00,-4.736889e+00,0.000000e+00,0.000000e+00,0.000000e+00,0.000000e+00,0.000000e+00,0.000000e+00,0.000000e+00,5.421011e-20,7.546700e-14,0.000000e+00,0.000000e+00,0.000000e+00,0.000000e+00,2.973264e+01,8.576000e+02,3.380043e-01,7.183287e-05,0.000000e+00,6.033979e+01,0.000000e+00,0.000000e+00,-6.965575e-01
1.214131e-02,2.847089e+01,8.590754e+02,8.874284e-05,6.466105e-06,3.380043e-01,7.183287e-05,3.471575e-06,0.000000e+00,-4.736889e+00,0.000000e+00,0.000000e+00,0.000000e+00,0.000000e+00,0.000000e+00,0.000000e+00,0.000000e+00,5.421011e-20,7.546700e-14,0.000000e+00,0.000000e+00,0.000000e+00,0.000000e+00,2.847089e+01,8.588734e+02,3.380043e-01,7.183287e-05,0.000000e+00,6.038882e+01,0.000000e+00,0.000000e+00,-6.965575e-01
1.215172e-02,2.727385e+01,8.602736e+02,8.874284e-05,6.466105e-06,3.380043e-01,7.183287e-05,3.469873e-06,0.000000e+00,-4.736889e+00,0.000000e+00,0.000000e+00,0.000000e+00,0.000000e+00,0.000000e+00,0.000000e+00,0.000000e+00,5.421011e-20,7.546700e-14,0.000000e+00,0.000000e+00,0.000000e+00,0.000000e+00,2.727385e+01,8.600825e+02,3.380043e-01,7.183287e-05,0.000000e+00,6.043781e+01,0.000000e+00,0.000000e+00,-6.965575e-01
1.216213e-02,2.614456e+01,8.614034e+02,8.874284e-05,6.466105e-06,3.380043e-01,7.183287e-05,3.468434e-06,0.000000e+00,-4.736889e+00,0.000000e+00,0.000000e+00,0.000000e+00,0.000000e+00,0.000000e+00,0.000000e+00,0.000000e+00,5.421011e-20,7.546700e-14,0.000000e+00,0.000000e+00,0.000000e+00,0.000000e+00,2.614456e+01,8.612240e+02,3.380043e-01,7.183287e-05,0.000000e+00,6.048679e+01,0.000000e+00,0.000000e+00,-6.965575e-01
1.217253e-02,2.508544e+01,8.624623e+02,8.874284e-05,6.466105e-06,3.380043e-01,7.183287e-05,3.467583e-06,0.000000e+00,-4.736889e+00,0.000000e+00,0.000000e+00,0.000000e+00,0.000000e+00,0.000000e+00,0.000000e+00,0.000000e+00,5.421011e-20,7.546700e-14,0.000000e+00,0.000000e+00,0.000000e+00,0.000000e+00,2.508544e+01,8.622949e+02,3.380043e-01,7.183287e-05,0.000000e+00,6.053574e+01,0.000000e+00,0.000000e+00,-6.965575e-01
1.218294e-02,2.409810e+01,8.634487e+02,8.874284e-05,6.466105e-06,3.380043e-01,7.183287e-05,3.467602e-06,0.000000e+00,-4.736889e+00,0.000000e+00,0.000000e+00,0.000000e+00,0.000000e+00,0.000000e+00,0.000000e+00,0.000000e+00,5.421011e-20,7.546700e-14,0.000000e+00,0.000000e+00,0.000000e+00,0.000000e+00,2.409810e+01,8.632934e+02,3.380043e-01,7.183287e-05,0.000000e+00,6.058469e+01,0.000000e+00,0.000000e+00,-6.965575e-01
1.219334e-02,2.318330e+01,8.643620e+02,8.874284e-05,6.466105e-06,3.380043e-01,7.183287e-05,3.468661e-06,0.000000e+00,-4.736889e+00,0.000000e+00,0.000000e+00,0.000000e+00,0.000000e+00,0.000000e+00,0.000000e+00,0.000000e+00,5.421011e-20,7.546700e-14,0.000000e+00,0.000000e+00,0.000000e+00,0.000000e+00,2.318330e+01,8.642189e+02,3.380043e-01,7.183287e-05,0.000000e+00,6.063364e+01,0.000000e+00,0.000000e+00,-6.965575e-01
1.220028e-02,2.261373e+01,8.649304e+02,8.874284e-05,6.466105e-06,3.380043e-01,7.183287e-05,3.469955e-06,0.000000e+00,-4.736889e+00,0.000000e+00,0.000000e+00,0.000000e+00,0.000000e+00,0.000000e+00,0.000000e+00,0.000000e+00,5.421011e-20,7.546700e-14,0.000000e+00,0.000000e+00,0.000000e+00,0.000000e+00,2.261373e+01,8.647953e+02,3.380043e-01,7.183287e-05,0.000000e+00,6.066629e+01,0.000000e+00,0.000000e+00,-6.965575e-01
1.221069e-02,2.181952e+01,8.657230e+02,8.874284e-05,6.466105e-06,3.380043e-01,7.183287e-05,3.472673e-06,0.000000e+00,-4.736889e+00,0.000000e+00,0.000000e+00,0.000000e+00,0.000000e+00,0.000000e+00,0.000000e+00,0.000000e+00,5.421011e-20,7.546700e-14,0.000000e+00,0.000000e+00,0.000000e+00,0.000000e+00,2.181952e+01,8.655999e+02,3.380043e-01,7.183287e-05,0.000000e+00,6.071529e+01,0.000000e+00,0.000000e+00,-6.965575e-01
1.222111e-02,2.109709e+01,8.664443e+02,8.874284e-05,6.466105e-06,3.380043e-01,7.183287e-05,3.476062e-06,0.000000e+00,-4.736889e+00,0.000000e+00,0.000000e+00,0.000000e+00,0.000000e+00,0.000000e+00,0.000000e+00,0.000000e+00,5.421011e-20,7.546700e-14,0.000000e+00,0.000000e+00,0.000000e+00,0.000000e+00,2.109709e+01,8.663331e+02,3.380043e-01,7.183287e-05,0.000000e+00,6.076432e+01,0.000000e+00,0.000000e+00,-6.965575e-01
1.223154e-02,2.044627e+01,8.670948e+02,8.874284e-05,6.466105e-06,3.380043e-01,7.183287e-05,3.479685e-06,0.000000e+00,-4.736889e+00,0.000000e+00,0.000000e+00,0.000000e+00,0.000000e+00,0.000000e+00,0.000000e+00,0.000000e+00,5.421011e-20,7.546700e-14,0.000000e+00,0.000000e+00,0.000000e+00,0.000000e+00,2.044627e+01,8.669954e+02,3.380043e-01,7.183287e-05,0.000000e+00,6.081341e+01,0.000000e+00,0.000000e+00,-6.965575e-01
1.224198e-02,1.986744e+01,8.676740e+02,8.874284e-05,6.466105e-06,3.380043e-01,7.183287e-05,3.483029e-06,0.000000e+00,-4.736889e+00,0.000000e+00,0.000000e+00,0.000000e+00,0.000000e+00,0.000000e+00,0.000000e+00,0.000000e+00,5.421011e-20,7.546700e-14,0.000000e+00,0.000000e+00,0.000000e+00,0.000000e+00,1.986744e+01,8.675865e+02,3.380043e-01,7.183287e-05,0.000000e+00,6.086255e+01,0.000000e+00,0.000000e+00,-6.965575e-01
1.225244e-02,1.936146e+01,8.681807e+02,8.874284e-05,6.466105e-06,3.380043e-01,7.183287e-05,3.485582e-06,0.000000e+00,-4.736889e+00,0.000000e+00,0.000000e+00,0.000000e+00,0.000000e+00,0.000000e+00,0.000000e+00,0.000000e+00,5.421011e-20,7.546700e-14,0.000000e+00,0.000000e+00,0.000000e+00,0.000000e+00,1.936146e+01,8.681054e+02,3.380043e-01,7.183287e-05,0.000000e+00,6.091173e+01,0.000000e+00,0.000000e+00,-6.965575e-01
1.226289e-02,1.892928e+01,8.686134e+02,8.874284e-05,6.466105e-06,3.380043e-01,7.183287e-05,3.486919e-06,0.000000e+00,-4.736889e+00,0.000000e+00,0.000000e+00,0.000000e+00,0.000000e+00,0.000000e+00,0.000000e+00,0.000000e+00,5.421011e-20,7.546700e-14,0.000000e+00,0.000000e+00,0.000000e+00,0.000000e+00,1.892928e+01,8.685506e+02,3.380043e-01,7.183287e-05,0.000000e+00,6.096094e+01,0.000000e+00,0.000000e+00,-6.965575e-01
1.227336e-02,1.857143e+01,8.689714e+02,8.874284e-05,6.466105e-06,3.380043e-01,7.183287e-05,3.486781e-06,0.000000e+00,-4.736889e+00,0.000000e+00,0.000000e+00,0.000000e+00,0.000000e+00,0.000000e+00,0.000000e+00,0.000000e+00,5.421011e-20,7.546700e-14,0.000000e+00,0.000000e+00,0.000000e+00,0.000000e+00,1.857143e+01,8.689210e+02,3.380043e-01,7.183287e-05,0.000000e+00,6.101016e+01,0.000000e+00,0.000000e+00,-6.965575e-01
1.228033e-02,1.837405e+01,8.691685e+02,8.874284e-05,6.466105e-06,3.380043e-01,7.183287e-05,3.485835e-06,0.000000e+00,-4.736889e+00,0.000000e+00,0.000000e+00,0.000000e+00,0.000000e+00,0.000000e+00,0.000000e+00,0.000000e+00,5.421011e-20,7.546700e-14,0.000000e+00,0.000000e+00,0.000000e+00,0.000000e+00,1.837405e+01,8.691263e+02,3.380043e-01,7.183287e-05,0.000000e+00,6.104297e+01,0.000000e+00,0.000000e+00,-6.965575e-01
1.229078e-02,1.813896e+01,8.694028e+02,8.874284e-05,6.466105e-06,3.380043e-01,7.183287e-05,3.483229e-06,0.000000e+00,-4.736889e+00,0.000000e+00,0.000000e+00,0.000000e+00,0.000000e+00,0.000000e+00,0.000000e+00,0.000000e+00,5.421011e-20,7.546700e-14,0.000000e+00,0.000000e+00,0.000000e+00,0.000000e+00,1.813896e+01,8.693729e+02,3.380043e-01,7.183287e-05,0.000000e+00,6.109217e+01,0.000000e+00,0.000000e+00,-6.965575e-01
1.230123e-02,1.797555e+01,8.695652e+02,8.874284e-05,6.466105e-06,3.380043e-01,7.183287e-05,3.479461e-06,0.000000e+00,-4.736889e+00,0.000000e+00,0.000000e+00,0.000000e+00,0.000000e+00,0.000000e+00,0.000000e+00,0.000000e+00,5.421011e-20,7.546700e-14,0.000000e+00,0.000000e+00,0.000000e+00,0.000000e+00,1.797555e+01,8.695471e+02,3.380043e-01,7.183287e-05,0.000000e+00,6.114132e+01,0.000000e+00,0.000000e+00,-6.965575e-01
1.231166e-02,1.788192e+01,8.696582e+02,8.874284e-05,6.466105e-06,3.380043e-01,7.183287e-05,3.474975e-06,0.000000e+00,-4.736889e+00,0.000000e+00,0.000000e+00,0.000000e+00,0.000000e+00,0.000000e+00,0.000000e+00,0.000000e+00,5.421011e-20,7.546700e-14,0.000000e+00,0.000000e+00,0.000000e+00,0.000000e+00,1.788192e+01,8.696515e+02,3.380043e-01,7.183287e-05,0.000000e+00,6.119042e+01,0.000000e+00,0.000000e+00,-6.965575e-01
1.232208e-02,1.785645e+01,8.696833e+02,8.874284e-05,6.466105e-06,3.380043e-01,7.183287e-05,3.470275e-06,0.000000e+00,-4.736889e+00,0.000000e+00,0.000000e+00,0.000000e+00,0.000000e+00,0.000000e+00,0.000000e+00,0.000000e+00,5.421011e-20,7.546700e-14,0.000000e+00,0.000000e+00,0.000000e+00,0.000000e+00,1.785645e+01,8.696878e+02,3.380043e-01,7.183287e-05,0.000000e+00,6.123945e+01,0.000000e+00,0.000000e+00,-6.965575e-01
1.233249e-02,1.789820e+01,8.696416e+02,8.874284e-05,6.466105e-06,3.380043e-01,7.183287e-05,3.465854e-06,0.000000e+00,-4.736889e+00,0.000000e+00,0.000000e+00,0.000000e+00,0.000000e+00,0.000000e+00,0.000000e+00,0.000000e+00,5.421011e-20,7.546700e-14,0.000000e+00,0.000000e+00,0.000000e+00,0.000000e+00,1.789820e+01,8.696572e+02,3.380043e-01,7.183287e-05,0.000000e+00,6.128842e+01,0.000000e+00,0.000000e+00,-6.965575e-01
1.234288e-02,1.800706e+01,8.695329e+02,8.874284e-05,6.466105e-06,3.380043e-01,7.183287e-05,3.462124e-06,0.000000e+00,-4.736889e+00,0.000000e+00,0.000000e+00,0.000000e+00,0.000000e+00,0.000000e+00,0.000000e+00,0.000000e+00,5.421011e-20,7.546700e-14,0.000000e+00,0.000000e+00,0.000000e+00,0.000000e+00,1.800706e+01,8.695597e+02,3.380043e-01,7.183287e-05,0.000000e+00,6.133732e+01,0.000000e+00,0.000000e+00,-6.965575e-01
1.235327e-02,1.818352e+01,8.693564e+02,8.874284e-05,6.466105e-06,3.380043e-01,7.183287e-05,3.459367e-06,0.000000e+00,-4.736889e+00,0.000000e+00,0.000000e+00,0.000000e+00,0.000000e+00,0.000000e+00,0.000000e+00,0.000000e+00,5.421011e-20,7.546700e-14,0.000000e+00,0.000000e+00,0.000000e+00,0.000000e+00,1.818352e+01,8.693946e+02,3.380043e-01,7.183287e-05,0.000000e+00,6.138618e+01,0.000000e+00,0.000000e+00,-6.965575e-01
1.236019e-02,1.833909e+01,8.692008e+02,8.874284e-05,6.466105e-06,3.380043e-01,7.183287e-05,3.458147e-06,0.000000e+00,-4.736889e+00,0.000000e+00,0.000000e+00,0.000000e+00,0.000000e+00,0.000000e+00,0.000000e+00,0.000000e+00,5.421011e-20,7.546700e-14,0.000000e+00,0.000000e+00,0.000000e+00,0.000000e+00,1.833909e+01,8.692466e+02,3.380043e-01,7.183287e-05,0.000000e+00,6.141873e+01,0.000000e+00,0.000000e+00,-6.965575e-01
1.237056e-02,1.862982e+01,8.689097e+02,8.874284e-05,6.466105e-06,3.380043e-01,7.183287e-05,3.457275e-06,0.000000e+00,-4.736889e+00,0.000000e+00,0.000000e+00,0.000000e+00,0.000000e+00,0.000000e+00,0.000000e+00,0.000000e+00,5.421011e-20,7.546700e-14,0.000000e+00,0.000000e+00,0.000000e+00,0.000000e+00,1.862982e+01,8.689670e+02,3.380043e-01,7.183287e-05,0.000000e+00,6.146754e+01,0.000000e+00,0.000000e+00,-6.965575e-01
1.238093e-02,1.898955e+01,8.685494e+02,8.874284e-05,6.466105e-06,3.380043e-01,7.183287e-05,3.457538e-06,0.000000e+00,-4.736889e+00,0.000000e+00,0.000000e+00,0.000000e+00,0.000000e+00,0.000000e+00,0.000000e+00,0.000000e+00,5.421011e-20,7.546700e-14,0.000000e+00,0.000000e+00,0.000000e+00,0.000000e+00,1.898955e+01,8.686183e+02,3.380043e-01,7.183287e-05,0.000000e+00,6.151635e+01,0.000000e+00,0.000000e+00,-6.965575e-01
1.239130e-02,1.941778e+01,8.681205e+02,8.874284e-05,6.466105e-06,3.380043e-01,7.183287e-05,3.458837e-06,0.000000e+00,-4.736889e+00,0.000000e+00,0.000000e+00,0.000000e+00,0.000000e+00,0.000000e+00,0.000000e+00,0.000000e+00,5.421011e-20,7.546700e-14,0.000000e+00,0.000000e+00,0.000000e+00,0.000000e+00,1.941778e+01,8.682007e+02,3.380043e-01,7.183287e-05,0.000000e+00,6.156516e+01,0.000000e+00,0.000000e+00,-6.965575e-01
1.240168e-02,1.991332e+01,8.676243e+02,8.874284e-05,6.466105e-06,3.380043e-01,7.183287e-05,3.461018e-06,0.000000e+00,-4.736889e+00,0.000000e+00,0.000000e+00,0.000000e+00,0.000000e+00,0.000000e+00,0.000000e+00,0.000000e+00,5.421011e-20,7.546700e-14,0.000000e+00,0.000000e+00,0.000000e+00,0.000000e+00,1.991332e+01,8.677156e+02,3.380043e-01,7.183287e-05,0.000000e+00,6.161399e+01,0.000000e+00,0.000000e+00,-6.965575e-01
1.241207e-02,2.047442e+01,8.670624e+02,8.874284e-05,6.466105e-06,3.380043e-01,7.183287e-05,3.463854e-06,0.000000e+00,-4.736889e+00,0.000000e+00,0.000000e+00,0.000000e+00,0.000000e+00,0.000000e+00,0.000000e+00,0.000000e+00,5.421011e-20,7.546700e-14,0.000000e+00,0.000000e+00,0.000000e+00,0.000000e+00,2.047442e+01,8.671645e+02,3.380043e-01,7.183287e-05,0.000000e+00,6.166286e+01,0.000000e+00,0.000000e+00,-6.965575e-01
1.242246e-02,2.109905e+01,8.664371e+02,8.874284e-05,6.466105e-06,3.380043e-01,7.183287e-05,3.467045e-06,0.000000e+00,-4.736889e+00,0.000000e+00,0.000000e+00,0.000000e+00,0.000000e+00,0.000000e+00,0.000000e+00,0.000000e+00,5.421011e-20,7.546700e-14,0.000000e+00,0.000000e+00,0.000000e+00,0.000000e+00,2.109905e+01,8.665496e+02,3.380043e-01,7.183287e-05,0.000000e+00,6.171178e+01,0.000000e+00,0.000000e+00,-6.965575e-01
1.243287e-02,2.178509e+01,8.657504e+02,8.874284e-05,6.466105e-06,3.380043e-01,7.183287e-05,3.470255e-06,0.000000e+00,-4.736889e+00,0.000000e+00,0.000000e+00,0.000000e+00,0.000000e+00,0.000000e+00,0.000000e+00,0.000000e+00,5.421011e-20,7.546700e-14,0.000000e+00,0.000000e+00,0.000000e+00,0.000000e+00,2.178509e+01,8.658729e+02,3.380043e-01,7.183287e-05,0.000000e+00,6.176073e+01,0.000000e+00,0.000000e+00,-6.965575e-01
1.244328e-02,2.253048e+01,8.650047e+02,8.874284e-05,6.466105e-06,3.380043e-01,7.183287e-05,3.473136e-06,0.000000e+00,-4.736889e+00,0.000000e+00,0.000000e+00,0.000000e+00,0.000000e+00,0.000000e+00,0.000000e+00,0.000000e+00,5.421011e-20,7.546700e-14,0.000000e+00,0.000000e+00,0.000000e+00,0.000000e+00,2.253048e+01,8.651370e+02,3.380043e-01,7.183287e-05,0.000000e+00,6.180973e+01,0.000000e+00,0.000000e+00,-6.965575e-01
1.245023e-02,2.305935e+01,8.644760e+02,8.874284e-05,6.466105e-06,3.380043e-01,7.183287e-05,3.474720e-06,0.000000e+00,-4.736889e+00,0.000000e+00,0.000000e+00,0.000000e+00,0.000000e+00,0.000000e+00,0.000000e+00,0.000000e+00,5.421011e-20,7.546700e-14,0.000000e+00,0.000000e+00,0.000000e+00,0.000000e+00,2.305935e+01,8.646144e+02,3.380043e-01,7.183287e-05,0.000000e+00,6.184243e+01,0.000000e+00,0.000000e+00,-6.965575e-01
1.246066e-02,2.389890e+01,8.636368e+02,8.874284e-05,6.466105e-06,3.380043e-01,7.183287e-05,3.476430e-06,0.000000e+00,-4.736889e+00,0.000000e+00,0.000000e+00,0.000000e+00,0.000000e+00,0.000000e+00,0.000000e+00,0.000000e+00,5.421011e-20,7.546700e-14,0.000000e+00,0.000000e+00,0.000000e+00,0.000000e+00,2.389890e+01,8.637844e+02,3.380043e-01,7.183287e-05,0.000000e+00,6.189148e+01,0.000000e+00,0.000000e+00,-6.965575e-01
1.247109e-02,2.479164e+01,8.627449e+02,8.874284e-05,6.466105e-06,3.380043e-01,7.183287e-05,3.477255e-06,0.000000e+00,-4.736889e+00,0.000000e+00,0.000000e+00,0.000000e+00,0.000000e+00,0.000000e+00,0.000000e+00,0.000000e+00,5.421011e-20,7.546700e-14,0.000000e+00,0.000000e+00,0.000000e+00,0.000000e+00,2.479164e+01,8.629010e+02,3.380043e-01,7.183287e-05,0.000000e+00,6.194056e+01,0.000000e+00,0.000000e+00,-6.965575e-01
1.248152e-02,2.573443e+01,8.618027e+02,8.874284e-05,6.466105e-06,3.380043e-01,7.183287e-05,3.477246e-06,0.000000e+00,-4.736889e+00,0.000000e+00,0.000000e+00,0.000000e+00,0.000000e+00,0.000000e+00,0.000000e+00,0.000000e+00,5.421011e-20,7.546700e-14,0.000000e+00,0.000000e+00,0.000000e+00,0.000000e+00,2.573443e+01,8.619670e+02,3.380043e-01,7.183287e-05,0.000000e+00,6.198965e+01,0.000000e+00,0.000000e+00,-6.965575e-01
1.249195e-02,2.672356e+01,8.608138e+02,8.874284e-05,6.466105e-06,3.380043e-01,7.183287e-05,3.476623e-06,0.000000e+00,-4.736889e+00,0.000000e+00,0.000000e+00,0.000000e+00,0.000000e+00,0.000000e+00,0.000000e+00,0.000000e+00,5.421011e-20,7.546700e-14,0.000000e+00,0.000000e+00,0.000000e+00,0.000000e+00,2.672356e+01,8.609856e+02,3.380043e-01,7.183287e-05,0.000000e+00,6.203873e+01,0.000000e+00,0.000000e+00,-6.965575e-01
1.250238e-02,2.775480e+01,8.597823e+02,8.874284e-05,6.466105e-06,3.380043e-01,7.183287e-05,3.475733e-06,0.000000e+00,-4.736889e+00,0.000000e+00,0.000000e+00,0.000000e+00,0.000000e+00,0.000000e+00,0.000000e+00,0.000000e+00,5.421011e-20,7.546700e-14,0.000000e+00,0.000000e+00,0.000000e+00,0.000000e+00,2.775480e+01,8.599608e+02,3.380043e-01,7.183287e-05,0.000000e+00,6.208781e+01,0.000000e+00,0.000000e+00,-6.965575e-01
1.251280e-02,2.882375e+01,8.587127e+02,8.874284e-05,6.466105e-06,3.380043e-01,7.183287e-05,3.474973e-06,0.000000e+00,-4.736889e+00,0.000000e+00,0.000000e+00,0.000000e+00,0.000000e+00,0.000000e+00,0.000000e+00,0.000000e+00,5.421011e-20,7.546700e-14,0.000000e+00,0.000000e+00,0.000000e+00,0.000000e+00,2.882375e+01,8.588972e+02,3.380043e-01,7.183287e-05,0.000000e+00,6.213687e+01,0.000000e+00,0.000000e+00,-6.965575e-01
1.252323e-02,2.992619e+01,8.576097e+02,8.874284e-05,6.466105e-06,3.380043e-01,7.183287e-05,3.474697e-06,0.000000e+00,-4.736889e+00,0.000000e+00,0.000000e+00,0.000000e+00,0.000000e+00,0.000000e+00,0.000000e+00,0.000000e+00,5.421011e-20,7.546700e-14,0.000000e+00,0.000000e+00,0.000000e+00,0.000000e+00,2.992619e+01,8.577994e+02,3.380043e-01,7.183287e-05,0.000000e+00,6.218592e+01,0.000000e+00,0.000000e+00,-6.965575e-01
1.253018e-02,3.067785e+01,8.568578e+02,8.874284e-05,6.466105e-06,3.380043e-01,7.183287e-05,3.474895e-06,0.000000e+00,-4.736889e+00,0.000000e+00,0.000000e+00,0.000000e+00,0.000000e+00,0.000000e+00,0.000000e+00,0.000000e+00,5.421011e-20,7.546700e-14,0.000000e+00,0.000000e+00,0.000000e+00,0.000000e+00,3.067785e+01,8.570507e+02,3.380043e-01,7.183287e-05,0.000000e+00,6.221862e+01,0.000000e+00,0.000000e+00,-6.965575e-01
1.254060e-02,3.182786e+01,8.557080e+02,8.874284e-05,6.466105e-06,3.380043e-01,7.183287e-05,3.475808e-06,0.000000e+00,-4.736889e+00,0.000000e+00,0.000000e+00,0.000000e+00,0.000000e+00,0.000000e+00,0.000000e+00,0.000000e+00,5.421011e-20,7.546700e-14,0.000000e+00,0.000000e+00,0.000000e+00,0.000000e+00,3.182786e+01,8.559051e+02,3.380043e-01,7.183287e-05,0.000000e+00,6.226767e+01,0.000000e+00,0.000000e+00,-6.965575e-01
1.255103e-02,3.300203e+01,8.545344e+02,8.874284e-05,6.466105e-06,3.380043e-01,7.183287e-05,3.477325e-06,0.000000e+00,-4.736889e+00,0.000000e+00,0.000000e+00,0.000000e+00,0.000000e+00,0.000000e+00,0.000000e+00,0.000000e+00,5.421011e-20,7.546700e-14,0.000000e+00,0.000000e+00,0.000000e+00,0.000000e+00,3.300203e+01,8.547352e+02,3.380043e-01,7.183287e-05,0.000000e+00,6.231675e+01,0.000000e+00,0.000000e+00,-6.965575e-01
1.256147e-02,3.419688e+01,8.533401e+02,8.874284e-05,6.466105e-06,3.380043e-01,7.183287e-05,3.479145e-06,0.000000e+00,-4.736889e+00,0.000000e+00,0.000000e+00,0.000000e+00,0.000000e+00,0.000000e+00,0.000000e+00,0.000000e+00,5.421011e-20,7.546700e-14,0.000000e+00,0.000000e+00,0.000000e+00,0.000000e+00,3.419688e+01,8.535441e+02,3.380043e-01,7.183287e-05,0.000000e+00,6.236584e+01,0.000000e+00,0.000000e+00,-6.965575e-01
1.257190e-02,3.540820e+01,8.521291e+02,8.874284e-05,6.466105e-06,3.380043e-01,7.183287e-05,3.480880e-06,0.000000e+00,-4.736889e+00,0.000000e+00,0.000000e+00,0.000000e+00,0.000000e+00,0.000000e+00,0.000000e+00,0.000000e+00,5.421011e-20,7.546700e-14,0.000000e+00,0.000000e+00,0.000000e+00,0.000000e+00,3.540820e+01,8.523356e+02,3.380043e-01,7.183287e-05,0.000000e+00,6.241496e+01,0.000000e+00,0.000000e+00,-6.965575e-01
1.258235e-02,3.663079e+01,8.509064e+02,8.874284e-05,6.466105e-06,3.380043e-01,7.183287e-05,3.482156e-06,0.000000e+00,-4.736889e+00,0.000000e+00,0.000000e+00,0.000000e+00,0.000000e+00,0.000000e+00,0.000000e+00,0.000000e+00,5.421011e-20,7.546700e-14,0.000000e+00,0.000000e+00,0.000000e+00,0.000000e+00,3.663079e+01,8.511143e+02,3.380043e-01,7.183287e-05,0.000000e+00,6.246411e+01,0.000000e+00,0.000000e+00,-6.965575e-01
1.259280e-02,3.785866e+01,8.496780e+02,8.874284e-05,6.466105e-06,3.380043e-01,7.183287e-05,3.482674e-06,0.000000e+00,-4.736889e+00,0.000000e+00,0.000000e+00,0.000000e+00,0.000000e+00,0.000000e+00,0.000000e+00,0.000000e+00,5.421011e-20,7.546700e-14,0.000000e+00,0.000000e+00,0.000000e+00,0.000000e+00,3.785866e+01,8.498865e+02,3.380043e-01,7.183287e-05,0.000000e+00,6.251326e+01,0.000000e+00,0.000000e+00,-6.965575e-01
1.260324e-02,3.908557e+01,8.484508e+02,8.874284e-05,6.466105e-06,3.380043e-01,7.183287e-05,3.482251e-06,0.000000e+00,-4.736889e+00,0.000000e+00,0.000000e+00,0.000000e+00,0.000000e+00,0.000000e+00,0.000000e+00,0.000000e+00,5.421011e-20,7.546700e-14,0.000000e+00,0.000000e+00,0.000000e+00,0.000000e+00,3.908557e+01,8.486586e+02,3.380043e-01,7.183287e-05,0.000000e+00,6.256243e+01,0.000000e+00,0.000000e+00,-6.965575e-01
1.261021e-02,3.990003e+01,8.476363e+02,8.874284e-05,6.466105e-06,3.380043e-01,7.183287e-05,3.481411e-06,0.000000e+00,-4.736889e+00,0.000000e+00,0.000000e+00,0.000000e+00,0.000000e+00,0.000000e+00,0.000000e+00,0.000000e+00,5.421011e-20,7.546700e-14,0.000000e+00,0.000000e+00,0.000000e+00,0.000000e+00,3.990003e+01,8.478430e+02,3.380043e-01,7.183287e-05,0.000000e+00,6.259520e+01,0.000000e+00,0.000000e+00,-6.965575e-01
1.262065e-02,4.111269e+01,8.464238e+02,8.874284e-05,6.466105e-06,3.380043e-01,7.183287e-05,3.479362e-06,0.000000e+00,-4.736889e+00,0.000000e+00,0.000000e+00,0.000000e+00,0.000000e+00,0.000000e+00,0.000000e+00,0.000000e+00,5.421011e-20,7.546700e-14,0.000000e+00,0.000000e+00,0.000000e+00,0.000000e+00,4.111269e+01,8.466284e+02,3.380043e-01,7.183287e-05,0.000000e+00,6.264433e+01,0.000000e+00,0.000000e+00,-6.965575e-01
1.263109e-02,4.231075e+01,8.452261e+02,8.874284e-05,6.466105e-06,3.380043e-01,7.183287e-05,3.476531e-06,0.000000e+00,-4.736889e+00,0.000000e+00,0.000000e+00,0.000000e+00,0.000000e+00,0.000000e+00,0.000000e+00,0.000000e+00,5.421011e-20,7.546700e-14,0.000000e+00,0.000000e+00,0.000000e+00,0.000000e+00,4.231075e+01,8.454280e+02,3.380043e-01,7.183287e-05,0.000000e+00,6.269344e+01,0.000000e+00,0.000000e+00,-6.965575e-01
1.264151e-02,4.349102e+01,8.440460e+02,8.874284e-05,6.466105e-06,3.380043e-01,7.183287e-05,3.473205e-06,0.000000e+00,-4.736889e+00,0.000000e+00,0.000000e+00,0.000000e+00,0.000000e+00,0.000000e+00,0.000000e+00,0.000000e+00,5.421011e-20,7.546700e-14,0.000000e+00,0.000000e+00,0.000000e+00,0.000000e+00,4.349102e+01,8.442448e+02,3.380043e-01,7.183287e-05,0.000000e+00,6.274250e+01,0.000000e+00,0.000000e+00,-6.965575e-01
1.265193e-02,4.465120e+01,8.428857e+02,8.874284e-05,6.466105e-06,3.380043e-01,7.183287e-05,3.469743e-06,0.000000e+00,-4.736889e+00,0.000000e+00,0.000000e+00,0.000000e+00,0.000000e+00,0.000000e+00,0.000000e+00,0.000000e+00,5.421011e-20,7.546700e-14,0.000000e+00,0.000000e+00,0.000000e+00,0.000000e+00,4.465120e+01,8.430811e+02,3.380043e-01,7.183287e-05,0.000000e+00,6.279151e+01,0.000000e+00,0.000000e+00,-6.965575e-01
1.266233e-02,4.578957e+01,8.417468e+02,8.874284e-05,6.466105e-06,3.380043e-01,7.183287e-05,3.466514e-06,0.000000e+00,-4.736889e+00,0.000000e+00,0.000000e+00,0.000000e+00,0.000000e+00,0.000000e+00,0.000000e+00,0.000000e+00,5.421011e-20,7.546700e-14,0.000000e+00,0.000000e+00,0.000000e+00,0.000000e+00,4.578957e+01,8.419385e+02,3.380043e-01,7.183287e-05,0.000000e+00,6.284047e+01,0.000000e+00,0.000000e+00,-6.965575e-01
1.267273e-02,4.690481e+01,8.406307e+02,8.874284e-05,6.466105e-06,3.380043e-01,7.183287e-05,3.463838e-06,0.000000e+00,-4.736889e+00,0.000000e+00,0.000000e+00,0.000000e+00,0.000000e+00,0.000000e+00,0.000000e+00,0.000000e+00,5.421011e-20,7.546700e-14,0.000000e+00,0.000000e+00,0.000000e+00,0.000000e+00,4.690481e+01,8.408185e+02,3.380043e-01,7.183287e-05,0.000000e+00,6.288939e+01,0.000000e+00,0.000000e+00,-6.965575e-01
1.268312e-02,4.799576e+01,8.395390e+02,8.874284e-05,6.466105e-06,3.380043e-01,7.183287e-05,3.461967e-06,0.000000e+00,-4.736889e+00,0.000000e+00,0.000000e+00,0.000000e+00,0.000000e+00,0.000000e+00,0.000000e+00,0.000000e+00,5.421011e-20,7.546700e-14,0.000000e+00,0.000000e+00,0.000000e+00,0.000000e+00,4.799576e+01,8.397225e+02,3.380043e-01,7.183287e-05,0.000000e+00,6.293828e+01,0.000000e+00,0.000000e+00,-6.965575e-01
1.269004e-02,4.870902e+01,8.388253e+02,8.874284e-05,6.466105e-06,3.380043e-01,7.183287e-05,3.461260e-06,0.000000e+00,-4.736889e+00,0.000000e+00,0.000000e+00,0.000000e+00,0.000000e+00,0.000000e+00,0.000000e+00,0.000000e+00,5.421011e-20,7.546700e-14,0.000000e+00,0.000000e+00,0.000000e+00,0.000000e+00,4.870902e+01,8.390060e+02,3.380043e-01,7.183287e-05,0.000000e+00,6.297086e+01,0.000000e+00,0.000000e+00,-6.965575e-01
1.270043e-02,4.975716e+01,8.377769e+02,8.874284e-05,6.466105e-06,3.380043e-01,7.183287e-05,3.461099e-06,0.000000e+00,-4.736889e+00,0.000000e+00,0.000000e+00,0.000000e+00,0.000000e+00,0.000000e+00,0.000000e+00,0.000000e+00,5.421011e-20,7.546700e-14,0.000000e+00,0.000000e+00,0.000000e+00,0.000000e+00,4.975716e+01,8.379531e+02,3.380043e-01,7.183287e-05,0.000000e+00,6.301971e+01,0.000000e+00,0.000000e+00,-6.965575e-01
1.271081e-02,5.077852e+01,8.367558e+02,8.874284e-05,6.466105e-06,3.380043e-01,7.183287e-05,3.462053e-06,0.000000e+00,-4.736889e+00,0.000000e+00,0.000000e+00,0.000000e+00,0.000000e+00,0.000000e+00,0.000000e+00,0.000000e+00,5.421011e-20,7.546700e-14,0.000000e+00,0.000000e+00,0.000000e+00,0.000000e+00,5.077852e+01,8.369274e+02,3.380043e-01,7.183287e-05,0.000000e+00,6.306858e+01,0.000000e+00,0.000000e+00,-6.965575e-01
1.272120e-02,5.177271e+01,8.357625e+02,8.874284e-05,6.466105e-06,3.380043e-01,7.183287e-05,3.464076e-06,0.000000e+00,-4.736889e+00,0.000000e+00,0.000000e+00,0.000000e+00,0.000000e+00,0.000000e+00,0.000000e+00,0.000000e+00,5.421011e-20,7.546700e-14,0.000000e+00,0.000000e+00,0.000000e+00,0.000000e+00,5.177271e+01,8.359294e+02,3.380043e-01,7.183287e-05,0.000000e+00,6.311745e+01,0.000000e+00,0.000000e+00,-6.965575e-01
1.273159e-02,5.273981e+01,8.347968e+02,8.874284e-05,6.466105e-06,3.380043e-01,7.183287e-05,3.467050e-06,0.000000e+00,-4.736889e+00,0.000000e+00,0.000000e+00,0.000000e+00,0.000000e+00,0.000000e+00,0.000000e+00,0.000000e+00,5.421011e-20,7.546700e-14,0.000000e+00,0.000000e+00,0.000000e+00,0.000000e+00,5.273981e+01,8.349591e+02,3.380043e-01,7.183287e-05,0.000000e+00,6.316637e+01,0.000000e+00,0.000000e+00,-6.965575e-01
1.274200e-02,5.368044e+01,8.338576e+02,8.874284e-05,6.466105e-06,3.380043e-01,7.183287e-05,3.470763e-06,0.000000e+00,-4.736889e+00,0.000000e+00,0.000000e+00,0.000000e+00,0.000000e+00,0.000000e+00,0.000000e+00,0.000000e+00,5.421011e-20,7.546700e-14,0.000000e+00,0.000000e+00,0.000000e+00,0.000000e+00,5.368044e+01,8.340156e+02,3.380043e-01,7.183287e-05,0.000000e+00,6.321533e+01,0.000000e+00,0.000000e+00,-6.965575e-01
1.275242e-02,5.459574e+01,8.329436e+02,8.874284e-05,6.466105e-06,3.380043e-01,7.183287e-05,3.474940e-06,0.000000e+00,-4.736889e+00,0.000000e+00,0.000000e+00,0.000000e+00,0.000000e+00,0.000000e+00,0.000000e+00,0.000000e+00,5.421011e-20,7.546700e-14,0.000000e+00,0.000000e+00,0.000000e+00,0.000000e+00,5.459574e+01,8.330976e+02,3.380043e-01,7.183287e-05,0.000000e+00,6.326434e+01,0.000000e+00,0.000000e+00,-6.965575e-01
1.276284e-02,5.548713e+01,8.320532e+02,8.874284e-05,6.466105e-06,3.380043e-01,7.183287e-05,3.479260e-06,0.000000e+00,-4.736889e+00,0.000000e+00,0.000000e+00,0.000000e+00,0.000000e+00,0.000000e+00,0.000000e+00,0.000000e+00,5.421011e-20,7.546700e-14,0.000000e+00,0.000000e+00,0.000000e+00,0.000000e+00,5.548713e+01,8.322034e+02,3.380043e-01,7.183287e-05,0.000000e+00,6.331342e+01,0.000000e+00,0.000000e+00,-6.965575e-01
1.277328e-02,5.635595e+01,8.311849e+02,8.874284e-05,6.466105e-06,3.380043e-01,7.183287e-05,3.479573e-06,0.000000e+00,-4.736889e+00,0.000000e+00,0.000000e+00,0.000000e+00,0.000000e+00,0.000000e+00,0.000000e+00,0.000000e+00,5.421011e-20,7.546700e-14,0.000000e+00,0.000000e+00,0.000000e+00,0.000000e+00,5.635595e+01,8.313315e+02,3.380043e-01,7.183287e-05,0.000000e+00,6.336254e+01,0.000000e+00,0.000000e+00,-6.965575e-01
1.278024e-02,5.692279e+01,8.306183e+02,8.874284e-05,6.466105e-06,3.380043e-01,7.183287e-05,3.479220e-06,0.000000e+00,-4.736889e+00,0.000000e+00,0.000000e+00,0.000000e+00,0.000000e+00,0.000000e+00,0.000000e+00,0.000000e+00,5.421011e-20,7.546700e-14,0.000000e+00,0.000000e+00,0.000000e+00,0.000000e+00,5.692279e+01,8.307625e+02,3.380043e-01,7.183287e-05,0.000000e+00,6.339528e+01,0.000000e+00,0.000000e+00,-6.965575e-01
1.279068e-02,5.775559e+01,8.297858e+02,8.874284e-05,6.466105e-06,3.380043e-01,7.183287e-05,3.479980e-06,0.000000e+00,-4.736889e+00,0.000000e+00,0.000000e+00,0.000000e+00,0.000000e+00,0.000000e+00,0.000000e+00,0.000000e+00,5.421011e-20,7.546700e-14,0.000000e+00,0.000000e+00,0.000000e+00,0.000000e+00,5.775559e+01,8.299265e+02,3.380043e-01,7.183287e-05,0.000000e+00,6.344440e+01,0.000000e+00,0.000000e+00,-6.965575e-01
1.280112e-02,5.856875e+01,8.289730e+02,8.874284e-05,6.466105e-06,3.380043e-01,7.183287e-05,3.482155e-06,0.000000e+00,-4.736889e+00,0.000000e+00,0.000000e+00,0.000000e+00,0.000000e+00,0.000000e+00,0.000000e+00,0.000000e+00,5.421011e-20,7.546700e-14,0.000000e+00,0.000000e+00,0.000000e+00,0.000000e+00,5.856875e+01,8.291105e+02,3.380043e-01,7.183287e-05,0.000000e+00,6.349353e+01,0.000000e+00,0.000000e+00,-6.965575e-01
1.281157e-02,5.936348e+01,8.281790e+02,8.874284e-05,6.466105e-06,3.380043e-01,7.183287e-05,3.485478e-06,0.000000e+00,-4.736889e+00,0.000000e+00,0.000000e+00,0.000000e+00,0.000000e+00,0.000000e+00,0.000000e+00,0.000000e+00,5.421011e-20,7.546700e-14,0.000000e+00,0.000000e+00,0.000000e+00,0.000000e+00,5.936348e+01,8.283135e+02,3.380043e-01,7.183287e-05,0.000000e+00,6.354270e+01,0.000000e+00,0.000000e+00,-6.965575e-01
1.282203e-02,6.014078e+01,8.274025e+02,8.874284e-05,6.466105e-06,3.380043e-01,7.183287e-05,3.489610e-06,0.000000e+00,-4.736889e+00,0.000000e+00,0.000000e+00,0.000000e+00,0.000000e+00,0.000000e+00,0.000000e+00,0.000000e+00,5.421011e-20,7.546700e-14,0.000000e+00,0.000000e+00,0.000000e+00,0.000000e+00,6.014078e+01,8.275342e+02,3.380043e-01,7.183287e-05,0.000000e+00,6.359192e+01,0.000000e+00,0.000000e+00,-6.965575e-01
1.283250e-02,6.090104e+01,8.266429e+02,8.874284e-05,6.466105e-06,3.380043e-01,7.183287e-05,3.488323e-06,0.000000e+00,-4.736889e+00,0.000000e+00,0.000000e+00,0.000000e+00,0.000000e+00,0.000000e+00,0.000000e+00,0.000000e+00,5.421011e-20,7.546700e-14,0.000000e+00,0.000000e+00,0.000000e+00,0.000000e+00,6.090104e+01,8.267718e+02,3.380043e-01,7.183287e-05,0.000000e+00,6.364118e+01,0.000000e+00,0.000000e+00,-6.965575e-01
1.284296e-02,6.164377e+01,8.259006e+02,8.874284e-05,6.466105e-06,3.380043e-01,7.183287e-05,3.485423e-06,0.000000e+00,-4.736889e+00,0.000000e+00,0.000000e+00,0.000000e+00,0.000000e+00,0.000000e+00,0.000000e+00,0.000000e+00,5.421011e-20,7.546700e-14,0.000000e+00,0.000000e+00,0.000000e+00,0.000000e+00,6.164377e+01,8.260266e+02,3.380043e-01,7.183287e-05,0.000000e+00,6.369041e+01,0.000000e+00,0.000000e+00,-6.965575e-01
1.285342e-02,6.236908e+01,8.251750e+02,8.874284e-05,6.466105e-06,3.380043e-01,7.183287e-05,3.481848e-06,0.000000e+00,-4.736889e+00,0.000000e+00,0.000000e+00,0.000000e+00,0.000000e+00,0.000000e+00,0.000000e+00,0.000000e+00,5.421011e-20,7.546700e-14,0.000000e+00,0.000000e+00,0.000000e+00,0.000000e+00,6.236908e+01,8.252983e+02,3.380043e-01,7.183287e-05,0.000000e+00,6.373960e+01,0.000000e+00,0.000000e+00,-6.965575e-01
1.286038e-02,6.284291e+01,8.247008e+02,8.874284e-05,6.466105e-06,3.380043e-01,7.183287e-05,3.479247e-06,0.000000e+00,-4.736889e+00,0.000000e+00,0.000000e+00,0.000000e+00,0.000000e+00,0.000000e+00,0.000000e+00,0.000000e+00,5.421011e-20,7.546700e-14,0.000000e+00,0.000000e+00,0.000000e+00,0.000000e+00,6.284291e+01,8.248221e+02,3.380043e-01,7.183287e-05,0.000000e+00,6.377236e+01,0.000000e+00,0.000000e+00,-6.965575e-01
1.287081e-02,6.353886e+01,8.240040e+02,8.874284e-05,6.466105e-06,3.380043e-01,7.183287e-05,3.475272e-06,0.000000e+00,-4.736889e+00,0.000000e+00,0.000000e+00,0.000000e+00,0.000000e+00,0.000000e+00,0.000000e+00,0.000000e+00,5.421011e-20,7.546700e-14,0.000000e+00,0.000000e+00,0.000000e+00,0.000000e+00,6.353886e+01,8.241223e+02,3.380043e-01,7.183287e-05,0.000000e+00,6.382145e+01,0.000000e+00,0.000000e+00,-6.965575e-01
1.288124e-02,6.421650e+01,8.233253e+02,8.874284e-05,6.466105e-06,3.380043e-01,7.183287e-05,3.471531e-06,0.000000e+00,-4.736889e+00,0.000000e+00,0.000000e+00,0.000000e+00,0.000000e+00,0.000000e+00,0.000000e+00,0.000000e+00,5.421011e-20,7.546700e-14,0.000000e+00,0.000000e+00,0.000000e+00,0.000000e+00,6.421650e+01,8.234406e+02,3.380043e-01,7.183287e-05,0.000000e+00,6.387049e+01,0.000000e+00,0.000000e+00,-6.965575e-01
1.289165e-02,6.487493e+01,8.226660e+02,8.874284e-05,6.466105e-06,3.380043e-01,7.183287e-05,3.468388e-06,0.000000e+00,-4.736889e+00,0.000000e+00,0.000000e+00,0.000000e+00,0.000000e+00,0.000000e+00,0.000000e+00,0.000000e+00,5.421011e-20,7.546700e-14,0.000000e+00,0.000000e+00,0.000000e+00,0.000000e+00,6.487493e+01,8.227779e+02,3.380043e-01,7.183287e-05,0.000000e+00,6.391948e+01,0.000000e+00,0.000000e+00,-6.965575e-01
1.290205e-02,6.551298e+01,8.220273e+02,8.874284e-05,6.466105e-06,3.380043e-01,7.183287e-05,3.466180e-06,0.000000e+00,-4.736889e+00,0.000000e+00,0.000000e+00,0.000000e+00,0.000000e+00,0.000000e+00,0.000000e+00,0.000000e+00,5.421011e-20,7.546700e-14,0.000000e+00,0.000000e+00,0.000000e+00,0.000000e+00,6.551298e+01,8.221356e+02,3.380043e-01,7.183287e-05,0.000000e+00,6.396843e+01,0.000000e+00,0.000000e+00,-6.965575e-01
1.291245e-02,6.612918e+01,8.214106e+02,8.874284e-05,6.466105e-06,3.380043e-01,7.183287e-05,3.465170e-06,0.000000e+00,-4.736889e+00,0.000000e+00,0.000000e+00,0.000000e+00,0.000000e+00,0.000000e+00,0.000000e+00,0.000000e+00,5.421011e-20,7.546700e-14,0.000000e+00,0.000000e+00,0.000000e+00,0.000000e+00,6.612918e+01,8.215152e+02,3.380043e-01,7.183287e-05,0.000000e+00,6.401736e+01,0.000000e+00,0.000000e+00,-6.965575e-01
1.292284e-02,6.672178e+01,8.208178e+02,8.874284e-05,6.466105e-06,3.380043e-01,7.183287e-05,3.465489e-06,0.000000e+00,-4.736889e+00,0.000000e+00,0.000000e+00,0.000000e+00,0.000000e+00,0.000000e+00,0.000000e+00,0.000000e+00,5.421011e-20,7.546700e-14,0.000000e+00,0.000000e+00,0.000000e+00,0.000000e+00,6.672178e+01,8.209183e+02,3.380043e-01,7.183287e-05,0.000000e+00,6.406627e+01,0.000000e+00,0.000000e+00,-6.965575e-01
1.293306e-02,6.727935e+01,8.202597e+02,8.877566e-05,6.474776e-06,3.380039e-01,7.183287e-05,3.345988e-06,0.000000e+00,-4.736889e+00,0.000000e+00,0.000000e+00,0.000000e+00,0.000000e+00,0.000000e+00,0.000000e+00,0.000000e+00,5.421011e-20,7.546700e-14,0.000000e+00,0.000000e+00,0.000000e+00,0.000000e+00,6.727935e+01,8.203524e+02,3.380040e-01,7.183287e-05,0.000000e+00,6.411437e+01,0.000000e+00,0.000000e+00,-6.965575e-01
1.294310e-02,6.780023e+01,8.197380e+02,8.881198e-05,6.474474e-06,3.380034e-01,7.183287e-05,3.407846e-06,0.000000e+00,-4.736889e+00,0.000000e+00,0.000000e+00,0.000000e+00,0.000000e+00,0.000000e+00,0.000000e+00,0.000000e+00,5.421011e-20,7.546700e-14,0.000000e+00,0.000000e+00,0.000000e+00,0.000000e+00,6.780023e+01,8.198261e+02,3.380034e-01,7.183287e-05,0.000000e+00,6.416160e+01,0.000000e+00,0.000000e+00,-6.965575e-01
1.295345e-02,6.830747e+01,8.192300e+02,8.881433e-05,6.452396e-06,3.380031e-01,7.183287e-05,3.472978e-06,0.000000e+00,-4.736889e+00,0.000000e+00,0.000000e+00,0.000000e+00,0.000000e+00,0.000000e+00,0.000000e+00,0.000000e+00,5.421011e-20,7.546700e-14,0.000000e+00,0.000000e+00,0.000000e+00,0.000000e+00,6.830747e+01,8.193163e+02,3.380031e-01,7.183287e-05,0.000000e+00,6.421030e+01,0.000000e+00,0.000000e+00,-6.965575e-01
1.296040e-02,6.862990e+01,8.189069e+02,8.881329e-05,6.438357e-06,3.380030e-01,7.183287e-05,3.475402e-06,0.000000e+00,-4.736889e+00,0.000000e+00,0.000000e+00,0.000000e+00,0.000000e+00,0.000000e+00,0.000000e+00,0.000000e+00,5.421011e-20,7.546700e-14,0.000000e+00,0.000000e+00,0.000000e+00,0.000000e+00,6.862990e+01,8.189896e+02,3.380030e-01,7.183287e-05,0.000000e+00,6.424300e+01,0.000000e+00,0.000000e+00,-6.965575e-01
1.297083e-02,6.908544e+01,8.184503e+02,8.882168e-05,6.428172e-06,3.380028e-01,7.183287e-05,3.478902e-06,0.000000e+00,-4.736889e+00,0.000000e+00,0.000000e+00,0.000000e+00,0.000000e+00,0.000000e+00,0.000000e+00,0.000000e+00,5.421011e-20,7.546700e-14,0.000000e+00,0.000000e+00,0.000000e+00,0.000000e+00,6.908544e+01,8.185273e+02,3.380028e-01,7.183287e-05,0.000000e+00,6.429207e+01,0.000000e+00,0.000000e+00,-6.965575e-01
1.298127e-02,6.950606e+01,8.180286e+02,8.882861e-05,6.415776e-06,3.380026e-01,7.183287e-05,3.481769e-06,0.000000e+00,-4.736889e+00,0.000000e+00,0.000000e+00,0.000000e+00,0.000000e+00,0.000000e+00,0.000000e+00,0.000000e+00,5.421011e-20,7.546700e-14,0.000000e+00,0.000000e+00,0.000000e+00,0.000000e+00,6.950606e+01,8.180997e+02,3.380026e-01,7.183287e-05,0.000000e+00,6.434119e+01,0.000000e+00,0.000000e+00,-6.965575e-01
1.299172e-02,6.989093e+01,8.176431e+02,8.883148e-05,6.412678e-06,3.380025e-01,7.183287e-05,3.483551e-06,0.000000e+00,-4.736889e+00,0.000000e+00,0.000000e+00,0.000000e+00,0.000000e+00,0.000000e+00,0.000000e+00,0.000000e+00,5.421011e-20,7.546700e-14,0.000000e+00,0.000000e+00,0.000000e+00,0.000000e+00,6.989093e+01,8.177081e+02,3.380025e-01,7.183287e-05,0.000000e+00,6.439035e+01,0.000000e+00,0.000000e+00,-6.965575e-01
1.300217e-02,7.023982e+01,8.172939e+02,8.883810e-05,6.418004e-06,3.380024e-01,7.183287e-05,3.483953e-06,0.000000e+00,-4.736889e+00,0.000000e+00,0.000000e+00,0.000000e+00,0.000000e+00,0.000000e+00,0.000000e+00,0.000000e+00,5.421011e-20,7.546700e-14,0.000000e+00,0.000000e+00,0.000000e+00,0.000000e+00,7.023982e+01,8.173529e+02,3.380024e-01,7.183287e-05,0.000000e+00,6.443953e+01,0.000000e+00,0.000000e+00,-6.965575e-01
1.301262e-02,7.055299e+01,8.169811e+02,8.884649e-05,6.425685e-06,3.380023e-01,7.183287e-05,3.482883e-06,0.000000e+00,-4.736889e+00,0.000000e+00,0.000000e+00,0.000000e+00,0.000000e+00,0.000000e+00,0.000000e+00,0.000000e+00,5.421011e-20,7.546700e-14,0.000000e+00,0.000000e+00,0.000000e+00,0.000000e+00,7.055299e+01,8.170341e+02,3.380023e-01,7.183287e-05,0.000000e+00,6.448871e+01,0.000000e+00,0.000000e+00,-6.965575e-01
1.302307e-02,7.083095e+01,8.167039e+02,8.884584e-05,6.417212e-06,3.380022e-01,7.183287e-05,3.480462e-06,0.000000e+00,-4.736889e+00,0.000000e+00,0.000000e+00,0.000000e+00,0.000000e+00,0.000000e+00,0.000000e+00,0.000000e+00,5.421011e-20,7.546700e-14,0.000000e+00,0.000000e+00,0.000000e+00,0.000000e+00,7.083095e+01,8.167510e+02,3.380023e-01,7.183287e-05,0.000000e+00,6.453786e+01,0.000000e+00,0.000000e+00,-6.965575e-01
1.303003e-02,7.099690e+01,8.165384e+02,8.884539e-05,6.408856e-06,3.380021e-01,7.183287e-05,3.478243e-06,0.000000e+00,-4.736889e+00,0.000000e+00,0.000000e+00,0.000000e+00,0.000000e+00,0.000000e+00,0.000000e+00,0.000000e+00,5.421011e-20,7.546700e-14,0.000000e+00,0.000000e+00,0.000000e+00,0.000000e+00,7.099690e+01,8.165817e+02,3.380022e-01,7.183287e-05,0.000000e+00,6.457061e+01,0.000000e+00,0.000000e+00,-6.965575e-01
1.304046e-02,7.121698e+01,8.163190e+02,8.884081e-05,6.388147e-06,3.380019e-01,7.183287e-05,3.474328e-06,0.000000e+00,-4.736889e+00,0.000000e+00,0.000000e+00,0.000000e+00,0.000000e+00,0.000000e+00,0.000000e+00,0.000000e+00,5.421011e-20,7.546700e-14,0.000000e+00,0.000000e+00,0.000000e+00,0.000000e+00,7.121698e+01,8.163564e+02,3.380020e-01,7.183287e-05,0.000000e+00,6.461969e+01,0.000000e+00,0.000000e+00,-6.965575e-01
1.305047e-02,7.139565e+01,8.161407e+02,8.883460e-05,6.371444e-06,3.380018e-01,7.183287e-05,3.270403e-06,0.000000e+00,-4.736889e+00,0.000000e+00,0.000000e+00,0.000000e+00,0.000000e+00,0.000000e+00,0.000000e+00,0.000000e+00,5.421011e-20,7.546700e-14,0.000000e+00,0.000000e+00,0.000000e+00,0.000000e+00,7.139565e+01,8.161706e+02,3.380018e-01,7.183287e-05,0.000000e+00,6.466682e+01,0.000000e+00,0.000000e+00,-6.965575e-01
1.306028e-02,7.153890e+01,8.159977e+02,8.882544e-05,6.356559e-06,3.380016e-01,7.183287e-05,3.269998e-06,0.000000e+00,-4.736889e+00,0.000000e+00,0.000000e+00,0.000000e+00,0.000000e+00,0.000000e+00,0.000000e+00,0.000000e+00,5.421011e-20,7.546700e-14,0.000000e+00,0.000000e+00,0.000000e+00,0.000000e+00,7.153890e+01,8.160223e+02,3.380016e-01,7.183287e-05,0.000000e+00,6.471298e+01,0.000000e+00,0.000000e+00,-6.965575e-01
1.307009e-02,7.164954e+01,8.158871e+02,8.881510e-05,6.347242e-06,3.380014e-01,7.183287e-05,3.463501e-06,0.000000e+00,-4.736889e+00,0.000000e+00,0.000000e+00,0.000000e+00,0.000000e+00,0.000000e+00,0.000000e+00,0.000000e+00,5.421011e-20,7.546700e-14,0.000000e+00,0.000000e+00,0.000000e+00,0.000000e+00,7.164954e+01,8.159062e+02,3.380015e-01,7.183287e-05,0.000000e+00,6.475914e+01,0.000000e+00,0.000000e+00,-6.965575e-01
1.308048e-02,7.172958e+01,8.158071e+02,8.880578e-05,6.338967e-06,3.380012e-01,7.183287e-05,3.461178e-06,0.000000e+00,-4.736889e+00,0.000000e+00,0.000000e+00,0.000000e+00,0.000000e+00,0.000000e+00,0.000000e+00,0.000000e+00,5.421011e-20,7.546700e-14,0.000000e+00,0.000000e+00,0.000000e+00,0.000000e+00,7.172958e+01,8.158209e+02,3.380013e-01,7.183287e-05,0.000000e+00,6.480802e+01,0.000000e+00,0.000000e+00,-6.965575e-01
1.309086e-02,7.176955e+01,8.157670e+02,8.880291e-05,6.333325e-06,3.380010e-01,7.183287e-05,3.460057e-06,0.000000e+00,-4.736889e+00,0.000000e+00,0.000000e+00,0.000000e+00,0.000000e+00,0.000000e+00,0.000000e+00,0.000000e+00,5.421011e-20,7.546700e-14,0.000000e+00,0.000000e+00,0.000000e+00,0.000000e+00,7.176955e+01,8.157740e+02,3.380011e-01,7.183287e-05,0.000000e+00,6.485687e+01,0.000000e+00,0.000000e+00,-6.965575e-01
1.310124e-02,7.176746e+01,8.157687e+02,8.880284e-05,6.329626e-06,3.380008e-01,7.183287e-05,3.460191e-06,0.000000e+00,-4.736889e+00,0.000000e+00,0.000000e+00,0.000000e+00,0.000000e+00,0.000000e+00,0.000000e+00,0.000000e+00,5.421011e-20,7.546700e-14,0.000000e+00,0.000000e+00,0.000000e+00,0.000000e+00,7.176746e+01,8.157687e+02,3.380009e-01,7.183287e-05,0.000000e+00,6.490572e+01,0.000000e+00,0.000000e+00,-6.965575e-01
1.311162e-02,7.172117e+01,8.158146e+02,8.881083e-05,6.324129e-06,3.380006e-01,7.183287e-05,3.461516e-06,0.000000e+00,-4.736889e+00,0.000000e+00,0.000000e+00,0.000000e+00,0.000000e+00,0.000000e+00,0.000000e+00,0.000000e+00,5.421011e-20,7.546700e-14,0.000000e+00,0.000000e+00,0.000000e+00,0.000000e+00,7.172117e+01,8.158071e+02,3.380007e-01,7.183287e-05,0.000000e+00,6.495456e+01,0.000000e+00,0.000000e+00,-6.965575e-01
1.312201e-02,7.162837e+01,8.159069e+02,8.882469e-05,6.319905e-06,3.380004e-01,7.183287e-05,3.463851e-06,0.000000e+00,-4.736889e+00,0.000000e+00,0.000000e+00,0.000000e+00,0.000000e+00,0.000000e+00,0.000000e+00,0.000000e+00,5.421011e-20,7.546700e-14,0.000000e+00,0.000000e+00,0.000000e+00,0.000000e+00,7.162837e+01,8.158914e+02,3.380005e-01,7.183287e-05,0.000000e+00,6.500343e+01,0.000000e+00,0.000000e+00,-6.965575e-01
1.313240e-02,7.148672e+01,8.160482e+02,8.885367e-05,6.325194e-06,3.380002e-01,7.183287e-05,3.466929e-06,0.000000e+00,-4.736889e+00,0.000000e+00,0.000000e+00,0.000000e+00,0.000000e+00,0.000000e+00,0.000000e+00,0.000000e+00,5.421011e-20,7.546700e-14,0.000000e+00,0.000000e+00,0.000000e+00,0.000000e+00,7.148672e+01,8.160243e+02,3.380003e-01,7.183287e-05,0.000000e+00,6.505235e+01,0.000000e+00,0.000000e+00,-6.965575e-01
1.314281e-02,7.129397e+01,8.162407e+02,8.887889e-05,6.322854e-06,3.380001e-01,7.183287e-05,3.468944e-06,0.000000e+00,-4.736889e+00,0.000000e+00,0.000000e+00,0.000000e+00,0.000000e+00,0.000000e+00,0.000000e+00,0.000000e+00,5.421011e-20,7.546700e-14,0.000000e+00,0.000000e+00,0.000000e+00,0.000000e+00,7.129397e+01,8.162081e+02,3.380001e-01,7.183287e-05,0.000000e+00,6.510130e+01,0.000000e+00,0.000000e+00,-6.965575e-01
1.315322e-02,7.104836e+01,8.164864e+02,8.888195e-05,6.321295e-06,3.380001e-01,7.183287e-05,3.470236e-06,0.000000e+00,-4.736889e+00,0.000000e+00,0.000000e+00,0.000000e+00,0.000000e+00,0.000000e+00,0.000000e+00,0.000000e+00,5.421011e-20,7.546700e-14,0.000000e+00,0.000000e+00,0.000000e+00,0.000000e+00,7.104836e+01,8.164448e+02,3.380001e-01,7.183287e-05,0.000000e+00,6.515027e+01,0.000000e+00,0.000000e+00,-6.965575e-01
1.316016e-02,7.085460e+01,8.166804e+02,8.888195e-05,6.321295e-06,3.380001e-01,7.183287e-05,3.471094e-06,0.000000e+00,-4.736889e+00,0.000000e+00,0.000000e+00,0.000000e+00,0.000000e+00,0.000000e+00,0.000000e+00,0.000000e+00,5.421011e-20,7.546700e-14,0.000000e+00,0.000000e+00,0.000000e+00,0.000000e+00,7.085460e+01,8.166328e+02,3.380001e-01,7.183287e-05,0.000000e+00,6.518293e+01,0.000000e+00,0.000000e+00,-6.965575e-01
1.317057e-02,7.051824e+01,8.170170e+02,8.887664e-05,6.321493e-06,3.380001e-01,7.183287e-05,3.472256e-06,0.000000e+00,-4.736889e+00,0.000000e+00,0.000000e+00,0.000000e+00,0.000000e+00,0.000000e+00,0.000000e+00,0.000000e+00,5.421011e-20,7.546700e-14,0.000000e+00,0.000000e+00,0.000000e+00,0.000000e+00,7.051824e+01,8.169602e+02,3.380001e-01,7.183287e-05,0.000000e+00,6.523193e+01,0.000000e+00,0.000000e+00,-6.965575e-01
1.318099e-02,7.012660e+01,8.174084e+02,8.885724e-05,6.308232e-06,3.379998e-01,7.183287e-05,3.473143e-06,0.000000e+00,-4.736889e+00,0.000000e+00,0.000000e+00,0.000000e+00,0.000000e+00,0.000000e+00,0.000000e+00,0.000000e+00,5.421011e-20,7.546700e-14,0.000000e+00,0.000000e+00,0.000000e+00,0.000000e+00,7.012660e+01,8.173425e+02,3.379999e-01,7.183287e-05,0.000000e+00,6.528095e+01,0.000000e+00,0.000000e+00,-6.965575e-01
1.319141e-02,6.967934e+01,8.178549e+02,8.884861e-05,6.304415e-06,3.379994e-01,7.183287e-05,3.473658e-06,0.000000e+00,-4.736889e+00,0.000000e+00,0.000000e+00,0.000000e+00,0.000000e+00,0.000000e+00,0.000000e+00,0.000000e+00,5.421011e-20,7.546700e-14,0.000000e+00,0.000000e+00,0.000000e+00,0.000000e+00,6.967934e+01,8.177798e+02,3.379995e-01,7.183287e-05,0.000000e+00,6.532999e+01,0.000000e+00,0.000000e+00,-6.965575e-01
1.320183e-02,6.917608e+01,8.183574e+02,8.886296e-05,6.310616e-06,3.379992e-01,7.183287e-05,3.473733e-06,0.000000e+00,-4.736889e+00,0.000000e+00,0.000000e+00,0.000000e+00,0.000000e+00,0.000000e+00,0.000000e+00,0.000000e+00,5.421011e-20,7.546700e-14,0.000000e+00,0.000000e+00,0.000000e+00,0.000000e+00,6.917608e+01,8.182728e+02,3.379993e-01,7.183287e-05,0.000000e+00,6.537902e+01,0.000000e+00,0.000000e+00,-6.965575e-01
1.321225e-02,6.861620e+01,8.189167e+02,8.886440e-05,6.309665e-06,3.379992e-01,7.183287e-05,3.473379e-06,0.000000e+00,-4.736889e+00,0.000000e+00,0.000000e+00,0.000000e+00,0.000000e+00,0.000000e+00,0.000000e+00,0.000000e+00,5.421011e-20,7.546700e-14,0.000000e+00,0.000000e+00,0.000000e+00,0.000000e+00,6.861620e+01,8.188226e+02,3.379992e-01,7.183287e-05,0.000000e+00,6.542805e+01,0.000000e+00,0.000000e+00,-6.965575e-01
1.322267e-02,6.799879e+01,8.195338e+02,8.886440e-05,6.309665e-06,3.379992e-01,7.183287e-05,3.472675e-06,0.000000e+00,-4.736889e+00,0.000000e+00,0.000000e+00,0.000000e+00,0.000000e+00,0.000000e+00,0.000000e+00,0.000000e+00,5.421011e-20,7.546700e-14,0.000000e+00,0.000000e+00,0.000000e+00,0.000000e+00,6.799879e+01,8.194299e+02,3.379992e-01,7.183287e-05,0.000000e+00,6.547708e+01,0.000000e+00,0.000000e+00,-6.965575e-01
1.323309e-02,6.732283e+01,8.202098e+02,8.886440e-05,6.309665e-06,3.379992e-01,7.183287e-05,3.469617e-06,0.000000e+00,-4.736889e+00,0.000000e+00,0.000000e+00,0.000000e+00,0.000000e+00,0.000000e+00,0.000000e+00,0.000000e+00,5.421011e-20,7.546700e-14,0.000000e+00,0.000000e+00,0.000000e+00,0.000000e+00,6.732283e+01,8.200961e+02,3.379992e-01,7.183287e-05,0.000000e+00,6.552609e+01,0.000000e+00,0.000000e+00,-6.965575e-01
1.324002e-02,6.683942e+01,8.206936e+02,8.886440e-05,6.309665e-06,3.379992e-01,7.183287e-05,3.466197e-06,0.000000e+00,-4.736889e+00,0.000000e+00,0.000000e+00,0.000000e+00,0.000000e+00,0.000000e+00,0.000000e+00,0.000000e+00,5.421011e-20,7.546700e-14,0.000000e+00,0.000000e+00,0.000000e+00,0.000000e+00,6.683942e+01,8.205732e+02,3.379992e-01,7.183287e-05,0.000000e+00,6.555874e+01,0.000000e+00,0.000000e+00,-6.965575e-01
1.325042e-02,6.606469e+01,8.214694e+02,8.886440e-05,6.309665e-06,3.379992e-01,7.183287e-05,3.461175e-06,0.000000e+00,-4.736889e+00,0.000000e+00,0.000000e+00,0.000000e+00,0.000000e+00,0.000000e+00,0.000000e+00,0.000000e+00,5.421011e-20,7.546700e-14,0.000000e+00,0.000000e+00,0.000000e+00,0.000000e+00,6.606469e+01,8.213389e+02,3.379992e-01,7.183287e-05,0.000000e+00,6.560764e+01,0.000000e+00,0.000000e+00,-6.965575e-01
1.326080e-02,6.522990e+01,8.223054e+02,8.886440e-05,6.309665e-06,3.379992e-01,7.183287e-05,3.456848e-06,0.000000e+00,-4.736889e+00,0.000000e+00,0.000000e+00,0.000000e+00,0.000000e+00,0.000000e+00,0.000000e+00,0.000000e+00,5.421011e-20,7.546700e-14,0.000000e+00,0.000000e+00,0.000000e+00,0.000000e+00,6.522990e+01,8.221650e+02,3.379992e-01,7.183287e-05,0.000000e+00,6.565648e+01,0.000000e+00,0.000000e+00,-6.965575e-01
1.327116e-02,6.433475e+01,8.232018e+02,8.886440e-05,6.309665e-06,3.379992e-01,7.183287e-05,3.453754e-06,0.000000e+00,-4.736889e+00,0.000000e+00,0.000000e+00,0.000000e+00,0.000000e+00,0.000000e+00,0.000000e+00,0.000000e+00,5.421011e-20,7.546700e-14,0.000000e+00,0.000000e+00,0.000000e+00,0.000000e+00,6.433475e+01,8.230513e+02,3.379992e-01,7.183287e-05,0.000000e+00,6.570526e+01,0.000000e+00,0.000000e+00,-6.965575e-01
1.328152e-02,6.337940e+01,8.241582e+02,8.886440e-05,6.309665e-06,3.379992e-01,7.183287e-05,3.452256e-06,0.000000e+00,-4.736889e+00,0.000000e+00,0.000000e+00,0.000000e+00,0.000000e+00,0.000000e+00,0.000000e+00,0.000000e+00,5.421011e-20,7.546700e-14,0.000000e+00,0.000000e+00,0.000000e+00,0.000000e+00,6.337940e+01,8.239977e+02,3.379992e-01,7.183287e-05,0.000000e+00,6.575401e+01,0.000000e+00,0.000000e+00,-6.965575e-01
1.329188e-02,6.236449e+01,8.251739e+02,8.886440e-05,6.309665e-06,3.379992e-01,7.183287e-05,3.452506e-06,0.000000e+00,-4.736889e+00,0.000000e+00,0.000000e+00,0.000000e+00,0.000000e+00,0.000000e+00,0.000000e+00,0.000000e+00,5.421011e-20,7.546700e-14,0.000000e+00,0.000000e+00,0.000000e+00,0.000000e+00,6.236449e+01,8.250036e+02,3.379992e-01,7.183287e-05,0.000000e+00,6.580273e+01,0.000000e+00,0.000000e+00,-6.965575e-01
1.330224e-02,6.129109e+01,8.262479e+02,8.886440e-05,6.309665e-06,3.379992e-01,7.183287e-05,3.454469e-06,0.000000e+00,-4.736889e+00,0.000000e+00,0.000000e+00,0.000000e+00,0.000000e+00,0.000000e+00,0.000000e+00,0.000000e+00,5.421011e-20,7.546700e-14,0.000000e+00,0.000000e+00,0.000000e+00,0.000000e+00,6.129109e+01,8.260680e+02,3.379992e-01,7.183287e-05,0.000000e+00,6.585148e+01,0.000000e+00,0.000000e+00,-6.965575e-01
1.331261e-02,6.016061e+01,8.273790e+02,8.886440e-05,6.309665e-06,3.379992e-01,7.183287e-05,3.457883e-06,0.000000e+00,-4.736889e+00,0.000000e+00,0.000000e+00,0.000000e+00,0.000000e+00,0.000000e+00,0.000000e+00,0.000000e+00,5.421011e-20,7.546700e-14,0.000000e+00,0.000000e+00,0.000000e+00,0.000000e+00,6.016061e+01,8.271897e+02,3.379992e-01,7.183287e-05,0.000000e+00,6.590026e+01,0.000000e+00,0.000000e+00,-6.965575e-01
1.332298e-02,5.897468e+01,8.285657e+02,8.886440e-05,6.309665e-06,3.379992e-01,7.183287e-05,3.462319e-06,0.000000e+00,-4.736889e+00,0.000000e+00,0.000000e+00,0.000000e+00,0.000000e+00,0.000000e+00,0.000000e+00,0.000000e+00,5.421011e-20,7.546700e-14,0.000000e+00,0.000000e+00,0.000000e+00,0.000000e+00,5.897468e+01,8.283673e+02,3.379992e-01,7.183287e-05,0.000000e+00,6.594909e+01,0.000000e+00,0.000000e+00,-6.965575e-01
1.333338e-02,5.773516e+01,8.298063e+02,8.886440e-05,6.309665e-06,3.379992e-01,7.183287e-05,3.467236e-06,0.000000e+00,-4.736889e+00,0.000000e+00,0.000000e+00,0.000000e+00,0.000000e+00,0.000000e+00,0.000000e+00,0.000000e+00,5.421011e-20,7.546700e-14,0.000000e+00,0.000000e+00,0.000000e+00,0.000000e+00,5.773516e+01,8.295991e+02,3.379992e-01,7.183287e-05,0.000000e+00,6.599799e+01,0.000000e+00,0.000000e+00,-6.965575e-01
1.334031e-02,5.688004e+01,8.306621e+02,8.886440e-05,6.309665e-06,3.379992e-01,7.183287e-05,3.470495e-06,0.000000e+00,-4.736889e+00,0.000000e+00,0.000000e+00,0.000000e+00,0.000000e+00,0.000000e+00,0.000000e+00,0.000000e+00,5.421011e-20,7.546700e-14,0.000000e+00,0.000000e+00,0.000000e+00,0.000000e+00,5.688004e+01,8.304493e+02,3.379992e-01,7.183287e-05,0.000000e+00,6.603062e+01,0.000000e+00,0.000000e+00,-6.965575e-01
1.335073e-02,5.555604e+01,8.319871e+02,8.886440e-05,6.309665e-06,3.379992e-01,7.183287e-05,3.474952e-06,0.000000e+00,-4.736889e+00,0.000000e+00,0.000000e+00,0.000000e+00,0.000000e+00,0.000000e+00,0.000000e+00,0.000000e+00,5.421011e-20,7.546700e-14,0.000000e+00,0.000000e+00,0.000000e+00,0.000000e+00,5.555604e+01,8.317662e+02,3.379992e-01,7.183287e-05,0.000000e+00,6.607964e+01,0.000000e+00,0.000000e+00,-6.965575e-01
1.336116e-02,5.418517e+01,8.333588e+02,8.886440e-05,6.309665e-06,3.379992e-01,7.183287e-05,3.478482e-06,0.000000e+00,-4.736889e+00,0.000000e+00,0.000000e+00,0.000000e+00,0.000000e+00,0.000000e+00,0.000000e+00,0.000000e+00,5.421011e-20,7.546700e-14,0.000000e+00,0.000000e+00,0.000000e+00,0.000000e+00,5.418517e+01,8.331303e+02,3.379992e-01,7.183287e-05,0.000000e+00,6.612871e+01,0.000000e+00,0.000000e+00,-6.965575e-01
1.337159e-02,5.277130e+01,8.347731e+02,8.886440e-05,6.309665e-06,3.379992e-01,7.183287e-05,3.480750e-06,0.000000e+00,-4.736889e+00,0.000000e+00,0.000000e+00,0.000000e+00,0.000000e+00,0.000000e+00,0.000000e+00,0.000000e+00,5.421011e-20,7.546700e-14,0.000000e+00,0.000000e+00,0.000000e+00,0.000000e+00,5.277130e+01,8.345378e+02,3.379992e-01,7.183287e-05,0.000000e+00,6.617782e+01,0.000000e+00,0.000000e+00,-6.965575e-01
1.338204e-02,5.131929e+01,8.362253e+02,8.886440e-05,6.309665e-06,3.379992e-01,7.183287e-05,3.481586e-06,0.000000e+00,-4.736889e+00,0.000000e+00,0.000000e+00,0.000000e+00,0.000000e+00,0.000000e+00,0.000000e+00,0.000000e+00,5.421011e-20,7.546700e-14,0.000000e+00,0.000000e+00,0.000000e+00,0.000000e+00,5.131929e+01,8.359842e+02,3.379992e-01,7.183287e-05,0.000000e+00,6.622696e+01,0.000000e+00,0.000000e+00,-6.965575e-01
1.339248e-02,4.983484e+01,8.377101e+02,8.886440e-05,6.309665e-06,3.379992e-01,7.183287e-05,3.480993e-06,0.000000e+00,-4.736889e+00,0.000000e+00,0.000000e+00,0.000000e+00,0.000000e+00,0.000000e+00,0.000000e+00,0.000000e+00,5.421011e-20,7.546700e-14,0.000000e+00,0.000000e+00,0.000000e+00,0.000000e+00,4.983484e+01,8.374640e+02,3.379992e-01,7.183287e-05,0.000000e+00,6.627611e+01,0.000000e+00,0.000000e+00,-6.965575e-01
1.340292e-02,4.832408e+01,8.392216e+02,8.886440e-05,6.309665e-06,3.379992e-01,7.183287e-05,3.479141e-06,0.000000e+00,-4.736889e+00,0.000000e+00,0.000000e+00,0.000000e+00,0.000000e+00,0.000000e+00,0.000000e+00,0.000000e+00,5.421011e-20,7.546700e-14,0.000000e+00,0.000000e+00,0.000000e+00,0.000000e+00,4.832408e+01,8.389715e+02,3.379992e-01,7.183287e-05,0.000000e+00,6.632523e+01,0.000000e+00,0.000000e+00,-6.965575e-01
1.341336e-02,4.679315e+01,8.407538e+02,8.886440e-05,6.309665e-06,3.379992e-01,7.183287e-05,3.476352e-06,0.000000e+00,-4.736889e+00,0.000000e+00,0.000000e+00,0.000000e+00,0.000000e+00,0.000000e+00,0.000000e+00,0.000000e+00,5.421011e-20,7.546700e-14,0.000000e+00,0.000000e+00,0.000000e+00,0.000000e+00,4.679315e+01,8.405006e+02,3.379992e-01,7.183287e-05,0.000000e+00,6.637434e+01,0.000000e+00,0.000000e+00,-6.965575e-01
1.342031e-02,4.576418e+01,8.417838e+02,8.886440e-05,6.309665e-06,3.379992e-01,7.183287e-05,3.474188e-06,0.000000e+00,-4.736889e+00,0.000000e+00,0.000000e+00,0.000000e+00,0.000000e+00,0.000000e+00,0.000000e+00,0.000000e+00,5.421011e-20,7.546700e-14,0.000000e+00,0.000000e+00,0.000000e+00,0.000000e+00,4.576418e+01,8.415291e+02,3.379992e-01,7.183287e-05,0.000000e+00,6.640704e+01,0.000000e+00,0.000000e+00,-6.965575e-01
1.343073e-02,4.421215e+01,8.433375e+02,8.886440e-05,6.309665e-06,3.379992e-01,7.183287e-05,3.470851e-06,0.000000e+00,-4.736889e+00,0.000000e+00,0.000000e+00,0.000000e+00,0.000000e+00,0.000000e+00,0.000000e+00,0.000000e+00,5.421011e-20,7.546700e-14,0.000000e+00,0.000000e+00,0.000000e+00,0.000000e+00,4.421215e+01,8.430814e+02,3.379992e-01,7.183287e-05,0.000000e+00,6.645607e+01,0.000000e+00,0.000000e+00,-6.965575e-01
1.344114e-02,4.265427e+01,8.448969e+02,8.886440e-05,6.309665e-06,3.379992e-01,7.183287e-05,3.467848e-06,0.000000e+00,-4.736889e+00,0.000000e+00,0.000000e+00,0.000000e+00,0.000000e+00,0.000000e+00,0.000000e+00,0.000000e+00,5.421011e-20,7.546700e-14,0.000000e+00,0.000000e+00,0.000000e+00,0.000000e+00,4.265427e+01,8.446403e+02,3.379992e-01,7.183287e-05,0.000000e+00,6.650505e+01,0.000000e+00,0.000000e+00,-6.965575e-01
1.345154e-02,4.109564e+01,8.464568e+02,8.886440e-05,6.309665e-06,3.379992e-01,7.183287e-05,3.465630e-06,0.000000e+00,-4.736889e+00,0.000000e+00,0.000000e+00,0.000000e+00,0.000000e+00,0.000000e+00,0.000000e+00,0.000000e+00,5.421011e-20,7.546700e-14,0.000000e+00,0.000000e+00,0.000000e+00,0.000000e+00,4.109564e+01,8.462006e+02,3.379992e-01,7.183287e-05,0.000000e+00,6.655399e+01,0.000000e+00,0.000000e+00,-6.965575e-01
1.346194e-02,3.954183e+01,8.480115e+02,8.886440e-05,6.309665e-06,3.379992e-01,7.183287e-05,3.464543e-06,0.000000e+00,-4.736889e+00,0.000000e+00,0.000000e+00,0.000000e+00,0.000000e+00,0.000000e+00,0.000000e+00,0.000000e+00,5.421011e-20,7.546700e-14,0.000000e+00,0.000000e+00,0.000000e+00,0.000000e+00,3.954183e+01,8.477566e+02,3.379992e-01,7.183287e-05,0.000000e+00,6.660291e+01,0.000000e+00,0.000000e+00,-6.965575e-01
1.347233e-02,3.799927e+01,8.495548e+02,8.886440e-05,6.309665e-06,3.379992e-01,7.183287e-05,3.464788e-06,0.000000e+00,-4.736889e+00,0.000000e+00,0.000000e+00,0.000000e+00,0.000000e+00,0.000000e+00,0.000000e+00,0.000000e+00,5.421011e-20,7.546700e-14,0.000000e+00,0.000000e+00,0.000000e+00,0.000000e+00,3.799927e+01,8.493023e+02,3.379992e-01,7.183287e-05,0.000000e+00,6.665181e+01,0.000000e+00,0.000000e+00,-6.965575e-01
1.348273e-02,3.647543e+01,8.510796e+02,8.886440e-05,6.309665e-06,3.379992e-01,7.183287e-05,3.466413e-06,0.000000e+00,-4.736889e+00,0.000000e+00,0.000000e+00,0.000000e+00,0.000000e+00,0.000000e+00,0.000000e+00,0.000000e+00,5.421011e-20,7.546700e-14,0.000000e+00,0.000000e+00,0.000000e+00,0.000000e+00,3.647543e+01,8.508307e+02,3.379992e-01,7.183287e-05,0.000000e+00,6.670073e+01,0.000000e+00,0.000000e+00,-6.965575e-01
1.349313e-02,3.497875e+01,8.525777e+02,8.888962e-05,6.299976e-06,3.379991e-01,7.183287e-05,3.469303e-06,0.000000e+00,-4.736889e+00,0.000000e+00,0.000000e+00,0.000000e+00,0.000000e+00,0.000000e+00,0.000000e+00,0.000000e+00,5.421011e-20,7.546700e-14,0.000000e+00,0.000000e+00,0.000000e+00,0.000000e+00,3.497875e+01,8.523340e+02,3.379991e-01,7.183287e-05,0.000000e+00,6.674967e+01,0.000000e+00,0.000000e+00,-6.965575e-01
1.350007e-02,3.400056e+01,8.535573e+02,8.889368e-05,6.297450e-06,3.379991e-01,7.183287e-05,3.471814e-06,0.000000e+00,-4.736889e+00,0.000000e+00,0.000000e+00,0.000000e+00,0.000000e+00,0.000000e+00,0.000000e+00,0.000000e+00,5.421011e-20,7.546700e-14,0.000000e+00,0.000000e+00,0.000000e+00,0.000000e+00,3.400056e+01,8.533178e+02,3.379991e-01,7.183287e-05,0.000000e+00,6.678233e+01,0.000000e+00,0.000000e+00,-6.965575e-01
1.351049e-02,3.256978e+01,8.549906e+02,8.889368e-05,6.297450e-06,3.379991e-01,7.183287e-05,3.476216e-06,0.000000e+00,-4.736889e+00,0.000000e+00,0.000000e+00,0.000000e+00,0.000000e+00,0.000000e+00,0.000000e+00,0.000000e+00,5.421011e-20,7.546700e-14,0.000000e+00,0.000000e+00,0.000000e+00,0.000000e+00,3.256978e+01,8.547590e+02,3.379991e-01,7.183287e-05,0.000000e+00,6.683135e+01,0.000000e+00,0.000000e+00,-6.965575e-01
1.352092e-02,3.119142e+01,8.563718e+02,8.888885e-05,6.294284e-06,3.379990e-01,7.183287e-05,3.481040e-06,0.000000e+00,-4.736889e+00,0.000000e+00,0.000000e+00,0.000000e+00,0.000000e+00,0.000000e+00,0.000000e+00,0.000000e+00,5.421011e-20,7.546700e-14,0.000000e+00,0.000000e+00,0.000000e+00,0.000000e+00,3.119142e+01,8.561497e+02,3.379990e-01,7.183287e-05,0.000000e+00,6.688045e+01,0.000000e+00,0.000000e+00,-6.965575e-01
1.353137e-02,2.987509e+01,8.576910e+02,8.888763e-05,6.290479e-06,3.379990e-01,7.183287e-05,3.485871e-06,0.000000e+00,-4.736889e+00,0.000000e+00,0.000000e+00,0.000000e+00,0.000000e+00,0.000000e+00,0.000000e+00,0.000000e+00,5.421011e-20,7.546700e-14,0.000000e+00,0.000000e+00,0.000000e+00,0.000000e+00,2.987509e+01,8.574799e+02,3.379990e-01,7.183287e-05,0.000000e+00,6.692961e+01,0.000000e+00,0.000000e+00,-6.965575e-01
1.354183e-02,2.863023e+01,8.589382e+02,8.887743e-05,6.272725e-06,3.379990e-01,7.183287e-05,3.490295e-06,0.000000e+00,-4.736889e+00,0.000000e+00,0.000000e+00,0.000000e+00,0.000000e+00,0.000000e+00,0.000000e+00,0.000000e+00,5.421011e-20,7.546700e-14,0.000000e+00,0.000000e+00,0.000000e+00,0.000000e+00,2.863023e+01,8.587398e+02,3.379990e-01,7.183287e-05,0.000000e+00,6.697884e+01,0.000000e+00,0.000000e+00,-6.965575e-01
1.355230e-02,2.746608e+01,8.601042e+02,8.886531e-05,6.268247e-06,3.379989e-01,7.183287e-05,3.493956e-06,0.000000e+00,-4.736889e+00,0.000000e+00,0.000000e+00,0.000000e+00,0.000000e+00,0.000000e+00,0.000000e+00,0.000000e+00,5.421011e-20,7.546700e-14,0.000000e+00,0.000000e+00,0.000000e+00,0.000000e+00,2.746608e+01,8.599201e+02,3.379989e-01,7.183287e-05,0.000000e+00,6.702812e+01,0.000000e+00,0.000000e+00,-6.965575e-01
1.356279e-02,2.639165e+01,8.611801e+02,8.884118e-05,6.267363e-06,3.379988e-01,7.183287e-05,3.496505e-06,0.000000e+00,-4.736889e+00,0.000000e+00,0.000000e+00,0.000000e+00,0.000000e+00,0.000000e+00,0.000000e+00,0.000000e+00,5.421011e-20,7.546700e-14,0.000000e+00,0.000000e+00,0.000000e+00,0.000000e+00,2.639165e+01,8.610117e+02,3.379988e-01,7.183287e-05,0.000000e+00,6.707746e+01,0.000000e+00,0.000000e+00,-6.965575e-01
1.357328e-02,2.541549e+01,8.621573e+02,8.881996e-05,6.258529e-06,3.379988e-01,7.183287e-05,3.498011e-06,0.000000e+00,-4.736889e+00,0.000000e+00,0.000000e+00,0.000000e+00,0.000000e+00,0.000000e+00,0.000000e+00,0.000000e+00,5.421011e-20,7.546700e-14,0.000000e+00,0.000000e+00,0.000000e+00,0.000000e+00,2.541549e+01,8.620060e+02,3.379988e-01,7.183287e-05,0.000000e+00,6.712682e+01,0.000000e+00,0.000000e+00,-6.965575e-01
1.358028e-02,2.482310e+01,8.627503e+02,8.880571e-05,6.255047e-06,3.379988e-01,7.183287e-05,3.497936e-06,0.000000e+00,-4.736889e+00,0.000000e+00,0.000000e+00,0.000000e+00,0.000000e+00,0.000000e+00,0.000000e+00,0.000000e+00,5.421011e-20,7.546700e-14,0.000000e+00,0.000000e+00,0.000000e+00,0.000000e+00,2.482310e+01,8.626110e+02,3.379988e-01,7.183287e-05,0.000000e+00,6.715974e+01,0.000000e+00,0.000000e+00,-6.965575e-01
1.359077e-02,2.402725e+01,8.635468e+02,8.879227e-05,6.246141e-06,3.379987e-01,7.183287e-05,3.496034e-06,0.000000e+00,-4.736889e+00,0.000000e+00,0.000000e+00,0.000000e+00,0.000000e+00,0.000000e+00,0.000000e+00,0.000000e+00,5.421011e-20,7.546700e-14,0.000000e+00,0.000000e+00,0.000000e+00,0.000000e+00,2.402725e+01,8.634264e+02,3.379988e-01,7.183287e-05,0.000000e+00,6.720911e+01,0.000000e+00,0.000000e+00,-6.965575e-01
1.360125e-02,2.334730e+01,8.642274e+02,8.879061e-05,6.236547e-06,3.379987e-01,7.183287e-05,3.493211e-06,0.000000e+00,-4.736889e+00,0.000000e+00,0.000000e+00,0.000000e+00,0.000000e+00,0.000000e+00,0.000000e+00,0.000000e+00,5.421011e-20,7.546700e-14,0.000000e+00,0.000000e+00,0.000000e+00,0.000000e+00,2.334730e+01,8.641265e+02,3.379987e-01,7.183287e-05,0.000000e+00,6.725845e+01,0.000000e+00,0.000000e+00,-6.965575e-01
1.361173e-02,2.278681e+01,8.647886e+02,8.879044e-05,6.235692e-06,3.379987e-01,7.183287e-05,3.489723e-06,0.000000e+00,-4.736889e+00,0.000000e+00,0.000000e+00,0.000000e+00,0.000000e+00,0.000000e+00,0.000000e+00,0.000000e+00,5.421011e-20,7.546700e-14,0.000000e+00,0.000000e+00,0.000000e+00,0.000000e+00,2.278681e+01,8.647078e+02,3.379987e-01,7.183287e-05,0.000000e+00,6.730775e+01,0.000000e+00,0.000000e+00,-6.965575e-01
1.362220e-02,2.234773e+01,8.652285e+02,8.879044e-05,6.235692e-06,3.379987e-01,7.183287e-05,3.485895e-06,0.000000e+00,-4.736889e+00,0.000000e+00,0.000000e+00,0.000000e+00,0.000000e+00,0.000000e+00,0.000000e+00,0.000000e+00,5.421011e-20,7.546700e-14,0.000000e+00,0.000000e+00,0.000000e+00,0.000000e+00,2.234773e+01,8.651680e+02,3.379987e-01,7.183287e-05,0.000000e+00,6.735699e+01,0.000000e+00,0.000000e+00,-6.965575e-01
1.363265e-02,2.203068e+01,8.655463e+02,8.879007e-05,6.236666e-06,3.379987e-01,7.183287e-05,3.482126e-06,0.000000e+00,-4.736889e+00,0.000000e+00,0.000000e+00,0.000000e+00,0.000000e+00,0.000000e+00,0.000000e+00,0.000000e+00,5.421011e-20,7.546700e-14,0.000000e+00,0.000000e+00,0.000000e+00,0.000000e+00,2.203068e+01,8.655062e+02,3.379987e-01,7.183287e-05,0.000000e+00,6.740617e+01,0.000000e+00,0.000000e+00,-6.965575e-01
1.364309e-02,2.183512e+01,8.657424e+02,8.878919e-05,6.238863e-06,3.379987e-01,7.183287e-05,3.478840e-06,0.000000e+00,-4.736889e+00,0.000000e+00,0.000000e+00,0.000000e+00,0.000000e+00,0.000000e+00,0.000000e+00,0.000000e+00,5.421011e-20,7.546700e-14,0.000000e+00,0.000000e+00,0.000000e+00,0.000000e+00,2.183512e+01,8.657225e+02,3.379987e-01,7.183287e-05,0.000000e+00,6.745531e+01,0.000000e+00,0.000000e+00,-6.965575e-01
1.365005e-02,2.177149e+01,8.658062e+02,8.878850e-05,6.240534e-06,3.379987e-01,7.183287e-05,3.477121e-06,0.000000e+00,-4.736889e+00,0.000000e+00,0.000000e+00,0.000000e+00,0.000000e+00,0.000000e+00,0.000000e+00,0.000000e+00,5.421011e-20,7.546700e-14,0.000000e+00,0.000000e+00,0.000000e+00,0.000000e+00,2.177149e+01,8.657996e+02,3.379987e-01,7.183287e-05,0.000000e+00,6.748804e+01,0.000000e+00,0.000000e+00,-6.965575e-01
1.366048e-02,2.177435e+01,8.658029e+02,8.878833e-05,6.240973e-06,3.379987e-01,7.183287e-05,3.475491e-06,0.000000e+00,-4.736889e+00,0.000000e+00,0.000000e+00,0.000000e+00,0.000000e+00,0.000000e+00,0.000000e+00,0.000000e+00,5.421011e-20,7.546700e-14,0.000000e+00,0.000000e+00,0.000000e+00,0.000000e+00,2.177435e+01,8.658159e+02,3.379987e-01,7.183287e-05,0.000000e+00,6.753712e+01,0.000000e+00,0.000000e+00,-6.965575e-01
1.367090e-02,2.189209e+01,8.656843e+02,8.878833e-05,6.240973e-06,3.379987e-01,7.183287e-05,3.475182e-06,0.000000e+00,-4.736889e+00,0.000000e+00,0.000000e+00,0.000000e+00,0.000000e+00,0.000000e+00,0.000000e+00,0.000000e+00,5.421011e-20,7.546700e-14,0.000000e+00,0.000000e+00,0.000000e+00,0.000000e+00,2.189209e+01,8.657161e+02,3.379987e-01,7.183287e-05,0.000000e+00,6.758618e+01,0.000000e+00,0.000000e+00,-6.965575e-01
1.368133e-02,2.212026e+01,8.654549e+02,8.878833e-05,6.240973e-06,3.379987e-01,7.183287e-05,3.476242e-06,0.000000e+00,-4.736889e+00,0.000000e+00,0.000000e+00,0.000000e+00,0.000000e+00,0.000000e+00,0.000000e+00,0.000000e+00,5.421011e-20,7.546700e-14,0.000000e+00,0.000000e+00,0.000000e+00,0.000000e+00,2.212026e+01,8.655048e+02,3.379987e-01,7.183287e-05,0.000000e+00,6.763524e+01,0.000000e+00,0.000000e+00,-6.965575e-01
1.369176e-02,2.245332e+01,8.651208e+02,8.878416e-05,6.239349e-06,3.379987e-01,7.183287e-05,3.478517e-06,0.000000e+00,-4.736889e+00,0.000000e+00,0.000000e+00,0.000000e+00,0.000000e+00,0.000000e+00,0.000000e+00,0.000000e+00,5.421011e-20,7.546700e-14,0.000000e+00,0.000000e+00,0.000000e+00,0.000000e+00,2.245332e+01,8.651877e+02,3.379987e-01,7.183287e-05,0.000000e+00,6.768432e+01,0.000000e+00,0.000000e+00,-6.965575e-01
1.370220e-02,2.288467e+01,8.646887e+02,8.876551e-05,6.234335e-06,3.379987e-01,7.183287e-05,3.481709e-06,0.000000e+00,-4.736889e+00,0.000000e+00,0.000000e+00,0.000000e+00,0.000000e+00,0.000000e+00,0.000000e+00,0.000000e+00,5.421011e-20,7.546700e-14,0.000000e+00,0.000000e+00,0.000000e+00,0.000000e+00,2.288467e+01,8.647713e+02,3.379987e-01,7.183287e-05,0.000000e+00,6.773344e+01,0.000000e+00,0.000000e+00,-6.965575e-01
1.371265e-02,2.340667e+01,8.641661e+02,8.875758e-05,6.233023e-06,3.379987e-01,7.183287e-05,3.485421e-06,0.000000e+00,-4.736889e+00,0.000000e+00,0.000000e+00,0.000000e+00,0.000000e+00,0.000000e+00,0.000000e+00,0.000000e+00,5.421011e-20,7.546700e-14,0.000000e+00,0.000000e+00,0.000000e+00,0.000000e+00,2.340667e+01,8.642632e+02,3.379987e-01,7.183287e-05,0.000000e+00,6.778260e+01,0.000000e+00,0.000000e+00,-6.965575e-01
1.372311e-02,2.401069e+01,8.635618e+02,8.875767e-05,6.233429e-06,3.379987e-01,7.183287e-05,3.489228e-06,0.000000e+00,-4.736889e+00,0.000000e+00,0.000000e+00,0.000000e+00,0.000000e+00,0.000000e+00,0.000000e+00,0.000000e+00,5.421011e-20,7.546700e-14,0.000000e+00,0.000000e+00,0.000000e+00,0.000000e+00,2.401069e+01,8.636719e+02,3.379987e-01,7.183287e-05,0.000000e+00,6.783182e+01,0.000000e+00,0.000000e+00,-6.965575e-01
1.373009e-02,2.445431e+01,8.631179e+02,8.875709e-05,6.238919e-06,3.379987e-01,7.183287e-05,3.491624e-06,0.000000e+00,-4.736889e+00,0.000000e+00,0.000000e+00,0.000000e+00,0.000000e+00,0.000000e+00,0.000000e+00,0.000000e+00,5.421011e-20,7.546700e-14,0.000000e+00,0.000000e+00,0.000000e+00,0.000000e+00,2.445431e+01,8.632358e+02,3.379987e-01,7.183287e-05,0.000000e+00,6.786466e+01,0.000000e+00,0.000000e+00,-6.965575e-01
1.374057e-02,2.517377e+01,8.623979e+02,8.876380e-05,6.252254e-06,3.379987e-01,7.183287e-05,3.494760e-06,0.000000e+00,-4.736889e+00,0.000000e+00,0.000000e+00,0.000000e+00,0.000000e+00,0.000000e+00,0.000000e+00,0.000000e+00,5.421011e-20,7.546700e-14,0.000000e+00,0.000000e+00,0.000000e+00,0.000000e+00,2.517377e+01,8.625261e+02,3.379987e-01,7.183287e-05,0.000000e+00,6.791396e+01,0.000000e+00,0.000000e+00,-6.965575e-01
1.375105e-02,2.594889e+01,8.616220e+02,8.877326e-05,6.266564e-06,3.379987e-01,7.183287e-05,3.497138e-06,0.000000e+00,-4.736889e+00,0.000000e+00,0.000000e+00,0.000000e+00,0.000000e+00,0.000000e+00,0.000000e+00,0.000000e+00,5.421011e-20,7.546700e-14,0.000000e+00,0.000000e+00,0.000000e+00,0.000000e+00,2.594889e+01,8.617587e+02,3.379987e-01,7.183287e-05,0.000000e+00,6.796331e+01,0.000000e+00,0.000000e+00,-6.965575e-01
1.376155e-02,2.676927e+01,8.608006e+02,8.877330e-05,6.268696e-06,3.379987e-01,7.183287e-05,3.498622e-06,0.000000e+00,-4.736889e+00,0.000000e+00,0.000000e+00,0.000000e+00,0.000000e+00,0.000000e+00,0.000000e+00,0.000000e+00,5.421011e-20,7.546700e-14,0.000000e+00,0.000000e+00,0.000000e+00,0.000000e+00,2.676927e+01,8.609440e+02,3.379987e-01,7.183287e-05,0.000000e+00,6.801268e+01,0.000000e+00,0.000000e+00,-6.965575e-01
1.377204e-02,2.762464e+01,8.599440e+02,8.877597e-05,6.262791e-06,3.379987e-01,7.183287e-05,3.499178e-06,0.000000e+00,-4.736889e+00,0.000000e+00,0.000000e+00,0.000000e+00,0.000000e+00,0.000000e+00,0.000000e+00,0.000000e+00,5.421011e-20,7.546700e-14,0.000000e+00,0.000000e+00,0.000000e+00,0.000000e+00,2.762464e+01,8.600925e+02,3.379987e-01,7.183287e-05,0.000000e+00,6.806207e+01,0.000000e+00,0.000000e+00,-6.965575e-01
1.378254e-02,2.850500e+01,8.590624e+02,8.878099e-05,6.257807e-06,3.379987e-01,7.183287e-05,3.498870e-06,0.000000e+00,-4.736889e+00,0.000000e+00,0.000000e+00,0.000000e+00,0.000000e+00,0.000000e+00,0.000000e+00,0.000000e+00,5.421011e-20,7.546700e-14,0.000000e+00,0.000000e+00,0.000000e+00,0.000000e+00,2.850500e+01,8.592144e+02,3.379987e-01,7.183287e-05,0.000000e+00,6.811147e+01,0.000000e+00,0.000000e+00,-6.965575e-01
1.379304e-02,2.940076e+01,8.581655e+02,8.878099e-05,6.257807e-06,3.379987e-01,7.183287e-05,3.497837e-06,0.000000e+00,-4.736889e+00,0.000000e+00,0.000000e+00,0.000000e+00,0.000000e+00,0.000000e+00,0.000000e+00,0.000000e+00,5.421011e-20,7.546700e-14,0.000000e+00,0.000000e+00,0.000000e+00,0.000000e+00,2.940076e+01,8.583193e+02,3.379987e-01,7.183287e-05,0.000000e+00,6.816085e+01,0.000000e+00,0.000000e+00,-6.965575e-01
1.380003e-02,3.000199e+01,8.575637e+02,8.878099e-05,6.257807e-06,3.379987e-01,7.183287e-05,3.496847e-06,0.000000e+00,-4.736889e+00,0.000000e+00,0.000000e+00,0.000000e+00,0.000000e+00,0.000000e+00,0.000000e+00,0.000000e+00,5.421011e-20,7.546700e-14,0.000000e+00,0.000000e+00,0.000000e+00,0.000000e+00,3.000199e+01,8.577178e+02,3.379987e-01,7.183287e-05,0.000000e+00,6.819377e+01,0.000000e+00,0.000000e+00,-6.965575e-01
1.381052e-02,3.090352e+01,8.566614e+02,8.878121e-05,6.258071e-06,3.379987e-01,7.183287e-05,3.495070e-06,0.000000e+00,-4.736889e+00,0.000000e+00,0.000000e+00,0.000000e+00,0.000000e+00,0.000000e+00,0.000000e+00,0.000000e+00,5.421011e-20,7.546700e-14,0.000000e+00,0.000000e+00,0.000000e+00,0.000000e+00,3.090352e+01,8.568150e+02,3.379987e-01,7.183287e-05,0.000000e+00,6.824313e+01,0.000000e+00,0.000000e+00,-6.965575e-01
1.382100e-02,3.179757e+01,8.557670e+02,8.878458e-05,6.258501e-06,3.379987e-01,7.183287e-05,3.492641e-06,0.000000e+00,-4.736889e+00,0.000000e+00,0.000000e+00,0.000000e+00,0.000000e+00,0.000000e+00,0.000000e+00,0.000000e+00,5.421011e-20,7.546700e-14,0.000000e+00,0.000000e+00,0.000000e+00,0.000000e+00,3.179757e+01,8.559186e+02,3.379987e-01,7.183287e-05,0.000000e+00,6.829245e+01,0.000000e+00,0.000000e+00,-6.965575e-01
1.383148e-02,3.267649e+01,8.548875e+02,8.880303e-05,6.251238e-06,3.379987e-01,7.183287e-05,3.489512e-06,0.000000e+00,-4.736889e+00,0.000000e+00,0.000000e+00,0.000000e+00,0.000000e+00,0.000000e+00,0.000000e+00,0.000000e+00,5.421011e-20,7.546700e-14,0.000000e+00,0.000000e+00,0.000000e+00,0.000000e+00,3.267649e+01,8.550362e+02,3.379987e-01,7.183287e-05,0.000000e+00,6.834174e+01,0.000000e+00,0.000000e+00,-6.965575e-01
1.384194e-02,3.353365e+01,8.540299e+02,8.881190e-05,6.248706e-06,3.379986e-01,7.183287e-05,3.487196e-06,0.000000e+00,-4.736889e+00,0.000000e+00,0.000000e+00,0.000000e+00,0.000000e+00,0.000000e+00,0.000000e+00,0.000000e+00,5.421011e-20,7.546700e-14,0.000000e+00,0.000000e+00,0.000000e+00,0.000000e+00,3.353365e+01,8.541744e+02,3.379986e-01,7.183287e-05,0.000000e+00,6.839098e+01,0.000000e+00,0.000000e+00,-6.965575e-01
1.385241e-02,3.436348e+01,8.531993e+02,8.877416e-05,6.240155e-06,3.379985e-01,7.183287e-05,3.486000e-06,0.000000e+00,-4.736889e+00,0.000000e+00,0.000000e+00,0.000000e+00,0.000000e+00,0.000000e+00,0.000000e+00,0.000000e+00,5.421011e-20,7.546700e-14,0.000000e+00,0.000000e+00,0.000000e+00,0.000000e+00,3.436348e+01,8.533390e+02,3.379985e-01,7.183287e-05,0.000000e+00,6.844020e+01,0.000000e+00,0.000000e+00,-6.965575e-01
1.386286e-02,3.516146e+01,8.524005e+02,8.873847e-05,6.233368e-06,3.379984e-01,7.183287e-05,3.486062e-06,0.000000e+00,-4.736889e+00,0.000000e+00,0.000000e+00,0.000000e+00,0.000000e+00,0.000000e+00,0.000000e+00,0.000000e+00,5.421011e-20,7.546700e-14,0.000000e+00,0.000000e+00,0.000000e+00,0.000000e+00,3.516146e+01,8.525345e+02,3.379984e-01,7.183287e-05,0.000000e+00,6.848941e+01,0.000000e+00,0.000000e+00,-6.965575e-01
1.387332e-02,3.592415e+01,8.516368e+02,8.873847e-05,6.233368e-06,3.379984e-01,7.183287e-05,3.485095e-06,0.000000e+00,-4.736889e+00,0.000000e+00,0.000000e+00,0.000000e+00,0.000000e+00,0.000000e+00,0.000000e+00,0.000000e+00,5.421011e-20,7.546700e-14,0.000000e+00,0.000000e+00,0.000000e+00,0.000000e+00,3.592415e+01,8.517648e+02,3.379984e-01,7.183287e-05,0.000000e+00,6.853861e+01,0.000000e+00,0.000000e+00,-6.965575e-01
1.388029e-02,3.641175e+01,8.511484e+02,8.873847e-05,6.233368e-06,3.379984e-01,7.183287e-05,3.484335e-06,0.000000e+00,-4.736889e+00,0.000000e+00,0.000000e+00,0.000000e+00,0.000000e+00,0.000000e+00,0.000000e+00,0.000000e+00,5.421011e-20,7.546700e-14,0.000000e+00,0.000000e+00,0.000000e+00,0.000000e+00,3.641175e+01,8.512722e+02,3.379984e-01,7.183287e-05,0.000000e+00,6.857141e+01,0.000000e+00,0.000000e+00,-6.965575e-01
1.389074e-02,3.711118e+01,8.504477e+02,8.873847e-05,6.233368e-06,3.379984e-01,7.183287e-05,3.483359e-06,0.000000e+00,-4.736889e+00,0.000000e+00,0.000000e+00,0.000000e+00,0.000000e+00,0.000000e+00,0.000000e+00,0.000000e+00,5.421011e-20,7.546700e-14,0.000000e+00,0.000000e+00,0.000000e+00,0.000000e+00,3.711118e+01,8.505651e+02,3.379984e-01,7.183287e-05,0.000000e+00,6.862059e+01,0.000000e+00,0.000000e+00,-6.965575e-01
1.390119e-02,3.777276e+01,8.497849e+02,8.873847e-05,6.233368e-06,3.379984e-01,7.183287e-05,3.482636e-06,0.000000e+00,-4.736889e+00,0.000000e+00,0.000000e+00,0.000000e+00,0.000000e+00,0.000000e+00,0.000000e+00,0.000000e+00,5.421011e-20,7.546700e-14,0.000000e+00,0.000000e+00,0.000000e+00,0.000000e+00,3.777276e+01,8.498960e+02,3.379984e-01,7.183287e-05,0.000000e+00,6.866976e+01,0.000000e+00,0.000000e+00,-6.965575e-01
1.391164e-02,3.839840e+01,8.491581e+02,8.873847e-05,6.233368e-06,3.379984e-01,7.183287e-05,3.482244e-06,0.000000e+00,-4.736889e+00,0.000000e+00,0.000000e+00,0.000000e+00,0.000000e+00,0.000000e+00,0.000000e+00,0.000000e+00,5.421011e-20,7.546700e-14,0.000000e+00,0.000000e+00,0.000000e+00,0.000000e+00,3.839840e+01,8.492634e+02,3.379984e-01,7.183287e-05,0.000000e+00,6.871892e+01,0.000000e+00,0.000000e+00,-6.965575e-01
1.392209e-02,3.899141e+01,8.485643e+02,8.873847e-05,6.233368e-06,3.379984e-01,7.183287e-05,3.482249e-06,0.000000e+00,-4.736889e+00,0.000000e+00,0.000000e+00,0.000000e+00,0.000000e+00,0.000000e+00,0.000000e+00,0.000000e+00,5.421011e-20,7.546700e-14,0.000000e+00,0.000000e+00,0.000000e+00,0.000000e+00,3.899141e+01,8.486644e+02,3.379984e-01,7.183287e-05,0.000000e+00,6.876807e+01,0.000000e+00,0.000000e+00,-6.965575e-01
1.393253e-02,3.955625e+01,8.479991e+02,8.873847e-05,6.233368e-06,3.379984e-01,7.183287e-05,3.482695e-06,0.000000e+00,-4.736889e+00,0.000000e+00,0.000000e+00,0.000000e+00,0.000000e+00,0.000000e+00,0.000000e+00,0.000000e+00,5.421011e-20,7.546700e-14,0.000000e+00,0.000000e+00,0.000000e+00,0.000000e+00,3.955625e+01,8.480948e+02,3.379984e-01,7.183287e-05,0.000000e+00,6.881723e+01,0.000000e+00,0.000000e+00,-6.965575e-01
1.394298e-02,4.009822e+01,8.474572e+02,8.873847e-05,6.233368e-06,3.379984e-01,7.183287e-05,3.483575e-06,0.000000e+00,-4.736889e+00,0.000000e+00,0.000000e+00,0.000000e+00,0.000000e+00,0.000000e+00,0.000000e+00,0.000000e+00,5.421011e-20,7.546700e-14,0.000000e+00,0.000000e+00,0.000000e+00,0.000000e+00,4.009822e+01,8.475495e+02,3.379984e-01,7.183287e-05,0.000000e+00,6.886639e+01,0.000000e+00,0.000000e+00,-6.965575e-01
1.395343e-02,4.062309e+01,8.469327e+02,8.873847e-05,6.233368e-06,3.379984e-01,7.183287e-05,3.484821e-06,0.000000e+00,-4.736889e+00,0.000000e+00,0.000000e+00,0.000000e+00,0.000000e+00,0.000000e+00,0.000000e+00,0.000000e+00,5.421011e-20,7.546700e-14,0.000000e+00,0.000000e+00,0.000000e+00,0.000000e+00,4.062309e+01,8.470225e+02,3.379984e-01,7.183287e-05,0.000000e+00,6.891557e+01,0.000000e+00,0.000000e+00,-6.965575e-01
1.396040e-02,4.096639e+01,8.465897e+02,8.873847e-05,6.233368e-06,3.379984e-01,7.183287e-05,3.485788e-06,0.000000e+00,-4.736889e+00,0.000000e+00,0.000000e+00,0.000000e+00,0.000000e+00,0.000000e+00,0.000000e+00,0.000000e+00,5.421011e-20,7.546700e-14,0.000000e+00,0.000000e+00,0.000000e+00,0.000000e+00,4.096639e+01,8.466785e+02,3.379984e-01,7.183287e-05,0.000000e+00,6.894837e+01,0.000000e+00,0.000000e+00,-6.965575e-01
1.397086e-02,4.147556e+01,8.460812e+02,8.873847e-05,6.233368e-06,3.379984e-01,7.183287e-05,3.487302e-06,0.000000e+00,-4.736889e+00,0.000000e+00,0.000000e+00,0.000000e+00,0.000000e+00,0.000000e+00,0.000000e+00,0.000000e+00,5.421011e-20,7.546700e-14,0.000000e+00,0.000000e+00,0.000000e+00,0.000000e+00,4.147556e+01,8.461691e+02,3.379984e-01,7.183287e-05,0.000000e+00,6.899758e+01,0.000000e+00,0.000000e+00,-6.965575e-01
1.398133e-02,4.198241e+01,8.455752e+02,8.873847e-05,6.233368e-06,3.379984e-01,7.183287e-05,3.488689e-06,0.000000e+00,-4.736889e+00,0.000000e+00,0.000000e+00,0.000000e+00,0.000000e+00,0.000000e+00,0.000000e+00,0.000000e+00,5.421011e-20,7.546700e-14,0.000000e+00,0.000000e+00,0.000000e+00,0.000000e+00,4.198241e+01,8.456631e+02,3.379984e-01,7.183287e-05,0.000000e+00,6.904681e+01,0.000000e+00,0.000000e+00,-6.965575e-01
1.399179e-02,4.249158e+01,8.450670e+02,8.873847e-05,6.233368e-06,3.379984e-01,7.183287e-05,3.487595e-06,0.000000e+00,-4.736889e+00,0.000000e+00,0.000000e+00,0.000000e+00,0.000000e+00,0.000000e+00,0.000000e+00,0.000000e+00,5.421011e-20,7.546700e-14,0.000000e+00,0.000000e+00,0.000000e+00,0.000000e+00,4.249158e+01,8.451555e+02,3.379984e-01,7.183287e-05,0.000000e+00,6.909607e+01,0.000000e+00,0.000000e+00,-6.965575e-01
1.400225e-02,4.300662e+01,8.445527e+02,8.873847e-05,6.233368e-06,3.379984e-01,7.183287e-05,3.483974e-06,0.000000e+00,-4.736889e+00,0.000000e+00,0.000000e+00,0.000000e+00,0.000000e+00,0.000000e+00,0.000000e+00,0.000000e+00,5.421011e-20,7.546700e-14,0.000000e+00,0.000000e+00,0.000000e+00,0.000000e+00,4.300662e+01,8.446426e+02,3.379984e-01,7.183287e-05,0.000000e+00,6.914528e+01,0.000000e+00,0.000000e+00,-6.965575e-01
1.401270e-02,4.353087e+01,8.440289e+02,8.873847e-05,6.233368e-06,3.379984e-01,7.183287e-05,3.481125e-06,0.000000e+00,-4.736889e+00,0.000000e+00,0.000000e+00,0.000000e+00,0.000000e+00,0.000000e+00,0.000000e+00,0.000000e+00,5.421011e-20,7.546700e-14,0.000000e+00,0.000000e+00,0.000000e+00,0.000000e+00,4.353087e+01,8.441206e+02,3.379984e-01,7.183287e-05,0.000000e+00,6.919444e+01,0.000000e+00,0.000000e+00,-6.965575e-01
1.402314e-02,4.406732e+01,8.434922e+02,8.873847e-05,6.233368e-06,3.379984e-01,7.183287e-05,3.479250e-06,0.000000e+00,-4.736889e+00,0.000000e+00,0.000000e+00,0.000000e+00,0.000000e+00,0.000000e+00,0.000000e+00,0.000000e+00,5.421011e-20,7.546700e-14,0.000000e+00,0.000000e+00,0.000000e+00,0.000000e+00,4.406732e+01,8.435863e+02,3.379984e-01,7.183287e-05,0.000000e+00,6.924358e+01,0.000000e+00,0.000000e+00,-6.965575e-01
1.403010e-02,4.443293e+01,8.431262e+02,8.873847e-05,6.233368e-06,3.379984e-01,7.183287e-05,3.478528e-06,0.000000e+00,-4.736889e+00,0.000000e+00,0.000000e+00,0.000000e+00,0.000000e+00,0.000000e+00,0.000000e+00,0.000000e+00,5.421011e-20,7.546700e-14,0.000000e+00,0.000000e+00,0.000000e+00,0.000000e+00,4.443293e+01,8.432220e+02,3.379984e-01,7.183287e-05,0.000000e+00,6.927631e+01,0.000000e+00,0.000000e+00,-6.965575e-01
1.404053e-02,4.499471e+01,8.425635e+02,8.873847e-05,6.233368e-06,3.379984e-01,7.183287e-05,3.478068e-06,0.000000e+00,-4.736889e+00,0.000000e+00,0.000000e+00,0.000000e+00,0.000000e+00,0.000000e+00,0.000000e+00,0.000000e+00,5.421011e-20,7.546700e-14,0.000000e+00,0.000000e+00,0.000000e+00,0.000000e+00,4.499471e+01,8.426620e+02,3.379984e-01,7.183287e-05,0.000000e+00,6.932542e+01,0.000000e+00,0.000000e+00,-6.965575e-01
1.405097e-02,4.557373e+01,8.419832e+02,8.873847e-05,6.233368e-06,3.379984e-01,7.183287e-05,3.478040e-06,0.000000e+00,-4.736889e+00,0.000000e+00,0.000000e+00,0.000000e+00,0.000000e+00,0.000000e+00,0.000000e+00,0.000000e+00,5.421011e-20,7.546700e-14,0.000000e+00,0.000000e+00,0.000000e+00,0.000000e+00,4.557373e+01,8.420848e+02,3.379984e-01,7.183287e-05,0.000000e+00,6.937451e+01,0.000000e+00,0.000000e+00,-6.965575e-01
1.406140e-02,4.617089e+01,8.413850e+02,8.873847e-05,6.233368e-06,3.379984e-01,7.183287e-05,3.478031e-06,0.000000e+00,-4.736889e+00,0.000000e+00,0.000000e+00,0.000000e+00,0.000000e+00,0.000000e+00,0.000000e+00,0.000000e+00,5.421011e-20,7.546700e-14,0.000000e+00,0.000000e+00,0.000000e+00,0.000000e+00,4.617089e+01,8.414896e+02,3.379984e-01,7.183287e-05,0.000000e+00,6.942361e+01,0.000000e+00,0.000000e+00,-6.965575e-01
1.407184e-02,4.678656e+01,8.407686e+02,8.873847e-05,6.233368e-06,3.379984e-01,7.183287e-05,3.477660e-06,0.000000e+00,-4.736889e+00,0.000000e+00,0.000000e+00,0.000000e+00,0.000000e+00,0.000000e+00,0.000000e+00,0.000000e+00,5.421011e-20,7.546700e-14,0.000000e+00,0.000000e+00,0.000000e+00,0.000000e+00,4.678656e+01,8.408763e+02,3.379984e-01,7.183287e-05,0.000000e+00,6.947270e+01,0.000000e+00,0.000000e+00,-6.965575e-01
1.408227e-02,4.742059e+01,8.401342e+02,8.873847e-05,6.233368e-06,3.379984e-01,7.183287e-05,3.476657e-06,0.000000e+00,-4.736889e+00,0.000000e+00,0.000000e+00,0.000000e+00,0.000000e+00,0.000000e+00,0.000000e+00,0.000000e+00,5.421011e-20,7.546700e-14,0.000000e+00,0.000000e+00,0.000000e+00,0.000000e+00,4.742059e+01,8.402448e+02,3.379984e-01,7.183287e-05,0.000000e+00,6.952179e+01,0.000000e+00,0.000000e+00,-6.965575e-01
1.409270e-02,4.807203e+01,8.394824e+02,8.873847e-05,6.233368e-06,3.379984e-01,7.183287e-05,3.474905e-06,0.000000e+00,-4.736889e+00,0.000000e+00,0.000000e+00,0.000000e+00,0.000000e+00,0.000000e+00,0.000000e+00,0.000000e+00,5.421011e-20,7.546700e-14,0.000000e+00,0.000000e+00,0.000000e+00,0.000000e+00,4.807203e+01,8.395958e+02,3.379984e-01,7.183287e-05,0.000000e+00,6.957086e+01,0.000000e+00,0.000000e+00,-6.965575e-01
1.410312e-02,4.873896e+01,8.388151e+02,8.873847e-05,6.233368e-06,3.379984e-01,7.183287e-05,3.472459e-06,0.000000e+00,-4.736889e+00,0.000000e+00,0.000000e+00,0.000000e+00,0.000000e+00,0.000000e+00,0.000000e+00,0.000000e+00,5.421011e-20,7.546700e-14,0.000000e+00,0.000000e+00,0.000000e+00,0.000000e+00,4.873896e+01,8.389308e+02,3.379984e-01,7.183287e-05,0.000000e+00,6.961990e+01,0.000000e+00,0.000000e+00,-6.965575e-01
1.411006e-02,4.919068e+01,8.383630e+02,8.873847e-05,6.233368e-06,3.379984e-01,7.183287e-05,3.470541e-06,0.000000e+00,-4.736889e+00,0.000000e+00,0.000000e+00,0.000000e+00,0.000000e+00,0.000000e+00,0.000000e+00,0.000000e+00,5.421011e-20,7.546700e-14,0.000000e+00,0.000000e+00,0.000000e+00,0.000000e+00,4.919068e+01,8.384800e+02,3.379984e-01,7.183287e-05,0.000000e+00,6.965257e+01,0.000000e+00,0.000000e+00,-6.965575e-01
1.412047e-02,4.987580e+01,8.376770e+02,8.873847e-05,6.233368e-06,3.379984e-01,7.183287e-05,3.467467e-06,0.000000e+00,-4.736889e+00,0.000000e+00,0.000000e+00,0.000000e+00,0.000000e+00,0.000000e+00,0.000000e+00,0.000000e+00,5.421011e-20,7.546700e-14,0.000000e+00,0.000000e+00,0.000000e+00,0.000000e+00,4.987580e+01,8.377953e+02,3.379984e-01,7.183287e-05,0.000000e+00,6.970155e+01,0.000000e+00,0.000000e+00,-6.965575e-01
1.413087e-02,5.056537e+01,8.369866e+02,8.873847e-05,6.233368e-06,3.379984e-01,7.183287e-05,3.464518e-06,0.000000e+00,-4.736889e+00,0.000000e+00,0.000000e+00,0.000000e+00,0.000000e+00,0.000000e+00,0.000000e+00,0.000000e+00,5.421011e-20,7.546700e-14,0.000000e+00,0.000000e+00,0.000000e+00,0.000000e+00,5.056537e+01,8.371052e+02,3.379984e-01,7.183287e-05,0.000000e+00,6.975048e+01,0.000000e+00,0.000000e+00,-6.965575e-01
1.414126e-02,5.125351e+01,8.362977e+02,8.873847e-05,6.233368e-06,3.379984e-01,7.183287e-05,3.462098e-06,0.000000e+00,-4.736889e+00,0.000000e+00,0.000000e+00,0.000000e+00,0.000000e+00,0.000000e+00,0.000000e+00,0.000000e+00,5.421011e-20,7.546700e-14,0.000000e+00,0.000000e+00,0.000000e+00,0.000000e+00,5.125351e+01,8.364156e+02,3.379984e-01,7.183287e-05,0.000000e+00,6.979938e+01,0.000000e+00,0.000000e+00,-6.965575e-01
1.415165e-02,5.193391e+01,8.356169e+02,8.873847e-05,6.233368e-06,3.379984e-01,7.183287e-05,3.460510e-06,0.000000e+00,-4.736889e+00,0.000000e+00,0.000000e+00,0.000000e+00,0.000000e+00,0.000000e+00,0.000000e+00,0.000000e+00,5.421011e-20,7.546700e-14,0.000000e+00,0.000000e+00,0.000000e+00,0.000000e+00,5.193391e+01,8.357329e+02,3.379984e-01,7.183287e-05,0.000000e+00,6.984824e+01,0.000000e+00,0.000000e+00,-6.965575e-01
1.416203e-02,5.260005e+01,8.349504e+02,8.873847e-05,6.233368e-06,3.379984e-01,7.183287e-05,3.459905e-06,0.000000e+00,-4.736889e+00,0.000000e+00,0.000000e+00,0.000000e+00,0.000000e+00,0.000000e+00,0.000000e+00,0.000000e+00,5.421011e-20,7.546700e-14,0.000000e+00,0.000000e+00,0.000000e+00,0.000000e+00,5.260005e+01,8.350635e+02,3.379984e-01,7.183287e-05,0.000000e+00,6.989708e+01,0.000000e+00,0.000000e+00,-6.965575e-01
1.417241e-02,5.324529e+01,8.343048e+02,8.873847e-05,6.233368e-06,3.379984e-01,7.183287e-05,3.460272e-06,0.000000e+00,-4.736889e+00,0.000000e+00,0.000000e+00,0.000000e+00,0.000000e+00,0.000000e+00,0.000000e+00,0.000000e+00,5.421011e-20,7.546700e-14,0.000000e+00,0.000000e+00,0.000000e+00,0.000000e+00,5.324529e+01,8.344139e+02,3.379984e-01,7.183287e-05,0.000000e+00,6.994592e+01,0.000000e+00,0.000000e+00,-6.965575e-01
1.418279e-02,5.386282e+01,8.336868e+02,8.873847e-05,6.233368e-06,3.379984e-01,7.183287e-05,3.461465e-06,0.000000e+00,-4.736889e+00,0.000000e+00,0.000000e+00,0.000000e+00,0.000000e+00,0.000000e+00,0.000000e+00,0.000000e+00,5.421011e-20,7.546700e-14,0.000000e+00,0.000000e+00,0.000000e+00,0.000000e+00,5.386282e+01,8.337908e+02,3.379984e-01,7.183287e-05,0.000000e+00,6.999477e+01,0.000000e+00,0.000000e+00,-6.965575e-01
1.419318e-02,5.444560e+01,8.331032e+02,8.873847e-05,6.233368e-06,3.379984e-01,7.183287e-05,3.463236e-06,0.000000e+00,-4.736889e+00,0.000000e+00,0.000000e+00,0.000000e+00,0.000000e+00,0.000000e+00,0.000000e+00,0.000000e+00,5.421011e-20,7.546700e-14,0.000000e+00,0.000000e+00,0.000000e+00,0.000000e+00,5.444560e+01,8.332009e+02,3.379984e-01,7.183287e-05,0.000000e+00,7.004365e+01,0.000000e+00,0.000000e+00,-6.965575e-01
1.420010e-02,5.481127e+01,8.327369e+02,8.873847e-05,6.233368e-06,3.379984e-01,7.183287e-05,3.464594e-06,0.000000e+00,-4.736889e+00,0.000000e+00,0.000000e+00,0.000000e+00,0.000000e+00,0.000000e+00,0.000000e+00,0.000000e+00,5.421011e-20,7.546700e-14,0.000000e+00,0.000000e+00,0.000000e+00,0.000000e+00,5.481127e+01,8.328298e+02,3.379984e-01,7.183287e-05,0.000000e+00,7.007624e+01,0.000000e+00,0.000000e+00,-6.965575e-01
1.421050e-02,5.532013e+01,8.322272e+02,8.873847e-05,6.233368e-06,3.379984e-01,7.183287e-05,3.466667e-06,0.000000e+00,-4.736889e+00,0.000000e+00,0.000000e+00,0.000000e+00,0.000000e+00,0.000000e+00,0.000000e+00,0.000000e+00,5.421011e-20,7.546700e-14,0.000000e+00,0.000000e+00,0.000000e+00,0.000000e+00,5.532013e+01,8.323117e+02,3.379984e-01,7.183287e-05,0.000000e+00,7.012515e+01,0.000000e+00,0.000000e+00,-6.965575e-01
1.422090e-02,5.577510e+01,8.317715e+02,8.873847e-05,6.233368e-06,3.379984e-01,7.183287e-05,3.468519e-06,0.000000e+00,-4.736889e+00,0.000000e+00,0.000000e+00,0.000000e+00,0.000000e+00,0.000000e+00,0.000000e+00,0.000000e+00,5.421011e-20,7.546700e-14,0.000000e+00,0.000000e+00,0.000000e+00,0.000000e+00,5.577510e+01,8.318464e+02,3.379984e-01,7.183287e-05,0.000000e+00,7.017410e+01,0.000000e+00,0.000000e+00,-6.965575e-01
1.423131e-02,5.616936e+01,8.313768e+02,8.873847e-05,6.233368e-06,3.379984e-01,7.183287e-05,3.469887e-06,0.000000e+00,-4.736889e+00,0.000000e+00,0.000000e+00,0.000000e+00,0.000000e+00,0.000000e+00,0.000000e+00,0.000000e+00,5.421011e-20,7.546700e-14,0.000000e+00,0.000000e+00,0.000000e+00,0.000000e+00,5.616936e+01,8.314410e+02,3.379984e-01,7.183287e-05,0.000000e+00,7.022307e+01,0.000000e+00,0.000000e+00,-6.965575e-01
1.424172e-02,5.649652e+01,8.310493e+02,8.873847e-05,6.233368e-06,3.379984e-01,7.183287e-05,3.470583e-06,0.000000e+00,-4.736889e+00,0.000000e+00,0.000000e+00,0.000000e+00,0.000000e+00,0.000000e+00,0.000000e+00,0.000000e+00,5.421011e-20,7.546700e-14,0.000000e+00,0.000000e+00,0.000000e+00,0.000000e+00,5.649652e+01,8.311019e+02,3.379984e-01,7.183287e-05,0.000000e+00,7.027206e+01,0.000000e+00,0.000000e+00,-6.965575e-01
1.425213e-02,5.675064e+01,8.307950e+02,8.873847e-05,6.233368e-06,3.379984e-01,7.183287e-05,3.470519e-06,0.000000e+00,-4.736889e+00,0.000000e+00,0.000000e+00,0.000000e+00,0.000000e+00,0.000000e+00,0.000000e+00,0.000000e+00,5.421011e-20,7.546700e-14,0.000000e+00,0.000000e+00,0.000000e+00,0.000000e+00,5.675064e+01,8.308350e+02,3.379984e-01,7.183287e-05,0.000000e+00,7.032104e+01,0.000000e+00,0.000000e+00,-6.965575e-01
1.426254e-02,5.692622e+01,8.306192e+02,8.873847e-05,6.233368e-06,3.379984e-01,7.183287e-05,3.469732e-06,0.000000e+00,-4.736889e+00,0.000000e+00,0.000000e+00,0.000000e+00,0.000000e+00,0.000000e+00,0.000000e+00,0.000000e+00,5.421011e-20,7.546700e-14,0.000000e+00,0.000000e+00,0.000000e+00,0.000000e+00,5.692622e+01,8.306457e+02,3.379984e-01,7.183287e-05,0.000000e+00,7.037003e+01,0.000000e+00,0.000000e+00,-6.965575e-01
1.427295e-02,5.701832e+01,8.305269e+02,8.873847e-05,6.233368e-06,3.379984e-01,7.183287e-05,3.468368e-06,0.000000e+00,-4.736889e+00,0.000000e+00,0.000000e+00,0.000000e+00,0.000000e+00,0.000000e+00,0.000000e+00,0.000000e+00,5.421011e-20,7.546700e-14,0.000000e+00,0.000000e+00,0.000000e+00,0.000000e+00,5.701832e+01,8.305392e+02,3.379984e-01,7.183287e-05,0.000000e+00,7.041901e+01,0.000000e+00,0.000000e+00,-6.965575e-01
1.428335e-02,5.702281e+01,8.305223e+02,8.873847e-05,6.233368e-06,3.379984e-01,7.183287e-05,3.466634e-06,0.000000e+00,-4.736889e+00,0.000000e+00,0.000000e+00,0.000000e+00,0.000000e+00,0.000000e+00,0.000000e+00,0.000000e+00,5.421011e-20,7.546700e-14,0.000000e+00,0.000000e+00,0.000000e+00,0.000000e+00,5.702281e+01,8.305197e+02,3.379984e-01,7.183287e-05,0.000000e+00,7.046796e+01,0.000000e+00,0.000000e+00,-6.965575e-01
1.429028e-02,5.697560e+01,8.305696e+02,8.873847e-05,6.233368e-06,3.379984e-01,7.183287e-05,3.465377e-06,0.000000e+00,-4.736889e+00,0.000000e+00,0.000000e+00,0.000000e+00,0.000000e+00,0.000000e+00,0.000000e+00,0.000000e+00,5.421011e-20,7.546700e-14,0.000000e+00,0.000000e+00,0.000000e+00,0.000000e+00,5.697560e+01,8.305568e+02,3.379984e-01,7.183287e-05,0.000000e+00,7.050058e+01,0.000000e+00,0.000000e+00,-6.965575e-01
1.430068e-02,5.682820e+01,8.307173e+02,8.873847e-05,6.233368e-06,3.379984e-01,7.183287e-05,3.463473e-06,0.000000e+00,-4.736889e+00,0.000000e+00,0.000000e+00,0.000000e+00,0.000000e+00,0.000000e+00,0.000000e+00,0.000000e+00,5.421011e-20,7.546700e-14,0.000000e+00,0.000000e+00,0.000000e+00,0.000000e+00,5.682820e+01,8.306891e+02,3.379984e-01,7.183287e-05,0.000000e+00,7.054948e+01,0.000000e+00,0.000000e+00,-6.965575e-01
1.431107e-02,5.658875e+01,8.309572e+02,8.873847e-05,6.233368e-06,3.379984e-01,7.183287e-05,3.461656e-06,0.000000e+00,-4.736889e+00,0.000000e+00,0.000000e+00,0.000000e+00,0.000000e+00,0.000000e+00,0.000000e+00,0.000000e+00,5.421011e-20,7.546700e-14,0.000000e+00,0.000000e+00,0.000000e+00,0.000000e+00,5.658875e+01,8.309136e+02,3.379984e-01,7.183287e-05,0.000000e+00,7.059837e+01,0.000000e+00,0.000000e+00,-6.965575e-01
1.432145e-02,5.625880e+01,8.312875e+02,8.873847e-05,6.233368e-06,3.379984e-01,7.183287e-05,3.460015e-06,0.000000e+00,-4.736889e+00,0.000000e+00,0.000000e+00,0.000000e+00,0.000000e+00,0.000000e+00,0.000000e+00,0.000000e+00,5.421011e-20,7.546700e-14,0.000000e+00,0.000000e+00,0.000000e+00,0.000000e+00,5.625880e+01,8.312292e+02,3.379984e-01,7.183287e-05,0.000000e+00,7.064722e+01,0.000000e+00,0.000000e+00,-6.965575e-01
1.433183e-02,5.584181e+01,8.317049e+02,8.873847e-05,6.233368e-06,3.379984e-01,7.183287e-05,3.458620e-06,0.000000e+00,-4.736889e+00,0.000000e+00,0.000000e+00,0.000000e+00,0.000000e+00,0.000000e+00,0.000000e+00,0.000000e+00,5.421011e-20,7.546700e-14,0.000000e+00,0.000000e+00,0.000000e+00,0.000000e+00,5.584181e+01,8.316324e+02,3.379984e-01,7.183287e-05,0.000000e+00,7.069606e+01,0.000000e+00,0.000000e+00,-6.965575e-01
1.434220e-02,5.534305e+01,8.322039e+02,8.873847e-05,6.233368e-06,3.379984e-01,7.183287e-05,3.457545e-06,0.000000e+00,-4.736889e+00,0.000000e+00,0.000000e+00,0.000000e+00,0.000000e+00,0.000000e+00,0.000000e+00,0.000000e+00,5.421011e-20,7.546700e-14,0.000000e+00,0.000000e+00,0.000000e+00,0.000000e+00,5.534305e+01,8.321182e+02,3.379984e-01,7.183287e-05,0.000000e+00,7.074487e+01,0.000000e+00,0.000000e+00,-6.965575e-01
1.435258e-02,5.476944e+01,8.327775e+02,8.873847e-05,6.233368e-06,3.379984e-01,7.183287e-05,3.456883e-06,0.000000e+00,-4.736889e+00,0.000000e+00,0.000000e+00,0.000000e+00,0.000000e+00,0.000000e+00,0.000000e+00,0.000000e+00,5.421011e-20,7.546700e-14,0.000000e+00,0.000000e+00,0.000000e+00,0.000000e+00,5.476944e+01,8.326801e+02,3.379984e-01,7.183287e-05,0.000000e+00,7.079368e+01,0.000000e+00,0.000000e+00,-6.965575e-01
1.436295e-02,5.412932e+01,8.334177e+02,8.873847e-05,6.233368e-06,3.379984e-01,7.183287e-05,3.456737e-06,0.000000e+00,-4.736889e+00,0.000000e+00,0.000000e+00,0.000000e+00,0.000000e+00,0.000000e+00,0.000000e+00,0.000000e+00,5.421011e-20,7.546700e-14,0.000000e+00,0.000000e+00,0.000000e+00,0.000000e+00,5.412932e+01,8.333098e+02,3.379984e-01,7.183287e-05,0.000000e+00,7.084248e+01,0.000000e+00,0.000000e+00,-6.965575e-01
1.437332e-02,5.343214e+01,8.341149e+02,8.873847e-05,6.233368e-06,3.379984e-01,7.183287e-05,3.457192e-06,0.000000e+00,-4.736889e+00,0.000000e+00,0.000000e+00,0.000000e+00,0.000000e+00,0.000000e+00,0.000000e+00,0.000000e+00,5.421011e-20,7.546700e-14,0.000000e+00,0.000000e+00,0.000000e+00,0.000000e+00,5.343214e+01,8.339983e+02,3.379984e-01,7.183287e-05,0.000000e+00,7.089127e+01,0.000000e+00,0.000000e+00,-6.965575e-01
1.438023e-02,5.294068e+01,8.346066e+02,8.873847e-05,6.233368e-06,3.379984e-01,7.183287e-05,3.457854e-06,0.000000e+00,-4.736889e+00,0.000000e+00,0.000000e+00,0.000000e+00,0.000000e+00,0.000000e+00,0.000000e+00,0.000000e+00,5.421011e-20,7.546700e-14,0.000000e+00,0.000000e+00,0.000000e+00,0.000000e+00,5.294068e+01,8.344850e+02,3.379984e-01,7.183287e-05,0.000000e+00,7.092381e+01,0.000000e+00,0.000000e+00,-6.965575e-01
1.439061e-02,5.217133e+01,8.353763e+02,8.873847e-05,6.233368e-06,3.379984e-01,7.183287e-05,3.459359e-06,0.000000e+00,-4.736889e+00,0.000000e+00,0.000000e+00,0.000000e+00,0.000000e+00,0.000000e+00,0.000000e+00,0.000000e+00,5.421011e-20,7.546700e-14,0.000000e+00,0.000000e+00,0.000000e+00,0.000000e+00,5.217133e+01,8.352489e+02,3.379984e-01,7.183287e-05,0.000000e+00,7.097263e+01,0.000000e+00,0.000000e+00,-6.965575e-01
1.440099e-02,5.137296e+01,8.361752e+02,8.873847e-05,6.233368e-06,3.379984e-01,7.183287e-05,3.461356e-06,0.000000e+00,-4.736889e+00,0.000000e+00,0.000000e+00,0.000000e+00,0.000000e+00,0.000000e+00,0.000000e+00,0.000000e+00,5.421011e-20,7.546700e-14,0.000000e+00,0.000000e+00,0.000000e+00,0.000000e+00,5.137296e+01,8.360438e+02,3.379984e-01,7.183287e-05,0.000000e+00,7.102147e+01,0.000000e+00,0.000000e+00,-6.965575e-01
1.441137e-02,5.055629e+01,8.369924e+02,8.873847e-05,6.233368e-06,3.379984e-01,7.183287e-05,3.463609e-06,0.000000e+00,-4.736889e+00,0.000000e+00,0.000000e+00,0.000000e+00,0.000000e+00,0.000000e+00,0.000000e+00,0.000000e+00,5.421011e-20,7.546700e-14,0.000000e+00,0.000000e+00,0.000000e+00,0.000000e+00,5.055629e+01,8.368588e+02,3.379984e-01,7.183287e-05,0.000000e+00,7.107034e+01,0.000000e+00,0.000000e+00,-6.965575e-01
1.442177e-02,4.973178e+01,8.378173e+02,8.873847e-05,6.233368e-06,3.379984e-01,7.183287e-05,3.465836e-06,0.000000e+00,-4.736889e+00,0.000000e+00,0.000000e+00,0.000000e+00,0.000000e+00,0.000000e+00,0.000000e+00,0.000000e+00,5.421011e-20,7.546700e-14,0.000000e+00,0.000000e+00,0.000000e+00,0.000000e+00,4.973178e+01,8.376832e+02,3.379984e-01,7.183287e-05,0.000000e+00,7.111924e+01,0.000000e+00,0.000000e+00,-6.965575e-01
1.443216e-02,4.890969e+01,8.386393e+02,8.873847e-05,6.233368e-06,3.379984e-01,7.183287e-05,3.463996e-06,0.000000e+00,-4.736889e+00,0.000000e+00,0.000000e+00,0.000000e+00,0.000000e+00,0.000000e+00,0.000000e+00,0.000000e+00,5.421011e-20,7.546700e-14,0.000000e+00,0.000000e+00,0.000000e+00,0.000000e+00,4.890969e+01,8.385065e+02,3.379984e-01,7.183287e-05,0.000000e+00,7.116817e+01,0.000000e+00,0.000000e+00,-6.965575e-01
1.444255e-02,4.810064e+01,8.394479e+02,8.873847e-05,6.233368e-06,3.379984e-01,7.183287e-05,3.460519e-06,0.000000e+00,-4.736889e+00,0.000000e+00,0.000000e+00,0.000000e+00,0.000000e+00,0.000000e+00,0.000000e+00,0.000000e+00,5.421011e-20,7.546700e-14,0.000000e+00,0.000000e+00,0.000000e+00,0.000000e+00,4.810064e+01,8.393181e+02,3.379984e-01,7.183287e-05,0.000000e+00,7.121705e+01,0.000000e+00,0.000000e+00,-6.965575e-01
1.445293e-02,4.731356e+01,8.402343e+02,8.873847e-05,6.233368e-06,3.379984e-01,7.183287e-05,3.458197e-06,0.000000e+00,-4.736889e+00,0.000000e+00,0.000000e+00,0.000000e+00,0.000000e+00,0.000000e+00,0.000000e+00,0.000000e+00,5.421011e-20,7.546700e-14,0.000000e+00,0.000000e+00,0.000000e+00,0.000000e+00,4.731356e+01,8.401088e+02,3.379984e-01,7.183287e-05,0.000000e+00,7.126588e+01,0.000000e+00,0.000000e+00,-6.965575e-01
1.446330e-02,4.655642e+01,8.409906e+02,8.873847e-05,6.233368e-06,3.379984e-01,7.183287e-05,3.457312e-06,0.000000e+00,-4.736889e+00,0.000000e+00,0.000000e+00,0.000000e+00,0.000000e+00,0.000000e+00,0.000000e+00,0.000000e+00,5.421011e-20,7.546700e-14,0.000000e+00,0.000000e+00,0.000000e+00,0.000000e+00,4.655642e+01,8.408707e+02,3.379984e-01,7.183287e-05,0.000000e+00,7.131469e+01,0.000000e+00,0.000000e+00,-6.965575e-01
1.447022e-02,4.607188e+01,8.414748e+02,8.873847e-05,6.233368e-06,3.379984e-01,7.183287e-05,3.457578e-06,0.000000e+00,-4.736889e+00,0.000000e+00,0.000000e+00,0.000000e+00,0.000000e+00,0.000000e+00,0.000000e+00,0.000000e+00,5.421011e-20,7.546700e-14,0.000000e+00,0.000000e+00,0.000000e+00,0.000000e+00,4.607188e+01,8.413591e+02,3.379984e-01,7.183287e-05,0.000000e+00,7.134723e+01,0.000000e+00,0.000000e+00,-6.965575e-01
1.448059e-02,4.538016e+01,8.421663e+02,8.873847e-05,6.233368e-06,3.379984e-01,7.183287e-05,3.459196e-06,0.000000e+00,-4.736889e+00,0.000000e+00,0.000000e+00,0.000000e+00,0.000000e+00,0.000000e+00,0.000000e+00,0.000000e+00,5.421011e-20,7.546700e-14,0.000000e+00,0.000000e+00,0.000000e+00,0.000000e+00,4.538016e+01,8.420579e+02,3.379984e-01,7.183287e-05,0.000000e+00,7.139604e+01,0.000000e+00,0.000000e+00,-6.965575e-01
1.449097e-02,4.473526e+01,8.428115e+02,8.873847e-05,6.233368e-06,3.379984e-01,7.183287e-05,3.462005e-06,0.000000e+00,-4.736889e+00,0.000000e+00,0.000000e+00,0.000000e+00,0.000000e+00,0.000000e+00,0.000000e+00,0.000000e+00,5.421011e-20,7.546700e-14,0.000000e+00,0.000000e+00,0.000000e+00,0.000000e+00,4.473526e+01,8.427112e+02,3.379984e-01,7.183287e-05,0.000000e+00,7.144489e+01,0.000000e+00,0.000000e+00,-6.965575e-01
1.450136e-02,4.414122e+01,8.434061e+02,8.873847e-05,6.233368e-06,3.379984e-01,7.183287e-05,3.465504e-06,0.000000e+00,-4.736889e+00,0.000000e+00,0.000000e+00,0.000000e+00,0.000000e+00,0.000000e+00,0.000000e+00,0.000000e+00,5.421011e-20,7.546700e-14,0.000000e+00,0.000000e+00,0.000000e+00,0.000000e+00,4.414122e+01,8.433145e+02,3.379984e-01,7.183287e-05,0.000000e+00,7.149377e+01,0.000000e+00,0.000000e+00,-6.965575e-01
1.451176e-02,4.360069e+01,8.439474e+02,8.873847e-05,6.233368e-06,3.379984e-01,7.183287e-05,3.463562e-06,0.000000e+00,-4.736889e+00,0.000000e+00,0.000000e+00,0.000000e+00,0.000000e+00,0.000000e+00,0.000000e+00,0.000000e+00,5.421011e-20,7.546700e-14,0.000000e+00,0.000000e+00,0.000000e+00,0.000000e+00,4.360069e+01,8.438649e+02,3.379984e-01,7.183287e-05,0.000000e+00,7.154268e+01,0.000000e+00,0.000000e+00,-6.965575e-01
1.452215e-02,4.311467e+01,8.444340e+02,8.873847e-05,6.233368e-06,3.379984e-01,7.183287e-05,3.461299e-06,0.000000e+00,-4.736889e+00,0.000000e+00,0.000000e+00,0.000000e+00,0.000000e+00,0.000000e+00,0.000000e+00,0.000000e+00,5.421011e-20,7.546700e-14,0.000000e+00,0.000000e+00,0.000000e+00,0.000000e+00,4.311467e+01,8.443605e+02,3.379984e-01,7.183287e-05,0.000000e+00,7.159156e+01,0.000000e+00,0.000000e+00,-6.965575e-01
1.453253e-02,4.268167e+01,8.448672e+02,8.873847e-05,6.233368e-06,3.379984e-01,7.183287e-05,3.459088e-06,0.000000e+00,-4.736889e+00,0.000000e+00,0.000000e+00,0.000000e+00,0.000000e+00,0.000000e+00,0.000000e+00,0.000000e+00,5.421011e-20,7.546700e-14,0.000000e+00,0.000000e+00,0.000000e+00,0.000000e+00,4.268167e+01,8.448024e+02,3.379984e-01,7.183287e-05,0.000000e+00,7.164041e+01,0.000000e+00,0.000000e+00,-6.965575e-01
1.454290e-02,4.229865e+01,8.452499e+02,8.873847e-05,6.233368e-06,3.379984e-01,7.183287e-05,3.457103e-06,0.000000e+00,-4.736889e+00,0.000000e+00,0.000000e+00,0.000000e+00,0.000000e+00,0.000000e+00,0.000000e+00,0.000000e+00,5.421011e-20,7.546700e-14,0.000000e+00,0.000000e+00,0.000000e+00,0.000000e+00,4.229865e+01,8.451933e+02,3.379984e-01,7.183287e-05,0.000000e+00,7.168923e+01,0.000000e+00,0.000000e+00,-6.965575e-01
1.455327e-02,4.196144e+01,8.455865e+02,8.873847e-05,6.233368e-06,3.379984e-01,7.183287e-05,3.455492e-06,0.000000e+00,-4.736889e+00,0.000000e+00,0.000000e+00,0.000000e+00,0.000000e+00,0.000000e+00,0.000000e+00,0.000000e+00,5.421011e-20,7.546700e-14,0.000000e+00,0.000000e+00,0.000000e+00,0.000000e+00,4.196144e+01,8.455372e+02,3.379984e-01,7.183287e-05,0.000000e+00,7.173802e+01,0.000000e+00,0.000000e+00,-6.965575e-01
1.456018e-02,4.175977e+01,8.457876e+02,8.873847e-05,6.233368e-06,3.379984e-01,7.183287e-05,3.454678e-06,0.000000e+00,-4.736889e+00,0.000000e+00,0.000000e+00,0.000000e+00,0.000000e+00,0.000000e+00,0.000000e+00,0.000000e+00,5.421011e-20,7.546700e-14,0.000000e+00,0.000000e+00,0.000000e+00,0.000000e+00,4.175977e+01,8.457427e+02,3.379984e-01,7.183287e-05,0.000000e+00,7.177054e+01,0.000000e+00,0.000000e+00,-6.965575e-01
1.457055e-02,4.148836e+01,8.460580e+02,8.873847e-05,6.233368e-06,3.379984e-01,7.183287e-05,3.453888e-06,0.000000e+00,-4.736889e+00,0.000000e+00,0.000000e+00,0.000000e+00,0.000000e+00,0.000000e+00,0.000000e+00,0.000000e+00,5.421011e-20,7.546700e-14,0.000000e+00,0.000000e+00,0.000000e+00,0.000000e+00,4.148836e+01,8.460191e+02,3.379984e-01,7.183287e-05,0.000000e+00,7.181931e+01,0.000000e+00,0.000000e+00,-6.965575e-01
1.458091e-02,4.125016e+01,8.462953e+02,8.873847e-05,6.233368e-06,3.379984e-01,7.183287e-05,3.453624e-06,0.000000e+00,-4.736889e+00,0.000000e+00,0.000000e+00,0.000000e+00,0.000000e+00,0.000000e+00,0.000000e+00,0.000000e+00,5.421011e-20,7.546700e-14,0.000000e+00,0.000000e+00,0.000000e+00,0.000000e+00,4.125016e+01,8.462616e+02,3.379984e-01,7.183287e-05,0.000000e+00,7.186806e+01,0.000000e+00,0.000000e+00,-6.965575e-01
1.459127e-02,4.104096e+01,8.465036e+02,8.873847e-05,6.233368e-06,3.379984e-01,7.183287e-05,3.453875e-06,0.000000e+00,-4.736889e+00,0.000000e+00,0.000000e+00,0.000000e+00,0.000000e+00,0.000000e+00,0.000000e+00,0.000000e+00,5.421011e-20,7.546700e-14,0.000000e+00,0.000000e+00,0.000000e+00,0.000000e+00,4.104096e+01,8.464744e+02,3.379984e-01,7.183287e-05,0.000000e+00,7.191681e+01,0.000000e+00,0.000000e+00,-6.965575e-01
1.460163e-02,4.085719e+01,8.466862e+02,8.873847e-05,6.233368e-06,3.379984e-01,7.183287e-05,3.454631e-06,0.000000e+00,-4.736889e+00,0.000000e+00,0.000000e+00,0.000000e+00,0.000000e+00,0.000000e+00,0.000000e+00,0.000000e+00,5.421011e-20,7.546700e-14,0.000000e+00,0.000000e+00,0.000000e+00,0.000000e+00,4.085719e+01,8.466609e+02,3.379984e-01,7.183287e-05,0.000000e+00,7.196557e+01,0.000000e+00,0.000000e+00,-6.965575e-01
1.461199e-02,4.069605e+01,8.468457e+02,8.873847e-05,6.233368e-06,3.379984e-01,7.183287e-05,3.452888e-06,0.000000e+00,-4.736889e+00,0.000000e+00,0.000000e+00,0.000000e+00,0.000000e+00,0.000000e+00,0.000000e+00,0.000000e+00,5.421011e-20,7.546700e-14,0.000000e+00,0.000000e+00,0.000000e+00,0.000000e+00,4.069605e+01,8.468242e+02,3.379984e-01,7.183287e-05,0.000000e+00,7.201433e+01,0.000000e+00,0.000000e+00,-6.965575e-01
1.462235e-02,4.055558e+01,8.469843e+02,8.873847e-05,6.233368e-06,3.379984e-01,7.183287e-05,3.451940e-06,0.000000e+00,-4.736889e+00,0.000000e+00,0.000000e+00,0.000000e+00,0.000000e+00,0.000000e+00,0.000000e+00,0.000000e+00,5.421011e-20,7.546700e-14,0.000000e+00,0.000000e+00,0.000000e+00,0.000000e+00,4.055558e+01,8.469661e+02,3.379984e-01,7.183287e-05,0.000000e+00,7.206306e+01,0.000000e+00,0.000000e+00,-6.965575e-01
1.463271e-02,4.043469e+01,8.471031e+02,8.873847e-05,6.233368e-06,3.379984e-01,7.183287e-05,3.452651e-06,0.000000e+00,-4.736889e+00,0.000000e+00,0.000000e+00,0.000000e+00,0.000000e+00,0.000000e+00,0.000000e+00,0.000000e+00,5.421011e-20,7.546700e-14,0.000000e+00,0.000000e+00,0.000000e+00,0.000000e+00,4.043469e+01,8.470883e+02,3.379984e-01,7.183287e-05,0.000000e+00,7.211179e+01,0.000000e+00,0.000000e+00,-6.965575e-01
1.464307e-02,4.033349e+01,8.472025e+02,8.873847e-05,6.233368e-06,3.379984e-01,7.183287e-05,3.455025e-06,0.000000e+00,-4.736889e+00,0.000000e+00,0.000000e+00,0.000000e+00,0.000000e+00,0.000000e+00,0.000000e+00,0.000000e+00,5.421011e-20,7.546700e-14,0.000000e+00,0.000000e+00,0.000000e+00,0.000000e+00,4.033349e+01,8.471909e+02,3.379984e-01,7.183287e-05,0.000000e+00,7.216054e+01,0.000000e+00,0.000000e+00,-6.965575e-01
1.465343e-02,4.025346e+01,8.472811e+02,8.873847e-05,6.233368e-06,3.379984e-01,7.183287e-05,3.458909e-06,0.000000e+00,-4.736889e+00,0.000000e+00,0.000000e+00,0.000000e+00,0.000000e+00,0.000000e+00,0.000000e+00,0.000000e+00,5.421011e-20,7.546700e-14,0.000000e+00,0.000000e+00,0.000000e+00,0.000000e+00,4.025346e+01,8.472731e+02,3.379984e-01,7.183287e-05,0.000000e+00,7.220933e+01,0.000000e+00,0.000000e+00,-6.965575e-01
1.466035e-02,4.021320e+01,8.473206e+02,8.873847e-05,6.233368e-06,3.379984e-01,7.183287e-05,3.462197e-06,0.000000e+00,-4.736889e+00,0.000000e+00,0.000000e+00,0.000000e+00,0.000000e+00,0.000000e+00,0.000000e+00,0.000000e+00,5.421011e-20,7.546700e-14,0.000000e+00,0.000000e+00,0.000000e+00,0.000000e+00,4.021320e+01,8.473154e+02,3.379984e-01,7.183287e-05,0.000000e+00,7.224188e+01,0.000000e+00,0.000000e+00,-6.965575e-01
1.467075e-02,4.017521e+01,8.473578e+02,8.873847e-05,6.233368e-06,3.379984e-01,7.183287e-05,3.464790e-06,0.000000e+00,-4.736889e+00,0.000000e+00,0.000000e+00,0.000000e+00,0.000000e+00,0.000000e+00,0.000000e+00,0.000000e+00,5.421011e-20,7.546700e-14,0.000000e+00,0.000000e+00,0.000000e+00,0.000000e+00,4.017521e+01,8.473573e+02,3.379984e-01,7.183287e-05,0.000000e+00,7.229077e+01,0.000000e+00,0.000000e+00,-6.965575e-01
1.468114e-02,4.016809e+01,8.473645e+02,8.873847e-05,6.233368e-06,3.379984e-01,7.183287e-05,3.465294e-06,0.000000e+00,-4.736889e+00,0.000000e+00,0.000000e+00,0.000000e+00,0.000000e+00,0.000000e+00,0.000000e+00,0.000000e+00,5.421011e-20,7.546700e-14,0.000000e+00,0.000000e+00,0.000000e+00,0.000000e+00,4.016809e+01,8.473694e+02,3.379984e-01,7.183287e-05,0.000000e+00,7.233968e+01,0.000000e+00,0.000000e+00,-6.965575e-01
1.469154e-02,4.019661e+01,8.473358e+02,8.873847e-05,6.233368e-06,3.379984e-01,7.183287e-05,3.465347e-06,0.000000e+00,-4.736889e+00,0.000000e+00,0.000000e+00,0.000000e+00,0.000000e+00,0.000000e+00,0.000000e+00,0.000000e+00,5.421011e-20,7.546700e-14,0.000000e+00,0.000000e+00,0.000000e+00,0.000000e+00,4.019661e+01,8.473470e+02,3.379984e-01,7.183287e-05,0.000000e+00,7.238860e+01,0.000000e+00,0.000000e+00,-6.965575e-01
1.470193e-02,4.026568e+01,8.472668e+02,8.873847e-05,6.233368e-06,3.379984e-01,7.183287e-05,3.465094e-06,0.000000e+00,-4.736889e+00,0.000000e+00,0.000000e+00,0.000000e+00,0.000000e+00,0.000000e+00,0.000000e+00,0.000000e+00,5.421011e-20,7.546700e-14,0.000000e+00,0.000000e+00,0.000000e+00,0.000000e+00,4.026568e+01,8.472851e+02,3.379984e-01,7.183287e-05,0.000000e+00,7.243752e+01,0.000000e+00,0.000000e+00,-6.965575e-01
1.471233e-02,4.038031e+01,8.471526e+02,8.873847e-05,6.233368e-06,3.379984e-01,7.183287e-05,3.464734e-06,0.000000e+00,-4.736889e+00,0.000000e+00,0.000000e+00,0.000000e+00,0.000000e+00,0.000000e+00,0.000000e+00,0.000000e+00,5.421011e-20,7.546700e-14,0.000000e+00,0.000000e+00,0.000000e+00,0.000000e+00,4.038031e+01,8.471788e+02,3.379984e-01,7.183287e-05,0.000000e+00,7.248643e+01,0.000000e+00,0.000000e+00,-6.965575e-01
1.472272e-02,4.054560e+01,8.469883e+02,8.873847e-05,6.233368e-06,3.379984e-01,7.183287e-05,3.464476e-06,0.000000e+00,-4.736889e+00,0.000000e+00,0.000000e+00,0.000000e+00,0.000000e+00,0.000000e+00,0.000000e+00,0.000000e+00,5.421011e-20,7.546700e-14,0.000000e+00,0.000000e+00,0.000000e+00,0.000000e+00,4.054560e+01,8.470233e+02,3.379984e-01,7.183287e-05,0.000000e+00,7.253534e+01,0.000000e+00,0.000000e+00,-6.965575e-01
1.473311e-02,4.076693e+01,8.467682e+02,8.873847e-05,6.233368e-06,3.379984e-01,7.183287e-05,3.464492e-06,0.000000e+00,-4.736889e+00,0.000000e+00,0.000000e+00,0.000000e+00,0.000000e+00,0.000000e+00,0.000000e+00,0.000000e+00,5.421011e-20,7.546700e-14,0.000000e+00,0.000000e+00,0.000000e+00,0.000000e+00,4.076693e+01,8.468129e+02,3.379984e-01,7.183287e-05,0.000000e+00,7.258424e+01,0.000000e+00,0.000000e+00,-6.965575e-01
1.474004e-02,4.094836e+01,8.465877e+02,8.873847e-05,6.233368e-06,3.379984e-01,7.183287e-05,3.464725e-06,0.000000e+00,-4.736889e+00,0.000000e+00,0.000000e+00,0.000000e+00,0.000000e+00,0.000000e+00,0.000000e+00,0.000000e+00,5.421011e-20,7.546700e-14,0.000000e+00,0.000000e+00,0.000000e+00,0.000000e+00,4.094836e+01,8.466394e+02,3.379984e-01,7.183287e-05,0.000000e+00,7.261684e+01,0.000000e+00,0.000000e+00,-6.965575e-01
1.475044e-02,4.127545e+01,8.462617e+02,8.873847e-05,6.233368e-06,3.379984e-01,7.183287e-05,3.465458e-06,0.000000e+00,-4.736889e+00,0.000000e+00,0.000000e+00,0.000000e+00,0.000000e+00,0.000000e+00,0.000000e+00,0.000000e+00,5.421011e-20,7.546700e-14,0.000000e+00,0.000000e+00,0.000000e+00,0.000000e+00,4.127545e+01,8.463248e+02,3.379984e-01,7.183287e-05,0.000000e+00,7.266576e+01,0.000000e+00,0.000000e+00,-6.965575e-01
1.476084e-02,4.167315e+01,8.458645e+02,8.873847e-05,6.233368e-06,3.379984e-01,7.183287e-05,3.466661e-06,0.000000e+00,-4.736889e+00,0.000000e+00,0.000000e+00,0.000000e+00,0.000000e+00,0.000000e+00,0.000000e+00,0.000000e+00,5.421011e-20,7.546700e-14,0.000000e+00,0.000000e+00,0.000000e+00,0.000000e+00,4.167315e+01,8.459398e+02,3.379984e-01,7.183287e-05,0.000000e+00,7.271468e+01,0.000000e+00,0.000000e+00,-6.965575e-01
1.477124e-02,4.214601e+01,8.453913e+02,8.873847e-05,6.233368e-06,3.379984e-01,7.183287e-05,3.468290e-06,0.000000e+00,-4.736889e+00,0.000000e+00,0.000000e+00,0.000000e+00,0.000000e+00,0.000000e+00,0.000000e+00,0.000000e+00,5.421011e-20,7.546700e-14,0.000000e+00,0.000000e+00,0.000000e+00,0.000000e+00,4.214601e+01,8.454796e+02,3.379984e-01,7.183287e-05,0.000000e+00,7.276363e+01,0.000000e+00,0.000000e+00,-6.965575e-01
1.478164e-02,4.269739e+01,8.448389e+02,8.873847e-05,6.233368e-06,3.379984e-01,7.183287e-05,3.470255e-06,0.000000e+00,-4.736889e+00,0.000000e+00,0.000000e+00,0.000000e+00,0.000000e+00,0.000000e+00,0.000000e+00,0.000000e+00,5.421011e-20,7.546700e-14,0.000000e+00,0.000000e+00,0.000000e+00,0.000000e+00,4.269739e+01,8.449406e+02,3.379984e-01,7.183287e-05,0.000000e+00,7.281259e+01,0.000000e+00,0.000000e+00,-6.965575e-01
1.479206e-02,4.332912e+01,8.442056e+02,8.873847e-05,6.233368e-06,3.379984e-01,7.183287e-05,3.472432e-06,0.000000e+00,-4.736889e+00,0.000000e+00,0.000000e+00,0.000000e+00,0.000000e+00,0.000000e+00,0.000000e+00,0.000000e+00,5.421011e-20,7.546700e-14,0.000000e+00,0.000000e+00,0.000000e+00,0.000000e+00,4.332912e+01,8.443208e+02,3.379984e-01,7.183287e-05,0.000000e+00,7.286159e+01,0.000000e+00,0.000000e+00,-6.965575e-01
1.480248e-02,4.404144e+01,8.434916e+02,8.873847e-05,6.233368e-06,3.379984e-01,7.183287e-05,3.474681e-06,0.000000e+00,-4.736889e+00,0.000000e+00,0.000000e+00,0.000000e+00,0.000000e+00,0.000000e+00,0.000000e+00,0.000000e+00,5.421011e-20,7.546700e-14,0.000000e+00,0.000000e+00,0.000000e+00,0.000000e+00,4.404144e+01,8.436202e+02,3.379984e-01,7.183287e-05,0.000000e+00,7.291061e+01,0.000000e+00,0.000000e+00,-6.965575e-01
1.481290e-02,4.483296e+01,8.426986e+02,8.873847e-05,6.233368e-06,3.379984e-01,7.183287e-05,3.476859e-06,0.000000e+00,-4.736889e+00,0.000000e+00,0.000000e+00,0.000000e+00,0.000000e+00,0.000000e+00,0.000000e+00,0.000000e+00,5.421011e-20,7.546700e-14,0.000000e+00,0.000000e+00,0.000000e+00,0.000000e+00,4.483296e+01,8.428401e+02,3.379984e-01,7.183287e-05,0.000000e+00,7.295967e+01,0.000000e+00,0.000000e+00,-6.965575e-01
1.482333e-02,4.570068e+01,8.418298e+02,8.873847e-05,6.233368e-06,3.379984e-01,7.183287e-05,3.475930e-06,0.000000e+00,-4.736889e+00,0.000000e+00,0.000000e+00,0.000000e+00,0.000000e+00,0.000000e+00,0.000000e+00,0.000000e+00,5.421011e-20,7.546700e-14,0.000000e+00,0.000000e+00,0.000000e+00,0.000000e+00,4.570068e+01,8.419836e+02,3.379984e-01,7.183287e-05,0.000000e+00,7.300875e+01,0.000000e+00,0.000000e+00,-6.965575e-01
1.483028e-02,4.631915e+01,8.412108e+02,8.873847e-05,6.233368e-06,3.379984e-01,7.183287e-05,3.475305e-06,0.000000e+00,-4.736889e+00,0.000000e+00,0.000000e+00,0.000000e+00,0.000000e+00,0.000000e+00,0.000000e+00,0.000000e+00,5.421011e-20,7.546700e-14,0.000000e+00,0.000000e+00,0.000000e+00,0.000000e+00,4.631915e+01,8.413723e+02,3.379984e-01,7.183287e-05,0.000000e+00,7.304147e+01,0.000000e+00,0.000000e+00,-6.965575e-01
1.484071e-02,4.730330e+01,8.402260e+02,8.873847e-05,6.233368e-06,3.379984e-01,7.183287e-05,3.475354e-06,0.000000e+00,-4.736889e+00,0.000000e+00,0.000000e+00,0.000000e+00,0.000000e+00,0.000000e+00,0.000000e+00,0.000000e+00,5.421011e-20,7.546700e-14,0.000000e+00,0.000000e+00,0.000000e+00,0.000000e+00,4.730330e+01,8.403985e+02,3.379984e-01,7.183287e-05,0.000000e+00,7.309052e+01,0.000000e+00,0.000000e+00,-6.965575e-01
1.485114e-02,4.835051e+01,8.391782e+02,8.873847e-05,6.233368e-06,3.379984e-01,7.183287e-05,3.476647e-06,0.000000e+00,-4.736889e+00,0.000000e+00,0.000000e+00,0.000000e+00,0.000000e+00,0.000000e+00,0.000000e+00,0.000000e+00,5.421011e-20,7.546700e-14,0.000000e+00,0.000000e+00,0.000000e+00,0.000000e+00,4.835051e+01,8.393609e+02,3.379984e-01,7.183287e-05,0.000000e+00,7.313958e+01,0.000000e+00,0.000000e+00,-6.965575e-01
1.486157e-02,4.945493e+01,8.380732e+02,8.873847e-05,6.233368e-06,3.379984e-01,7.183287e-05,3.479131e-06,0.000000e+00,-4.736889e+00,0.000000e+00,0.000000e+00,0.000000e+00,0.000000e+00,0.000000e+00,0.000000e+00,0.000000e+00,5.421011e-20,7.546700e-14,0.000000e+00,0.000000e+00,0.000000e+00,0.000000e+00,4.945493e+01,8.382649e+02,3.379984e-01,7.183287e-05,0.000000e+00,7.318867e+01,0.000000e+00,0.000000e+00,-6.965575e-01
1.487201e-02,5.061003e+01,8.369171e+02,8.873847e-05,6.233368e-06,3.379984e-01,7.183287e-05,3.482132e-06,0.000000e+00,-4.736889e+00,0.000000e+00,0.000000e+00,0.000000e+00,0.000000e+00,0.000000e+00,0.000000e+00,0.000000e+00,5.421011e-20,7.546700e-14,0.000000e+00,0.000000e+00,0.000000e+00,0.000000e+00,5.061003e+01,8.371168e+02,3.379984e-01,7.183287e-05,0.000000e+00,7.323779e+01,0.000000e+00,0.000000e+00,-6.965575e-01
1.488246e-02,5.180766e+01,8.357180e+02,8.873847e-05,6.233368e-06,3.379984e-01,7.183287e-05,3.481357e-06,0.000000e+00,-4.736889e+00,0.000000e+00,0.000000e+00,0.000000e+00,0.000000e+00,0.000000e+00,0.000000e+00,0.000000e+00,5.421011e-20,7.546700e-14,0.000000e+00,0.000000e+00,0.000000e+00,0.000000e+00,5.180766e+01,8.359241e+02,3.379984e-01,7.183287e-05,0.000000e+00,7.328695e+01,0.000000e+00,0.000000e+00,-6.965575e-01
1.489290e-02,5.303805e+01,8.344860e+02,8.873847e-05,6.233368e-06,3.379984e-01,7.183287e-05,3.480092e-06,0.000000e+00,-4.736889e+00,0.000000e+00,0.000000e+00,0.000000e+00,0.000000e+00,0.000000e+00,0.000000e+00,0.000000e+00,5.421011e-20,7.546700e-14,0.000000e+00,0.000000e+00,0.000000e+00,0.000000e+00,5.303805e+01,8.346968e+02,3.379984e-01,7.183287e-05,0.000000e+00,7.333608e+01,0.000000e+00,0.000000e+00,-6.965575e-01
1.490334e-02,5.429103e+01,8.332312e+02,8.873847e-05,6.233368e-06,3.379984e-01,7.183287e-05,3.477084e-06,0.000000e+00,-4.736889e+00,0.000000e+00,0.000000e+00,0.000000e+00,0.000000e+00,0.000000e+00,0.000000e+00,0.000000e+00,5.421011e-20,7.546700e-14,0.000000e+00,0.000000e+00,0.000000e+00,0.000000e+00,5.429103e+01,8.334450e+02,3.379984e-01,7.183287e-05,0.000000e+00,7.338520e+01,0.000000e+00,0.000000e+00,-6.965575e-01
1.491029e-02,5.513319e+01,8.323880e+02,8.873847e-05,6.233368e-06,3.379984e-01,7.183287e-05,3.474817e-06,0.000000e+00,-4.736889e+00,0.000000e+00,0.000000e+00,0.000000e+00,0.000000e+00,0.000000e+00,0.000000e+00,0.000000e+00,5.421011e-20,7.546700e-14,0.000000e+00,0.000000e+00,0.000000e+00,0.000000e+00,5.513319e+01,8.326026e+02,3.379984e-01,7.183287e-05,0.000000e+00,7.341792e+01,0.000000e+00,0.000000e+00,-6.965575e-01
1.492071e-02,5.639839e+01,8.311215e+02,8.873847e-05,6.233368e-06,3.379984e-01,7.183287e-05,3.472820e-06,0.000000e+00,-4.736889e+00,0.000000e+00,0.000000e+00,0.000000e+00,0.000000e+00,0.000000e+00,0.000000e+00,0.000000e+00,5.421011e-20,7.546700e-14,0.000000e+00,0.000000e+00,0.000000e+00,0.000000e+00,5.639839e+01,8.313358e+02,3.379984e-01,7.183287e-05,0.000000e+00,7.346696e+01,0.000000e+00,0.000000e+00,-6.965575e-01
1.493113e-02,5.765618e+01,8.298627e+02,8.873847e-05,6.233368e-06,3.379984e-01,7.183287e-05,3.472403e-06,0.000000e+00,-4.736889e+00,0.000000e+00,0.000000e+00,0.000000e+00,0.000000e+00,0.000000e+00,0.000000e+00,0.000000e+00,5.421011e-20,7.546700e-14,0.000000e+00,0.000000e+00,0.000000e+00,0.000000e+00,5.765618e+01,8.300748e+02,3.379984e-01,7.183287e-05,0.000000e+00,7.351598e+01,0.000000e+00,0.000000e+00,-6.965575e-01
1.494154e-02,5.889517e+01,8.286229e+02,8.873847e-05,6.233368e-06,3.379984e-01,7.183287e-05,3.470094e-06,0.000000e+00,-4.736889e+00,0.000000e+00,0.000000e+00,0.000000e+00,0.000000e+00,0.000000e+00,0.000000e+00,0.000000e+00,5.421011e-20,7.546700e-14,0.000000e+00,0.000000e+00,0.000000e+00,0.000000e+00,5.889517e+01,8.288310e+02,3.379984e-01,7.183287e-05,0.000000e+00,7.356498e+01,0.000000e+00,0.000000e+00,-6.965575e-01
1.495195e-02,6.010396e+01,8.274135e+02,8.873847e-05,6.233368e-06,3.379984e-01,7.183287e-05,3.468110e-06,0.000000e+00,-4.736889e+00,0.000000e+00,0.000000e+00,0.000000e+00,0.000000e+00,0.000000e+00,0.000000e+00,0.000000e+00,5.421011e-20,7.546700e-14,0.000000e+00,0.000000e+00,0.000000e+00,0.000000e+00,6.010396e+01,8.276157e+02,3.379984e-01,7.183287e-05,0.000000e+00,7.361395e+01,0.000000e+00,0.000000e+00,-6.965575e-01
1.496236e-02,6.127256e+01,8.262441e+02,8.873847e-05,6.233368e-06,3.379984e-01,7.183287e-05,3.466697e-06,0.000000e+00,-4.736889e+00,0.000000e+00,0.000000e+00,0.000000e+00,0.000000e+00,0.000000e+00,0.000000e+00,0.000000e+00,5.421011e-20,7.546700e-14,0.000000e+00,0.000000e+00,0.000000e+00,0.000000e+00,6.127256e+01,8.264390e+02,3.379984e-01,7.183287e-05,0.000000e+00,7.366290e+01,0.000000e+00,0.000000e+00,-6.965575e-01
1.497275e-02,6.239208e+01,8.251239e+02,8.873847e-05,6.233368e-06,3.379984e-01,7.183287e-05,3.466057e-06,0.000000e+00,-4.736889e+00,0.000000e+00,0.000000e+00,0.000000e+00,0.000000e+00,0.000000e+00,0.000000e+00,0.000000e+00,5.421011e-20,7.546700e-14,0.000000e+00,0.000000e+00,0.000000e+00,0.000000e+00,6.239208e+01,8.253099e+02,3.379984e-01,7.183287e-05,0.000000e+00,7.371184e+01,0.000000e+00,0.000000e+00,-6.965575e-01
1.498315e-02,6.345468e+01,8.240605e+02,8.873847e-05,6.233368e-06,3.379984e-01,7.183287e-05,3.466300e-06,0.000000e+00,-4.736889e+00,0.000000e+00,0.000000e+00,0.000000e+00,0.000000e+00,0.000000e+00,0.000000e+00,0.000000e+00,5.421011e-20,7.546700e-14,0.000000e+00,0.000000e+00,0.000000e+00,0.000000e+00,6.345468e+01,8.242365e+02,3.379984e-01,7.183287e-05,0.000000e+00,7.376077e+01,0.000000e+00,0.000000e+00,-6.965575e-01
1.499009e-02,6.412801e+01,8.233868e+02,8.873847e-05,6.233368e-06,3.379984e-01,7.183287e-05,3.466955e-06,0.000000e+00,-4.736889e+00,0.000000e+00,0.000000e+00,0.000000e+00,0.000000e+00,0.000000e+00,0.000000e+00,0.000000e+00,5.421011e-20,7.546700e-14,0.000000e+00,0.000000e+00,0.000000e+00,0.000000e+00,6.412801e+01,8.235554e+02,3.379984e-01,7.183287e-05,0.000000e+00,7.379338e+01,0.000000e+00,0.000000e+00,-6.965575e-01
