$MeshFormat
2.2 0 8
$EndMeshFormat
$Nodes
2425
1 1.530808498934192e-15 -3.749399456654644e-31 25
2 1.530808498934192e-15 -3.749399456654644e-31 -25
3 2.902322853130741 -7.10864078435755e-16 -24.83095894354858
4 5.765396768560979 -1.412114939686539e-15 -24.3261217644956
5 8.550503583141705 -2.094269368838493e-15 -23.49231551964771
6 11.21997950501153 -2.748102397462255e-15 -22.34081600808532
7 13.73772445177012 -3.364772055485721e-15 -20.88719528532343
8 16.06969024216345 -3.935938943670984e-15 -19.15111107797448
9 18.18434103932618 -4.453879009682931e-15 -17.15604094671838
10 20.05307981887605 -4.911588002646589e-15 -14.92896479256971
11 21.65063509461094 -5.302876193624528e-15 -12.50000000000005
12 22.95540267200682 -5.622452081082351e-15 -9.901994150978984
13 23.9497378078872 -5.865993949369481e-15 -7.170080817777332
14 24.62019382530519 -6.030208312509485e-15 -4.341204441673347
15 24.9577039567817 -6.112874452947988e-15 -1.453620722761996
16 24.95770395678171 -6.112874452947992e-15 1.453620722761785
17 24.62019382530522 -6.030208312509494e-15 4.341204441673138
18 23.94973780788726 -5.865993949369496e-15 7.170080817777129
19 22.9554026720069 -5.62245208108237e-15 9.901994150978808
20 21.65063509461102 -5.302876193624547e-15 12.4999999999999
21 20.05307981887615 -4.911588002646614e-15 14.92896479256957
22 18.18434103932628 -4.453879009682956e-15 17.15604094671828
23 16.06969024216354 -3.935938943671008e-15 19.1511110779744
24 13.73772445177021 -3.364772055485742e-15 20.88719528532338
25 11.2199795050116 -2.748102397462272e-15 22.34081600808528
26 8.550503583141758 -2.094269368838506e-15 23.49231551964769
27 5.765396768561034 -1.412114939686553e-15 24.32612176449559
28 2.902322853130775 -7.108640784357634e-16 24.83095894354857
29 3.451322505789304 -2.633330394279399 -24.62019382530521
30 18.98027952479632 2.552262659193161 -16.06969024216352
31 24.88452994591584 -2.391808774201519 -0.1985451043725919
32 17.0901047338362 2.489112115157623 18.0757473169074
33 0.2710703997524789 -2.24144893463186 24.89783981617312
34 18.97115465676886 -2.289544422154759 -16.11996517762794
35 24.20258417344577 2.51632105735174 5.736117821628185
36 5.251758002416133 2.551980906136678 24.30856703589852
37 7.177537129992682 2.794377402905655 -23.78391085750421
38 24.2025841734459 2.516321057351181 -5.73611782162787
39 22.11094781405505 -2.796471745420355 11.32632917326704
40 9.849282826607626 -2.815651877927412 22.80490588237136
41 17.08020566849275 -2.44329766420821 18.09134795547482
42 14.85314965173929 2.516321057345521 -19.95124241142382
43 12.43652009543224 2.516321057328934 21.54068467464191
44 12.43652009548815 -2.516321057367876 -21.54068467460509
45 23.58837355409377 -2.258096659215918 -7.968038187042492
46 20.78112191225094 2.516321057351153 13.66795889679563
47 22.22736057863203 2.516321057351207 -11.16300004675293
48 24.8730401908639 2.516321057351186 -1.053904102301667e-13
49 24.20258417344597 -2.516321057351253 5.736117821627571
50 1.923864030627651 3.158209253718619 -24.72497647119979
51 4.319158102216023 -2.516321057366584 24.49516282093906
52 7.133668334092652 -2.516321057351189 -23.82811164224926
53 19.05385422168657 2.516321057346691 15.98808204992301
54 19.64608497820185 5.011226851924459 14.62596836000348
55 21.24856352931089 4.952087717656772 12.20554690202253
56 20.71689172187978 2.559257539442581 -13.75720168605212
57 19.57122347526548 5.050115909821326 -14.71269998941686
58 17.72665095405113 5.003687582679814 -16.90351905752686
59 17.78013631644151 4.980985307807562 16.85397691739735
60 18.26956914494144 7.449453997001135 15.35345167722123
61 16.28424375084474 7.38694822546226 17.47158840453306
62 21.22302262891368 5.011364060953189 -12.22577362546864
63 19.93690965006475 7.481118791696106 -13.09780497754057
64 21.38190518629963 7.349728665106416 -10.66750294836641
65 19.97830830292253 9.784722823553647 -11.40729576278292
66 21.32242209341474 9.60633534130063 -8.835872191285786
67 18.3716049186469 9.850757813765554 -13.80024286770657
68 22.58152495415237 7.112964844785996 -8.029972718623171
69 22.37307105812801 9.313069894412935 -6.141043931591296
70 20.9657148431865 11.74230096605305 -6.896170613958094
71 16.60813963145979 9.785017990043722 15.91926885621496
72 21.86935311845671 11.37760404500695 -4.157104806868536
73 20.31668626624501 13.72840822226097 -4.874737617752232
74 21.07643137119495 13.28107644666083 -2.096914178801903
75 19.38413060803116 15.53773300119515 -2.798987987534209
76 18.49599715815743 15.8976371123165 -5.492105549835097
77 14.54338582805982 9.683662673273551 17.88062095919594
78 14.77035208794019 12.02010173744853 16.19734093669907
79 17.43061164161643 17.59145947594293 -3.42262053190293
80 16.41084212472268 17.82804964739158 -6.151821399192947
81 12.6782998194795 11.89975851036774 17.96264070459342
82 12.80704339570985 14.18396176313351 16.11815337321156
83 10.58639596550574 13.9873683645534 17.81240429295873
84 10.56926496400378 16.04865324631224 15.99160301846922
85 8.181221863530467 15.60926709305375 17.73184676330699
86 8.146606377002403 17.6163461507626 15.75744753552095
87 5.783487845266886 17.19546945335845 17.20078773260884
88 15.23572420422475 19.41116240549094 -4.009922946947379
89 14.08835785129939 19.55282553545832 -6.648698115696041
90 12.90591802269323 20.91939217033585 -4.562489585216974
91 11.62794220260002 20.95210790636752 -7.127421301770026
92 10.27279790003669 22.32499332743654 -4.589585627800783
93 8.976681879421662 22.11225668333639 -7.447636323418849
94 7.547505803910393 23.23812592071833 -5.293832244487707
95 6.201127342431677 22.92990590747501 -7.795218711318413
96 4.735104914173624 23.88709573320101 -5.655567070122959
97 3.347401016498551 23.42951417133605 -8.05312188718807
98 1.857721333430395 24.2348387220037 -5.849911415208553
99 0.4496604123561039 23.61993316276843 -8.179031904810721
100 -1.055760206430308 24.29825607063314 -5.786201025928656
101 -2.454850553967197 23.55451072290855 -8.009914691310586
102 -3.947476572788379 24.01923204795002 -5.700343896118707
103 -5.33478200656627 23.11181950389145 -7.898347938775522
104 -6.788136478830145 23.40826660138094 -5.565452170619125
105 -8.128626241347193 22.27528281805829 -7.920682470848027
106 -9.534484725285814 22.46281745834591 -5.432810769419636
107 -10.82764968276979 21.20263927918976 -7.629553718519501
108 -12.15297404213496 21.23611333373992 -5.131540938913714
109 -13.36147692665759 19.85611836571936 -7.225337209081601
110 -14.6130454146047 19.73310122049772 -4.697192771463813
111 -15.72625936727465 18.21349013270786 -6.778904299292002
112 -16.87364017401106 17.94998589525429 -4.251855317172976
113 -15.6533882933054 19.38438672901922 -2.053530150456325
114 -17.81690864919413 17.46772708969078 -1.560857618860395
115 -16.47793871016179 18.78889228581165 0.6745832315725407
116 -18.50729734747931 16.76708498739392 1.159657672545959
117 -17.06355354018876 17.95347174104169 3.392343294056384
118 -18.97269933829035 15.81344574097191 3.869316944393957
119 -17.40825929223797 16.88383691649802 6.07359526074209
120 -19.19399033347495 14.63289225620785 6.516839670935792
121 -20.6293956728241 13.46028142234963 4.271868233597094
122 -20.67374908530264 12.25334568273275 6.888513507093048
123 -17.86423546318891 16.27709161116328 -6.397294740555684
124 -19.14480694667694 13.26607366158605 9.082271553958488
125 -20.53075797611526 10.73021773279434 9.399489578323143
126 -18.82581598913172 11.73152080766703 11.53083136129516
127 -20.07825811201 9.119468151115859 11.77704767029021
128 -18.24134222916444 10.05003862769265 13.82932237169948
129 -19.36379316058672 7.372957447784897 13.98867445139704
130 -16.29248960710611 16.56311140647916 -9.231366255267929
131 -18.61829290627704 14.36419360243467 -8.486996607036486
132 -17.24691922302784 14.33647908618568 -11.04577497171263
133 -19.13931610477132 12.25394274394512 -10.41765166771071
134 -21.96580991317449 10.87302908973957 4.927517962622021
135 -6.564958285625186 21.7663690274636 -10.39838939779976
136 -15.38217511318812 18.90568466787535 5.564510403088398
137 -17.62953476421379 12.15663735490072 -12.90021985156881
138 -19.41222701913409 9.970611545636034 -12.19640715799657
139 -17.7767892858483 9.798244114630657 -14.59384030872802
140 -19.43332561814911 7.545156616855281 -13.79914733040105
141 -17.67166038959305 7.313955343473545 -16.10026323724437
142 7.47112778879036 21.67444052676795 -9.969998867360189
143 -2.591452171690614 24.63709403055345 -3.361245806469296
144 -17.39930975849835 8.244424071547391 15.9465824444084
145 -18.3970495888702 5.514364206761964 16.00438545586282
146 -20.2334372672187 4.599180052502695 13.94473231002254
147 -19.13564788687465 2.706278737897653 15.8588472261496
148 -15.91155016687359 9.52250992036114 -16.76736043936817
149 -16.22034446534546 10.82481218810175 15.64365259515375
150 -15.67587633539258 6.967636211607824 -18.18567971619896
151 -17.33953957333397 4.724150956249754 -17.37880217757684
152 -15.22807210150218 9.000360839201544 17.66633308968271
153 -15.33047689302919 4.331960785661312 -19.26682625612715
154 -16.85932291412438 2.061005367668253 -18.34435847206774
155 5.74657363776495 19.06916835965951 15.11104594317367
156 3.265795623215489 18.4752319105387 16.5227232864077
157 3.180776939729931 20.25078791228901 14.31042441687777
158 -20.95570794647874 7.654910798865795 -11.28098599960551
159 -14.78864914178076 1.631367244437957 -20.09065696972307
160 -13.79199145555757 9.106780665751439 -18.75759892938653
161 0.7095802313473025 19.51639833434713 15.60790479053398
162 0.8774945250227438 17.6167577270617 17.71665460928126
163 0.6282909087557789 21.17703858738582 13.27171003308718
164 13.91509309931363 20.66765839066638 -2.053796651119976
165 -1.848123478316957 20.27975176809394 14.50227940130049
166 -1.931509726211512 21.84411437852406 12.0043299352987
167 3.087247698907965 21.79583087456196 11.8495003326334
168 14.81079272777753 14.17970144202283 14.3030236589998
169 -15.66611895929668 14.11373462781075 -13.43038389655712
170 -13.85037058774928 11.53671401031107 17.32257095313227
171 -12.79596133605738 9.596664337295326 19.21372965052357
172 -4.388209469728189 20.78457916468022 13.18123236260285
173 -4.441683408207126 22.20699293372637 10.58871632175896
174 5.841441913709509 24.13723398107328 -2.876020186243351
175 20.0074054352509 14.99011567016519 -0.01264691901244468
176 -11.45124771563749 12.06767557080605 18.66119321139133
177 -10.21950691067137 10.05910477657861 20.47867401949046
178 -11.58154701360651 7.516427958540637 20.84157094644477
179 -8.931137094177677 7.919247096482344 21.96634506762241
180 -10.22359222691148 5.324207994555734 22.18402513541093
181 8.182058544619961 13.18123957754583 19.60379660095847
182 -12.27411947554121 13.97006521301456 16.70877820321583
183 -7.508203913545977 5.682101494176654 23.15902840368068
184 -6.159981771105856 8.2310008792789 22.78826998929391
185 -8.875770162301594 3.109802853337029 23.16354528649217
186 21.55974606415762 12.63763833326505 0.6837009628705207
187 20.3502968268384 14.25289033727756 2.778585268281511
188 18.47858525544309 9.799240779856683 13.69367617171207
189 10.59016560043008 17.89740515321686 13.87556418085672
190 1.937615656780598 22.70165623086308 -10.28982263901152
191 -20.82113877110256 5.181076684658931 -12.83108041679162
192 -22.18314546054616 5.250471325609677 -10.26355729438877
193 -21.92141325724133 2.738055690581617 -11.70276428201977
194 -20.83848421708448 1.766312349903195 13.69809169982812
195 -19.60509099394604 -0.1417612900685707 15.51194091194696
196 -21.19182979834552 -1.083379046499756 13.21864742095651
197 -19.7990143639489 -2.99114314217391 14.96836974821143
198 -23.14096675618886 2.779767764422274 -9.042596350874042
199 -22.71923193825505 0.2492152626349114 -10.42949624328238
200 -21.26179867693342 -3.911099916957369 12.5554456098192
201 -19.71478885131238 -5.803235891436905 14.23550328356914
202 -16.09455452363842 -0.6535888525986344 -19.11905165789844
203 -23.77959155013111 0.2783972933558422 -7.710610913279536
204 -13.6952085154079 -1.041781643289707 -20.88913484870074
205 -22.45356885163623 -2.00188545539763 10.80877886018114
206 -22.36033832065507 -4.817334053405556 10.09002293375705
207 -23.20377826625199 -2.251701767509004 -9.028538825347567
208 -15.04123359747966 -3.322955653006399 -19.69058804592188
209 -12.66124237212598 -3.713944392662945 -21.23439565051214
210 -24.10125343406224 -2.212999292385768 -6.263562647487718
211 -18.15408782873064 -4.841760525639907 16.49201170625006
212 -17.94140010980821 -7.617742361455665 15.65490860446838
213 -16.40497556637301 -6.62165230494933 17.66438499974069
214 -16.01586460184922 -9.382848976905695 16.74676763234664
215 -17.53885911926858 -10.30632136317086 14.53162622535747
216 -15.4053126316069 -11.9738263196574 15.63022155918248
217 -16.82929324018572 -12.81607609665178 13.32377883787741
218 -14.59480976381238 -14.3894510443688 14.31555889931792
219 -13.87578796064715 -5.976611896678891 -19.91839899960928
220 -15.94495164714 -15.16795079726626 11.8613568187656
221 -13.60686844798018 -16.64105847059899 12.76433719460071
222 -14.85676199182543 -17.31165284408355 10.22659762209236
223 -12.42212190792621 -18.66958307904683 11.05158608341753
224 -13.59605760621657 -19.21771909181603 8.415847579209714
225 -11.05663252433615 -20.44752283997604 9.200526448549033
226 -12.13987406258326 -20.86198385967687 6.511611719321107
227 -9.52891312705372 -21.95077306497732 7.236254311930273
228 -10.53430577391557 -22.21951484129755 4.507944329625969
229 -7.859676003764397 -23.15895321089764 5.185400591208365
230 -6.800380753550529 -22.7371813482718 7.8597331979235
231 -5.081412468460409 -23.78966850257862 5.76462660220018
232 -5.95544227841224 -24.12990399698662 2.698229116422312
233 -3.280624497053133 -24.52059891656061 3.602461891887489
234 -2.236862716807183 -24.09420795702238 6.282164285492497
235 -0.4203753930040519 -24.66172715650836 4.077069804025299
236 -1.361666519404745 -24.92101340986954 1.445321734090621
237 1.428923023160183 -24.89057988533269 1.848570249072133
238 0.4566087402041276 -24.98253968743341 -0.8149964565467892
239 3.266146094476755 -24.78255833048405 -0.3963486920499492
240 2.273263242722198 -24.70841702876052 -3.053915873455813
241 4.34126664851676 -24.5189718061312 2.230117812273432
242 5.031149516726324 -24.34458104144917 -2.651208867037449
243 4.015909387091902 -24.1074616533449 -5.263341564744996
244 0.7231777298936269 -24.31077752781365 -5.784730759865715
245 -10.86550541167027 -17.8739096583244 13.69175466019684
246 6.800911682731607 -23.56561568969403 -4.838321759590947
247 5.478075413471621 -23.09784953149536 -7.840920659254066
248 -23.40915594176797 -4.690047380998092 -7.417201201125813
249 8.436653877863042 -22.47633376727669 -6.974044144333765
250 7.396922802684185 -21.85602967524593 -9.622863393288926
251 9.392086707781466 -22.75630357896183 -4.351936890126507
252 10.03736322373531 -21.0726686819277 -8.955108828847891
253 -13.06924114463382 -20.97883849458907 3.752768487578023
254 8.821967080360217 -20.36389703134444 -11.51019524290712
255 6.193483579316184 -21.00718321983325 -12.0556631638868
256 7.505155927811654 -19.37308210626152 -13.90526246437957
257 4.719478314968286 -19.95616144090957 -14.29958548276481
258 -13.80936732244633 -10.97313420901207 17.71698901576565
259 11.47631741177337 -19.38434054325862 -10.84165487216815
260 -11.36827077116204 -6.3400921594765 -21.34398395527151
261 -12.53481352035641 -8.555594873650321 -19.8665610100958
262 -10.02071571763434 -8.89997247907835 -21.1039272738039
263 -11.07001458231801 -11.04999288550033 -19.50262634564019
264 -17.05532275558966 -15.77541170472439 9.233219982709732
265 -13.54513342484245 -10.64556700777503 -18.11632588540479
266 -11.96342265154589 -13.04139912530581 -17.65781490771017
267 -14.38553291903797 -12.58167344725007 -16.11700765967545
268 -12.71443885105974 -14.89058467565749 -15.5439226940865
269 -15.04461815926292 -14.3376651351289 -13.89571239321273
270 -13.27935732380524 -16.5474256682453 -13.2227596522283
271 -15.513453497338 -15.88973494755627 -11.48255563375769
272 6.101009107818391 -18.11177558425547 -16.11649071764336
273 -8.419759440593539 -11.23691930904297 -20.68427652601351
274 -13.65051910184727 -17.98945922981964 -10.72579530238945
275 -11.32506898173942 -18.52999082627052 -12.38475888086538
276 -11.62562992994336 -19.86219252036174 -9.764119879235979
277 -24.11408709014473 -4.660818304600157 -4.667716416023934
278 -24.67556303135211 -2.133254616497247 -3.400854867083029
279 -15.72153302706037 -17.2189597062119 -9.01891489675454
280 3.245380662626657 -18.54115615026145 -16.45275153177337
281 4.628563554119376 -16.59707781988759 -18.11390094005356
282 7.449587542835278 -16.07160233400811 -17.64106697054173
283 1.821977250476096 -20.16134767322463 -14.66971229772785
284 -12.58007701832541 1.454323490222343 -21.55519903407965
285 -23.21111292353674 -7.154435348044293 -5.921004281494848
286 -23.79016833883904 -7.050252634548791 -3.053166913016429
287 -23.24180847337948 5.265523690488972 -7.555964475276817
288 5.601075189626142 -5.24882721060022 -23.79238890135703
289 2.376828722362269 -5.381593907739772 -24.29792444297932
290 -22.30043198951923 -4.772854773728221 -10.24258709456392
291 -22.70834580227326 -9.49269724073172 -4.384031252190467
292 -23.15192394837034 -9.331302837983909 -1.383909258119701
293 -21.93973699419608 -11.70957006597042 -2.556151305309133
294 0.3588589285669569 -18.71625601516023 -16.57024384384147
295 -9.208248693907565 -20.2584816811469 -11.39307140176805
296 -9.42782139375678 -21.45400908532305 -8.708712759891544
297 -8.707362494064174 -6.601449829672067 -22.4856109221717
298 -23.43621229692603 -2.873301314763918 8.215113677119104
299 -23.37377138889208 -0.04131467001313942 8.869335045980144
300 -19.65196172457045 15.4173179830506 -1.052001228859811
301 12.6149721900648 -19.95399522820727 -8.228034460098783
302 13.97597526624182 -18.1341014983299 -10.04123887803026
303 15.02442584325144 -18.57455031917559 -7.36564379542293
304 16.28705115298117 -16.63013020217962 -9.11979902183859
305 17.24451962853457 -16.8670919523138 -6.567172287467185
306 15.13593961846254 -16.07175103085178 -11.73039431002091
307 17.34041961242817 -14.45684547477581 -10.73822455452345
308 16.07913885398526 -13.79490445525789 -13.27259977489594
309 -14.33230869197838 20.48327949486314 0.1420869211432777
310 -17.24001972690457 3.615556704724927 17.7400526924488
311 12.80743670404003 19.42801407032927 -9.139028085912418
312 0.6354078361727814 -24.06844273435021 6.730997045388944
313 -1.178664451987543 -23.33904616519768 8.882548857641737
314 1.695448984898401 -23.15246099891641 9.278415944182578
315 -0.1190115945360256 -22.27302848731643 11.35332718825441
316 2.748393947806765 -21.92469620982516 11.69418773641578
317 0.9236535791248027 -20.8876815213313 13.70589744340753
318 3.779967263565218 -20.40179397479347 13.94556022884904
319 1.939270849543706 -19.22471341751595 15.86346817648941
320 4.776183220555936 -18.60440127196519 16.00201009734027
321 6.587854692111951 -19.64916150886037 13.98251131071735
322 7.545520538580069 -17.72200163312681 15.93724499144432
323 9.309247504633181 -18.63998805233738 13.81624971930519
324 2.915190090178019 -17.32906128122572 17.78216246269423
325 10.20973709248502 -16.5894777679534 15.6700509217078
326 11.90725000517233 -17.38795562779113 13.4490295709501
327 10.93478790813792 -19.31624868438726 11.50273663816346
328 13.45908443159543 -17.94604614117742 11.03596276551877
329 14.34172855901359 -15.89157023871714 12.91405502882397
330 15.79548655892775 -16.32855407924044 10.43460234259327
331 14.80983443648162 -18.26044093296958 8.498535220703161
332 17.0461952802887 -16.53195415545117 7.818038006323818
333 0.05933435680138188 -17.79540653824935 17.55904284329119
334 1.022687524564945 -15.75063613665575 19.38740755020571
335 16.57967735363716 -14.17111935722156 12.21857909139487
336 -1.834354690274695 -16.13325138193971 19.00929621836137
337 -0.8682481122198381 -13.98032159220279 20.70740817664574
338 2.131357302309295 -13.35566803344748 21.02578054271094
339 15.95247827144212 -18.34581512031595 5.826620338614276
340 18.07689804975877 -16.4990128399421 5.099836488168352
341 -11.68923266543415 -20.89020747860514 -7.208402818529009
342 -1.958046508951103 23.07580458968035 9.416649956734714
343 -4.455002541873452 23.28255126953845 7.94202485095674
344 15.02102498215252 -13.63215415979376 14.61277459790466
345 19.05146734545251 -14.57310126086249 7.047432981292176
346 19.95657585299045 -14.43965225939378 4.269838738362693
347 13.61176274633991 -19.95012286682487 6.45852247313147
348 -15.87249477628105 -10.10704779755804 -16.45938924732045
349 -15.61596174341487 17.7199888793927 8.194127954968868
350 8.403968098134628 -15.60661015070455 17.62972035539592
351 -9.82417805265543 -15.45548930302786 -17.01803090823715
352 -8.149287001428494 23.40870420024694 -3.259093283980928
353 -22.2081694881592 -11.47541472049283 0.3347610758308981
354 -20.89940047700773 -13.70035772540692 -0.7178146679552382
355 18.17025001883321 -12.08416077452952 -12.19897834363246
356 16.79278540600325 -11.33443046459513 -14.64694658798147
357 19.31658765721498 -12.66121909531201 -9.568854283645269
358 17.15177503485982 -11.81738651562966 13.82627893157713
359 -1.946736014731401 24.02099494220791 6.648460037886209
360 -8.835810330746977 12.36277261995896 19.85170796043147
361 -3.716122314992719 -14.26078286941122 20.19456627143848
362 -2.73446422364911 -12.01205106753669 21.7539268767842
363 16.13497073327698 -18.56198583295572 -4.485019662548444
364 -2.491607493891158 -24.83856998605982 -1.355482624010284
365 15.48398320029393 -11.19208909957365 16.1240009253355
366 20.80024837744756 -12.41316947037935 6.185700537217449
367 21.56496474347767 -12.18102608241235 3.402190352134185
368 21.74827466533701 11.84582201200213 3.418925261105656
369 -17.15443369145206 -13.6305379948393 -12.0388470667592
370 4.009680529272297 -7.655678556335602 -23.45875205323672
371 6.967082749436566 -7.416967616356003 -22.83524357961679
372 1.120471806474011 -7.934157794109975 -23.6810828094718
373 -6.957595572667203 -21.70946395574666 -10.26114216845954
374 -24.19762180145792 -0.9028433071674787 6.217714460821711
375 -6.876921685494416 20.99909834530135 11.69383670212385
376 -1.947841703972224 -21.08194947622763 13.29501105595825
377 -4.690682142845341 5.946658000953675 23.82508677118481
378 -3.305651403298064 8.447462657674354 23.29620233958898
379 20.46035803691982 13.33303313898484 5.348268534374705
380 18.87010996770946 15.69162261815691 4.763604666205867
381 -23.97380493895124 1.932346195117906 6.820756184715197
382 -17.25602187438326 -2.898365881248703 -17.85578853731248
383 -0.5203360935691496 -5.628821056321075 -24.35252807955769
384 -6.783652198969009 19.45695430498628 14.15658829016012
385 -5.585945432926603 -12.29007496034061 21.04165561664707
386 -4.550659301525727 -9.872509689052825 22.51277531449633
387 -6.491348834677908 -14.35803793427993 19.40899628997606
388 -7.342351410610386 -9.988958056953217 21.70968891300696
389 -6.292210005407119 -7.590704613742719 22.97366528690534
390 -1.478949615141294 -9.936213384016243 22.89288910607767
391 -11.32399003187203 -22.22153937065408 1.723495795333863
392 -13.81443302667836 -20.813670486174 0.9759923382830934
393 -23.19883192797758 -5.57958422708727 7.462066538854168
394 -9.496662599159112 -22.3390116449346 -5.981802253937223
395 20.5818689360617 -14.11505227385074 1.466959578597737
396 22.04736374522702 -11.7727139966395 0.5629893773219317
397 -24.63424390932177 1.067325185760492 4.124905327869318
398 -4.423264854862643 24.06240991675288 5.141513106264475
399 -6.822972021818153 23.19085897881916 6.374253886848987
400 14.65411610644803 -19.90558613227848 3.744932825723751
401 -9.037649730133332 -7.647517670323892 22.01899999631011
402 20.01375120354065 -10.19945628388216 -10.97364361896047
403 21.02116829147785 -10.6938299574028 -8.29171179573439
404 18.30822730744262 12.09419089661854 -11.98079126832454
405 16.56487696850595 12.07919981133611 -14.30726329302983
406 4.504762372888767 -22.63593229025905 9.608417419877901
407 -15.40646807369411 -19.46106647052146 2.984565851876872
408 -18.82835714289781 -11.02331128023898 12.2057189758918
409 -11.86028894965679 19.59573694951109 -10.01701749205893
410 -20.39763100698693 12.17067912237961 -7.798154846043938
411 -16.65475571193656 -3.784471896683092 18.25642036761129
412 12.21751452729211 -21.37469176151613 4.342221882352484
413 -11.39156424387228 2.663425489960233 22.09385499945993
414 -20.97380010049902 -13.44535322555651 2.078986768674693
415 -6.686945642914749 -20.38500080312342 -12.83497176566279
416 14.60138816680625 -12.97209308896106 -15.6052639994836
417 15.21254760117423 -10.43015037109564 -16.87573283500132
418 21.67664359496149 10.80446486432459 6.19569701103845
419 12.12797113630166 9.632748004894848 19.6245377522944
420 -7.935504997281649 -5.197571760262109 23.13034820825324
421 -10.62336686143179 -5.210810550290909 22.02252324181791
422 -1.778302286348295 -8.131663045747217 -23.57358048936982
423 -0.1360317353503983 -10.38194280941194 -22.74196031280235
424 5.618019567873072 -10.0670383091904 -22.18316018551658
425 8.907429946931654 -9.849970277689531 -21.18102399009873
426 -24.04197972792611 -6.850935617370592 -0.2188422459971418
427 -9.226023788543944 19.53423482865917 12.58150049525175
428 22.88278867821266 -9.756837902269707 2.486382202537603
429 23.21252970103972 -9.27624088290553 -0.3603053714013279
430 -21.02282061554574 -12.26902508186731 -5.701932734353854
431 -16.06798245016328 -19.15167919206525 0.1820002897242902
432 22.78772544080611 10.18236836775241 1.427915844100559
433 17.50402330145497 -9.299266644728558 15.23590522851729
434 19.05425262293377 -9.852930252513108 12.83959588229059
435 -1.894678798362948 24.63287637753254 3.825126614928386
436 0.5935918743008964 24.42154900351067 5.313717432823377
437 13.03142218669898 -12.02052586654736 -17.62637210782966
438 18.88636941506381 14.64871795507712 7.329400561460904
439 17.13080827857268 16.90289311239901 6.769609453550457
440 0.6561873020546705 24.87210909837907 2.438771662733415
441 3.111945860236522 24.50599437698906 3.843440198303787
442 -4.42993105041838 -21.73809385126569 -11.52523260511925
443 -24.26717887810905 3.84036900859338 4.621211440271225
444 -24.73192787814741 3.058828086382604 1.993818990799284
445 20.90719460047529 -13.64117884225687 -1.34441575839496
446 15.72432658712152 -8.604456610481428 17.42724533079986
447 13.63004845702474 -10.44496794370389 18.16932645185715
448 13.73929098827204 -7.777920142273813 19.38390676308566
449 11.5206458187176 -9.541820014433663 20.03068622718198
450 13.16868279499916 -21.1903018275196 1.599031551693917
451 17.08570613652749 17.79719380467094 4.042095804803402
452 15.19012083209321 18.94436278983641 5.947381574564485
453 -13.54511727100975 19.63440947802441 7.484635098911534
454 -4.626822541957011 -22.88728178860293 -8.931116699177274
455 13.44953659543776 -9.381433353824729 -18.87057692800422
456 15.12722030614278 17.91801998371452 8.666704429748876
457 13.10898447171553 19.81416641366853 7.781602370448589
458 13.07588622985968 20.70902905440798 5.01570682231845
459 10.90592319826636 21.44136625339221 6.806515436066311
460 10.79147170760109 22.19324253577667 4.000515483314444
461 -1.809225893878829 6.114290749878562 24.17317005050988
462 -0.4068440079704681 8.565697718253068 23.48325574856887
463 -1.890675656868475 10.841156054724 22.44759855658609
464 1.015925591109755 10.89355744214265 22.47884119451149
465 2.497691058732124 8.552087671823099 23.35858163135298
466 -23.48535001383793 4.575524318420012 7.245889313194747
467 -21.39890127289209 0.2902040328011479 -12.92295654764663
468 -22.1815574964619 -11.07487415246795 3.21335798474931
469 16.39538144707594 14.24720755849697 -12.37774389741462
470 14.54021435865539 14.14290571260634 -14.61370536204555
471 14.60419358547329 11.88594200362924 -16.44511819368845
472 12.48066422481592 13.86135128015189 -16.64619960218042
473 12.45276383391259 11.51704510046692 -18.36535719910205
474 10.24465302782076 13.40636354793803 -18.4476692500728
475 10.19546256002144 15.658169745022 -16.60946306848234
476 7.908419755771422 15.12892758821112 -18.26396580694316
477 7.87778465114796 12.75606308487838 -20.00558330978481
478 5.469754909701716 14.35977482747161 -19.72000629138101
479 5.412148273571859 11.91926644054712 -21.29882012187812
480 2.967203962349136 13.43383205807708 -20.87409535479802
481 3.015963099770632 15.83457051554709 -19.10943073900918
482 0.4734094803487188 14.75501172728966 -20.1758646008408
483 0.5039152633851329 17.06072228451475 -18.26685042742698
484 -2.035425175216525 15.86489335427743 -19.21359422943814
485 -2.047342504291494 13.51838114670935 -20.92992498415641
486 -4.542327228480555 14.52858618972449 -19.83147615981097
487 -4.531890487779045 12.08693053942012 -21.40953242698241
488 7.779570583694416 17.25203670108452 -16.33540667377918
489 -2.014587098262359 10.98986485735833 -22.3643535395172
490 -4.476927532252915 9.480131071175517 -22.69546727309857
491 -4.508096256663863 16.77199490499772 -17.98269320895465
492 -6.984296650162073 15.32950709676575 -18.47229851623082
493 7.775094710411891 10.23184882794921 -21.44428063158379
494 5.264723382251401 9.31990918003252 -22.59252045665381
495 -6.911080150486647 17.46401821249226 -16.49984966680873
496 -4.492136542020275 18.92734582329429 -15.70274782874865
497 -6.963670399801551 10.50403502894999 -21.59102921755976
498 -6.869897619984235 7.829443476798946 -22.72673143095033
499 -4.34466303259391 6.746820424904292 -23.67708422266784
500 -6.699590080003118 5.046685918380781 -23.55093318747987
501 -9.340143398243093 15.91028526106886 -16.87081931062244
502 10.64599251119555 -22.51483380802338 2.178325514852112
503 9.617235868094145 -22.55051921815215 4.897229548346105
504 -6.829970086365824 23.7878779304828 3.533889101796682
505 -2.018144441094575 -22.7399061923891 -10.18939445581646
506 -5.141800739302573 -5.097377163484068 23.92861532162901
507 -3.356419546544663 3.758537177518677 24.48689131173622
508 19.28248462102205 -7.269840578391027 14.15398194165966
509 20.70169898080068 -7.742170253272989 11.68325549997307
510 15.61221381638297 -7.731196141986755 -17.93006932406201
511 -9.178793031941717 6.085629407166073 -22.44359314359921
512 -24.20513887926039 5.757291237061804 2.442304126714866
513 -24.50446455593356 4.949133325181124 -0.1931221286577726
514 -23.80549592055996 7.630689724389167 0.2663424605737468
515 -9.115379195554381 22.75312588130872 4.919870399774158
516 19.32415910507361 -15.85439573638969 -0.4636924797202141
517 -20.84665046848999 -12.93356446353387 4.810413133216282
518 -4.136890184831018 3.92405587457241 -24.34107485490077
519 -6.455056750175329 2.193490011677021 -24.05246024673337
520 -4.555430670283974 1.287956141362328 -24.54769277113764
521 -3.411060666993522 -5.780523890580499 -24.08215539931004
522 -6.139612928246541 -0.6914616067253022 -24.2245130794766
523 -24.67710752274688 -1.727696616481527 3.61322967885903
524 -6.740733719606424 -2.669320859219674 23.92566059844316
525 10.02394405699015 17.69397879676233 -14.54110243007926
526 5.934382119309534 -14.42450880085683 -19.53757033809535
527 3.106364862245977 -14.88453347536245 -19.84442391613872
528 8.441980620309451 22.80679610323207 5.795085392978963
529 8.590447069544451 21.88309409198976 8.504963968558483
530 8.20990770651705 23.41103843580309 3.085562316308369
531 21.54609289194824 -8.20927494707324 -9.663006050649731
532 22.3978135300516 -8.6788320138534 -6.929345131276896
533 20.44470874402737 -7.61504219756497 -12.20758029673349
534 -14.23231561299013 -20.46092098629956 -1.947281357339965
535 -16.48283176788128 -18.61528038685008 -2.60530094819736
536 -19.2449711275811 -15.47701039093987 3.885001371596815
537 -9.293751059184787 17.91238271267579 -14.75712495049545
538 -0.4649386520124563 13.09528533053116 21.29078049677466
539 2.445348814496286 13.13541298257671 21.13010163138352
540 14.48450820077052 9.462246082523214 -18.04618855203463
541 23.07483011961133 8.986128870720046 -3.435360660817039
542 12.24169940307473 9.02218134536259 -19.84290904822555
543 3.001577838353627 17.91150559951365 -17.18046849299795
544 -21.77903097493074 12.11584665395206 1.969789240230071
545 -13.94108070820873 11.66273638827002 -17.16469774347724
546 -17.37656812239561 14.16679391291693 11.06150218174207
547 0.5523635856428755 18.99710956356443 -16.24206645409335
548 2.983294465332355 19.79928198851143 -14.96958205403626
549 -9.357982665566112 13.66979971467819 -18.72337406002316
550 -2.830728107417305 -18.07633699835019 17.03622666860105
551 -3.028080263478536 -10.51669987023057 -22.47731642695418
552 -1.375124084336213 -12.69605074139088 -21.49230860853963
553 20.21877190229699 -12.98491246698497 -6.89879054527851
554 15.46214133407592 -19.61779737561281 1.031606269106631
555 3.275801646950828 23.91194370998191 6.518287472986356
556 -3.36354897346931 12.96168459585489 21.11116459934533
557 -21.96840028954829 -7.426132983358974 9.340339267480728
558 -13.53475552659938 18.3431376830592 10.26351269183805
559 12.34111704907386 -14.39191523113405 -16.2963065128547
560 -23.96354901525548 6.708923997714429 -2.395549495698127
561 -23.09109894319293 9.387916276788767 -1.915248698127494
562 -24.48167216948448 4.086240779572021 -2.991715908513289
563 -9.078444840596372 17.85982137304114 14.95354873597943
564 -6.582264420167096 17.6559515298426 16.42988650839838
565 -9.498350081314426 20.98742574407939 9.711297872557918
566 7.515699660967868 19.35765714438699 -13.92104049582828
567 7.583434976475601 7.566166337111155 -22.58859537281441
568 5.029478971068814 6.596944226539673 -23.58356775705282
569 2.675846458643844 8.296692489138461 -23.43085016533622
570 -3.997575894257527 -20.11142534243684 -14.30209626821328
571 -6.593905019296171 -18.71943228543604 -15.20208115711384
572 -9.207349058193612 23.16848524906223 1.856344414317243
573 9.750361892639335 -6.931495437363682 -21.95187495327843
574 23.87356168021609 -7.259863502037092 1.532134012646372
575 23.38858578591361 -7.449216086410126 4.741648936069445
576 24.02196816013253 -6.814751615525631 -1.22646081562763
577 10.44729129186542 22.68244297904631 1.166569828696697
578 11.61555757494356 -6.905001163646703 21.03330171782854
579 9.278833819839006 -8.539222118960504 21.58668405630813
580 9.153092848465219 -11.18884286388022 20.39683030950573
581 6.888562665237221 -10.19514385734671 21.76250780896139
582 6.919785929197717 -7.406405720066729 22.85304612089688
583 4.442999641407672 -8.927052907669482 22.92525857149971
584 6.66873053627152 -12.6966589283358 20.47737495608533
585 13.70859787144902 -5.017406034280727 20.29531919152953
586 -11.72274332344202 -7.702930254427938 20.69401252701163
587 3.153627691640793 24.77872805366295 1.034054362755219
588 -2.260270776542042 6.275714615090656 -24.09370420019818
589 -1.940278409039772 8.368912968078508 -23.47757686449225
590 14.29597378184183 16.1734661611518 -12.61126979978497
591 -23.11811488317831 8.410871859148429 -4.450842483974748
592 13.85931539974787 -20.77847427095802 -1.083689817912542
593 -4.252221174344133 -12.75206694566987 -21.07850572734256
594 -2.580178403989692 -14.84508828078726 -19.94908602766598
595 -5.434097108387571 -14.80748716166432 -19.39610560328439
596 -3.734867779833879 -16.79991823372189 -18.13321565545994
597 8.708216523135654 -13.77400753003076 -18.95900001447448
598 -11.57792772285069 16.2630466945171 -15.04875084039875
599 17.98741429057585 14.18275776687447 -10.01510405664113
600 -21.77664031647324 3.668307475017381 11.71842381874302
601 -18.77695143951127 2.426896500845883 -16.32593850326583
602 10.98691431880005 -14.31352928569201 17.30348499981964
603 19.75852874204586 -12.45725063536088 8.911646792683637
604 21.36003315518153 -10.31186994288644 7.900273532640586
605 -9.96846985070437 0.4034148146189236 22.92306404743799
606 -12.41921818716854 -0.02702645461799979 21.69705715506721
607 -13.15301352088265 20.67264161756777 4.963881935651085
608 -2.47442962102588 -4.223245208668964 -24.51614565868877
609 13.72200051577069 -6.600659025275967 -19.8277079431091
610 15.98567990843245 -4.858163759181759 -18.59721169299613
611 -22.0875927025549 11.03474456561449 -3.920798512763032
612 0.6689935710832732 20.65938770503596 -14.06208189617947
613 -13.88982350753043 2.257892975155293 20.66336667250522
614 -6.786365407219833 24.0489980183276 0.7687254868709864
615 -3.906720460539738 -2.542779371537852 24.56159213713316
616 -2.27709227357372 -4.944918050303797 24.40005402152648
617 -5.624076916337761 -0.1047157072484371 24.35895715049748
618 -8.823931396658905 15.93833880181339 17.12038524524688
619 -6.275488694467708 15.62050738836226 18.48291077118883
620 -3.828094268842985 16.98811903492401 17.9373773424128
621 14.18278073001388 6.904677790136221 -19.39520959873201
622 11.90908363819379 6.369274647866841 -21.0382049462055
623 -18.05925345023207 -17.27510245310739 -0.6589385820576908
624 -18.42499567679906 -16.4761708272386 -3.749043768961347
625 12.9369041349887 18.78940808847293 10.2271528338507
626 -21.54763826000017 8.158435685282052 9.702536399586101
627 0.6832771765906968 24.98637783320821 -0.4626608651182533
628 -21.86152033575691 -10.55775351614523 5.967224589506428
629 -20.4775534474693 -12.36842596733067 7.258914787810811
630 -23.07895111530676 -8.654619199996981 4.178466455570102
631 3.862212314695214 -15.42404822348998 19.29202043425395
632 17.66386998273338 -6.21822032891883 -16.56265175550435
633 19.48572959324092 -15.35724902602887 -3.075913615762044
634 -14.79418913449253 -19.62734183632336 -4.571588377465108
635 21.83149483412039 -5.551531709457488 -10.84280079069347
636 9.946566671153526 19.37273457146295 -12.2785571904822
637 -13.16894523691043 -5.136914046795899 20.62015992719467
638 -14.73171963263036 -0.3842458948218259 20.19477139652454
639 -0.2738523479005267 3.707343962253304 24.72206717968976
640 1.096195224747357 6.215745021270803 24.19013993055411
641 -1.625143482982789 1.140929486864836 24.92101901138316
642 -11.45872236695336 17.81025041925199 13.28505407292786
643 -2.233610547130936 -23.72559574273434 -7.556923353858473
644 -4.808514956231615 -23.73497872506239 -6.207170759414652
645 14.69428547395266 16.56382107795148 11.60679997706491
646 -8.69551900737722 0.4468256102030462 -23.43476682338461
647 -8.329750117896788 -2.43729613199045 -23.44514556445284
648 -5.785223677626023 -3.795425088832866 -24.02344553545334
649 4.151534276944138 6.443724506072817 23.7958647171561
650 5.453476086745361 8.600574545365996 22.83176988454682
651 6.811526277898332 5.979190513392583 23.29919291670973
652 8.265453503683482 8.572204327742419 21.98180136708274
653 9.851707939479965 2.516321057351204 22.83882613033162
654 11.05375109068377 4.990077647781203 21.8612376569654
655 13.51043886729144 4.980985307813119 20.43667847221095
656 20.66301642463647 -5.046848000034434 -13.13655500881992
657 7.382103663006505 -23.72429861516238 2.768068049602551
658 7.308927784986324 -23.26195165835501 5.519164762734423
659 8.603738884680219 -22.26310503308263 7.438402482399868
660 8.942557246948482 -23.34587727796368 -0.02615353338324765
661 -12.23961312975181 -21.36020628425984 -4.35125934964505
662 -9.634083611997788 -22.85761109981401 -3.116736717577358
663 -6.026990111036754 3.372647123276157 24.02708142041647
664 4.475485296772908 -6.158729148206415 23.81260352496976
665 1.968444922948802 -7.628200990199669 23.72626760024496
666 1.90142386826107 -10.42716313162449 22.6419711222256
667 7.006168651336377 -4.586983784666337 23.55574623288847
668 2.300858336428917 -4.957512435739321 24.39526842166685
669 23.15730221891099 -8.621650317554453 -3.795589512030177
670 23.91197624022223 -6.013352311187581 -4.130010444125158
671 -1.924824628887192 15.12742107696717 19.81050685136952
672 9.207739716932922 -5.80957541511477 22.50480754863969
673 7.922034872095239 23.71154074939873 -0.06479795452295103
674 11.2151502800841 -10.95119751536599 -19.47541211822156
675 -11.73609652303539 11.25290854716901 -18.99042094401932
676 -9.309713015091248 8.791154961445253 -21.47195468560087
677 -11.0169196235133 6.938116480121026 -21.34221220298685
678 6.666958784047555 10.70789534907332 21.58454627193041
679 20.83753232933175 -5.125630242183118 12.82673618051263
680 19.28111705751197 -4.63022175912826 15.22496540146533
681 -11.15161514955306 21.30484498551307 6.837035885492858
682 -2.396074714418843 -24.42915920855021 -4.740781193667247
683 -4.93368722229909 -24.28990364420275 -3.264860080902226
684 -5.28385249019089 -24.43222768244377 -0.3836057026843363
685 24.25149347776612 -5.007451742648636 3.433728460858945
686 22.07466242331667 -5.583153864904117 10.32170876441577
687 0.5518386202775574 -23.3844916139523 -8.823889510536981
688 0.5550375724594242 -22.30838195498132 -11.2706711354658
689 3.045117118557173 -22.80907924881079 -9.771037076776414
690 1.522037089109202 -12.48301126928421 -21.60689317672255
691 -22.0466724561376 11.73021996571278 -1.160247028773204
692 -11.63252877833973 17.96214127087849 -12.92461818337787
693 -8.943077750981283 19.71441737065648 -12.50452350453473
694 -13.80666745267217 17.61015309875227 -11.14712705991229
695 5.970753668863545 23.06543239205895 7.572049206992126
696 6.040814900503745 22.00851590350789 10.20459617343539
697 8.488977041223263 20.73542687504982 11.08960509229458
698 10.18383751095804 22.76708388506131 -1.717365692269812
699 17.77668175431047 -17.41366050636249 -2.398752503931272
700 -20.7606202994522 13.57521693880652 -3.116108124939478
701 2.500852221657839 5.709393755311173 -24.21050518085574
702 -11.85288112174171 -21.97506122927934 -1.267238368769928
703 7.044570833251086 -12.05862083272627 -20.73556571178728
704 23.28549248543499 -3.386630462806163 8.444914080033268
705 22.96408589744855 -6.299717248518886 7.613430336144051
706 9.366296806031412 10.42889225550719 20.7004997636373
707 -23.19894529310207 8.813524876440241 3.021707553689891
708 -22.77966974610829 8.63691938854539 5.611619172218226
709 -6.623516293102314 -16.71103826536615 -17.37441314141218
710 3.151295040530619 24.7459945038458 -1.64471747821948
711 -11.33614405493295 4.223510367840627 -21.87815801521122
712 -0.8595266602073083 -16.73017033147306 -18.55700985073542
713 -0.9982694853553765 -20.21543746707772 -14.67445215499641
714 -9.418108632508352 -23.15696684124546 -0.2326295332277881
715 -10.54270161438358 -1.255593709262945 -22.63349127084315
716 -10.20302973253064 -4.195444661934363 -22.43426906243531
717 5.855769662173217 20.70406653058964 12.72994857650611
718 -10.79232944066035 -2.322051296058404 22.43064205551703
719 5.314935608247805 13.07046003086967 20.63769691757339
720 5.619575069970026 24.24773442974067 2.338322274140175
721 21.85010682793112 -2.833129418513622 -11.81296784495542
722 18.18482155450713 7.480885121287423 -15.43854341681343
723 -5.895712836386198 -10.91789696639835 -21.70345815721496
724 -9.335073768239297 21.05746568434366 -9.718000653129216
725 -5.744967166838711 20.46078248443714 -13.16631050737053
726 -3.670698846637862 21.75401479107016 -11.75962628858555
727 24.72272353894563 -2.230909402310707 -2.968161730018373
728 12.64158228790526 -2.522262405075389 21.42028453634693
729 9.868861063796617 2.472295058877687 -22.83622863883895
730 12.27426962837326 2.805558967891076 -21.59794304945912
731 1.44623866638118 -2.516321057351216 24.83095894354857
732 9.838525444814611 -2.507784966911767 -22.8454466279709
733 17.14232734918973 2.505040883291843 -18.02402239308025
734 4.262200001226546 2.288797009184297 -24.5274348312312
735 24.70759092366451 2.513701078351667 2.866401513665652
736 24.12862021252816 4.995189199335133 4.225845655300628
737 23.46479957315611 4.999342186059127 7.02920754411922
738 23.25579321707096 7.342998392367315 5.499859675894236
739 22.44876177037778 7.30517503857798 8.227242103679847
740 23.75009855911045 7.471921337572035 2.259028542908577
741 23.35820023245102 2.467564830539613 -8.561869288175874
742 24.70542937283856 2.489039175316471 -2.906276567607739
743 24.48503996574968 4.842617908996314 -1.42543665699635
744 7.486849625063039 2.794451108411574 23.68835422089071
745 15.05345660284642 -2.424634486315184 -19.81198101942334
746 24.25225929768996 -2.258281683898525 -5.632768661482487
747 23.65543626589752 -4.51429218996291 -6.711296528518165
748 23.37301232386641 2.516321057348855 8.507080771024308
749 22.26076693692555 2.503268528617475 11.09918474724677
750 22.5126400707626 4.885332808543465 -9.711568379724412
751 20.00033534625437 7.323554635046508 13.09015406879754
752 20.08502745807203 9.68431925863119 11.3051153247279
753 18.50838255200685 11.98969352547076 11.77654552378807
754 19.88839273276265 11.47463633138769 9.888607362505169
755 16.78393216648946 12.09713199677002 14.03420886560419
756 16.7410414726306 14.11990100785935 12.05677925235071
757 12.75158408899999 16.26246704497485 14.068733732368
758 16.99257014863904 15.74432959598633 9.400459846014462
759 14.99661121270808 2.526742011507616 19.84230901236448
760 0.5482059420682215 24.7871133845011 -3.209124539335839
761 19.78895241162779 11.99312901343193 -9.463731764875201
762 5.653157439595471 -16.66037265654027 17.76158196525163
763 -18.90419048429262 15.92920432622843 -3.727201586558697
764 16.51903700657971 9.765924978948391 -16.02336187199184
765 23.4190620875871 6.983066912616348 -5.27108218790633
766 15.9530907519429 16.17557891820798 -10.4330983950646
767 12.36420707798792 16.04720723619045 -14.64969362312367
768 22.4599468489119 10.89221544632886 -1.382183133599733
769 19.28368995330163 14.01841885650899 -7.524841164330787
770 18.20411567042719 17.12002238669749 -0.7176392803379706
771 16.14730560175872 19.03955245140661 -1.326636443622756
772 14.58377903191586 20.29924842953064 0.5038872338620458
773 10.13975642419883 10.97750992997507 -20.04194639737412
774 -1.21684934819392 22.7080796814998 -10.38568220399874
775 5.503003626194808 16.59723779369631 -17.86753057111098
776 -15.91615901087217 -17.73624015458078 7.556564531562528
777 -17.9969527423435 -16.07461851017859 6.535773232149245
778 -14.60257738695636 -19.46523801348451 5.733170391358378
779 5.56815458805398 -21.285493527114 11.871117040562
780 3.376086435294193 -23.73604125965548 7.085364189747437
781 2.38656672105799 -24.4708117721296 4.525888918095769
782 18.68014860867206 16.48665107271413 2.059704921706362
783 10.22282564495801 -18.54268930952087 -13.29144495543541
784 6.138304446702195 -24.23462531580149 -0.06445403252937
785 -24.51533337035438 0.1719042941031609 -4.895802146130677
786 -24.92226839822143 0.1855442287139964 -1.961150485354025
787 -24.8990646797534 -2.151226662030099 -0.6393761975766814
788 -24.13884825921726 2.89568822495725 -5.82503170998476
789 -24.51083973483503 -4.531094901336702 -1.920394357498737
790 -15.87398851704808 11.90979260233942 -15.20438518092353
791 8.845876040428234 -17.42325309775397 -15.59425306223368
792 -19.25956310512357 5.026309009194112 -15.12631636400142
793 -13.38921647035185 6.422746529370866 -20.11161876452299
794 -13.08220912812517 -13.48965204595044 16.48893847423732
795 -11.13638699396392 -12.3216916962757 18.68573783564893
796 -10.53467323914708 -14.76541841996241 17.20474000465665
797 -10.00289018594473 -10.00206226972152 20.61312538846412
798 -13.33815338658215 20.99397361371797 -2.519272939266564
799 -11.77676212024396 22.05195799124387 0.13792286105929
800 -24.10686964239689 -3.655893118058633 5.522072215555932
801 -24.45495653295595 -4.190148878930768 3.065575532201201
802 -15.03941990881812 19.77050529589725 2.818327367632067
803 11.10638129213407 -21.49377381906656 -6.298093489981187
804 12.05306743264273 -21.6468640233476 -3.337190947318831
805 -16.61269824285582 -11.97270780361258 -14.34128742272219
806 -17.98891241478098 -9.438830270688705 -14.57077600042185
807 -17.13515162445671 -7.496536095146823 -16.5888072320176
808 -19.14802529843189 -6.784438956317597 -14.57135941560061
809 -19.84175863909484 -8.64991215933575 -12.5093418589341
810 -20.81556834595103 -6.01719692993181 -12.47018265870476
811 -19.97991940524915 -4.219171227986083 -14.42225414797156
812 -21.41603446907782 -7.770153168503899 -10.29457077090927
813 -20.31568859992357 -10.35048530418787 -10.25379201460253
814 -21.86734868371326 -9.459910669177781 -7.571601658571353
815 -18.56512783439183 -11.21983126927055 -12.42784835688739
816 -16.31113456014196 6.339157032647051 17.85390650463881
817 -20.20097815712803 14.63445639217307 1.65926718789371
818 -14.05071376343585 6.985926996088054 19.46212390113994
819 12.6834692165684 -15.25245201051843 15.2148715505322
820 -17.46405813300448 -15.07739272125022 -9.62698822354275
821 -17.59768136123689 -16.38288718928003 -6.850008616907011
822 -19.29330128646928 -13.90857788367348 -7.701946943683257
823 -22.28233846326786 0.8579864036407001 11.30315230099735
824 -22.15718682605737 7.630670347178683 -8.70815376574609
825 18.38148902849113 -14.87171112450642 -8.121149507593868
826 -18.0317790494603 -13.50985501699186 10.83230177438315
827 -5.38789966567764 24.17826815594468 -3.373705110382669
828 -4.180886402705318 24.63557586654464 -0.780122177224121
829 -4.645021326051972 10.70716885216084 22.10837651325486
830 -7.424668140993269 10.45000290668377 21.46326494842805
831 0.9450998580256817 15.40842818812 19.66436185158086
832 2.881172134659762 10.9073186123745 -22.30984643198175
833 10.12242652521103 20.62945786936396 -9.846925878559341
834 -6.92464683007933 12.94568522068037 -20.23508093499332
835 16.87266781716193 -18.18231149746756 3.117150837025192
836 18.84852096547258 -16.25640135447932 2.33723606343559
837 -8.915466799730503 -18.83630498065219 -13.80970913592176
838 -18.06628436889639 -0.2659924559198977 -17.27827008457628
839 -23.00199672540048 2.780276076534418 9.390325424761155
840 13.7984341001241 -15.31844777264512 -14.14031025901752
841 22.16105267107929 -11.31245752180581 -2.432293018324127
842 -4.233394652340741 19.12664701868826 15.53221631126853
843 -6.85875935555139 22.26919386276674 9.057616949570594
844 -24.96910841997588 0.1071395298642331 1.23779878519503
845 4.757168643046775 22.28060417440987 -10.29291135320235
846 -7.139504160168989 -22.75745293420173 -7.49171651188983
847 -21.03005922711456 6.404826191306659 11.90440298222495
848 -4.012824977552214 -23.20084155474341 8.403462789304447
849 -5.712159769066446 -22.02520321268699 10.35672024400107
850 18.78307756415535 -9.5805841242129 -13.43161959920708
851 -8.105857501488757 -12.12424951546839 20.3051138349979
852 0.6863139949331629 23.66768045273566 8.023083888851797
853 15.75495911564322 -6.069781903277497 18.43743504154132
854 17.70970966558617 -6.788432019574712 16.28752204223394
855 11.1200740614625 -21.27479522455704 6.980475701609001
856 -11.63452095727634 14.15548367898531 -17.00765133428711
857 -11.19853342964423 16.23771608655083 15.35999431372646
858 -13.29048851323261 15.54330058373866 14.37945485904043
859 10.88193147457598 20.45919261584768 9.381098277402081
860 -4.340244315293694 24.51158808521155 2.311780444695325
861 -23.23748383115806 -9.108114218914954 1.435827486805797
862 22.22332595317459 -10.15949863571433 5.282837405209007
863 -17.63725618000836 -17.59866134712478 2.052879253627254
864 21.80328076016675 -10.97180944454506 -5.407064416662164
865 -1.915523516426599 17.88094662116928 -17.36670716022216
866 -20.44332151069518 -13.91561748226597 -3.664177356188054
867 -4.671151115155329 -16.25412850146065 18.41150873549986
868 -5.638259438111882 -18.02551545948655 16.37958555423041
869 -0.937970953721031 -19.53264661646758 15.57549121685006
870 -3.822778703252872 -19.64541457921648 14.98145683826058
871 -6.572420210625496 -19.55446023437671 14.12184044369364
872 -8.351943764990022 -17.84083717122189 15.39316615827919
873 0.5708020924633439 22.55754014268942 10.76250749975091
874 -3.45971826878542 -7.447468365882182 23.61282626963186
875 11.50363304613538 -22.19153553113595 -0.4496415352172671
876 0.4327518961299955 12.31316258229076 -21.75313202779017
877 -13.74576137665595 -19.16314742285411 -8.296253674158812
878 -0.05926178904823912 -12.04319237129219 21.90794389139265
879 4.264296495282242 -11.76863325374425 21.64058794809394
880 -1.525437539237424 2.732959502959674 -24.8033056802731
881 -17.49358304980217 15.6209563278887 8.657960237946821
882 -8.419872290148287 -21.42859740844936 9.742739025766337
883 17.92831079977253 -14.50753763366996 9.64919808452545
884 -20.44768730163328 2.645798591963603 -14.13831085474458
885 3.377882040990079 16.50649784888426 18.46958152427759
886 -16.86947989355845 12.56011666315794 13.51532898336882
887 12.3890191038471 -19.730904867607 9.066620028982891
888 12.75097893373663 -17.43717338311308 -12.58401846147158
889 -10.86099952457689 -16.99369836526693 -14.77338502840378
890 -17.84732626495136 0.8106649402374956 17.48758895751633
891 -14.2489043688835 -8.027688864180597 18.90832979896225
892 -18.18674860089536 -2.001184573125116 17.03635628977384
893 -19.35620496609952 -8.457199871597011 13.37210154172499
894 -20.98948023695496 -6.597014216608119 11.87102029348563
895 -14.93230216035067 -8.100542473405891 -18.34141662545546
896 -22.05207092913439 -2.031788294672685 -11.60077601120102
897 -20.82052907085016 10.02642750631523 -9.538150799315796
898 -9.347732533226745 -13.272210095106 -19.01232062844041
899 8.278111985857247 -20.36052855590738 11.91309107132514
900 -9.85541454329582 -19.81906377482949 11.62219924407746
901 -2.933896649357068 -22.29961470257466 10.91418501618914
902 -12.24321418069342 -15.75305509487119 15.06469255257539
903 0.3075752824719139 -14.79388838322175 -20.15058966756032
904 2.68677053966893 -10.09348809427754 -22.71349295370143
905 -4.770111361300778 -8.511069790063129 -23.01755262032573
906 -11.36058373799426 21.99490043971258 3.487333046778257
907 8.417070270136811 -4.888354709504179 -23.02730805590717
908 -21.95212758324314 9.928034505369766 -6.673696534095837
909 3.931005708289023 10.92401552403573 22.14075606098458
910 -8.800125853890123 3.31742017486404 -23.16360309492243
911 -12.74782254588478 4.882272689221164 20.94412647323151
912 17.27918084275329 -8.772588958910529 -15.79466974524725
913 18.57694710515717 -12.29290545830062 11.34819420196338
914 3.305862051960163 21.32757951195485 -12.61767126908342
915 16.3078179544879 7.334301304041552 -17.47178004511322
916 9.995902811114453 8.534676262949962 -21.2659640758982
917 10.02670421678582 -15.27832614977476 -17.05983448366948
918 17.07564937359984 -2.417365782844176 -18.09913094990513
919 14.85935903548591 -2.411326000184815 19.95958306116027
920 24.46360075334597 4.953412925517635 1.412776900365085
921 -1.787262367074316 24.91532746993471 1.015947979552392
922 8.825568969104777 4.910832080238793 -22.86904153328845
923 5.255810479756685 4.561211093055587 -24.01190974423872
924 15.67604895663686 4.866180275838601 18.85687616314441
925 20.67878554565661 -2.470367114415144 13.83058620148688
926 0.4969553212811607 9.717691192417639 -23.02866720627703
927 0.7597656881871462 -3.057334575264791 -24.8007149371534
928 13.58653689376533 -20.22047830201641 -5.615894627932152
929 -20.5141175217652 -9.16943524896193 10.95866960530794
930 3.29817064596241 23.02403326039555 9.166022191458584
931 -3.429186934385517 20.5637287640724 -13.79759893194105
932 -10.80877640415286 22.35011549150698 -2.939845261459865
933 -16.17879487524007 -5.514306013628101 -18.24387638559774
934 -2.338488491787832 -18.64521942157332 -16.48900434517382
935 -8.804111239991203 -23.26434939217486 2.501534055869241
936 22.5071752630392 4.91715962625552 9.708171964317431
937 12.03563199582663 17.89388902775907 -12.64722490996653
938 5.406953619677703 18.58434459279684 -15.82362122305881
939 -1.684187110444258 18.55624817188498 16.66820828884822
940 -7.228312012827514 -23.45500023378592 -4.75546732491305
941 13.25016972063384 -12.92256109613697 16.80596373585893
942 11.44264581800004 -11.90440709878423 18.77101351313301
943 -15.6349072454506 16.33909048192707 10.65756996925455
944 4.363938102787293 -12.62390119466989 -21.13275095349049
945 -19.7982916308723 0.156121450681761 -15.2644447849101
946 6.074686477200363 20.91338276399222 -12.27715787837202
947 -9.297922969012383 11.18029575204476 -20.33591933892151
948 -4.710376786821257 -20.9684984168929 12.77240872611488
949 16.79895730665123 18.46726033274244 1.324888377195174
950 -16.92146882953724 -17.76609124174234 4.798947242998768
951 1.801227483004774 -16.9369724744999 -18.30012412396432
952 17.34078622746819 16.10287252343918 -8.061924677588916
953 17.49118720861733 -17.85890132997329 0.3435306673059368
954 -14.99432912953398 4.391897918711352 19.51618114864759
955 19.16673680568038 -7.045036548319801 -14.42233199779478
956 -0.5828964309096281 -7.248730299535262 23.9189494082711
957 11.39639816744777 -16.53020695125941 -14.89544786025342
958 9.836866815098784 -20.93661233393505 9.481261268445614
959 -19.67364385154958 14.23277762978422 -5.947754075573318
960 -6.215450212470644 13.26297265306254 20.2598552576373
961 11.68112968048873 -8.443932377924803 -20.42672796569824
962 24.73351649363649 -2.4211499170013 2.718675217530855
963 -7.896373373187682 -16.17561231654586 17.34926089884011
964 -18.98688227716459 -12.76111875734245 -10.08226906277034
965 -8.959718407786172 -13.95671025061077 18.70651450788398
966 -19.52638666494122 -15.58294647564166 0.9444590771932977
967 3.207874505029391 -21.43927041507055 -12.45259913550032
968 0.04902042355300514 7.317561463027502 -23.90503903433101
969 -13.86986593913531 13.78882952463094 -15.57225093462985
970 23.49332546522658 8.521630778571835 -0.6674334862993211
971 15.78933841743986 4.718511295151949 -18.7997990281035
972 -23.79887677034016 5.813799212524297 -4.981285294641853
973 21.41255885957302 7.344355976741661 10.60955976335588
974 -22.35435321373509 5.435809664567562 9.784419537518083
975 20.75508259657886 -13.30145675348361 -4.159061750490702
976 -18.23638921642111 -4.957771201685555 -16.36626448090514
977 14.17386241958617 7.309709772696356 19.25278595813059
978 12.69834345293073 21.41803267753752 2.240524442032823
979 23.54208182577638 4.818955833093299 -6.89550926234934
980 20.3540717819568 -10.18450650585352 10.34348051321108
981 -13.04107160224318 -2.625038792886059 21.16694646851571
982 -1.60243212162008 -3.412060894633866 24.71416702514795
983 7.178570389441476 5.495783193427941 -23.30803497197198
984 8.342338397651018 19.37893586058718 13.41127268272201
985 15.13539654860384 17.9474692076507 -8.591165250240563
986 -13.77547540135829 16.76371642226105 12.41829654906775
987 -11.16898954418212 19.49144778544237 10.96982843025926
988 -16.65332211700016 -17.95183138558145 -5.039703599527033
989 7.20578489397355 -21.89578590681088 9.67735622909918
990 7.710924752575552 -23.66735299159931 -2.323368638669498
991 21.79679517496276 -8.144412267371603 9.14156818712234
992 5.167506453376321 24.45890011397082 -0.2430684453242215
993 -9.091214808058576 23.27421151505943 -0.8129524377301356
994 5.829509657029076 15.17410318221421 18.9937729209897
995 -22.91278476681609 9.990681694175457 0.4365472657431094
996 -21.35046325693677 -9.9316420789263 8.397630876044344
997 9.032770663075055 -13.57729743270143 18.94903819649561
998 15.94679569411395 -19.18094713101781 -1.67062091669183
999 -7.346187377985394 -23.8261336685306 -1.829996015525916
1000 11.017142396016 -4.590739975138422 -21.96696792701653
1001 5.698531311735196 23.83970118484275 4.918880798167494
1002 15.00801802285688 19.73888698025641 3.183667037594713
1003 22.73217633314489 9.483462975334801 4.279262688158033
1004 -16.00410150488824 1.700330242283115 19.13054134331832
1005 -0.4669524942010001 4.789032559553997 -24.53257268432504
1006 2.780584879139376 -23.6840625755454 -7.505566444150058
1007 10.67724864369521 19.32513615975289 11.72755191025476
1008 -22.66746864607587 -8.115557403128888 6.732279941868666
1009 -8.601678680697326 -17.44142344798574 -15.71012004989428
1010 19.00203604381822 -2.34518363571975 16.07553233657242
1011 -1.833450069255776 -21.53516879302725 -12.56483051614192
1012 -19.10516755127703 -2.331700385847653 -15.9548032312614
1013 -23.70884782677185 -6.224032290196333 4.914464037671743
1014 11.95317852615608 6.996618335008327 20.81270897783531
1015 24.20325562981348 4.758345837844821 -4.069467017358299
1016 -8.744588259895611 22.22516597768486 7.387433480529959
1017 20.5831485500134 -2.33836709136585 -13.99521472197189
1018 -20.45738956578276 -11.78401877677715 -8.223874611298863
1019 -0.2866802950466985 -24.79860438986593 -3.153891996146006
1020 13.87207291070856 4.63498569015017 -20.27516956309093
1021 2.619314799041293 3.780349859749408 24.57332181292175
1022 -14.81992002176328 13.21944620327019 15.18605322746451
1023 7.14394169569776 -2.132761573409102 23.86242705844191
1024 21.34571320714144 9.741098847032848 8.629688344940549
1025 -12.26133302785461 -9.861600322129149 19.42700572570626
1026 -24.87196108811049 2.398314346537124 -0.7960150291997696
1027 24.53231164454467 -4.752696632478493 0.7599737459712129
1028 -7.382607357402774 -20.61569915351826 12.06192592491137
1029 -15.41928151559881 14.87031672840157 12.88873298426705
1030 -5.982520499016791 -6.363138936720422 -23.42477131907239
1031 -18.93496821203139 -14.04692915380762 8.315693606505119
1032 -23.63896801656367 6.398296809087813 5.026031143426861
1033 -9.880713801982992 13.79649201673378 18.35833061025713
1034 -4.406229703438926 -2.117958357168186 -24.51732840661547
1035 19.13970919630747 -15.01824905878371 -5.755321632117999
1036 -7.47254541225528 -8.900600036990648 -22.13459699301762
1037 -13.81325577392371 16.06538410047836 -13.27016950261979
1038 -19.34574128037894 -14.83789275555812 -5.529849264419278
1039 -4.334493620491891 14.97762060969642 19.5418281111546
1040 -7.939137108108884 0.8796248095254949 23.68958341071273
1041 18.72604046706619 13.46922173016345 9.639267317047073
1042 6.470821238566555 -14.71257754862359 19.14859092398846
1043 6.120641963291657 -22.98358282746156 7.700172879254534
1044 -15.46187927661226 15.83074974654074 -11.63261155965714
1045 -22.57725311242824 -6.811578183545622 -8.29879777719608
1046 -6.762723760540055 -13.03540931329068 -20.23224335988478
1047 12.23388964884574 21.7963853465671 -0.4995296626026611
1048 11.37211015447261 -4.558970507918954 21.79199161486774
1049 -19.83276183580253 -11.75290214013774 9.671134848024829
1050 -21.72174971415672 9.926366763904699 7.391402588411801
1051 -24.00874233671006 -6.575473591834656 2.311587863904561
1052 10.56523688386426 4.657102666702267 -22.17402003110011
1053 13.71487014113102 17.93040596811755 -10.74257319409121
1054 23.79728516454333 -4.924136223351497 5.868739323848333
1055 8.845517654113236 4.785496430175741 22.887897267935
1056 10.82304995611533 -13.16409887224757 -18.29120254464211
1057 -7.587273275966076 -4.817571641181453 -23.3286152121787
1058 -7.334078246359725 -23.88891317184661 0.7287823709769405
1059 -13.54666661438841 3.748612684060896 -20.67451877513748
1060 -14.35489762396598 18.41834493971673 -8.927568755661691
1061 13.62328364399625 -4.443024530847396 -20.48574323214836
1062 4.976553980347592 -24.02435679175926 4.802519257945505
1063 -1.726726345386094 19.69913622036678 -15.29583107580569
1064 -1.483678198085777 21.4200641709451 -12.80545000837999
1065 -24.60419631313605 -4.38648210533375 0.6263373885128364
1066 -16.57675936540908 -1.014831505299898 18.68638985885644
1067 -7.097240041696047 18.94398848330255 -14.68858346250743
1068 8.331875359487048 23.37861252360244 -3.003386332996728
1069 -7.636686680429465 -14.76568601457419 -18.67231997005084
1070 -20.73336325187368 -2.007949649830882 -13.82373995956225
1071 -19.55261714762304 -15.50081882182906 -1.555563734248022
1072 19.20295687742925 -4.695346074447177 -15.30359998185937
1073 -22.73226854074809 7.145569534156267 7.562063410462279
1074 14.38737822334747 -20.17859371999864 -3.29054757473253
1075 22.45619391562528 -8.514595858654397 6.944135092840553
1076 3.684671254122794 14.73225836589239 19.85909769323961
1077 -8.799640101135928 -1.348818925102472 23.36122902584036
1078 22.60436563961678 -6.279939912652782 -8.637419100864742
1079 -11.50810906132749 9.153240530297651 -20.21834843965027
1080 0.2601261559001865 1.719139796043732 24.93946456411355
1081 -3.751706533955171 -24.68050542802092 1.34065278894582
1082 23.92708649943333 6.807054342230671 -2.481641156685192
1083 -1.239848669594541 16.89550461050482 18.38490411269297
1084 10.69071026855548 11.94177002128031 19.18600642949578
1085 17.58447458129994 -4.416382384450837 17.21283882263262
1086 -1.478765764620416 24.92372984178053 -1.273162435561613
1087 24.52835031799677 -4.390746099882818 -2.020242402285315
1088 -8.697174889485225 -19.14479707065439 13.52168236815119
1089 -21.03115714102085 12.3234808501051 -5.551778908312216
1090 9.940669729390143 -22.84685696775956 -2.050417524779541
1091 -15.22815287322601 -5.351573409630298 19.09094083881139
1092 -22.96998129666409 7.406976013714503 -6.52048047026904
1093 10.44795644804748 8.56034270532227 21.03712762777131
1094 -3.406277639174288 -0.1957691625736488 24.7660846134355
1095 -19.50644060516257 -14.42612595998893 6.032053108502802
1096 -4.654488113173368 -18.24717940472857 -16.44311966069631
1097 9.204556256643027 -11.90197003014012 -19.96545149802378
1098 -10.16001624905153 -16.5119243766223 15.78386591427193
1099 5.286647037268208 4.548580898352782 24.00753579429766
1100 -13.26791795196367 21.07980892063376 2.145695479216341
1101 -11.78710944398765 20.14912276694943 8.948569867741837
1102 5.055748991950056 20.04610319944562 -14.05678301203985
1103 18.04092382967864 -16.72207026467273 -4.460653924603612
1104 -20.9362755433376 13.65963198362669 -0.2946530931906401
1105 0.6022057198918599 21.89425131390264 -12.05317832252564
1106 17.85048209311528 -4.122057219456568 -17.01084751924186
1107 -6.693208472675548 24.03788550291259 -1.543055698984717
1108 11.93332265992638 21.80099664383581 -2.704136762360113
1109 9.882881779280575 6.565843184612215 -22.00496196342646
1110 -4.331641158386946 1.823115243956099 24.55428955767654
1111 0.4536028839230191 -8.824928449698726 23.38621137083548
1112 5.1528849307637 -22.1669119229271 -10.34774336227473
1113 -15.48315923485007 -18.36915606202068 -6.917072045121861
1114 3.245954911134548 24.47156562633648 -3.950474972808768
1115 -15.07988608723983 -2.914485790619183 19.72568904175845
1116 11.56279325759887 19.2511816912087 -10.98607371057089
1117 -10.25366910660562 1.800264751589501 -22.72930523963339
1118 0.227717205369321 -4.949714961483703 24.50405000554894
1119 9.399299206891948 6.565231275905266 22.2160057776639
1120 -7.928766095196381 14.26767357924787 18.93589604015867
1121 24.13075528364158 6.535032473744079 -9.007932520865244e-05
1122 -3.819736370745388 22.74357174516612 -9.650883810847903
1123 23.27867303584076 -6.852735679142167 -6.011937741047599
1124 0.4422560803574133 -21.18946146633112 -13.25937903245305
1125 12.04503524799011 -6.264694097249352 -20.99215886331287
1126 4.740826366913582 -13.52360073860491 20.48503816012022
1127 22.3421308353991 8.907871486188597 6.817552003428851
1128 20.36375464176773 12.28745613881232 7.702981145416778
1129 -24.67020322145198 1.894445555675959 -3.576611391923898
1130 15.82036830421372 -3.99154331200848 18.94158200117905
1131 22.75542725037109 -3.652954866793946 -9.687437813696418
1132 -13.51315454049906 -20.0696937820331 -6.293015641170122
1133 -21.22537642049738 -3.859491555317127 -12.6328033604038
1134 24.31688580607997 -3.899483578595924 -4.299196728963125
1135 -24.83905667639872 -2.391253729820827 1.517619526188986
1136 -8.979458984679084 -3.453314646109592 23.07474667894387
1137 8.107010813826744 20.51019403662954 -11.77320331279055
1138 12.40429816595993 17.87584681012931 12.31208706234458
1139 -0.3102484545293908 -0.4603809014957429 1.226970798873681
1140 12.57903990986543 -0.4676998199437933 -1.370950832510012
1141 4.955740929012737 3.290940927362933 -12.22859253702862
1142 -3.201732424518076 -10.94136569160365 5.575130869604127
1143 -12.40040832503446 -1.788113727790096 0.3248340722961123
1144 5.640883955707236 0.8290378308280755 10.73192269017732
1145 7.131920459121344 9.881311197568442 -1.234287115592944
1146 -5.589150786160469 -9.03328371706333 -7.814828996927412
1147 -7.462065680840108 7.601617452941067 -7.33190871130243
1148 -7.325613165271164 8.553058804465005 6.207698994010689
1149 6.828070996104473 -11.42354869784013 -2.964070985042381
1150 10.77087972515246 -6.455641030349299 7.397827629080635
1151 -4.136492451426313 -2.08293754482173 13.88127443677662
1152 6.008778473159863 -8.389762845187512 -11.1339990499165
1153 -5.496969665365616 -0.1806308153724207 -14.31944285780207
1154 -4.144529389640558 14.10959344669013 -0.4441994808552617
1155 12.57824426415773 5.777429587788388 6.108144417160151
1156 -0.2391498187725328 11.1080058711066 -10.45900565716172
1157 2.256779647428905 11.95347264294999 8.436804499793187
1158 -14.29107349131517 -3.191369976687772 -8.77069862560921
1159 3.188641897772536 -8.083846848879595 13.28423306006381
1160 -10.50144058808495 -11.77615305981444 0.002193536193393734
1161 12.45628758968288 6.655161258530147 -6.813014270046564
1162 -12.33192708509435 1.370922208722899 10.34824453400848
1163 -14.66444521019697 6.189289515390779 -0.9639811921407484
1164 -2.634495756831646 -16.29294984351679 -1.024806541464914
1165 11.75758217254121 -3.593801105158788 -10.98054846950825
1166 4.13610686547396 -15.42519944513843 7.593944924726709
1167 -1.798444230463387 6.363351900897573 14.47811448613421
1168 12.78493383300364 -8.781567788702944 -5.794875437202145
1169 -12.20834105085644 -8.283364322974949 8.560099198988034
1170 1.854568286655382 -14.3360189719572 -7.747065780538945
1171 -0.584462475941385 6.702571425774206 -16.73144867906895
1172 -2.167408244445675 -7.494462140867502 -15.53047496108082
1173 13.42807337990265 -0.01596315291728451 10.86283359330057
1174 -5.610005993089928 -1.809225141896739 5.239574278848336
1175 17.64015566758948 4.592348625516935 -2.260581322803064
1176 2.343713942384107 -6.447371509338819 4.772024432919928
1177 0.009369925653181099 -2.421950781094493 -7.195101613561779
1178 8.569253159594147 13.894130825561 -8.148143066168108
1179 13.4662219555389 -12.16859034727513 1.379889109795478
1180 6.908246893356263 -0.08618806844008609 2.244988640193274
1181 -6.49784227325614 0.3678524941683838 -4.619394658529801
1182 -12.10027112925069 11.90974205852502 1.638873654116141
1183 16.88125867525959 -2.649071947521671 5.366318978851136
1184 -0.763291858161757 7.663812385479791 2.872548098637364
1185 -13.58670142372249 -10.30853882976615 -7.457831936082667
1186 5.719510328642123 2.996103632868736 -3.970851161741272
1187 9.963432168642258 12.8582982797162 6.346503883324847
1188 -12.23024518544574 4.533040936118887 -12.76050482535013
1189 8.588406361735261 8.962915391361113 12.48580464771176
1190 -10.68004725408372 -6.590591040516784 -13.72045352046952
1191 -0.3996799957580063 5.735394410967126 -6.888536632460161
1192 4.705975905425819 17.36900242065723 -3.846777091777061
1193 -4.462857126850803 16.29854664107826 8.130162598390768
1194 1.315218002212345 -0.4666070259264262 -18.52917545145422
1195 -6.616405537158236 11.45460851018065 -13.30949387367923
1196 -3.829327780882891 -7.166905601923504 -0.3071789186180295
1197 2.162938253967368 17.7316458105358 2.54647774559254
1198 8.777584365623287 -3.853028574963326 16.40684289675684
1199 -4.110988842678285 -9.961774019099879 15.10568533610285
1200 -9.319196777795641 7.655554829108979 14.67492370819335
1201 -14.87011536681887 8.409700529295948 6.636894325354525
1202 5.701175698762715 9.982229260324743 -14.56557916592574
1203 14.40383101954903 12.66639149122662 0.006955619144585426
1204 5.742222532719988 -4.185712111147756 -3.23641994586609
1205 -7.994479654282491 14.93622377547155 -6.955757869997499
1206 -2.280448036111327 3.240598292969544 8.795273587007276
1207 -18.29347113621266 1.771065464952914 -3.648826979605551
1208 -7.546631480773496 -15.89229048843617 -6.135063355936349
1209 16.27178161949487 1.034839488449578 -6.915428550904826
1210 -16.82581288669367 -8.335005688638686 -1.742101026833655
1211 -8.111892718083732 -16.3962457004521 4.829416024279479
1212 1.386484037064647 -2.787007814381848 18.62934581545827
1213 8.317135912785018 -14.67063095670118 -6.636136258790502
1214 -18.1347788555453 2.307910338228349 4.138180297333151
1215 11.82154913451146 4.670571316490435 -13.69115447708661
1216 -8.038317019209995 5.007971505768344 0.5938054806700094
1217 -10.94629509990519 -5.004937407858246 14.35110097668739
1218 9.27270359739755 -12.35056170265664 11.40966833120916
1219 -0.9780498322081759 -15.08609539788046 10.62550113404476
1220 4.173395720135272 -19.03387853688659 0.8679574389992194
1221 -15.04806588394892 8.789758893730943 -8.312160014026595
1222 19.20491411640981 -3.288581192521814 -2.117421318095103
1223 3.926714161388197 3.710738867141739 18.25582632745628
1224 8.555938449873357 -2.234297676316515 -17.24554418639779
1225 -18.06263912212062 -5.277902674532804 5.943142712669611
1226 -3.375228690218141 -13.70516268043397 -13.30245493720746
1227 5.545383743718739 6.084603402114316 5.744486248444202
1228 9.501617812470878 16.51086709829291 -2.686384458879448
1229 0.2794829525504668 -3.041697101432339 9.726917458030313
1230 -11.26191853887338 14.2516333963048 7.188193083410623
1231 2.978181532349998 11.16301230982449 15.67335612630046
1232 10.18632832455935 3.147275034231078 16.0840106084344
1233 -8.675762039501322 -12.87003457895183 10.9142137455439
1234 -6.656678202477206 11.811500114336 13.6621931937448
1235 1.425033973493573 -8.476825403873473 -4.848121877271037
1236 7.402392213738941 3.420150961025182 -17.94135921224447
1237 12.72639787391534 -7.666000775330075 -12.48182544657223
1238 3.562908281949615 -12.59925157994073 -14.32707333520291
1239 9.841654254658806 -5.866732037295101 1.781960984596909
1240 10.81670290894636 -15.04495279100974 7.251947474417041
1241 -9.83464455594919 -6.284206256516334 -3.059467964386164
1242 -0.8423934576380675 -18.18480734860768 5.374217571616206
1243 -8.667381311209976 5.361555647177767 -16.44861432675458
1244 17.28421002140759 -5.342007718857975 -8.320170577357215
1245 -3.030867996616209 1.352182398597243 19.3266886863002
1246 -14.29848329729258 11.85867983981689 -4.435656618762996
1247 10.63700198087958 -16.64014884344902 -0.501235594628793
1248 18.23453789243138 3.284865304698209 5.869822922585722
1249 -9.793472712007533 1.080595001921669 16.86740208870274
1250 -2.166095335119503 18.0105277251412 -7.155509043838927
1251 5.309148746185604 8.145704095260244 -7.670122102666936
1252 16.56766915918773 -8.662316063446973 5.493251778773542
1253 -12.20606637563834 3.045072113028906 -4.739262750269786
1254 11.36454069917491 5.249016003676169 0.8922912263725582
1255 -12.38414308637303 -1.118486657762769 -15.07494191474684
1256 0.9717428582864268 11.23586927831934 -2.529536240246258
1257 13.24715005321532 -6.890056496902536 12.89469083546151
1258 -15.25398861465412 -11.92649245653328 3.59639700305349
1259 1.399013603682567 -12.08520719073636 2.595565009585033
1260 13.80577640391612 12.60874642841324 -6.063524483492746
1261 17.09023758225932 -7.198619494759289 -1.66149866228935
1262 -5.616222364213234 -4.749768535229173 -17.95410890848354
1263 -4.936451998069685 5.938653871094877 -11.0681169630009
1264 14.46479352865477 6.006102586181687 11.74258113454227
1265 -16.77224313330263 2.690326955628919 -9.596743461098944
1266 3.603404229334929 16.44050632765315 -10.76201492196481
1267 -9.330417037507539 -7.27579982008483 3.373003182413407
1268 7.480207148250337 -12.92683317779062 -12.75397664398888
1269 7.722006875515238 -11.56767439085272 4.01791172848285
1270 12.018313387881 10.37668417162321 -12.00125903246841
1271 -15.72560179743671 -4.091332343790188 11.18145564353996
1272 -1.037528318381546 12.93539233462591 -14.6569224664862
1273 -6.750129515683447 -6.64584172342997 10.22482501148829
1274 -9.227634962343954 -13.33895553882495 -11.50415033569567
1275 2.949378540208121 -13.9146359049174 13.26906415770944
1276 -1.096141447594262 15.05694437820745 12.76398573138478
1277 -7.220227657429989 -3.652754563126405 -9.161560370737076
1278 -5.787573299966617 2.085409188468445 10.22656291013506
1279 9.507917451498937 -0.33555494997112 -6.95322539507629
1280 -17.84425616647348 -4.591937498581097 -6.518088361976336
1281 -11.03785836953658 2.87469610684613 5.490483822323962
1282 6.097975082243984 -2.838009435253432 9.778649686898266
1283 -7.031926641516777 17.97821074963223 2.510624383696335
1284 -19.81068438029129 -3.131228334355599 0.6340486544469476
1285 -11.30783546920265 12.36204871021727 -9.602967267222898
1286 -0.9456391754695844 19.30023129428411 -0.5283654056552866
1287 7.317658819354297 14.67492623766862 11.59298999309838
1288 -8.072796817602379 -18.03892826982393 -0.6651605611843974
1289 0.9135180378634854 -8.846753290271105 17.93108162164643
1290 17.57321386487952 8.806318314546466 3.97123758832011
1291 0.8266797091904644 -19.199328609415 -4.163122259435115
1292 -6.793368025172477 -4.709627423998374 18.31353184062938
1293 -4.21408433454562 8.994164800507042 -2.331611264577641
1294 14.03780322216192 -13.69041082143612 -4.400878845977275
1295 -12.64393481675453 -13.23374921882303 -5.134824578079769
1296 12.62308508072111 1.811927627249077 2.297914093376104
1297 -3.209561825653728 -19.21001854307126 -8.548130867799483
1298 -15.18416324818491 6.224785622036769 11.89079813436917
1299 4.253640720419432 -7.686763831201721 -17.24298210667065
1300 19.29382642870472 2.215276246571706 1.569333929948939
1301 -14.0550842564122 -6.634056107113051 -12.10078338381517
1302 3.387287403458055 -2.739952345255225 -12.77795502048411
1303 -0.06399858860347578 0.7777234537432935 14.5017397512084
1304 -4.74125486354732 18.78992023447346 -2.942694244613916
1305 -2.239024884556134 9.408651548831177 9.501174403258659
1306 7.737146229565612 -8.078008754618031 16.08639668211407
1307 -16.23515463302649 10.42267371534844 3.248729998348593
1308 13.152851360921 10.56460904423489 7.916818247541824
1309 9.25741465531677 17.60288351461411 1.916105614031753
1310 -0.5428907755361058 1.776594373465121 -12.19381246036884
1311 -3.695611907993764 1.749585472640501 -19.57359306709789
1312 -3.710186943632404 2.482472121363844 3.370013445117079
1313 16.28986313250338 8.190629246586104 -4.780541440466016
1314 2.114729581584871 -5.259805071085633 -2.004449902388491
1315 1.935901317646419 -9.53935042792299 8.260605058760094
1316 -6.531839172855873 -11.70382832556703 -1.889399104271055
1317 2.783322671502483 17.59470682026849 8.887386194466815
1318 2.874548501153733 6.946317323901749 11.48327302551064
1319 15.651952545076 4.679327095479189 -11.392604129762
1320 -18.32769657832912 6.054386353814239 -4.951679468840718
1321 3.035540076365575 1.402072518935467 4.246849797133799
1322 -0.4649870713382334 11.65913988241739 3.751435353657071
1323 15.79708404259426 -3.3431464686335 10.43129111105254
1324 -6.114857948161577 -10.98379248266777 -16.18391603800989
1325 1.402818808758683 -9.843536489815007 -9.526442564271234
1326 12.62200686782772 -11.92642303908807 8.603434170469754
1327 -7.695545188321176 2.110866490861865 -9.954048267981067
1328 -17.7886165442358 1.360102914604523 8.800144670780821
1329 -4.392221054324083 11.2796560335378 -7.553124343946227
1330 6.129483803334466 -9.679554620049494 -6.902355782669257
1331 -3.868249717923218 2.878633832333875 -2.775053749455191
1332 -6.286895904884157 5.803597427015043 18.00597807495803
1333 -1.914353501350722 18.88925496514202 3.645792820364609
1334 9.733895307394988 2.291843454549894 8.873187779115412
1335 -10.76642958372989 -2.67885025632488 6.782035913570232
1336 11.39625702191159 -3.732850043896693 -7.321018617634161
1337 -13.66764113853386 -13.64440911603218 7.167401103155211
1338 8.525075588745647 -9.293031663510114 -16.90539875846877
1339 7.92353140827939 8.026201505741428 17.83800475378321
1340 6.038517536042957 12.27032193682451 3.073659079758995
1341 -5.109006937599524 12.01970227481409 3.043170135545813
1342 -10.79334503949857 10.02107852082859 -2.269575039406245
1343 -14.06502799259664 0.4100027536480257 14.80982704023215
1344 6.404661360435232 -19.92639635794367 4.830273885268443
1345 11.24193156308078 -13.04191916867993 -9.89845523758782
1346 1.274879265147194 7.49032681377105 -10.04536135191571
1347 -7.616450845763707 -1.7713460512494 1.229273688286884
1348 11.07071769778406 0.7170822650618277 -16.51287669409876
1349 -10.34573564671932 17.56714726943349 -1.617157015053288
1350 6.027775678756512 -0.6130590168379252 -1.762280280696783
1351 0.817153128800911 -14.91184822909654 -3.35800409540276
1352 -9.952085085577892 0.1155896350209705 -19.26559675072064
1353 2.93536240643283 4.748453200811613 -2.275074919468923
1354 -19.27327780878883 6.539443799827119 3.462730992528245
1355 -1.157750262290067 -4.753061144503802 -18.16535544036238
1356 2.743604325109668 9.351020021139963 -19.31228378642667
1357 -5.240218435298087 9.259462772546323 -17.36943525817263
1358 -6.556475384125044 -16.69843629265309 8.858597321622362
1359 -12.40356013579883 -9.772832762955138 12.79130331865027
1360 -4.115278734236629 -5.154273930312526 -4.279662294281601
1361 -11.06389514682651 7.459256916975315 4.704548467803212
1362 6.016316661591482 -0.142190151444819 19.32798029535105
1363 -0.3966733142276817 -2.98257596726669 4.530002945518904
1364 21.65909019033845 2.314597441315982 -2.850955932032277
1365 -6.938343019860125 17.25188466143534 -11.47074629667127
1366 -13.37900144933667 -3.030495902705271 -3.579322366606053
1367 13.75544467539192 -1.890688198901188 16.07604269665728
1368 -12.29176842350616 -17.27200505369889 2.606614549606391
1369 -16.50605639967385 -1.330357119917853 -12.64971058717986
1370 -1.033511468796969 10.43421047990145 16.77927374316432
1371 -16.72067478010534 -13.41740098647495 -0.4872574953989708
1372 -8.160059536028243 -9.745374128068054 6.794485346185485
1373 -11.68341160415751 10.29213520849034 -15.50258355900987
1374 7.093097929422084 -20.29970813919442 -5.041415611507648
1375 11.02706030157429 -1.821528260063892 6.723351183918192
1376 -12.74156254935362 9.909692946942739 12.39208670622593
1377 8.316196210179278 10.49058345427268 -5.044696343202846
1378 -21.09144747323669 3.632162422895095 -0.2007016958440023
1379 12.2322355301683 2.484736911299362 -5.441279526576371
1380 -1.234419412567118 -4.27532926960128 -12.32847957925171
1381 13.85347316560704 -4.665770897256487 0.4140534127120777
1382 18.35300551173713 10.64572209353713 -1.944373338605502
1383 8.038947915763059 17.88456041293754 -6.854148296801752
1384 17.26190199207712 -5.852617935614496 3.105392072529217
1385 4.996176073525619 21.13905051541814 0.136493180509735
1386 0.8268701966389358 -13.58611253594783 16.55795552674694
1387 3.013652968481067 0.8821024128876197 -6.643111305163435
1388 5.831292166420512 -8.783169127797168 9.87013038509461
1389 -0.1625454188096727 5.580513291121004 19.96789913098479
1390 -4.926422750162238 -20.4104424587671 -3.558203956823993
1391 0.1192105381882158 -20.7391398175412 -0.5044654036012571
1392 8.243658066038813 -16.62502679770552 10.20062189832557
1393 -1.390086523616476 -7.67029587515461 11.01833445642026
1394 2.238795165087422 -17.20188835065171 10.62506681850285
1395 17.00150255487817 0.1582373545769847 -12.19574441833767
1396 12.71359243402929 -4.654085552556912 -15.87810987598305
1397 -3.483510872627268 0.592840789433715 -8.14392692943791
1398 14.22627529075534 13.5658181771844 5.13661602076356
1399 -5.066894839369419 -13.03045504290879 2.854742684229029
1400 3.524214532443853 14.39333242755549 -14.90291503230407
1401 5.874165516258273 -17.09721153710933 -10.48947370640584
1402 -17.49505148200699 -9.40659903441915 -6.3705173520507
1403 8.74047455502466 14.21204835755552 -13.89058788647032
1404 4.697751065546099 12.24171718623008 -5.050911070676303
1405 -18.43029984334089 -9.309364868337745 8.245776926675218
1406 5.066618929480144 -5.55069945590282 18.97992947660106
1407 -11.48469481868973 5.346316830279848 8.433643605734707
1408 6.304390263818987 6.087272315099865 -0.5050024393457894
1409 -2.339236951685497 -13.81233256741965 -6.050206906024365
1410 -19.42671694952736 9.799578639811244 -3.166508790436287
1411 10.71799914720085 -10.21478007969914 -1.790562539188792
1412 9.329329720304747 3.492381516587507 -8.674895531809632
1413 16.23995438660589 -9.020800291472513 -10.00003055354807
1414 -0.7202349113865649 17.43743062846317 -12.48813845371663
1415 0.786042480180728 -16.47726143251069 -14.23989814618842
1416 9.558385783079462 7.977164941483127 -17.17930162914093
1417 18.87216920511372 8.039449573592922 7.975817211271893
1418 -7.929381947401835 16.04814748374317 11.19157544900842
1419 15.26075848259071 9.909176017434863 -8.710684809011946
1420 -5.239008981257748 -20.38530542736568 3.255061650548333
1421 3.262667123944197 14.40570657259265 -0.1074546733474053
1422 -9.772259076426964 -8.683035323154618 17.00106307272801
1423 6.572624897368171 -4.323032467511119 3.856686710156294
1424 4.564662346459158 -2.213763274279051 13.39423613216997
1425 3.262982659017262 0.002007188874559694 7.971498770154336
1426 -1.712685762088297 -12.157511726539 -16.85928997545774
1427 9.431115110041832 8.383284721391835 3.44636656815663
1428 7.30110737086051 18.53812666627644 8.115094480447679
1429 -6.291213387384184 -15.11226542097095 14.21311529530552
1430 -13.48463666185327 -6.266266871948034 1.900362711068476
1431 2.588599617802593 3.633788173795806 -21.6536939738359
1432 15.03025531131845 -14.59461255605554 5.080340845736354
1433 -2.866936105933526 -3.158582944499894 20.74008219007864
1434 -13.24368233552002 2.731986227690666 -0.1861447352746509
1435 18.35066363681363 -10.81273956070793 1.524796549180113
1436 15.32289394327555 -5.434742354011094 -12.42761724077693
1437 17.86826590402044 3.015363792342984 11.33322531703304
1438 -12.25123627867233 -10.2038084186781 -13.36724243312096
1439 1.980858297155472 3.733126478585878 -15.88795070053332
1440 -8.930597607970533 17.90634887373979 7.244848392454109
1441 13.25437384245497 16.65547178165035 1.819619445543782
1442 3.746314683251426 -12.09148461526386 17.84971186579655
1443 6.036677513714357 -0.6958167237585656 -20.36220985099771
1444 -16.16164937647028 7.241305483960883 -12.25339050022636
1445 -5.281357094496993 8.263128793640147 1.886564935136504
1446 -15.49651996283716 12.87422232151373 6.928390799573825
1447 6.688972711186509 -4.357548672372381 -11.07235338505869
1448 -4.760410288839377 -7.25435043811382 -11.51820926000114
1449 -11.98613807452992 3.659300931100447 -17.64360308720491
1450 0.005967166856367162 -14.00339194512106 6.357111139458192
1451 -10.44275606315498 -4.818392058745109 -17.32835782111939
1452 -19.95782924354521 -1.089782128901289 7.134577053770584
1453 7.384003365716372 -16.17398969000629 2.047593043749852
1454 -5.064861438408903 3.491672950355836 14.34453476342644
1455 15.28930433015408 2.761024569049363 14.27642697724117
1456 -18.81953995798363 -7.678544599552175 2.161840190004993
1457 11.72524319406291 9.152817001567483 -0.9369278111587712
1458 -9.352102200612238 -1.758816973984049 10.84743759104232
1459 9.767910045897468 9.355503939202711 8.04757237600055
1460 -1.739192322892448 -7.033918025051146 3.697140984485076
1461 -16.88871353272195 13.98267990941238 -0.8041630815380127
1462 -11.26897711375481 -6.19384326939701 -8.764003808833504
1463 -0.6221299278051902 0.5888579946000214 -4.686978561154977
1464 9.000510812841805 1.702378112879021 -0.3679248107457943
1465 -7.759050064286448 3.948511487496999 6.161392139425385
1466 3.642594376527208 15.95234662133928 13.8074317411768
1467 -19.92561039774903 0.1337802140775863 -7.816870002214861
1468 0.416473120832397 7.904279081651368 6.755856047157101
1469 -1.289070068520334 -4.671272984984865 14.68616925992019
1470 -7.412419886308568 12.53596770182456 -1.648073399308308
1471 14.13504807910791 -16.76046384828572 1.814055054648265
1472 -15.24578549301209 2.282245830366131 -15.29644070030964
1473 -3.406554114125385 -1.01847909944731 9.896771604084799
1474 1.982712606481823 1.194400737342732 21.20601494647418
1475 6.365280618315867 0.267253912377067 -15.23050469412959
1476 12.84075885713102 14.73274617291033 -9.755420517238283
1477 16.89166739310609 -11.15725062076673 -5.543603451369741
1478 -9.580014650275317 -11.51784368371368 -3.503490185783618
1479 11.79580158155323 14.95794339537236 10.19979982544607
1480 9.503023858174053 -7.193056850478741 -9.078837786504742
1481 -5.986279191074473 3.89530568194399 -7.240154109503011
1482 16.43946071491228 -8.758343137450236 10.49781261944565
1483 7.937874421538076 12.68120736672916 15.13030152648984
1484 0.3790880987822208 20.72657686166868 -5.333375827499856
1485 9.692431745254925 0.7586613395933317 12.56653433531731
1486 8.91159450425882 -6.159650618871932 12.0660624858137
1487 -1.524641527209843 19.18800587600457 9.006854382904804
1488 5.893269934633104 -7.563042510080973 0.4777348344871673
1489 3.16434211305336 9.111162815822651 19.56039847428044
1490 -0.7651590603904869 -10.73580335167391 -1.380830516724937
1491 12.60233532624825 -10.68528602405676 14.43914307544836
1492 12.23351383047795 8.680199058156001 16.08931890948106
1493 4.748746740575334 -6.472342789530608 -7.636238075708611
1494 3.700947480392326 -2.093583470410975 2.622947031259769
1495 -0.9871846733355401 16.1997619057653 -3.686259350131239
1496 20.43178243555651 -6.517727905458472 -4.610715701067849
1497 1.176930647565356 -19.36413335477369 -8.649324135882605
1498 -13.83602741661334 -14.155919641314 -9.633224595139552
1499 -13.92517761297997 16.5726144652043 4.486018804942936
1500 -6.869365878575549 -17.58166671215797 -10.18355586753685
1501 13.37496350166078 -5.653103146393548 -3.485196769927318
1502 -12.56599672405962 4.288230711883509 16.61508527900759
1503 17.48778568807098 0.1636138422409235 -0.7475948459642974
1504 6.472344306701455 5.483100117661982 10.27234721942738
1505 -15.10352747843191 -0.384912027434292 6.586202044163931
1506 19.34598775811893 -2.466973387222321 -7.273958935790232
1507 11.1023357275218 -11.51252392980042 5.14581095648391
1508 -10.71054418088955 8.320146216843844 -9.891047957650462
1509 -8.829530543435485 10.32996756601943 17.42026008181213
1510 8.44848564518119 8.631039094036959 -11.06376908326994
1511 -9.281256620345321 9.745209615767257 11.14126502420218
1512 2.819910355190809 -21.07720185017242 5.05770848887296
1513 -3.909832596227309 -8.590394002502817 -19.25787010219575
1514 9.615948326168002 13.66786812609154 1.355152173176218
1515 8.074429557475259 3.814957983708102 19.61164215862097
1516 -2.858746472267152 8.626257690313826 -10.37845165618664
1517 5.225104992480956 12.87428081568648 -11.27592611646673
1518 8.870778625543077 2.224879982515648 -13.61315442023067
1519 4.72867434920106 -11.49203626183406 -10.26780184975389
1520 -0.805370932380196 10.3593092294606 -18.68324124291082
1521 13.83109498394289 2.171609630250046 6.549143185936929
1522 -4.923176566448145 6.262779982394747 11.65076406714763
1523 21.64144355184373 5.441138205056584 0.4373865715576429
1524 11.25707311600509 -7.277141412868008 16.75684218669908
1525 3.764005118786285 8.499250689864036 -3.5616636663542
1526 3.910197541510294 -4.218157381532597 -20.02605599007007
1527 -20.37919017774152 -5.932383025740685 -2.83176308781544
1528 5.448655893789274 5.875317842150447 13.90630080690954
1529 9.877847896374293 2.19749568915092 4.511833003015274
1530 0.7617361514554837 -10.8869600778374 11.9187636344092
1531 -3.382338940020468 -1.646484383481447 -17.1026648490934
1532 -4.47088927215298 20.75736841557204 0.1593643261564727
1533 2.754121505182277 -6.7955231979162 -12.89702917662317
1534 -18.16083330743239 6.618209102052339 9.532637151077864
1535 -10.0210974983903 -17.54399066329241 9.433156018475726
1536 -5.868574169185793 18.89832477626462 -7.170451642623304
1537 13.4649680429464 1.452317107900861 -10.76997837909761
1538 3.038342919049281 -1.822378075241246 -4.321345843017415
1539 -12.79694001528745 -9.510126513633377 -2.857472235586072
1540 -12.1972896467875 16.3232628992594 -7.348493648267475
1541 -20.77739843653887 8.10928119835738 0.1415653840042012
1542 12.75352969341947 -7.3237892886318 3.969053565778232
1543 -10.14872617630778 -3.183813666232203 -5.985870760756399
1544 -1.092611850543453 -19.3284714459806 9.550781123571598
1545 19.68145939640598 -5.906582763371333 6.2177300587738
1546 15.58672873613433 -3.080728011752464 -5.851095667282573
1547 -15.46291390839056 -11.79390271545462 10.0223665570987
1548 3.698929030744594 20.45706414323526 -7.381342251589547
1549 12.24715458307486 11.49357503718393 13.44107963523656
1550 10.44089491110669 -1.878945531614017 2.486074701009982
1551 -7.271522678179034 -14.2368496651838 -15.19991500212988
1552 -4.670251507483922 -13.58202373171034 8.968914047738666
1553 14.09147900530178 15.73585962207539 -3.424431467357223
1554 19.72301283177437 -1.702733283859005 7.719514202728823
1555 16.77520392241739 -0.647898131068931 13.08982457137782
1556 10.22216405211255 -2.57346682476014 10.14791817971711
1557 11.45347218094071 16.89044722737346 5.814656881366413
1558 -17.18469863653151 -0.06533711415046922 0.4712311825484926
1559 -8.669150945329044 -1.18615714000284 20.35640558221465
1560 10.35726100692041 -0.5716225627611816 18.88489572497702
1561 -3.913546869974206 -9.539985386754845 19.08267279180473
1562 -2.245557228196183 -6.628953046269771 -8.56477614057253
1563 11.76633880081021 3.823808319531529 -18.29855654013576
1564 2.277706538088261 10.05086609675763 -7.395397107106014
1565 -9.019127826480723 -2.370633780617339 -13.32025147886966
1566 -3.108514546558718 6.890635875943957 -20.24663208266781
1567 14.96062957761684 3.681117264308214 -15.36354309828999
1568 -4.285246076383087 -1.554849562330379 -1.675555389070343
1569 8.629256596612588 -19.8639320031206 1.306418271973687
1570 -5.724833798462392 -6.240743352271304 5.789479968108573
1571 -1.851797554136133 2.216833369832076 -15.72429535485746
1572 15.57286013835979 5.110757171841497 2.90383604343322
1573 4.428312881955899 -14.44093222628824 -4.12860498335375
1574 -10.11441252217747 11.77812346422125 -5.580735029334308
1575 12.77059057998142 17.02075145295262 -6.328061276539958
1576 -9.197510112753415 1.621972163418973 -14.80792508719411
1577 -13.06924266082635 7.245741091098177 -3.823084563171423
1578 7.475283458062196 -13.02372176740083 15.69725374891097
1579 11.32380571175175 -17.66316220671421 -4.590877793085657
1580 10.53180765519001 4.769447932998237 12.14214640377014
1581 -12.57848589617863 1.839318589608957 -8.612590109581117
1582 -5.428942444559218 14.24351280772095 -14.77780251794126
1583 1.925076397731046 21.44709035503881 2.150316033688788
1584 -8.094241537641395 -9.893805806996204 -10.04701086304744
1585 2.450072630711956 4.291554841644772 7.80434713990595
1586 12.74563153433686 3.122151204449461 -1.953349200447102
1587 3.821839913497967 1.928183459735162 0.2371741227478103
1588 5.962756905007193 1.458887565118112 15.19510050512869
1589 9.729486891497926 5.757164997594473 -3.698561708359884
1590 -12.50342949918824 17.83445056458716 1.02911523217179
1591 -15.5610129764295 -5.405110373585298 15.17560074857506
1592 8.647894654178103 16.63980367649928 -11.37315335385857
1593 14.60286915461465 7.343736776688568 -14.02801539679314
1594 -10.66981958611977 0.4996122511300095 -2.979998068739601
1595 -10.49094498146331 2.051134229364813 13.39973354775749
1596 -14.07884131000263 -6.530656389320442 -5.408432676921435
1597 -17.4226106039374 -0.9793592451092868 12.58701482850538
1598 11.83809756228192 -15.65376347071526 10.7725589061904
1599 -15.07328886750853 -10.41125105662409 -11.26494374231608
1600 -11.26351620374652 -17.99750746820045 -6.3843770559562
1601 12.24844342330955 -11.58203127405163 -14.00803876144627
1602 -3.800660431415804 13.21311819640274 -11.67679189874858
1603 21.44721705092349 -3.08589328484242 4.442397723694156
1604 -9.83067955879655 13.31574554948444 14.14640421767147
1605 -18.57960325004336 6.850755798944104 -8.986106915437496
1606 -16.79088456629886 9.735599591375763 10.51490685704418
1607 0.842653607216285 11.93221523530935 12.62698954895648
1608 17.66216444865575 -12.61559481741724 -1.869146209828392
1609 5.836407905968541 -13.363459571197 -16.54915267627938
1610 -3.21657411207467 7.017835743599359 6.385759815289725
1611 -9.232755966872681 -0.1980853363270975 4.259755529825609
1612 3.496643734582203 -21.7456669689346 -2.208076020124921
1613 -14.9806223499961 12.63972272456637 -8.162257618633141
1614 -7.713795141509527 -8.258160238726751 -0.284762267439832
1615 -7.992127406367021 3.749487324758365 -3.51158068488781
1616 -1.599483271512201 -1.031397979803797 -20.97722766229959
1617 -4.915278206733475 12.11032300356211 7.507904923000698
1618 13.52552529120311 8.502422734023705 2.855575982187564
1619 3.065811307684342 -16.16631360397714 3.511029064923269
1620 9.701657211107671 -16.71424156003321 -10.78879520373155
1621 -14.50582337908868 -4.788366377700303 -16.10335085386344
1622 10.93511154751153 12.82939793572307 -2.648591111635624
1623 4.203390458412537 -11.47441133190262 10.71183164950731
1624 10.68466667195806 -18.86009888171152 4.394281829830387
1625 8.168259518716047 20.18847329500648 -2.265026883305501
1626 1.798441436444163 20.1843482841258 6.090263551850732
1627 -5.714275416033893 19.98874935935811 6.281676286978512
1628 -18.86662509127249 -4.889477098803949 -10.2006592755125
1629 -9.576769137269187 -9.109895503943019 -17.49190380430969
1630 -5.884895639967376 -1.007146922436368 -21.04942114570176
1631 7.843198000272148 6.006516365401028 -14.15117743148499
1632 4.71021250009347 9.794336938159399 11.18543686492265
1633 -2.737983704607135 -4.15827154360292 7.336429452709087
1634 -8.47234359565272 14.93780037695282 -14.42366932898056
1635 7.382287487626695 -12.65477968322832 8.183952583204318
1636 0.4679145155361691 -9.809624598615294 -18.79013302277849
1637 -5.938955843294803 -13.12948570189909 -9.113765468727779
1638 5.82146156171952 16.91281656798044 1.028730084157052
1639 -7.150912696616786 -6.395924063300916 14.43476990105555
1640 -14.7713091900335 9.928679592660554 -0.8346866055675743
1641 8.871687922980893 -1.731942428386263 -4.121659304419499
1642 -21.31669582372667 -1.633494647780203 -4.975480730641324
1643 14.01598359825744 -4.827243989415106 6.308313258938521
1644 -1.212089610787024 -16.27739326244248 14.77113013899607
1645 2.937850744862204 10.35272479512773 0.9749581194625709
1646 -14.48759460682874 6.298049389298425 2.919162486584218
1647 -0.5129444495073398 7.159382799685595 -3.745244775930933
1648 -7.197422674948972 2.34558569482912 20.44019888537138
1649 -11.61735234647533 -19.06728561549319 -2.915223453980678
1650 15.99435588081403 -2.407616677083608 -15.33660911661782
1651 1.480625946900634 10.06294867953147 -14.36177471279219
1652 0.1028513944391525 15.3552689541704 6.191507975208888
1653 17.52682201485701 12.09782476698632 -5.418089313288655
1654 18.64248360044092 11.86092356154198 1.043394026242482
1655 -2.148450217672712 10.27901782574457 0.2710594912320811
1656 -8.843137310547283 8.901243751333354 -18.54706363518713
1657 -11.030722418035 -4.897711862381938 18.57093257009783
1658 21.4895499333857 6.804222894864396 -2.306551916368734
1659 4.243025455962339 -2.568892803361786 -7.902829657592783
1660 6.111730182588678 12.24912431885309 8.101575844311174
1661 -7.471209723975099 8.234963799675699 -14.24404242280081
1662 -3.707171849635024 -4.064075757368137 2.191125547085921
1663 -9.233574883805156 -19.65280574034355 3.100422805925218
1664 17.47445682871735 11.36122551826176 6.808070897993943
1665 1.463598382746566 15.43674496020093 -7.740021843102229
1666 5.388136130795589 20.56644647454089 4.316294105655198
1667 4.566750162377927 -16.1344048384118 -14.59846025173624
1668 7.274836612078952 -6.722675602516996 -19.09095714777623
1669 3.532493149409834 -5.677803547609223 8.827079204953336
1670 -12.23906171099201 -4.492092341640945 10.0816297630936
1671 -10.86105514258067 9.637105271708801 7.498662998361416
1672 20.68665011321482 3.401290200576214 -6.77507941369598
1673 4.462656240961966 -7.999420623469654 -3.212363521963755
1674 -14.78282839938261 3.838934256884528 7.315556478594394
1675 -20.66387863018544 3.648695186600961 7.008680589959492
1676 5.059812520751981 11.85335759996824 -17.89348471767272
1677 -7.07012758902341 2.842418320387313 -20.78018348614739
1678 -21.77944646694116 0.4398429393009962 2.009333602184744
1679 -19.63097776224313 -5.355701688785596 8.897822943253821
1680 -0.392076395108248 3.58428597756915 0.8979416708048876
1681 0.5055863563076001 1.191271126245365 10.47557941206339
1682 1.772723860304916 -5.349045626130069 -16.2515481587445
1683 -17.17877146360164 -12.83838306055754 -6.161252933312299
1684 11.55640006399297 10.93153388574878 -8.519668253249527
1685 -8.037061115239348 -14.47903977247812 -2.013143547603789
1686 -15.68938917522461 1.059759747408252 -6.738855676176438
1687 -7.717893132359175 11.4251935090262 -9.132606099802821
1688 -4.165634373995487 -16.16563518976429 5.235425437531612
1689 -2.795844005487012 -8.931020880254646 -4.24313894199753
1690 3.559627666009708 -15.05598356365415 -0.4755441269598929
1691 -5.704511965046542 -4.038341748466006 -14.01218886151958
1692 -9.733644894721948 -13.10772147765743 15.27534819589943
1693 -14.24724042065141 11.19865911526973 -12.19044683332521
1694 -10.24527059517742 19.07964038751241 -5.055942909824779
1695 14.84153238907713 -14.34296749354419 -7.508185656115274
1696 10.37104186416659 -13.71552618362516 -3.056220603849401
1697 -4.37663287786323 17.82370279589439 11.77826496870867
1698 -21.6637784365235 -3.568502155958134 4.434897114336441
1699 15.36374123301507 -1.869146373209229 -8.685105790013816
1700 -18.52926815847995 9.511027049864738 6.973718119206655
1701 10.38353957307013 -1.03710071329248 -20.12119531505102
1702 9.152500066754429 -6.013865546793533 -14.22111713839647
1703 -16.22432163366225 -8.646178314947059 12.74382558268574
1704 2.746872765829841 5.098195191936854 -7.476321984114639
1705 -4.032012734594656 15.59902280683948 3.294708745163714
1706 -8.837279233538453 -19.66464313860258 -4.543300407765385
1707 -6.029009721787763 -21.65336872632983 0.2275346118002221
1708 9.121719538845777 -4.070363205439376 19.47510573187235
1709 3.947370604085255 -11.70272511552174 6.022968487061233
1710 -21.74873728367155 2.502214490262294 -3.925300162848971
1711 -12.03828046128957 -9.741139377078284 3.862927247007292
1712 -16.30470837188937 -4.03069917320816 -0.222935642462129
1713 10.54418994460319 11.5032367410631 -16.0831436058983
1714 -1.96403347069856 3.483664777792489 13.04865446472416
1715 -15.13450853290142 4.150747533239387 -3.127620534300042
1716 0.9457185220453939 19.85706795187548 -10.30390866578962
1717 -12.68085571663743 8.101685686292829 16.3310020575502
1718 -5.109608276574922 -9.727691504180232 10.78246418835492
1719 -13.1304794756445 6.106066596449033 -15.51593057715784
1720 7.097930546619276 -1.183768235442019 6.297309373684219
1721 -9.926948152871621 4.67774937277236 19.26522896459967
1722 0.617368490862691 -5.489551009334441 21.46366468718834
1723 -0.894738129057607 -5.10983400613243 -4.692457186584948
1724 -6.734524305112346 1.053795767375945 -0.8852233796463116
1725 8.815316571072641 -18.72910645489315 -7.927804538038223
1726 9.55246146640436 -12.94612965414957 0.565903377784337
1727 -9.047724447582855 0.2211261197457128 7.782250377730207
1728 19.02129455636902 -3.195138121234474 -10.78509769374456
1729 -5.450184793765711 -8.725742786338239 3.060930314114977
1730 -8.287799775804169 -6.635774689076058 -7.009796141373459
1731 0.01739364045147385 15.37886792680321 16.08697531951502
1732 -3.290875656206959 -17.55450055938164 -12.53064269783732
1733 -18.13679228363369 10.16484833582441 -6.70162660523759
1734 5.175155728956408 -5.565335356226077 14.92321368522215
1735 -2.969437716223546 8.025775099565589 -7.011442154586947
1736 7.612000317245713 14.52111805203743 -4.797159539635312
1737 12.03801911626783 -9.243873679715962 10.79017622881991
1738 -5.766418187823673 -0.01200101886170574 17.43236860057416
1739 14.78486899700401 4.405196672183403 -5.311197998287912
1740 1.73071470376603 6.987844979042746 16.13617857231199
1741 -14.424217008403 -17.0923958453026 -0.2285410596726466
1742 5.696539141512257 -5.72768253283285 -14.94670745571888
1743 22.07346946704181 -1.531890289218538 -0.5589638524140655
1744 8.202327878705745 -11.12617850702192 -9.304545908163359
1745 -8.122600120036047 -2.497630145442598 15.67664636901919
1746 -3.435290931175828 -20.52849417472878 7.055427899345576
1747 13.98213294125433 -6.105944400462842 -8.616462358901783
1748 14.12282079009649 -10.40948052772495 -2.371409506706708
1749 3.473011305884165 21.96722232606802 -3.270531418708311
1750 -10.49763674938835 4.931960308492728 -7.971877616872983
1751 -0.4905942665164769 14.57827064032776 0.6275064140595933
1752 20.55200912996943 7.027523424830203 5.299311587748495
1753 -9.134954903322758 -16.02049255288952 12.74934743794645
1754 9.070447746901051 -6.468446382692223 -4.863479507141106
1755 2.316024593488498 12.97251677199089 -17.96867068039523
1756 -5.172004887292441 10.20093434225431 18.65412221100684
1757 -4.921674647782032 15.26918878961064 -4.219502892745134
1758 -4.248914751708804 15.84021059214776 14.99746041121315
1759 5.79162250986457 -19.39889255647103 8.630054960468089
1760 4.243971636979767 16.02504792948443 5.915806629397422
1761 -13.85676392886373 -2.801844810035347 17.44256540162746
1762 -8.62109892640191 9.564211840382891 1.762677922134778
1763 -15.78691744429094 -3.395594204355027 7.786019197681257
1764 -12.3844496131983 -3.407663255409332 -12.38227972398124
1765 -7.896663570670809 -19.87499872717177 6.514235042475531
1766 -10.54874371816178 16.19394562220553 -11.34592706375722
1767 1.944664275845533 -8.5614362175706 1.095057831130374
1768 -2.170223300144555 -17.25510729586363 -4.353696593419099
1769 -4.071020396795458 -13.09276696230427 17.59156448166733
1770 -8.143389263288702 20.41596498641362 -0.6054528675322235
1771 16.49517802150348 -4.579274859867884 14.44725980411011
1772 -9.050471593587941 11.85509975271386 4.895221113349535
1773 3.728479076352329 6.793361904938205 -14.40650375680976
1774 15.49191035558609 10.07649729392633 12.41910836445147
1775 -16.41347219098266 -15.1459704374412 2.716338539259957
1776 -14.37692828329716 16.46133488073294 -3.038568651069204
1777 16.29471096418732 0.7668889021223247 3.955120611824125
1778 6.434634307045566 8.042336673805883 -19.81175160515426
1779 -12.47040091937466 13.95749914521666 11.7049405853468
1780 3.094623146042941 -11.56897358158565 -5.624637223735316
1781 4.269717849306328 -17.29757813563776 -6.287748252987771
1782 12.16027213602186 -8.567439281143207 -16.54403557923573
1783 20.06181266891334 -9.294319282859098 4.705526353306838
1784 -3.191216543472359 9.859478769235681 5.363186661377962
1785 -4.546601328358896 13.71846037949945 11.26297446946089
1786 21.74647124392132 4.067993689038841 3.979024593623004
1787 5.642357085258912 3.685332239208085 -8.150929081614921
1788 -1.198872848270832 0.3382229983380121 6.29069859796674
1789 -17.25199204486308 2.368614149821494 14.31705014428441
1790 19.60742289752719 2.927725876773692 -10.35823014746904
1791 -1.115944691069204 -21.73516712110876 3.958153713174549
1792 -8.705232974210835 -14.51542850753481 1.553989743227895
1793 -3.72749558594013 -17.84818244819213 12.07616530938591
1794 -6.377559330335321 -4.72302028447079 -1.172001170562202
1795 -5.248422431221779 7.822080052528382 15.00229716804418
1796 2.715317731497456 0.8489168373010452 -2.903130347593426
1797 12.5175684904728 6.892886574923349 -10.48595866731087
1798 16.80042916123018 -12.06806009633425 7.890012284068189
1799 9.459021041551878 -18.92473451627033 7.793156185593014
1800 -19.10928943709924 -11.27792848180374 -2.793994273941644
1801 -2.992985661862377 21.70224374499698 -3.93978435844172
1802 -2.067583212035037 -2.009371997948809 16.6467822772263
1803 -1.808624695409582 -22.31532903625824 -3.123307134023375
1804 3.569127730331922 -2.409921814799901 21.85680960274321
1805 11.15627768019811 19.75260977439558 -0.1855713801160315
1806 6.345421173420613 2.591891199631055 6.62768527313828
1807 -9.246998915222777 -9.189485527496322 10.11114980218709
1808 1.037297464957536 18.37691622322866 12.590209098164
1809 -17.12502923089575 -13.09921487681702 6.850940428034087
1810 -14.64357359849783 -3.303062810881451 3.830306257654063
1811 -3.99276042072061 3.888300743186533 21.48910101228773
1812 -3.243515674619684 9.754094889646872 -14.01659910223471
1813 14.20310151465299 -1.765618559308901 7.787435083013936
1814 14.97436057693683 -8.675729302437363 1.725035980174976
1815 5.371414871215512 -9.788065229088495 -14.60137505699988
1816 3.234529083806851 8.584462816605271 4.495270014527521
1817 -9.111290539030485 -5.655995167733078 7.279833780477474
1818 0.4145075161701824 -1.343443958323857 -14.55016854362292
1819 -20.49508670622716 -7.6321594149893 5.728932088848223
1820 -0.01381737180503816 6.931671391347466 -21.34557176038538
1821 -12.70266498093044 -13.56577958884032 12.74848013367868
1822 -6.495797989694013 -20.41992421225011 -6.917654940985118
1823 19.03565917767551 -8.501465002533676 -7.901838317235734
1824 3.519165076598108 -11.24597269137575 -18.66277453317703
1825 0.8392579202519969 -17.64217404827248 -0.8962576514530795
1826 20.44027604339098 8.935342981149917 1.302015197570488
1827 -11.70855144072178 -17.55127513300245 6.276169500159941
1828 0.04313088642691918 3.162100286210014 17.12590320321053
1829 6.36910818883911 -16.7358107729987 13.37226991523011
1830 -3.383274112799228 14.8971720001402 -8.363687638874151
1831 -6.415729150569225 16.66945396706473 -0.6542459260157304
1832 -14.89800859578528 0.342794263393209 -2.722663537761959
1833 -1.171324077436748 -15.10231121822848 -10.09608363207152
1834 -1.994180866617125 -15.81169928511458 -15.79019215080029
1835 10.25195777073778 -19.8808323633087 -2.028262735684719
1836 17.42671609891634 14.09121728820895 -2.364681038734179
1837 -10.53954282958093 -12.3886396498944 -15.48116004220979
1838 6.772897860327973 -3.793790885648409 0.5721402857584171
1839 8.855652460411163 2.280309116060429 -20.62025039723063
1840 9.553938278143789 -9.629043234980283 -12.85653092379224
1841 2.286752679388802 -18.13416846766694 6.918265699387902
1842 0.3606311116809299 -4.591485388893701 1.122767519710106
1843 16.69229763895399 -14.54515221495681 1.623496937799901
1844 -13.0786736971913 -5.91262702023957 -1.457965184339448
1845 10.81160025515043 -5.152999592673513 -18.94129198855566
1846 -2.787307072678598 6.201803287604694 0.05659752316676403
1847 1.827864494274935 -13.52829966589831 9.523000143237686
1848 5.400249032457084 15.29274609287909 -7.931624836353336
1849 8.836753958824534 7.563168265772863 -7.67029659051688
1850 -15.17915110027021 4.902240864211634 -6.661494581237959
1851 -14.34658435878388 -10.04736213789436 0.4845704630639224
1852 -6.1439113518998 1.493585903639916 -17.31859757474637
1853 -5.489656725312587 -16.37704024599611 -3.1526889221938
1854 13.87485448498217 -17.69770969534879 -1.566304311496808
1855 1.520018946543999 -5.115017508502817 12.74170350590842
1856 10.75199684635028 14.53665594037182 13.73993380332037
1857 18.43229456270173 -2.403170320170773 1.427077176057159
1858 -8.505168601755203 12.17873485268764 -16.70427749438498
1859 2.56631434966745 -0.1519773841111783 -22.15239221589248
1860 21.35270659757797 -5.313292267518065 -0.7926131545486124
1861 15.56514287931178 -9.15276510160958 -13.56573375796837
1862 -6.219407143315864 -11.45947938352079 -12.68177605020312
1863 -2.779518173693624 12.00188861712181 -3.618167407571263
1864 7.846840912237176 -3.417254747424035 -7.734583124548799
1865 18.95599175518582 6.656357811102286 -9.442291225392019
1866 5.833746466560913 -9.958739381228773 14.02164066898592
1867 -19.21241232098616 11.46177621886165 0.8363896400567196
1868 -19.33915271796031 -2.469800164598611 10.3472229050868
1869 2.829815070365798 0.3988079097196731 16.55922580637808
1870 -21.64487614388482 -6.212603324020625 1.605799256162076
1871 10.6857919198628 6.263623873008703 18.56520404602619
1872 -13.01024479297549 -7.528805377678457 16.53789903492012
1873 -5.504676883823387 -16.47225525811978 1.400418154117194
1874 -18.39012431108707 -2.356861443539149 -2.692228095766477
1875 -5.83350034411826 3.481625781179111 -13.80726620589125
1876 5.914825670800642 11.39586082831642 18.25908139741201
1877 2.421627861514179 0.5405427890211562 -10.36857548719329
1878 -22.02454205881271 4.503465199889524 2.746559270163399
1879 15.17152614327751 -11.08465925265536 12.32616368041044
1880 11.21050872133566 6.398721676921054 9.574059210881213
1881 3.188400120342526 -8.561310812810092 20.46042531963169
1882 -5.265723448782584 -0.07288793740053548 22.02730758689324
1883 12.40129635369855 0.1023274135642687 -8.045490187143066
1884 -11.07706898610138 -16.80498280712791 -10.027404311442
1885 3.984141753044969 8.587130512881879 8.041170590036387
1886 -20.53617805263197 4.01288156744456 -6.976901388186481
1887 -18.18695477188953 -1.883213686920532 3.813328970229263
1888 5.317345337206175 18.38452150704015 11.42550532179801
1889 19.90890062488083 5.11058219219625 8.656967203091675
1890 -6.602093998676516 10.3000950270789 -4.749305257919605
1891 7.382478437952782 -16.52032504030799 -2.404450300249662
1892 3.258945698357056 -21.00608231900883 -6.34701524030098
1893 -1.75810715688365 6.035075427563661 -12.8784414700329
1894 -13.20922080525655 1.508396705382141 18.32031677409973
1895 -12.98216409734463 11.59801764617887 5.079172515247985
1896 5.156948678594739 2.484017612861439 21.78725355770989
1897 -1.106915275538358 -10.51041960661253 -7.199482324183461
1898 -0.7787194403275119 9.428989495504442 20.16697462798237
1899 -11.33688385412825 7.264568768763454 0.315710955742399
1900 -13.8242774472607 1.13189925695926 3.157105747238909
1901 -3.351681479073597 13.18447373190548 -17.8222860366236
1902 14.74380199082462 -1.492174651638189 1.847349879134383
1903 -6.499504138749273 -7.564338554950568 -15.08750093522775
1904 -8.412767285659031 -3.328329815396514 -20.58821314785249
1905 5.262438513403219 -13.57094436767224 -7.595801031673911
1906 -1.754182307744884 -21.33438008774284 -6.356672912045209
1907 -2.293478373625461 -10.24591210199323 -13.35598139522673
1908 -0.9707034597445406 4.179721203406789 4.591276410391176
1909 -18.52606354729789 -8.513814071230104 -9.557684651926563
1910 9.108513576872216 11.87621558155164 10.59913894983564
1911 10.46411017436896 -13.56675563972837 14.84844405400963
1912 -3.923999204792373 18.60552966235213 -11.61284712268309
1913 -17.25199757964926 10.7273208406831 -10.00448200008318
1914 -17.45055734494826 -1.502115825690885 -9.264423503263643
1915 -8.284542768728189 6.31760831011223 3.328577260797669
1916 -10.15152474795494 4.266018094638428 -19.9132953724148
1917 -2.919334937633762 -13.08387583396963 -2.339394129527538
1918 -1.279734888353765 -1.771041942776813 12.94959935015774
1919 13.41583821774338 -17.15893509717507 5.758401251205819
1920 -16.29247407444224 14.64116442858926 2.751655684580994
1921 8.672294808787354 -7.939744850462203 4.216845132362086
1922 -7.201283601151318 -6.989023098866157 -19.82188405637824
1923 5.794849995260019 16.88954293422381 -13.89908379913765
1924 -13.09857002010541 -8.382908964334284 -16.26074721068888
1925 -5.104963844513688 6.260059040050105 -3.945068702729718
1926 -15.59810570266496 -7.917166068720048 5.088490916896455
1927 -13.92827559775696 -2.505441957491135 13.00294059473126
1928 -1.035886238055471 -14.64712839954677 1.498110050647999
1929 10.96951267799179 -15.43745000954681 2.848186219195122
1930 -0.5181280993865904 -8.715996443146505 14.83240714614005
1931 -11.65807057836799 -11.59500252973008 8.624788317506091
1932 -3.107200263689453 -4.246093937263904 11.15519916137992
1933 21.85961541044282 -2.946540331868889 -4.34325218125923
1934 -8.664577824688267 5.734846977532652 -11.55413404489174
1935 12.43705254812694 -16.49901015700145 -7.920701359777077
1936 1.796789993052065 12.39301708377577 18.80148611245024
1937 -2.344867463130371 -6.138158112126849 17.70104661045379
1938 4.055437914987526 9.423382844240649 -10.97866620750629
1939 0.5588213302135102 -9.698997820133993 4.849653339614822
1940 -18.7570994655694 1.119753578313852 -12.3462571985895
1941 -6.686682372239292 -8.117597063755817 -4.047674875725156
1942 -16.29694725680418 -0.4933303162436999 -15.95859874790689
1943 -13.47823585801114 1.099800795203504 -17.99487826080123
1944 0.3952754528905965 15.66209850096584 -16.25386668923576
1945 9.841640765905659 -3.319331488321021 -1.293100425616825
1946 -0.0904859590831726 1.971150869466976 -8.353590094992974
1947 8.615524150140693 -6.952931336490511 -1.514529574629601
1948 7.699274427217056 -3.749476681664381 -20.82377931848371
1949 18.91466124909808 -9.080672343304375 8.247075635796005
1950 3.395075844259007 -3.163055263197748 6.60697913676453
1951 10.75508348432319 -11.81356564794527 -6.103896424314719
1952 -0.5966370458638787 -11.74577193812394 19.23733369424156
1953 -12.88959167087505 -13.41824898561623 -12.81339630056311
1954 0.3262038467680011 -21.33105692196357 7.407040155105401
1955 5.241060564865409 -12.38307744854753 1.390038177950566
1956 -10.37243455016161 -1.63346514556427 -9.529129136172442
1957 -6.892179536250466 0.3247992091479535 13.29500298043095
1958 -7.616824984813393 -1.67321469068283 -16.89191621901224
1959 -2.101561502400185 -10.44717546220537 1.680743213845562
1960 -3.902272909057789 -4.715538415140868 -21.38258885884059
1961 -10.72668794919175 17.24018457939624 9.94005806444704
1962 11.8791731762859 13.67548358284418 -12.90376537633531
1963 9.637353886708095 -1.847486862266233 -13.84606592308326
1964 -11.17991717364704 -13.20979733009055 4.539277699182846
1965 -6.974721678984835 -13.00938419701965 5.343651381416191
1966 -6.953154896063369 14.91513575860919 5.455686964214657
1967 6.281710315582657 -0.1688345703778956 -10.53254501993963
1968 15.84786625909589 5.125379714682261 8.753353175148504
1969 13.07940121216483 -3.912233814446478 3.554257451567087
1970 -17.52905897074513 13.43010444143812 -5.18142751098282
1971 16.96418281992471 5.528319961422315 13.84773427967688
1972 -3.588515898547886 1.881632654205201 -11.40775682207104
1973 9.875569873773085 10.5949748502191 17.05762242442945
1974 3.118997699247648 5.909260544287097 21.63447939181644
1975 9.307978370916162 1.566195841657603 -4.10348453645891
1976 -16.72525555946653 3.72016172758563 0.3493256284189277
1977 16.06345318973791 13.28517046487884 -8.743581292625644
1978 13.70618700255462 0.8347405430249224 17.93962401411907
1979 4.650158146575892 -2.723829359731871 -16.96042557014805
1980 1.299465438831692 -9.822192705173343 -15.41567261261749
1981 16.50311123110055 14.62472599271424 2.220890965231037
1982 2.903712447344283 -7.408569192061668 -20.78214188185128
1983 -9.964415455938388 -14.09360563761586 -7.886522087823197
1984 2.231369989883096 3.726251915682972 13.1683766838927
1985 12.91356415253686 7.454582497500202 -16.94903816830246
1986 -13.91546382638326 -0.09585258762712549 -11.27390593499929
1987 1.025737737521236 14.30452417658831 -12.13508255071834
1988 -20.0704617496123 -7.533406965420875 -6.009072055464284
1989 8.153615769769271 -15.80005921875889 -14.26198574750539
1990 -0.3161230298495345 12.24125720422196 -6.079766147115462
1991 -6.972041700865125 13.19966289281177 17.0026773493313
1992 -0.8468837260520024 11.37587282014926 7.11952947601004
1993 -18.13393613543588 4.394717754388035 -12.70103869252563
1994 -4.337739181158922 6.403426866192068 -15.15087088231557
1995 -17.15267927989426 -4.447241938514972 -13.7992515042246
1996 4.971763704560222 -21.97982339353666 1.780427439424971
1997 13.60572053731774 -8.697479238440167 7.465853108439627
1998 -10.95523391810501 -8.360029560472222 0.1533313904462646
1999 -5.428159537637135 5.485591036531702 8.498364694294972
2000 20.56241537501255 -8.740269279737289 -0.2958455337771297
2001 1.764471678025583 -13.82423912095469 -17.1070783834475
2002 0.04918526987865549 -1.963948167444038 -2.621168696018823
2003 1.388488545471744 22.38956983363956 -0.9265233378042056
2004 6.219523389549956 -0.1436629918295488 -5.806040577387751
2005 -13.88530130639023 15.45707165509352 8.624265854504621
2006 -13.88169836361875 5.715957650422261 -9.636032505214494
2007 5.662101085645435 -7.678718776023898 5.79156412913702
2008 5.717511405781284 8.142448187220751 2.658479820265967
2009 11.9933414552275 -19.26214583146184 1.227288661948206
2010 -0.1358547368703433 -6.737863724116446 7.334715938107383
2011 -4.839711254606141 -6.467307055529316 20.86659821482676
2012 -6.669366514422629 6.86159903197043 -20.3711338591477
2013 13.00190538870505 -0.7114529930594106 -13.81213124198287
2014 2.656792230807108 5.469601581655266 2.669332717249601
2015 8.686915301579285 5.828196051900385 6.764125945345248
2016 -1.585953653456451 22.50892425509968 1.018115827424926
2017 -11.95861989028442 13.62957024088357 -1.55504398771897
2018 18.62573648615059 -6.758288195553431 -11.1154288882422
2019 6.838670213735485 7.375982637401857 20.4073221685888
2020 -9.484002303078812 1.23561089324103 -6.560840834128228
2021 -4.47712566812838 -13.96685295654536 -17.35740922183296
2022 -18.67294452618611 -11.78167980447442 1.199410168807292
2023 1.973963005159581 -6.120445518165152 16.64893060137549
2024 -1.391010682864074 -10.94420046932891 8.907085466540797
2025 -12.42242602181284 -6.021117205235629 5.887835279513494
2026 -9.963564946918469 1.444345025735653 0.6707949180644106
2027 -2.204041574853007 -18.57733555919447 1.47830322908616
2028 -5.792344268333364 -12.24996893112196 -5.606128566704731
2029 -5.426489642677744 1.261649222586549 6.918246605701289
2030 -11.67482196785216 13.54515588129115 -13.25229858332445
2031 -11.18247787782619 -1.314536371412463 13.72297758494411
2032 -2.788803808634137 -16.91375738401284 8.324152469700874
2033 14.50902327177975 -14.60375234986607 8.800580613250526
2034 4.032316616091983 2.047961721878904 -18.49052530533857
2035 13.06863984016238 -14.2368553850161 -0.9371807451314277
2036 3.264829527066217 -2.335047131905236 10.62824536568736
2037 -22.19475345381113 -0.1900611374507665 -1.637152317888289
2038 -8.275728837764317 14.41362708310263 1.643683305291141
2039 5.950608771536666 18.92673833075544 -10.47635750933522
2040 -8.096744820717937 -10.8817422445813 2.161320825781727
2041 14.58246297567136 12.26856824817972 -11.83408586304393
2042 5.131369660550784 -5.660614821122601 11.67411279121282
2043 15.22512467682531 0.9001758192837348 -3.420595882058728
2044 2.519139125900617 -18.73589487776973 -11.79186303367514
2045 6.815180095959582 4.152536294704828 2.870680409438138
2046 6.306683341523078 4.855257690843914 -21.27675044669008
2047 -4.33319101163804 -2.753069138626233 -10.79970885152731
2048 11.20163480317129 8.326287215869483 -14.08071850849993
2049 5.589829537702204 8.930804419844071 14.99389878873998
2050 -7.298668974792387 2.218461270210076 2.794249489305316
2051 -9.595138298558043 -14.17468323924316 7.632882162666359
2052 -15.51848958825803 9.162753447144388 13.77747543579438
2053 11.17887925975045 -9.736970617986897 2.283854895477612
2054 14.03865610987363 4.570382518426597 17.04031639481975
2055 7.333448198321401 -15.48761059507291 5.706683166460247
2056 2.961749344360669 14.63623583427256 10.31707642523254
2057 -4.268293334588832 -0.3914548288628729 1.981141216737764
2058 0.08716188828843531 -12.82014174631432 -13.45021650579046
2059 2.133897861291717 18.30298641325126 -1.151775814670285
2060 14.64280267555798 -12.1968626425101 -11.77409798467956
2061 6.511402151527564 -10.82946161789244 -18.84837734257077
2062 2.495604529331543 -10.31215153187792 15.01892190978642
2063 2.711643903085281 -11.36237069453703 -1.754914084326506
2064 12.67967738126559 18.56561763092008 -2.577237879421009
2065 11.1067178112419 17.54414661229903 -9.252005625580605
2066 15.2403700756804 14.25182070160674 8.203103564880355
2067 -10.91542104465029 -8.331632732925339 -5.520793345585358
2068 8.059897677774501 -7.721910123176706 19.4776270922076
2069 13.25527099822411 3.220675808203069 10.66295012125954
2070 7.389769705422617 13.57233708820141 -16.73015343672521
2071 2.401087171515058 14.39358830695256 -3.222106429606431
2072 -0.9504163223420715 6.25288357743774 10.52363748290131
2073 -7.252969353462563 19.00914756030524 9.785264676358318
2074 -13.26760620841254 8.017738310940461 9.727827793258374
2075 19.79443716796146 -9.768552284219354 -4.60362912778276
2076 -15.51656011839762 -11.11974018318476 -3.670076276211219
2077 22.7449366893768 2.252476664083267 0.3448786671982214
2078 -9.862632474855591 -5.082050910823364 0.4575880618909411
2079 11.99980699326548 -9.755432665569408 -9.870852294549689
2080 -11.11513251139154 -3.581719906258566 3.382645681234259
2081 6.753287590922501 10.99076801471425 -8.509076516001508
2082 15.8512183754549 -2.608763793084723 -2.186618626090738
2083 6.999918032504437 -21.30518360445291 -1.828787792072702
2084 4.800281496634186 20.61147259004203 7.986442698014856
2085 2.961254561681367 18.12817783086521 -13.41834435699507
2086 16.23346293339933 8.77823471098101 0.3103982696518291
2087 -2.084730054908738 -4.432903984120279 -1.648856308231632
2088 -18.77884047565231 4.312364089076191 11.75420125795125
2089 -7.97483020693925 -7.809242293568232 19.6572560189957
2090 -7.879342745223587 13.92473697910702 -11.18362837243111
2091 9.626621158793938 -12.57836615241223 -16.24173622841976
2092 -2.869649623912408 -12.6690922562208 12.752499212426
2093 -14.77649061329692 -10.61543097979238 6.727643907771879
2094 -0.4217556456081999 3.583953856256636 -18.96445734193259
2095 19.45684030045735 -0.3040860534869856 11.24172456284245
2096 15.54702346459376 8.392518519473425 6.293365465652274
2097 -2.999619722770414 0.8422435754133158 12.35747505946992
2098 -8.366461837582033 3.804057459546188 15.70336905943515
2099 5.501112992487725 6.357413784698777 -10.81122424673855
2100 -2.439179468785214 6.981613695952374 17.86931871027934
2101 12.47097459591338 1.202279137099081 14.57035445921604
2102 -15.37643495194522 -8.855486368862824 -14.12697675606911
2103 5.102687235491848 -2.774481782841966 17.13611551682299
2104 10.72723714164644 18.04666378188613 8.713519867674034
2105 -6.428400826470331 -2.898187921315476 8.992885974273975
2106 11.7501428216848 -3.715352652755681 13.63662701189805
2107 6.003955499258899 7.524686918005254 -17.01820559922605
2108 9.204746749871552 -9.343748905216422 8.378009687255734
2109 -12.69406158027372 -0.4637764400830413 -5.927830714195575
2110 8.594538620479213 20.18725797713856 5.814733355542329
2111 6.362971156554903 -11.09254560814131 18.62937727543114
2112 17.29089658491905 -14.11495842017954 -5.196491137017145
2113 6.397131852599142 6.326648853797299 -4.860185977459042
2114 -12.85615125348397 -15.5844554928426 9.69487971926935
2115 -21.65948217594254 6.228711146519526 -2.726599295275345
2116 -10.35077499147167 15.58959255516028 4.199256547614127
2117 -5.29508031905951 21.53841591394126 3.215852390062069
2118 -3.971177726456524 -6.363238477391762 13.50474917188543
2119 -13.37571725652049 -2.275862944432454 -18.05396885474375
2120 1.845850150401871 -4.637607644303912 -9.751819840497696
2121 -13.9204275801582 14.80392869499008 -10.25943015668825
2122 7.315874575173769 16.00489075385098 14.30227186934593
2123 -9.935888224492727 19.71862707526061 3.787594725333904
2124 7.475417609132773 -5.268128096300432 7.76516953165255
2125 -20.01535469643104 9.904564402942897 3.909399744541299
2126 -11.24838645666915 -15.51103512363306 -1.265461680727986
2127 -8.760552667276485 -16.41984252401394 -12.89975920457231
2128 21.97129662825855 0.02624436511625326 -6.331341756149543
2129 4.784980264069523 -15.60313765255058 10.8106066654474
2130 3.174223979762587 -14.1754941823627 -11.40407399345825
2131 2.336726007759191 -4.771108767634886 -5.422562225540585
2132 -16.68588298376473 -2.432657093482796 15.16728800700824
2133 -3.383001986649139 -3.083437846567154 -7.607027434788574
2134 20.07658482254842 10.0966126537716 -4.198371999254097
2135 12.32957401198485 12.28273801758151 3.118081560846573
2136 18.77455585203251 -0.2743516401776734 -4.391217520942257
2137 -19.93264178063977 -2.173033579743931 -11.02763886969799
2138 -0.7300622371985093 2.937366965380105 22.28617622849918
2139 8.230677194466589 20.91483109769687 1.481269442346748
2140 20.7093150572682 -5.281406147824801 -7.707372083735636
2141 -17.66039952937666 5.37575254492075 6.350846760339746
2142 0.8640253384563256 -19.00698420438052 2.408386028891677
2143 15.8582137564701 14.93888792798792 -5.951591222856892
2144 -21.11632741696132 -4.150417119776304 -7.239483423570398
2145 -15.54378006266965 2.765891564880506 11.16551150544192
2146 9.196763805616962 6.557143770337595 14.73224144709929
2147 12.31661774573546 -3.869541322398 18.51429810765331
2148 -3.345667263665549 -1.519845735053034 -4.983005234078488
2149 14.66347408256977 -8.192272625830729 15.20585539707477
2150 0.9587405551780176 7.263096254498265 -0.5642170868112241
2151 -21.92941981722626 0.7792119159298105 5.273512261683084
2152 -0.7730215186413586 -1.046585211987348 -10.71982741745909
2153 15.12404123668392 0.7103843420222392 -16.69994010040874
2154 9.469184576857094 17.18094056686332 11.3341016078789
2155 6.648395797056648 9.507643331091776 5.857038155876121
2156 15.50569263411704 11.16334015605395 3.64001943962514
2157 -3.375260208478504 17.28251007652642 -0.05029980368817683
2158 -1.028694607374714 -19.35295798845519 -11.75869439129609
2159 15.2895373585181 -6.303241677438666 -15.5391960711949
2160 16.2462450411284 -7.440039647209465 -5.846640201476605
2161 4.203305136603393 14.29021291667833 16.92321660560292
2162 18.24860718304138 -6.203591702897519 11.55177725815996
2163 -15.3520270590447 -0.4870290741699699 10.2468124240143
2164 4.009285779398258 -18.16239320078463 -2.882111382824878
2165 14.77167561406176 -11.02252559927769 4.342980725959814
2166 -10.70377380143733 1.636407974146832 20.06426246758712
2167 2.292193167643156 -10.2409974001961 -12.6378541969242
2168 10.12485493436701 -10.83651033661062 17.07630934949736
2169 -0.6982907425406663 -7.716463695546829 -11.81290753729507
2170 18.16107840210574 -12.88884870418875 4.155835310282762
2171 -11.63309474656895 -8.737916823526616 -10.65933401112208
2172 -6.691297210664501 -0.9277883326045551 -7.725260634386081
2173 -9.562812709592096 10.71100793701577 -12.4405828631574
2174 16.66489001480011 8.900689203559365 -11.91891524536188
2175 17.00248154850228 4.244842640834126 -7.94713528615528
2176 -0.3806226955515803 2.291983875686622 -22.11322120246268
2177 14.86619961250463 11.71474662339213 -3.11710898311656
2178 -0.3954693653488815 -16.97871374070941 -6.673997480133003
2179 6.45383740508126 13.58640639318001 -1.52258318757053
2180 -18.7530217147435 -11.46128410783401 4.633327593734104
2181 9.45253100640039 -15.58724538573527 13.35403419055053
2182 -13.16144621454104 -13.74326981443501 1.566855806781832
2183 20.99929724066705 2.11742982997811 7.922927917150187
2184 3.041115138707567 -2.304988245546385 -0.7835805147708725
2185 9.355862747279811 12.5156472710332 -10.94454939696377
2186 -18.22835235870476 -5.618960670555746 12.06496014512049
2187 13.21842282076857 -2.052936588565168 -17.86349582461369
2188 10.06598111883617 -4.676203637916102 4.843838434257578
2189 -0.07255402417275182 2.992151499474305 -2.267638093236685
2190 -7.408796962557162 -4.642020518653891 3.026651347705536
2191 2.648486158068446 14.11252436674776 3.11371952987829
2192 10.76844057337942 14.17178086872426 -5.992556058010562
2193 -3.856949509435429 -7.32753744149081 8.506856624757495
2194 -8.067584847124683 -9.875411880846016 13.59262854500088
2195 1.006246112010017 9.615760671023166 9.826549766830398
2196 -2.848357344226429 9.71964138927023 12.707318852886
2197 -1.722955614057921 4.750666214255126 -9.563560428560852
2198 17.73388345599405 7.312417604313206 11.41966158467454
2199 3.924597320662222 6.527361388856733 -21.50253908765161
2200 -12.36243450586216 -10.81785433654209 15.93744806373589
2201 -17.94247545962565 13.02281648123533 5.127417874829117
2202 -10.7004272610005 15.23470110946121 -4.215672374201467
2203 7.511102601093972 3.401320778185587 12.87276425426188
2204 5.278115731920529 -20.13137506868473 -9.057102459115141
2205 1.88932719034984 -7.639680288077274 10.73668448101024
2206 -11.69354682447436 8.80601491218717 -6.805558257690444
2207 1.44999936577332 -22.63419624555385 1.61619109084878
2208 -10.97573789365049 -19.89438996848276 0.3326000461472636
2209 -6.211893804517755 9.110917268421785 -10.65734918752525
2210 14.92428139328376 8.026374799191709 14.78454424239492
2211 12.91544797044425 -5.506411785016959 9.527439619763012
2212 -5.177774520667012 3.810633761282091 0.09467235219651214
2213 20.23914734432423 -4.513008965245433 9.064541806363344
2214 -6.666664348669197 -3.714274269407178 -5.043600173376523
2215 -16.52314546732976 -14.87032226796723 -3.518712168220612
2216 -1.502987536466179 -8.17571410006286 20.93880301275086
2217 -8.679039342887314 6.599070549665486 9.902950271420087
2218 0.6765626486475526 -2.182050947971883 22.47033839886026
2219 14.36454986652358 6.235566000145178 -0.4695714513266177
2220 17.70908348389634 13.19532472690212 4.598686508730482
2221 12.221664187589 -7.680818703167915 -0.1320512035978436
2222 7.348560365644278 5.134444000351278 16.3776736549672
2223 -15.36242364585381 12.7713098846166 10.74996721355832
2224 -20.95306972003553 1.169400657601385 9.176757221381232
2225 -12.08883731495387 0.1481712814449599 6.029003363335617
2226 10.43654367826469 19.54712008802459 -5.210185932998922
2227 -2.719589630067776 20.68405959929849 -8.833419936059052
2228 -15.55843735429812 -7.170102548990476 9.167981669419309
2229 -7.353756655513337 7.476402706320168 -1.458971744689324
2230 -22.38271040305018 -3.80843858144198 -1.582337592734172
2231 -1.749575997381104 21.49592657008557 7.032594580358845
2232 19.0709213332251 5.839929121659377 2.636104313455536
2233 3.469949975283136 5.521427610972622 -18.52876492469505
2234 -8.348024760842714 -6.24000786737863 -11.00913405592367
2235 -14.19307825538879 -16.12051342993513 -7.02400562846968
2236 11.49123571763329 19.38902859546941 3.088478810702782
2237 -15.34603638324349 15.44039015586053 -6.77394821542741
2238 -16.15824254116373 5.285580554477141 -14.92545995610463
2239 15.13813570032432 2.505334254671582 0.3269382897665005
2240 -7.620796762029237 17.25025677762404 -3.712602597328628
2241 -16.11235158521875 7.843603779314667 -3.651933912349256
2242 -19.8877605795133 3.523646153131769 -10.45205324103172
2243 17.39171124053067 5.383618759249358 -13.68663873931316
2244 17.38800065384858 10.62647036030097 9.631542325719844
2245 -6.01100302678891 -11.38195026438711 -18.96356066574263
2246 4.469124733784672 -8.523296532599959 17.05589581922122
2247 12.5378648100137 -1.566911212661346 -4.843757748833629
2248 3.048528647873276 -17.71150371683649 13.68095602424363
2249 16.90846561246299 -12.36078777043113 -8.806054246957661
2250 6.776236355586375 21.02721147329607 -5.301718688581107
2251 5.44448130642333 12.6318991868627 12.98187280002239
2252 14.10013926952596 13.44675251263181 11.72723025491456
2253 20.28116431563633 -0.1319505810461918 -9.128492869350694
2254 2.906487835010702 11.6971221014245 5.477223937974893
2255 -4.318452690977267 -16.36411646398083 -7.483375784290699
2256 -16.66850566830642 -5.479681644555679 -3.637445766173145
2257 16.32596199541621 -0.2227993117240959 15.91337896157984
2258 -8.636877117039576 7.654885879836693 19.57625977252883
2259 -15.8253623106911 5.82222800786641 15.05578972313621
2260 -3.402284138050714 3.819849919292483 17.41892786564793
2261 8.8675067824295 -0.4564385137786232 15.8074532335144
2262 -20.95258052018001 -8.736182589263363 -1.047908768836902
2263 12.13228874856798 8.380199474544376 12.01973767791868
2264 15.25306960710774 6.56691065111188 -8.567374375462126
2265 11.44291198605106 2.533895431694236 19.61829951748443
2266 -10.87759568174016 1.197569637095366 -11.83733115240759
2267 17.8176845159893 2.191135413578024 14.51564277906781
2268 8.425132291379999 -9.536986699940819 0.9470557014961624
2269 7.539501294490904 -2.52578292098806 13.32771737140092
2270 12.85531349690646 -13.59812305859706 12.49799446988587
2271 -1.922674208341328 18.05121893746589 13.49331284056145
2272 -11.36785100722535 -1.327968755316254 18.32565611265917
2273 -0.2128670624714435 -18.89060760905341 12.51028920020055
2274 9.420021456500303 6.024775671463189 -20.03101739944795
2275 -14.7366489328369 -15.84643829900516 5.444991389353608
2276 -3.782419716968096 3.695403111332937 6.098785561887672
2277 11.55880134313201 -14.89999114511546 -12.51016812825599
2278 -8.966682914358588 -9.554777859711535 -13.05372411664234
2279 7.823928600565161 10.52361490732524 -18.25430573964022
2280 -7.247571909747085 -11.37907471846724 17.76426971939691
2281 14.63112169060731 -5.275840494537475 16.68704627768958
2282 -12.02149172919535 11.36406744554456 15.56468704144682
2283 9.857496922504785 -0.6644794218918088 -10.3581777023983
2284 -14.94209110068598 2.991298899714615 -12.03538612493513
2285 2.700880747707646 -20.61260294074052 8.942179422182667
2286 -11.47099055614225 -11.38611303917585 -10.26510790534516
2287 -20.65182108658573 6.90573998844783 6.924823265100955
2288 -9.052807622290553 -18.96188795931867 -8.108724171267264
2289 -17.43729707588141 8.089638040435512 0.4550676716939119
2290 -5.349195059499356 -6.036672472122613 -7.597479416773137
2291 -5.600012297448047 -15.07758105615981 -11.84452555581124
2292 -11.65204713549562 5.463472573834547 12.56475731404845
2293 16.30229722205527 -15.79990183391956 -2.137286034298334
2294 -3.65818631665765 10.040153045377 -20.23405642393432
2295 -8.528244871954243 -5.164229372261198 20.66599575372648
2296 11.99126847366103 9.648730980568033 -5.070612342410308
2297 -16.41647613524516 -1.83530662569542 -5.507413783651959
2298 17.07423591672695 5.911976809767024 5.881024635576675
2299 13.5326696040213 10.75563449979585 -14.83865198632625
2300 -0.07506785431424774 -11.78522168258666 -4.481279669413392
2301 -2.944770987286862 -22.24529290413733 0.3623299619282314
2302 19.94586622551477 0.4445418857742356 5.175110705362338
2303 -3.571063882730378 7.358231358592533 21.13929115220549
2304 -4.766903098657671 -4.091743857250915 16.0304157954511
2305 18.27174984396246 2.345005115085098 -13.52684175917796
2306 -17.19271131273632 -11.5607859466909 -9.161472310359773
2307 19.87976650178696 10.12066071267158 5.290819266209829
2308 -2.215755945161694 -19.27570540072471 -2.074349614634787
2309 13.55405200009629 3.876956802034179 -8.168232053499489
2310 -8.458844712823083 13.02549355719979 9.15583595314645
2311 -5.796228519201838 -7.713046115332804 17.0820904916426
2312 16.83638717957899 0.6034690922105229 8.382128003930246
2313 -6.318507950829714 -3.121110089865656 21.50894684956435
2314 -7.043520917815819 20.88405076109445 -4.432298143944799
2315 -9.391103394487939 -10.265030315764 -7.142424758603203
2316 17.79671744148861 -3.82488624788606 -13.9093400631402
2317 -3.21741960389989 -10.94115860355826 -9.974496394638996
2318 0.4787118275989971 -6.812391491318964 -7.10291052726878
2319 -7.664604103185082 4.285065780962082 12.58292085329988
2320 12.70162800550991 5.277575855945769 14.37352174280863
2321 -13.43107807773846 -6.365265467277065 12.29669186952753
2322 -13.81043380337547 -17.15596245780381 -3.992131603428918
2323 14.86706557608159 16.65181458030528 4.527073155080299
2324 -0.3276532600117202 -0.02936847914325846 18.57583369554381
2325 0.6919390575762194 -3.972953559258605 -21.8763016668049
2326 13.37069117369182 -0.9907327126754772 4.637352180180827
2327 -15.17680514099412 2.708546887417799 16.81990350287073
2328 14.23643516753764 -10.82780101311435 -7.899736717206047
2329 -7.602633998518534 15.89985379630472 14.24757930340065
2330 -0.04284761851157639 -7.64931954355878 -1.321936699371448
2331 20.57587510709035 6.667589492883745 -5.583927214715231
2332 -12.05616743570471 7.280308767388854 -17.87094905990165
2333 7.707811703366795 15.48787968099153 8.632451567509031
2334 21.41409754020353 -6.379497704075543 3.760146981611257
2335 16.91857301139056 -5.82000038175329 7.822195123043319
2336 -3.243782136789869 13.57168771882941 17.81221679697253
2337 3.825767883804414 -5.468520252971643 1.542118981585584
2338 -2.885454409187547 0.9102418475161675 15.5095535120032
2339 15.42850711250713 -2.622960592283289 -11.44275121495673
2340 -13.5243994863498 -13.20183327952256 -1.78467727524906
2341 1.590854205486327 20.212415294638 9.98905822048085
2342 4.531651987958563 -2.78657987538146 -22.42123872477298
2343 -9.174219108756986 2.954120104918915 10.0438359278272
2344 -9.635892723755749 -6.150545273173115 11.24306200937389
2345 -2.606814572575173 -0.9256850455122707 -13.38874267666925
2346 -3.087314576334544 16.59551495149382 -14.84761760130568
2347 -10.69664064733167 4.393440901427867 2.320777893224869
2348 14.91786379178558 7.994262656193905 9.446123383150852
2349 -22.76650786122725 -2.780418206457032 1.506754111007264
2350 -3.084291342376829 12.44494913315176 14.68983160958026
2351 -12.97984949883227 11.45343222634293 9.083134480958138
2352 -1.297970835528094 13.06634471389103 9.787524760964645
2353 22.39167893331679 0.1382045882017909 3.311611907604763
2354 -20.78026461220968 7.296058266661355 -6.105577368255061
2355 -4.479366722177169 4.667220205213548 -18.04804350598239
2356 -1.629187910701173 -0.1839844786420621 22.5250017646024
2357 -17.47349091919076 -7.650052155089075 -12.40786278827824
2358 14.60398457450647 -16.79781142208272 -5.005091576605827
2359 11.8710308346481 15.74010406444116 -0.7383398210151291
2360 2.896256855745387 0.9087124518313487 -14.42373311665388
2361 -12.12817846434269 7.926592642097741 -12.95146036222359
2362 -4.950164492491502 -13.66304306953375 0.002955156952690886
2363 -12.19334470989209 17.90523051979919 6.90346953488669
2364 0.4691883043668883 -16.42751980329415 8.453130050560411
2365 -9.121131164047293 18.72329358080195 -8.598753623288832
2366 -6.581912242282397 -3.747662172489377 12.56456911012536
2367 -5.13294673963988 -16.63819370053115 -14.60388587413267
2368 6.651995653283124 -2.784345157982135 -14.06862105531639
2369 8.978495096888205 0.7312139586449786 21.00585588068831
2370 1.58958960288361 -2.392834849016803 14.70816172374236
2371 3.912236109570611 11.67444030049504 -2.106045937244502
2372 -2.132213045716494 -11.3810191872324 -19.85769686310178
2373 18.10192436876456 -4.210923884591338 -4.721445752204889
2374 -10.92175841614598 4.638538081714761 -1.766594451043782
2375 -15.3629482028474 -7.54380212159552 -8.951373739346485
2376 4.575354168310138 -9.560844605894154 3.169721491483417
2377 8.913278307398393 10.60891632534885 -13.91318661018583
2378 5.272153391526044 3.77161829468896 -15.63407775298561
2379 -3.018025673276011 13.48233295447177 5.868706984731117
2380 -5.164646863584652 -20.00947513000912 9.697993719178319
2381 -3.684647387761395 1.035590152331625 -22.37403330202838
2382 -9.947506741545089 -16.2998613217142 -3.902460183137236
2383 1.282999583851526 -22.28485908419241 -4.27783969276701
2384 -5.672593361930938 9.541174276142707 9.653244087869894
2385 -7.112464400457557 -18.28758052592132 11.77436130081781
2386 -1.448652662542017 -7.539588760320897 -21.34962967571115
2387 7.612007091101747 15.9874089191151 4.847691167769858
2388 1.327321782956132 4.509207711483553 -12.39988414838451
2389 6.804121108770928 -3.093886195128513 21.43180184346842
2390 -3.362910267656141 4.196020519641896 -21.75227027508596
2391 -8.412825742965309 -21.12352294801237 -1.147276232737524
2392 9.525775315420933 -9.614025401721252 13.51558769510863
2393 -13.99210764842087 3.354482202247569 13.86415325824026
2394 -1.134053637897364 16.35979174656688 10.17760240992182
2395 -18.56047181825128 5.680492353788249 -1.722941990613591
2396 15.71198058004295 16.22512339353538 -0.3742732735676663
2397 -19.49985414732108 0.8438112399661516 11.75783351776407
2398 18.6532268204967 -3.410450581611562 12.46987330705443
2399 0.5934640632035515 8.58708388240731 13.06127762308815
2400 -2.53478270984448 3.378068003713008 -5.824474472202239
2401 -6.029970872889205 22.13542245271003 -1.71880175075056
2402 18.79788863452061 9.942801239110119 -7.457306647905063
2403 4.8876251141629 -15.2967049939447 16.22463351258062
2404 -6.982247367486576 -0.5228074718532321 -11.436803458471
2405 -4.746750234149406 -10.0920810677514 -0.3098344672723255
2406 6.57355069163274 -13.90412310380147 12.17320504450754
2407 -12.49514404190082 1.807708484864775 -14.25443886844031
2408 -4.580455356383276 -18.94553680575475 -0.3514098343550311
2409 -2.618062054526886 1.121036499198025 -0.5767835565980124
2410 7.219762144935863 -13.91663967877664 -9.87438251501033
2411 4.842084793100345 7.123031640401047 17.68527246955317
2412 -14.63324521394848 8.650919811172844 -15.36945807888783
2413 1.13362140516913 3.201570514234522 -5.043015660361621
2414 -9.484157041488071 7.241197397067771 -4.193237052941295
2415 -0.3480342431593411 22.28618999148032 4.618164994925077
2416 -9.131625576206625 -2.403655956652534 -1.990512548311181
2417 7.110170533195269 8.475590820378445 8.975210547811507
2418 2.243168220825667 -0.06383354678458825 12.9045830176932
2419 -4.308143764552217 20.37296829878451 9.580822758879707
2420 5.610413175053112 1.963845077686787 -21.76570503932486
2421 12.98436372930269 6.10381429428258 -3.410392101623733
2422 -5.033017229821638 5.451910461119135 3.751970906530818
2423 -12.65185165371572 -1.616488642326693 9.486729254814763
2424 12.29020205087514 -17.28603840684686 8.822971642740603
2425 4.982316630055088 -18.85479160517541 11.63035833956192
$EndNodes
$Elements
10818
1 4 2 1 1 2035 1608 1294 1748
2 4 2 1 1 1179 1608 1843 2035
3 4 2 1 1 216 1359 217 1703
4 4 2 1 1 2033 1879 1798 1326
5 4 2 1 1 898 1629 1837 1324
6 4 2 1 1 373 1297 1500 1822
7 4 2 1 1 1164 2308 2027 2408
8 4 2 1 1 1209 1395 1537 2175
9 4 2 1 1 1049 1405 1547 1809
10 4 2 1 1 935 1663 1420 1707
11 4 2 1 1 835 1471 1432 1843
12 4 2 1 1 1370 1740 1898 2100
13 4 2 1 1 1432 1471 835 1919
14 4 2 1 1 1319 1537 1395 2175
15 4 2 1 1 1614 1729 1196 2190
16 4 2 1 1 1614 2190 1794 2078
17 4 2 1 1 335 913 1798 1879
18 4 2 1 1 1500 1297 442 1732
19 4 2 1 1 998 2293 1854 953
20 4 2 1 1 1489 1370 1898 1936
21 4 2 1 1 1155 1618 1254 1427
22 4 2 1 1 2113 1353 1408 1525
23 4 2 1 1 1378 1541 514 1878
24 4 2 1 1 669 1860 1496 2000
25 4 2 1 1 2004 1204 1659 1864
26 4 2 1 1 1553 1228 1622 2359
27 4 2 1 1 284 1449 1352 1916
28 4 2 1 1 1359 1547 217 1703
29 4 2 1 1 1250 1484 1495 1665
30 4 2 1 1 1192 1495 1484 1665
31 4 2 1 1 2035 1608 1843 2293
32 4 2 1 1 1170 1781 1351 2178
33 4 2 1 1 1364 743 1523 2077
34 4 2 1 1 1553 1622 1228 2192
35 4 2 1 1 1351 1781 1291 2178
36 4 2 1 1 935 1663 1707 2391
37 4 2 1 1 1285 1508 1221 1693
38 4 2 1 1 689 247 1112 2204
39 4 2 1 1 1170 1573 1351 1781
40 4 2 1 1 669 2000 1496 2075
41 4 2 1 1 2004 1659 1204 1538
42 4 2 1 1 1400 1676 775 2070
43 4 2 1 1 937 1592 1476 2065
44 4 2 1 1 2245 1629 898 1324
45 4 2 1 1 1261 2160 2373 1496
46 4 2 1 1 1179 1608 2035 1748
47 4 2 1 1 1172 1636 1355 1682
48 4 2 1 1 513 1378 514 1878
49 4 2 1 1 998 2293 953 699
50 4 2 1 1 2123 1770 2117 1283
51 4 2 1 1 2035 1608 2293 1294
52 4 2 1 1 955 632 2316 1072
53 4 2 1 1 1534 1674 2074 1298
54 4 2 1 1 1679 1698 298 1452
55 4 2 1 1 1139 1494 1587 1321
56 4 2 1 1 1833 1897 1170 1325
57 4 2 1 1 1647 1525 1704 1564
58 4 2 1 1 1819 1870 1013 1698
59 4 2 1 1 2123 2117 1770 572
60 4 2 1 1 1400 1651 1517 1987
61 4 2 1 1 1186 1350 1464 1587
62 4 2 1 1 1190 1301 1621 1924
63 4 2 1 1 1229 1363 1633 1788
64 4 2 1 1 1331 1481 1181 1615
65 4 2 1 1 2072 1585 1984 1681
66 4 2 1 1 1540 1574 1246 1613
67 4 2 1 1 1285 1574 1540 1613
68 4 2 1 1 1354 1214 1378 1976
69 4 2 1 1 955 2316 2159 1436
70 4 2 1 1 1190 1438 1301 1924
71 4 2 1 1 743 1364 1658 1015
72 4 2 1 1 1563 1567 971 1985
73 4 2 1 1 1395 1790 1319 2175
74 4 2 1 1 1926 1851 1456 1430
75 4 2 1 1 2072 1984 1585 1318
76 4 2 1 1 1260 1622 1553 2192
77 4 2 1 1 417 1782 1601 1861
78 4 2 1 1 835 1432 340 1843
79 4 2 1 1 1256 1564 1525 1647
80 4 2 1 1 217 1547 1359 1821
81 4 2 1 1 1370 1167 1740 2100
82 4 2 1 1 1209 1790 1395 2175
83 4 2 1 1 1563 7 2153 1348
84 4 2 1 1 1168 1336 1501 1747
85 4 2 1 1 217 1359 216 1821
86 4 2 1 1 1250 1304 1536 1757
87 4 2 1 1 1250 1304 1757 1495
88 4 2 1 1 1170 1409 1351 2300
89 4 2 1 1 1627 1966 1440 1283
90 4 2 1 1 767 1592 1962 937
91 4 2 1 1 629 1405 1049 1809
92 4 2 1 1 373 1297 1822 454
93 4 2 1 1 1309 1514 1441 1557
94 4 2 1 1 1170 1897 1780 1325
95 4 2 1 1 514 1541 1378 2115
96 4 2 1 1 1556 1720 1375 2124
97 4 2 1 1 1179 1432 1507 1929
98 4 2 1 1 1819 1013 1870 630
99 4 2 1 1 1385 1666 1197 1638
100 4 2 1 1 644 1822 1390 1906
101 4 2 1 1 600 1675 2088 2224
102 4 2 1 1 1377 1404 1251 1525
103 4 2 1 1 1331 1615 1181 1724
104 4 2 1 1 1430 1456 1210 1851
105 4 2 1 1 131 132 1913 133
106 4 2 1 1 1155 1254 1529 1427
107 4 2 1 1 775 2070 1923 1400
108 4 2 1 1 2373 2160 1261 1501
109 4 2 1 1 1178 1592 1476 2185
110 4 2 1 1 1202 1517 1400 1651
111 4 2 1 1 1335 1174 1727 2105
112 4 2 1 1 2373 2160 1244 1496
113 4 2 1 1 1312 1174 2029 2050
114 4 2 1 1 1229 1633 1473 1788
115 4 2 1 1 775 1923 2070 488
116 4 2 1 1 2247 2082 1501 1546
117 4 2 1 1 1172 1426 1324 1513
118 4 2 1 1 1377 1589 1457 1145
119 4 2 1 1 2247 2082 1546 2043
120 4 2 1 1 131 1913 132 1613
121 4 2 1 1 1306 1198 1406 2068
122 4 2 1 1 1256 1647 1525 2150
123 4 2 1 1 1190 1301 1438 2171
124 4 2 1 1 514 1378 513 2115
125 4 2 1 1 1603 1743 1027 1860
126 4 2 1 1 1627 1966 1283 1705
127 4 2 1 1 1496 2000 1860 1261
128 4 2 1 1 1592 2185 1962 1476
129 4 2 1 1 1627 1966 1705 1193
130 4 2 1 1 1168 1747 1501 2160
131 4 2 1 1 505 1297 454 1906
132 4 2 1 1 1354 1378 1214 1878
133 4 2 1 1 1186 1587 1464 1408
134 4 2 1 1 1357 1582 1195 1812
135 4 2 1 1 1150 1556 1375 2124
136 4 2 1 1 1017 1395 2316 1728
137 4 2 1 1 497 1357 834 1656
138 4 2 1 1 402 850 1413 2018
139 4 2 1 1 1546 2160 2373 1501
140 4 2 1 1 1940 1942 601 1472
141 4 2 1 1 1365 1582 1067 2346
142 4 2 1 1 1235 2063 1673 2330
143 4 2 1 1 1267 1729 1614 2190
144 4 2 1 1 1198 1306 1486 1524
145 4 2 1 1 153 1472 1719 2238
146 4 2 1 1 1525 1647 1353 2150
147 4 2 1 1 1517 1848 1665 1564
148 4 2 1 1 1015 1364 1658 2331
149 4 2 1 1 1489 1370 1936 1231
150 4 2 1 1 1202 1651 1400 1676
151 4 2 1 1 1679 298 1698 393
152 4 2 1 1 1015 1672 1364 2331
153 4 2 1 1 14 1743 1364 1933
154 4 2 1 1 1752 1826 740 2232
155 4 2 1 1 339 1432 835 1919
156 4 2 1 1 1359 1217 1422 2194
157 4 2 1 1 433 1482 2149 2162
158 4 2 1 1 957 2091 1989 2277
159 4 2 1 1 1266 1665 1517 1848
160 4 2 1 1 1352 209 1451 2119
161 4 2 1 1 1017 1395 1728 11
162 4 2 1 1 416 417 1601 1861
163 4 2 1 1 1215 1319 1537 1567
164 4 2 1 1 1616 927 2325 608
165 4 2 1 1 423 372 422 2386
166 4 2 1 1 138 1605 1444 1913
167 4 2 1 1 1335 1817 1174 2105
168 4 2 1 1 1446 1499 119 2005
169 4 2 1 1 1158 1543 1366 1596
170 4 2 1 1 158 1444 1605 1993
171 4 2 1 1 850 1861 1413 2018
172 4 2 1 1 1400 1676 1651 1755
173 4 2 1 1 1616 927 608 2
174 4 2 1 1 158 1444 1993 140
175 4 2 1 1 835 339 340 1432
176 4 2 1 1 1517 1592 1403 1923
177 4 2 1 1 435 436 359 2415
178 4 2 1 1 2150 1408 1525 1645
179 4 2 1 1 767 1592 937 525
180 4 2 1 1 1187 1459 1308 1910
181 4 2 1 1 1957 2105 1473 2366
182 4 2 1 1 1926 1851 1430 1711
183 4 2 1 1 1285 1221 1613 1693
184 4 2 1 1 701 568 569 2199
185 4 2 1 1 1489 1370 1231 1740
186 4 2 1 1 1178 1592 1517 1848
187 4 2 1 1 600 1675 2224 839
188 4 2 1 1 99 1548 1484 1716
189 4 2 1 1 371 1668 1526 1982
190 4 2 1 1 951 527 903 2001
191 4 2 1 1 1579 1374 803 1835
192 4 2 1 1 1003 740 1752 1826
193 4 2 1 1 338 1881 1442 1952
194 4 2 1 1 1405 1809 629 2180
195 4 2 1 1 2245 1629 1324 1922
196 4 2 1 1 1217 2194 1359 2344
197 4 2 1 1 1301 1190 1621 1764
198 4 2 1 1 1312 1174 2050 2057
199 4 2 1 1 1160 1792 1316 2040
200 4 2 1 1 985 1575 1476 2143
201 4 2 1 1 1626 1760 1666 2084
202 4 2 1 1 1358 1535 882 2385
203 4 2 1 1 1233 1552 2051 1372
204 4 2 1 1 197 1868 1597 2186
205 4 2 1 1 1210 1851 1456 2022
206 4 2 1 1 884 467 945 1940
207 4 2 1 1 119 1499 1446 1920
208 4 2 1 1 1517 1665 1266 1987
209 4 2 1 1 1235 1673 1314 2330
210 4 2 1 1 1526 1668 371 1948
211 4 2 1 1 1170 1351 1409 2178
212 4 2 1 1 962 1027 1603 1743
213 4 2 1 1 1597 2132 197 2186
214 4 2 1 1 1312 1908 1846 2422
215 4 2 1 1 974 1675 1534 2088
216 4 2 1 1 330 1598 2270 2033
217 4 2 1 1 329 1598 330 328
218 4 2 1 1 1548 1665 1484 1716
219 4 2 1 1 1184 2422 1846 1908
220 4 2 1 1 157 1466 1808 1888
221 4 2 1 1 1294 1477 1168 1748
222 4 2 1 1 447 1524 1491 2168
223 4 2 1 1 1626 1317 1760 2084
224 4 2 1 1 1850 1207 1320 1886
225 4 2 1 1 162 161 156 1731
226 4 2 1 1 1207 1850 1686 1886
227 4 2 1 1 2225 2080 1900 1611
228 4 2 1 1 1335 2190 1817 2080
229 4 2 1 1 1172 1636 1682 1980
230 4 2 1 1 1337 1547 264 2114
231 4 2 1 1 1371 1851 2182 2340
232 4 2 1 1 449 1524 447 2168
233 4 2 1 1 2424 1598 330 2033
234 4 2 1 1 1155 1459 1427 2015
235 4 2 1 1 1233 1718 1552 1372
236 4 2 1 1 1156 1517 1665 1564
237 4 2 1 1 1351 1573 1170 1780
238 4 2 1 1 497 834 947 1656
239 4 2 1 1 1359 1422 1217 1872
240 4 2 1 1 142 946 1137 2039
241 4 2 1 1 2424 330 1598 328
242 4 2 1 1 15 1364 1743 2077
243 4 2 1 1 1614 1794 2190 1196
244 4 2 1 1 129 128 144 2052
245 4 2 1 1 1350 1494 1180 1587
246 4 2 1 1 1409 1170 1897 2300
247 4 2 1 1 1299 1668 1526 1979
248 4 2 1 1 393 1698 1679 1819
249 4 2 1 1 161 156 1731 1808
250 4 2 1 1 1458 2105 1957 2366
251 4 2 1 1 2245 1629 1922 273
252 4 2 1 1 1150 2124 1375 2188
253 4 2 1 1 1602 1687 1329 1830
254 4 2 1 1 1148 1772 1671 2310
255 4 2 1 1 2004 1412 1967 1787
256 4 2 1 1 1308 1187 1479 2066
257 4 2 1 1 1296 1155 1529 1521
258 4 2 1 1 264 1547 1337 1809
259 4 2 1 1 1534 2074 1674 1201
260 4 2 1 1 2003 2016 1801 1286
261 4 2 1 1 1187 1308 1398 2066
262 4 2 1 1 1148 1671 1511 2310
263 4 2 1 1 38 1364 1015 1672
264 4 2 1 1 2049 1318 1528 1740
265 4 2 1 1 992 1385 587 2003
266 4 2 1 1 1312 1846 2212 2422
267 4 2 1 1 1517 1592 1266 1848
268 4 2 1 1 1865 2243 1790 1319
269 4 2 1 1 454 505 442 1297
270 4 2 1 1 1967 1412 2004 1279
271 4 2 1 1 2399 2049 1740 1318
272 4 2 1 1 1370 1231 1740 2399
273 4 2 1 1 1144 1504 1334 1806
274 4 2 1 1 1929 1569 2009 1624
275 4 2 1 1 2314 1536 2240 1694
276 4 2 1 1 1944 1901 482 1755
277 4 2 1 1 433 2149 1771 2162
278 4 2 1 1 1989 2091 1268 2277
279 4 2 1 1 834 492 1858 1901
280 4 2 1 1 2314 2240 1536 1304
281 4 2 1 1 1324 1426 1172 1907
282 4 2 1 1 281 1667 1609 2001
283 4 2 1 1 1388 1623 1159 2205
284 4 2 1 1 1198 1306 1524 2068
285 4 2 1 1 1152 1330 1519 1744
286 4 2 1 1 1514 1557 1309 2387
287 4 2 1 1 1221 1508 1285 2206
288 4 2 1 1 751 1971 60 2198
289 4 2 1 1 1045 1628 2144 1988
290 4 2 1 1 1187 1514 1557 2135
291 4 2 1 1 1049 1405 408 1547
292 4 2 1 1 1517 1987 1651 1156
293 4 2 1 1 1370 1607 1231 2399
294 4 2 1 1 751 1971 2198 55
295 4 2 1 1 1180 1587 1494 1321
296 4 2 1 1 1332 1721 183 2258
297 4 2 1 1 62 1865 63 2243
298 4 2 1 1 1473 1681 1229 1788
299 4 2 1 1 1388 1635 1623 1709
300 4 2 1 1 1883 1209 1699 1537
301 4 2 1 1 2365 105 135 724
302 4 2 1 1 1251 1404 1377 2081
303 4 2 1 1 1255 1451 1352 1958
304 4 2 1 1 1145 1404 1377 1525
305 4 2 1 1 215 216 217 1703
306 4 2 1 1 2003 1801 2016 1086
307 4 2 1 1 628 1405 1819 996
308 4 2 1 1 1266 1592 1517 1923
309 4 2 1 1 1457 1589 1377 2296
310 4 2 1 1 138 1605 1913 897
311 4 2 1 1 1306 1406 1198 1734
312 4 2 1 1 1441 1557 1514 2135
313 4 2 1 1 1148 1341 1445 1762
314 4 2 1 1 1156 1665 1517 1987
315 4 2 1 1 1344 1569 1453 1624
316 4 2 1 1 178 818 1717 1721
317 4 2 1 1 1210 1371 1851 2022
318 4 2 1 1 1579 301 1725 1935
319 4 2 1 1 1207 1715 1686 1850
320 4 2 1 1 2365 135 105 1536
321 4 2 1 1 2150 1408 1645 2014
322 4 2 1 1 1592 1962 2185 1403
323 4 2 1 1 608 2 1034 1616
324 4 2 1 1 153 1719 1472 1449
325 4 2 1 1 284 1352 1117 1916
326 4 2 1 1 1417 1664 1024 2307
327 4 2 1 1 1316 2040 1792 2362
328 4 2 1 1 1626 1666 1760 1197
329 4 2 1 1 1187 1557 1514 2387
330 4 2 1 1 834 1656 1357 1858
331 4 2 1 1 1159 1623 1530 2205
332 4 2 1 1 1385 1583 587 2003
333 4 2 1 1 1307 1182 1461 1920
334 4 2 1 1 1351 1781 1573 2164
335 4 2 1 1 1709 1955 1269 2055
336 4 2 1 1 1187 1308 1479 1910
337 4 2 1 1 1582 1812 1357 1901
338 4 2 1 1 1611 1143 1347 2080
339 4 2 1 1 1206 1681 1585 2072
340 4 2 1 1 1687 1830 1602 2090
341 4 2 1 1 1299 1742 1668 1979
342 4 2 1 1 1628 2375 2357 1301
343 4 2 1 1 1474 1362 1212 1869
344 4 2 1 1 1474 1212 1362 1804
345 4 2 1 1 1929 1569 1624 1453
346 4 2 1 1 1240 1432 1929 1507
347 4 2 1 1 487 490 489 2294
348 4 2 1 1 1250 1304 1495 1801
349 4 2 1 1 1487 1808 166 2271
350 4 2 1 1 2060 1695 306 2249
351 4 2 1 1 1049 826 1031 1809
352 4 2 1 1 1250 1304 1801 1536
353 4 2 1 1 882 1535 1358 1765
354 4 2 1 1 1267 1372 1817 2025
355 4 2 1 1 9 1650 1395 2153
356 4 2 1 1 1651 1938 1517 1156
357 4 2 1 1 14 1933 1364 2128
358 4 2 1 1 1186 1408 1353 1587
359 4 2 1 1 1155 1521 1334 1529
360 4 2 1 1 1332 183 1721 1648
361 4 2 1 1 1218 1326 1737 2270
362 4 2 1 1 1166 1619 1450 1709
363 4 2 1 1 1354 1201 1307 1700
364 4 2 1 1 1067 1582 1365 1634
365 4 2 1 1 2309 1883 1537 1209
366 4 2 1 1 1189 1504 1528 1632
367 4 2 1 1 1722 1406 664 1881
368 4 2 1 1 454 1822 644 1906
369 4 2 1 1 2085 543 1400 1944
370 4 2 1 1 1336 1699 1747 1165
371 4 2 1 1 1399 1792 2040 2362
372 4 2 1 1 1390 1803 644 1906
373 4 2 1 1 1267 1614 2078 2190
374 4 2 1 1 1195 1582 1357 1858
375 4 2 1 1 1466 1731 156 1808
376 4 2 1 1 913 1482 1798 1879
377 4 2 1 1 1338 1702 1668 1742
378 4 2 1 1 1202 1403 1400 1517
379 4 2 1 1 392 1741 1368 2208
380 4 2 1 1 1354 1307 1201 1646
381 4 2 1 1 2033 1879 1326 2270
382 4 2 1 1 1250 1484 1665 1716
383 4 2 1 1 1865 1790 2243 62
384 4 2 1 1 1680 1846 1312 1908
385 4 2 1 1 1261 2221 1381 1501
386 4 2 1 1 985 1476 1977 2143
387 4 2 1 1 1189 1632 1528 2049
388 4 2 1 1 1218 1737 1491 2270
389 4 2 1 1 1069 1324 1551 2021
390 4 2 1 1 1182 1307 1461 1640
391 4 2 1 1 1352 1677 1117 1916
392 4 2 1 1 1278 1957 1473 2097
393 4 2 1 1 9 2153 1395 2305
394 4 2 1 1 1148 1341 1762 1772
395 4 2 1 1 1957 1473 1151 2366
396 4 2 1 1 1447 1480 1702 1165
397 4 2 1 1 110 1540 1694 1776
398 4 2 1 1 935 2208 1663 2391
399 4 2 1 1 1793 1552 2032 1358
400 4 2 1 1 1168 1294 1748 1951
401 4 2 1 1 492 1582 1858 1901
402 4 2 1 1 1965 2051 1552 1372
403 4 2 1 1 1622 1457 1377 2296
404 4 2 1 1 1228 1575 1553 2192
405 4 2 1 1 1612 246 1374 2083
406 4 2 1 1 1336 1501 1546 2247
407 4 2 1 1 1158 1462 1543 1596
408 4 2 1 1 1883 1209 1379 2247
409 4 2 1 1 2357 2375 1628 1909
410 4 2 1 1 1155 1334 2015 1529
411 4 2 1 1 1372 1169 1817 2025
412 4 2 1 1 1236 1563 1416 1631
413 4 2 1 1 1285 1205 1687 2090
414 4 2 1 1 998 2293 699 363
415 4 2 1 1 1833 2291 1732 2255
416 4 2 1 1 1261 2221 1814 1381
417 4 2 1 1 1940 601 1942 945
418 4 2 1 1 110 1694 798 1776
419 4 2 1 1 971 1567 915 1985
420 4 2 1 1 363 2293 2358 1854
421 4 2 1 1 1402 1988 1210 2256
422 4 2 1 1 998 2293 363 1854
423 4 2 1 1 1567 915 1593 2243
424 4 2 1 1 1647 1704 1525 1353
425 4 2 1 1 1378 1558 1214 1678
426 4 2 1 1 1122 726 774 2227
427 4 2 1 1 674 961 1338 1782
428 4 2 1 1 803 1374 1725 249
429 4 2 1 1 1780 1897 1170 2300
430 4 2 1 1 1762 1148 1361 1915
431 4 2 1 1 1352 1451 1255 2119
432 4 2 1 1 1512 1759 1043 1344
433 4 2 1 1 1205 1285 1766 2090
434 4 2 1 1 1224 1979 2368 1475
435 4 2 1 1 760 1801 1484 2003
436 4 2 1 1 1214 1354 1646 1976
437 4 2 1 1 306 1695 1345 1935
438 4 2 1 1 1402 1185 1596 2076
439 4 2 1 1 1703 1872 1591 214
440 4 2 1 1 356 850 912 1861
441 4 2 1 1 1184 2422 1908 1610
442 4 2 1 1 881 1446 119 2005
443 4 2 1 1 1198 1486 1306 1734
444 4 2 1 1 2130 1268 1519 2410
445 4 2 1 1 803 1374 249 251
446 4 2 1 1 1207 1320 1710 2395
447 4 2 1 1 2250 96 174 94
448 4 2 1 1 798 1694 1349 1776
449 4 2 1 1 316 779 406 2285
450 4 2 1 1 1409 1170 1833 1897
451 4 2 1 1 204 208 209 2119
452 4 2 1 1 373 1297 454 442
453 4 2 1 1 81 78 1492 1549
454 4 2 1 1 1181 1331 1568 2148
455 4 2 1 1 775 1676 478 2070
456 4 2 1 1 1833 2291 2255 1637
457 4 2 1 1 1195 1687 1602 2090
458 4 2 1 1 1049 1547 826 1809
459 4 2 1 1 204 1352 1943 2119
460 4 2 1 1 1224 1668 1702 1742
461 4 2 1 1 1139 1363 1662 1842
462 4 2 1 1 1404 1990 1665 1564
463 4 2 1 1 1325 2130 1833 2058
464 4 2 1 1 1297 1822 454 1906
465 4 2 1 1 1327 1875 1576 1934
466 4 2 1 1 2250 174 96 1749
467 4 2 1 1 1762 1361 1148 1772
468 4 2 1 1 1160 1316 1614 2040
469 4 2 1 1 1309 1625 2139 1805
470 4 2 1 1 1453 2055 1955 1619
471 4 2 1 1 1144 1425 1585 1806
472 4 2 1 1 1127 1417 2307 1752
473 4 2 1 1 1718 2024 1393 2092
474 4 2 1 1 9 10 1395 1650
475 4 2 1 1 1224 1668 1742 1979
476 4 2 1 1 1401 1268 2130 2410
477 4 2 1 1 2292 1511 2217 2074
478 4 2 1 1 803 1579 301 1725
479 4 2 1 1 1158 1366 1543 2109
480 4 2 1 1 2085 1400 543 1923
481 4 2 1 1 157 1466 1888 155
482 4 2 1 1 1603 1860 1027 2334
483 4 2 1 1 1594 1724 1615 2026
484 4 2 1 1 407 1368 1741 1775
485 4 2 1 1 414 354 353 2022
486 4 2 1 1 1722 1881 1111 2216
487 4 2 1 1 1901 1944 484 2346
488 4 2 1 1 1475 1443 1979 2034
489 4 2 1 1 1570 1633 1460 1662
490 4 2 1 1 1352 1449 284 1943
491 4 2 1 1 923 37 2046 2420
492 4 2 1 1 999 1390 940 2391
493 4 2 1 1 1475 1443 2034 1236
494 4 2 1 1 99 1548 98 1484
495 4 2 1 1 1160 1685 1316 1792
496 4 2 1 1 408 1547 1405 1703
497 4 2 1 1 1214 1328 1452 1505
498 4 2 1 1 1714 1984 1681 2072
499 4 2 1 1 1400 1403 1202 2070
500 4 2 1 1 1352 1630 646 1677
501 4 2 1 1 1243 1449 1352 1576
502 4 2 1 1 883 335 1798 2033
503 4 2 1 1 1216 1615 2026 2374
504 4 2 1 1 1447 1702 1480 1152
505 4 2 1 1 1563 1631 1236 1518
506 4 2 1 1 73 1382 74 1836
507 4 2 1 1 1176 1315 1709 2007
508 4 2 1 1 1611 2029 1174 2050
509 4 2 1 1 1751 1322 1341 1655
510 4 2 1 1 972 2115 1886 2354
511 4 2 1 1 1139 1662 2087 1842
512 4 2 1 1 1299 1982 1668 2061
513 4 2 1 1 1207 1710 1378 2395
514 4 2 1 1 1178 2065 1383 2192
515 4 2 1 1 401 388 797 2089
516 4 2 1 1 915 540 621 1985
517 4 2 1 1 537 1634 1365 1766
518 4 2 1 1 1217 1639 1422 2194
519 4 2 1 1 1612 1374 246 1892
520 4 2 1 1 1378 1354 1976 2395
521 4 2 1 1 666 1111 1881 2216
522 4 2 1 1 1385 1638 1625 2139
523 4 2 1 1 1159 1530 1623 2062
524 4 2 1 1 1551 898 1837 1324
525 4 2 1 1 889 1837 1953 2127
526 4 2 1 1 1144 1334 1504 2203
527 4 2 1 1 1315 1176 1709 1939
528 4 2 1 1 1210 1988 1527 2256
529 4 2 1 1 1511 1795 1522 2384
530 4 2 1 1 1952 1199 1561 1930
531 4 2 1 1 2227 101 103 1801
532 4 2 1 1 2262 1210 1456 2022
533 4 2 1 1 1368 1663 253 2208
534 4 2 1 1 799 1349 798 932
535 4 2 1 1 1389 1898 1740 2100
536 4 2 1 1 1309 1625 1805 1228
537 4 2 1 1 1596 1402 1210 2256
538 4 2 1 1 1408 1457 1254 1589
539 4 2 1 1 1296 1155 1521 1572
540 4 2 1 1 2227 103 101 1122
541 4 2 1 1 1303 2370 2324 1802
542 4 2 1 1 1152 1480 1330 1744
543 4 2 1 1 768 1654 74 1382
544 4 2 1 1 2225 2080 1611 1335
545 4 2 1 1 2324 2370 1303 1869
546 4 2 1 1 2179 1377 1404 1736
547 4 2 1 1 1487 1626 1317 1652
548 4 2 1 1 73 1653 1382 1836
549 4 2 1 1 1177 1723 2002 2148
550 4 2 1 1 2399 2049 1318 1632
551 4 2 1 1 449 2068 1524 2168
552 4 2 1 1 630 1819 1456 1870
553 4 2 1 1 2361 1934 2173 1508
554 4 2 1 1 992 720 587 1385
555 4 2 1 1 1534 1674 1298 2145
556 4 2 1 1 1449 1472 153 1943
557 4 2 1 1 1686 1914 1265 1986
558 4 2 1 1 1335 2190 2080 1611
559 4 2 1 1 1661 2361 1934 2173
560 4 2 1 1 1239 1550 1381 1945
561 4 2 1 1 247 1374 1892 246
562 4 2 1 1 74 1382 73 2134
563 4 2 1 1 403 1477 1823 2249
564 4 2 1 1 1628 1988 1280 2144
565 4 2 1 1 1798 1783 366 2170
566 4 2 1 1 94 95 93 2250
567 4 2 1 1 628 1405 996 629
568 4 2 1 1 1635 1709 1388 2007
569 4 2 1 1 873 930 167 2341
570 4 2 1 1 1567 1593 915 1985
571 4 2 1 1 1404 1256 1990 1564
572 4 2 1 1 1579 1374 1835 1891
573 4 2 1 1 1563 2153 7 42
574 4 2 1 1 301 259 1725 1935
575 4 2 1 1 1210 1402 1800 1988
576 4 2 1 1 1360 1689 1562 1723
577 4 2 1 1 1558 1678 1378 2037
578 4 2 1 1 1262 1451 1691 1958
579 4 2 1 1 1205 1329 1757 1890
580 4 2 1 1 1307 1895 1182 1920
581 4 2 1 1 1562 1723 1689 2318
582 4 2 1 1 1822 1853 1390 2255
583 4 2 1 1 1351 1291 1781 2164
584 4 2 1 1 1148 1617 1772 2310
585 4 2 1 1 1173 2312 1323 1813
586 4 2 1 1 442 1297 505 2158
587 4 2 1 1 1335 1174 1611 1727
588 4 2 1 1 606 1559 2166 605
589 4 2 1 1 1442 1042 631 2403
590 4 2 1 1 2049 1318 1632 1528
591 4 2 1 1 1385 1749 1625 1192
592 4 2 1 1 1221 1285 1613 2206
593 4 2 1 1 1335 1458 1817 2105
594 4 2 1 1 2050 1174 1347 2057
595 4 2 1 1 1393 2024 1718 2193
596 4 2 1 1 1955 1488 2063 1767
597 4 2 1 1 1548 1716 845 2039
598 4 2 1 1 834 1858 1357 1901
599 4 2 1 1 2399 2049 1632 1231
600 4 2 1 1 1173 1323 2312 1555
601 4 2 1 1 1214 1452 1328 1675
602 4 2 1 1 2290 2047 1277 2133
603 4 2 1 1 299 839 823 2224
604 4 2 1 1 1668 1948 1526 1979
605 4 2 1 1 1375 2124 1720 2188
606 4 2 1 1 834 947 1656 1858
607 4 2 1 1 2292 1511 2074 1376
608 4 2 1 1 623 1775 1741 1371
609 4 2 1 1 15 1364 2077 742
610 4 2 1 1 642 987 427 1961
611 4 2 1 1 178 1721 1717 2258
612 4 2 1 1 1192 1484 1548 1665
613 4 2 1 1 799 1349 932 1770
614 4 2 1 1 1407 1674 1298 2074
615 4 2 1 1 1648 605 2166 1559
616 4 2 1 1 1419 1684 1270 1797
617 4 2 1 1 1456 1851 1258 2022
618 4 2 1 1 254 1620 1401 1725
619 4 2 1 1 1358 1688 1211 1965
620 4 2 1 1 2236 1557 459 2110
621 4 2 1 1 433 1771 508 2162
622 4 2 1 1 1161 1684 1419 1797
623 4 2 1 1 583 879 666 1881
624 4 2 1 1 1262 1691 1451 1903
625 4 2 1 1 2236 459 1557 458
626 4 2 1 1 2352 2394 2056 1652
627 4 2 1 1 856 1373 1858 2030
628 4 2 1 1 1545 1603 1054 2334
629 4 2 1 1 1167 1370 1740 2399
630 4 2 1 1 2150 1408 2014 1353
631 4 2 1 1 1182 1762 1470 2038
632 4 2 1 1 369 1498 271 1953
633 4 2 1 1 999 1707 1390 2391
634 4 2 1 1 1335 1727 1458 2105
635 4 2 1 1 2290 2047 2133 1562
636 4 2 1 1 1955 2063 1488 1149
637 4 2 1 1 1793 1552 1358 1429
638 4 2 1 1 1237 1436 1396 1165
639 4 2 1 1 2399 2049 1231 1740
640 4 2 1 1 1476 1977 1684 2041
641 4 2 1 1 1464 2045 1587 1180
642 4 2 1 1 1293 1925 1890 1735
643 4 2 1 1 1488 2007 1423 2337
644 4 2 1 1 1176 1669 1315 2007
645 4 2 1 1 1382 1653 73 2134
646 4 2 1 1 1172 1513 1355 1636
647 4 2 1 1 2056 2394 2352 1276
648 4 2 1 1 1502 1721 911 1894
649 4 2 1 1 1155 1427 1459 1308
650 4 2 1 1 1952 1199 1930 1386
651 4 2 1 1 1170 1351 1780 2300
652 4 2 1 1 1215 1537 1319 1797
653 4 2 1 1 511 677 711 1916
654 4 2 1 1 1388 1623 1315 1709
655 4 2 1 1 1205 1766 1285 1540
656 4 2 1 1 2154 1479 625 1138
657 4 2 1 1 1342 1470 1762 2229
658 4 2 1 1 1109 1052 622 2274
659 4 2 1 1 10 9 1395 2305
660 4 2 1 1 78 77 81 1492
661 4 2 1 1 885 994 1076 2161
662 4 2 1 1 1504 1528 1318 1984
663 4 2 1 1 1502 1717 818 1721
664 4 2 1 1 495 2346 1067 1582
665 4 2 1 1 1531 1194 1818 1355
666 4 2 1 1 369 1599 1498 1953
667 4 2 1 1 2154 625 1479 2104
668 4 2 1 1 1328 1505 1214 1674
669 4 2 1 1 2389 27 51 1023
670 4 2 1 1 81 1549 1492 1973
671 4 2 1 1 902 1692 1753 1821
672 4 2 1 1 1681 1473 2097 1206
673 4 2 1 1 1682 1818 1194 1355
674 4 2 1 1 1005 2176 1820 2390
675 4 2 1 1 1272 1651 1400 1987
676 4 2 1 1 1208 1853 1822 2255
677 4 2 1 1 307 825 357 2249
678 4 2 1 1 1298 1674 1407 2145
679 4 2 1 1 1329 1156 1516 1602
680 4 2 1 1 2389 51 27 1804
681 4 2 1 1 1327 1934 1576 2266
682 4 2 1 1 402 533 850 2018
683 4 2 1 1 1324 1069 898 2245
684 4 2 1 1 2290 2047 1562 1448
685 4 2 1 1 521 648 1030 1960
686 4 2 1 1 1217 1639 2194 2344
687 4 2 1 1 1263 1875 1327 1934
688 4 2 1 1 1201 1307 1446 1895
689 4 2 1 1 261 1451 219 1924
690 4 2 1 1 1611 1143 2080 1900
691 4 2 1 1 1166 1709 1450 1847
692 4 2 1 1 922 1052 1109 2274
693 4 2 1 1 1013 1698 393 1819
694 4 2 1 1 1534 125 1606 1700
695 4 2 1 1 1335 2190 1611 1174
696 4 2 1 1 838 601 945 1942
697 4 2 1 1 1327 1875 1263 1972
698 4 2 1 1 1500 415 2127 2367
699 4 2 1 1 1636 2372 1513 2386
700 4 2 1 1 1703 1872 2321 1591
701 4 2 1 1 416 1861 1601 2060
702 4 2 1 1 1448 1562 1380 2047
703 4 2 1 1 1534 125 1700 626
704 4 2 1 1 631 324 334 1386
705 4 2 1 1 648 1034 522 1630
706 4 2 1 1 1205 1687 1329 1890
707 4 2 1 1 1620 1725 259 1935
708 4 2 1 1 737 1889 1786 2183
709 4 2 1 1 1097 1338 2061 2091
710 4 2 1 1 899 1759 1392 1799
711 4 2 1 1 1750 1850 1577 2206
712 4 2 1 1 1752 1786 737 1889
713 4 2 1 1 965 851 387 2280
714 4 2 1 1 1795 2196 1522 2384
715 4 2 1 1 1179 1435 1748 1814
716 4 2 1 1 768 1654 1382 1826
717 4 2 1 1 1216 1615 1724 2026
718 4 2 1 1 1168 1748 1411 1951
719 4 2 1 1 1281 1611 1900 2026
720 4 2 1 1 720 587 1385 1583
721 4 2 1 1 1161 1379 1412 2309
722 4 2 1 1 1408 2113 1525 1145
723 4 2 1 1 2203 1984 1528 1504
724 4 2 1 1 1267 1711 1372 2025
725 4 2 1 1 1574 1613 1285 2206
726 4 2 1 1 1139 1494 1363 1842
727 4 2 1 1 1343 1502 1249 1595
728 4 2 1 1 1450 1619 1259 1709
729 4 2 1 1 11 1790 1395 2253
730 4 2 1 1 1369 1621 1255 1764
731 4 2 1 1 1324 1069 2245 2021
732 4 2 1 1 1325 2130 1519 1170
733 4 2 1 1 267 1837 1924 1438
734 4 2 1 1 2113 1353 1525 1704
735 4 2 1 1 2028 1917 1409 1689
736 4 2 1 1 914 2039 1716 2085
737 4 2 1 1 1171 1651 1812 1893
738 4 2 1 1 740 738 1752 1786
739 4 2 1 1 252 301 259 1725
740 4 2 1 1 1324 1226 1551 2021
741 4 2 1 1 1195 1582 1602 1812
742 4 2 1 1 1255 1621 1369 1942
743 4 2 1 1 1312 1846 1680 2212
744 4 2 1 1 1551 898 1324 1069
745 4 2 1 1 914 845 1716 2039
746 4 2 1 1 171 170 176 2282
747 4 2 1 1 82 1856 1549 1973
748 4 2 1 1 117 802 136 1499
749 4 2 1 1 1078 1123 747 2140
750 4 2 1 1 1295 1478 2067 1539
751 4 2 1 1 1235 1673 1493 2131
752 4 2 1 1 2150 1408 1353 1525
753 4 2 1 1 1665 1990 1404 2071
754 4 2 1 1 1450 1709 1315 1847
755 4 2 1 1 1880 2417 2015 1504
756 4 2 1 1 1324 1426 1226 2021
757 4 2 1 1 256 1620 1989 1401
758 4 2 1 1 908 1410 591 2354
759 4 2 1 1 694 692 409 1766
760 4 2 1 1 1328 1675 1452 2224
761 4 2 1 1 1142 2024 2010 2193
762 4 2 1 1 1372 1711 1169 2025
763 4 2 1 1 917 1989 2091 282
764 4 2 1 1 2290 2047 1448 1277
765 4 2 1 1 1042 1578 1442 2111
766 4 2 1 1 2028 1917 1689 1316
767 4 2 1 1 778 1368 1827 253
768 4 2 1 1 1635 1709 1269 2055
769 4 2 1 1 1574 1246 1613 2206
770 4 2 1 1 2015 2417 1880 1459
771 4 2 1 1 373 442 415 1500
772 4 2 1 1 124 1446 1606 1700
773 4 2 1 1 1932 1855 1918 1469
774 4 2 1 1 442 2158 570 1732
775 4 2 1 1 2060 1695 2249 2328
776 4 2 1 1 2010 2024 1393 2193
777 4 2 1 1 424 1982 1824 2061
778 4 2 1 1 2306 1498 369 1599
779 4 2 1 1 1501 1748 1168 2160
780 4 2 1 1 1194 2094 1431 2176
781 4 2 1 1 1411 1748 1696 1951
782 4 2 1 1 1684 1977 1419 2041
783 4 2 1 1 1190 1691 1903 1451
784 4 2 1 1 1412 1510 1215 1631
785 4 2 1 1 138 1444 158 140
786 4 2 1 1 570 2158 442 1011
787 4 2 1 1 1327 1481 1397 1972
788 4 2 1 1 1100 2123 799 906
789 4 2 1 1 298 393 800 1698
790 4 2 1 1 1299 1682 1636 1980
791 4 2 1 1 1702 1782 1338 1845
792 4 2 1 1 1100 799 2123 1590
793 4 2 1 1 2123 799 572 1770
794 4 2 1 1 2359 1309 1805 1228
795 4 2 1 1 1530 1623 1315 2205
796 4 2 1 1 1387 1463 1177 1538
797 4 2 1 1 1400 1923 1403 2070
798 4 2 1 1 1315 1623 1388 2205
799 4 2 1 1 849 230 882 2380
800 4 2 1 1 1187 1557 1479 2066
801 4 2 1 1 1681 2097 1714 1206
802 4 2 1 1 1681 1473 1918 2097
803 4 2 1 1 2335 1554 1545 1183
804 4 2 1 1 260 1904 1451 1922
805 4 2 1 1 1200 1717 1721 2258
806 4 2 1 1 1309 1228 1514 1638
807 4 2 1 1 1485 2203 1334 1144
808 4 2 1 1 1003 1826 1752 2307
809 4 2 1 1 282 1609 1989 2091
810 4 2 1 1 1523 740 1826 2232
811 4 2 1 1 392 1368 253 2208
812 4 2 1 1 606 1559 605 718
813 4 2 1 1 1272 1602 1582 1812
814 4 2 1 1 1249 1502 1343 1894
815 4 2 1 1 1190 1621 1764 1451
816 4 2 1 1 1207 1558 1378 2037
817 4 2 1 1 1184 1655 1445 1784
818 4 2 1 1 1932 1855 1469 1393
819 4 2 1 1 1489 1370 1740 1898
820 4 2 1 1 119 1920 1446 2201
821 4 2 1 1 1209 2043 1379 2247
822 4 2 1 1 768 1654 1826 186
823 4 2 1 1 1186 1464 1350 1975
824 4 2 1 1 1239 1381 1550 1969
825 4 2 1 1 1952 1199 1386 1769
826 4 2 1 1 1061 745 44 2187
827 4 2 1 1 1372 1267 1570 1729
828 4 2 1 1 2347 2374 2026 1434
829 4 2 1 1 1400 1517 1403 1923
830 4 2 1 1 1110 1882 1811 2356
831 4 2 1 1 1204 1641 1864 2004
832 4 2 1 1 961 425 1338 1668
833 4 2 1 1 1365 1536 135 2365
834 4 2 1 1 1903 1907 1172 1448
835 4 2 1 1 1770 2123 799 1590
836 4 2 1 1 819 2181 2270 326
837 4 2 1 1 1250 1757 1536 1830
838 4 2 1 1 493 773 477 2279
839 4 2 1 1 1501 1748 1261 2221
840 4 2 1 1 819 2270 2181 1911
841 4 2 1 1 1156 1602 1329 1830
842 4 2 1 1 1331 1181 1568 1724
843 4 2 1 1 1330 1480 1152 1493
844 4 2 1 1 1224 1948 1668 1979
845 4 2 1 1 1324 1226 1426 1907
846 4 2 1 1 1378 1541 1354 2395
847 4 2 1 1 415 1500 442 1732
848 4 2 1 1 1174 1633 1570 1662
849 4 2 1 1 1333 1487 1193 1652
850 4 2 1 1 1356 1755 1520 1651
851 4 2 1 1 1338 1668 1299 1742
852 4 2 1 1 2400 1181 1397 2148
853 4 2 1 1 1346 1251 1704 2099
854 4 2 1 1 1570 1662 1460 1729
855 4 2 1 1 1944 482 1901 484
856 4 2 1 1 1598 2270 2181 326
857 4 2 1 1 166 1697 1487 2271
858 4 2 1 1 1525 1404 1256 2371
859 4 2 1 1 1207 1715 1320 2395
860 4 2 1 1 267 1924 1837 265
861 4 2 1 1 1747 1546 1336 1501
862 4 2 1 1 1404 1178 1377 2081
863 4 2 1 1 1215 1567 1537 2013
864 4 2 1 1 552 551 593 2372
865 4 2 1 1 1161 1379 1589 1412
866 4 2 1 1 1356 1520 1171 1651
867 4 2 1 1 2181 2270 1218 1911
868 4 2 1 1 707 1541 1354 1878
869 4 2 1 1 1488 1921 1423 2007
870 4 2 1 1 253 1663 1368 1827
871 4 2 1 1 1668 1702 1338 1845
872 4 2 1 1 1615 1750 1481 2020
873 4 2 1 1 38 1364 1672 2128
874 4 2 1 1 1789 2132 1597 1343
875 4 2 1 1 1302 1533 1380 1682
876 4 2 1 1 1223 1474 1389 1828
877 4 2 1 1 646 1630 1352 1904
878 4 2 1 1 1983 1295 2315 1185
879 4 2 1 1 1067 1365 537 1634
880 4 2 1 1 481 478 775 1755
881 4 2 1 1 1221 1693 1508 2361
882 4 2 1 1 1093 1871 1339 1973
883 4 2 1 1 1546 2160 1501 1747
884 4 2 1 1 1773 1171 1356 2233
885 4 2 1 1 1773 1356 1171 1651
886 4 2 1 1 1750 2006 1850 2206
887 4 2 1 1 1824 1982 1299 2061
888 4 2 1 1 1258 1964 1337 2275
889 4 2 1 1 945 1940 1369 1942
890 4 2 1 1 1358 1552 1688 1965
891 4 2 1 1 2092 2194 1199 1718
892 4 2 1 1 803 1374 251 1835
893 4 2 1 1 1148 1445 1341 1784
894 4 2 1 1 495 1582 1067 1634
895 4 2 1 1 505 1297 1497 2158
896 4 2 1 1 1318 1528 1504 1632
897 4 2 1 1 1271 2132 1597 2186
898 4 2 1 1 1140 1501 1381 1945
899 4 2 1 1 937 1476 1592 1962
900 4 2 1 1 1173 1556 1813 1323
901 4 2 1 1 698 2139 1625 1805
902 4 2 1 1 1864 2004 1967 1659
903 4 2 1 1 1176 1363 1460 2010
904 4 2 1 1 1161 1589 1849 1412
905 4 2 1 1 2055 1759 1799 1392
906 4 2 1 1 1522 1795 1511 1200
907 4 2 1 1 799 1349 1770 1590
908 4 2 1 1 902 1692 1098 1753
909 4 2 1 1 1789 2132 1343 890
910 4 2 1 1 1349 1694 932 1770
911 4 2 1 1 2383 1391 1803 238
912 4 2 1 1 2092 2194 1718 1233
913 4 2 1 1 1438 805 1599 2102
914 4 2 1 1 72 74 73 2134
915 4 2 1 1 1414 1665 1266 1716
916 4 2 1 1 2306 369 964 815
917 4 2 1 1 203 1710 1467 1886
918 4 2 1 1 11 1395 1728 2253
919 4 2 1 1 2023 2062 1159 2246
920 4 2 1 1 1438 1599 805 1953
921 4 2 1 1 1193 1487 1333 1627
922 4 2 1 1 768 1654 186 74
923 4 2 1 1 1042 1442 1578 2403
924 4 2 1 1 1173 1556 1375 1813
925 4 2 1 1 1269 1709 1635 2007
926 4 2 1 1 962 1743 1603 2353
927 4 2 1 1 1525 1256 1404 1564
928 4 2 1 1 2315 1295 1983 1478
929 4 2 1 1 1033 1509 1604 1991
930 4 2 1 1 282 1609 1667 1989
931 4 2 1 1 1334 1580 1504 2203
932 4 2 1 1 776 264 2114 2275
933 4 2 1 1 1187 1398 1557 2066
934 4 2 1 1 833 1383 1592 2065
935 4 2 1 1 260 1451 1629 1922
936 4 2 1 1 1445 2212 1846 2422
937 4 2 1 1 407 1741 863 1775
938 4 2 1 1 492 1582 1634 1858
939 4 2 1 1 96 1548 2250 1749
940 4 2 1 1 940 999 683 1390
941 4 2 1 1 2002 1568 2409 1463
942 4 2 1 1 2409 1568 2002 1139
943 4 2 1 1 1274 1953 1837 2127
944 4 2 1 1 1334 1521 1155 2069
945 4 2 1 1 1510 1797 1684 1849
946 4 2 1 1 481 775 1400 1755
947 4 2 1 1 1412 1967 1518 2283
948 4 2 1 1 306 304 1695 1935
949 4 2 1 1 557 1405 996 1819
950 4 2 1 1 80 1553 1575 2143
951 4 2 1 1 1574 1342 1246 2206
952 4 2 1 1 1150 1486 1556 2124
953 4 2 1 1 1401 1667 2130 1268
954 4 2 1 1 1581 1686 1265 1986
955 4 2 1 1 1710 1886 972 2115
956 4 2 1 1 1045 1628 1988 812
957 4 2 1 1 1235 1314 1673 2131
958 4 2 1 1 1356 1755 1651 1676
959 4 2 1 1 1669 2036 1855 2042
960 4 2 1 1 1442 1881 1289 1952
961 4 2 1 1 1543 1596 1462 2067
962 4 2 1 1 1165 2339 1436 2013
963 4 2 1 1 476 775 478 2070
964 4 2 1 1 1149 1673 1780 2063
965 4 2 1 1 1315 1393 2010 2024
966 4 2 1 1 2409 2189 2002 1463
967 4 2 1 1 1798 1783 2170 1252
968 4 2 1 1 1342 1762 1470 1182
969 4 2 1 1 1179 1507 1432 2165
970 4 2 1 1 1328 2088 1675 2224
971 4 2 1 1 2002 2189 2409 1139
972 4 2 1 1 1354 2289 1976 2395
973 4 2 1 1 1093 1339 1871 2019
974 4 2 1 1 1177 2002 1463 2148
975 4 2 1 1 869 317 376 2273
976 4 2 1 1 646 1117 1352 1677
977 4 2 1 1 2375 1280 1628 1909
978 4 2 1 1 1206 1908 1468 1585
979 4 2 1 1 124 1606 125 1700
980 4 2 1 1 999 683 1390 1707
981 4 2 1 1 2375 1628 1280 1158
982 4 2 1 1 247 1374 246 249
983 4 2 1 1 1331 1925 1615 2212
984 4 2 1 1 246 1612 242 2083
985 4 2 1 1 1412 1518 1215 1537
986 4 2 1 1 1017 1395 11 10
987 4 2 1 1 817 1867 1920 2201
988 4 2 1 1 99 98 1548 97
989 4 2 1 1 2092 2194 1233 1429
990 4 2 1 1 1181 1615 1594 1724
991 4 2 1 1 203 1642 1467 1710
992 4 2 1 1 1649 1741 534 2208
993 4 2 1 1 900 882 1535 2385
994 4 2 1 1 1187 1514 1427 1340
995 4 2 1 1 2182 2275 1964 1258
996 4 2 1 1 1451 1621 219 1924
997 4 2 1 1 1932 1855 1393 1229
998 4 2 1 1 2113 1353 1704 1186
999 4 2 1 1 433 1482 1879 2149
1000 4 2 1 1 2131 1659 1538 1204
1001 4 2 1 1 1205 1329 1687 1830
1002 4 2 1 1 1289 2062 2023 2246
1003 4 2 1 1 1196 1662 1794 2190
1004 4 2 1 1 1161 1797 1419 2264
1005 4 2 1 1 1905 1149 1573 1213
1006 4 2 1 1 962 31 1027 1743
1007 4 2 1 1 817 1920 1867 1461
1008 4 2 1 1 1176 1939 1315 2010
1009 4 2 1 1 1445 2422 1216 2212
1010 4 2 1 1 1319 1567 1215 1593
1011 4 2 1 1 1833 2291 1637 1226
1012 4 2 1 1 230 1765 882 2380
1013 4 2 1 1 1288 1707 1663 2391
1014 4 2 1 1 1215 1416 1563 1631
1015 4 2 1 1 1344 1759 1166 1841
1016 4 2 1 1 1216 2422 1445 1915
1017 4 2 1 1 730 6 1701 1839
1018 4 2 1 1 1395 1537 1319 1567
1019 4 2 1 1 2125 122 1050 1700
1020 4 2 1 1 1315 1388 1709 2007
1021 4 2 1 1 99 190 1548 1716
1022 4 2 1 1 183 1648 1332 1811
1023 4 2 1 1 1539 2340 2076 1295
1024 4 2 1 1 1179 1471 1432 1929
1025 4 2 1 1 1368 1663 1288 1792
1026 4 2 1 1 1348 1563 1215 1567
1027 4 2 1 1 1392 2129 1829 2406
1028 4 2 1 1 940 1390 644 1822
1029 4 2 1 1 606 1559 718 2272
1030 4 2 1 1 1257 1482 1323 2162
1031 4 2 1 1 1325 1833 2130 1170
1032 4 2 1 1 261 1629 1451 1924
1033 4 2 1 1 1215 1348 1567 2013
1034 4 2 1 1 1389 1474 1223 1974
1035 4 2 1 1 515 572 2117 2123
1036 4 2 1 1 1344 1759 659 1799
1037 4 2 1 1 1833 2291 1226 1732
1038 4 2 1 1 1144 1585 1504 1806
1039 4 2 1 1 1013 630 1051 1870
1040 4 2 1 1 1205 1757 1329 1830
1041 4 2 1 1 674 961 425 1338
1042 4 2 1 1 1303 1714 1681 2097
1043 4 2 1 1 1883 1209 2247 1699
1044 4 2 1 1 1337 2114 264 2275
1045 4 2 1 1 1309 1625 1228 1638
1046 4 2 1 1 1139 2087 1662 1568
1047 4 2 1 1 1359 1169 1547 2228
1048 4 2 1 1 1187 1427 2155 1340
1049 4 2 1 1 1603 1857 1743 1860
1050 4 2 1 1 338 1952 1442 1386
1051 4 2 1 1 1429 1793 2385 1358
1052 4 2 1 1 1172 1513 1324 1903
1053 4 2 1 1 407 253 392 1368
1054 4 2 1 1 1352 1255 1576 1943
1055 4 2 1 1 1334 1155 1880 2069
1056 4 2 1 1 1404 1377 1178 1736
1057 4 2 1 1 2055 1759 1392 1166
1058 4 2 1 1 1139 1587 1494 2184
1059 4 2 1 1 1363 1139 1788 1321
1060 4 2 1 1 1152 1493 1533 1325
1061 4 2 1 1 1621 1764 1369 1995
1062 4 2 1 1 576 1860 669 2000
1063 4 2 1 1 1062 658 657 1344
1064 4 2 1 1 1152 1744 1268 1840
1065 4 2 1 1 1496 2000 1261 2075
1066 4 2 1 1 1562 1689 1897 2318
1067 4 2 1 1 1464 1529 1550 1296
1068 4 2 1 1 1652 2191 1760 2254
1069 4 2 1 1 165 166 1808 2271
1070 4 2 1 1 1389 1898 462 1974
1071 4 2 1 1 1464 1587 1350 1180
1072 4 2 1 1 2125 1050 122 134
1073 4 2 1 1 1383 2065 1575 2192
1074 4 2 1 1 1045 1628 812 290
1075 4 2 1 1 2383 1391 238 1612
1076 4 2 1 1 124 126 125 1606
1077 4 2 1 1 1467 1642 1280 2297
1078 4 2 1 1 1363 2057 1174 1788
1079 4 2 1 1 2250 92 1068 1625
1080 4 2 1 1 1206 1681 1473 1788
1081 4 2 1 1 1086 1801 760 2003
1082 4 2 1 1 1409 1689 1917 2300
1083 4 2 1 1 2250 1068 92 94
1084 4 2 1 1 1327 1481 1750 2020
1085 4 2 1 1 74 1382 1654 1836
1086 4 2 1 1 119 1446 881 2201
1087 4 2 1 1 200 1868 197 2186
1088 4 2 1 1 1668 424 2061 1982
1089 4 2 1 1 1342 1470 2017 1182
1090 4 2 1 1 1668 424 1982 371
1091 4 2 1 1 1373 1656 675 1858
1092 4 2 1 1 1141 1412 1518 1631
1093 4 2 1 1 1201 1446 1307 1700
1094 4 2 1 1 1932 1855 1229 1918
1095 4 2 1 1 2094 2390 1820 2176
1096 4 2 1 1 514 1541 707 1878
1097 4 2 1 1 882 1765 1358 2380
1098 4 2 1 1 229 1420 935 1663
1099 4 2 1 1 1352 1576 1449 1943
1100 4 2 1 1 88 1575 2064 89
1101 4 2 1 1 1365 1830 1602 1912
1102 4 2 1 1 1407 2217 2074 2292
1103 4 2 1 1 1159 1623 1388 1866
1104 4 2 1 1 1363 1494 1139 1321
1105 4 2 1 1 1214 1328 1674 2141
1106 4 2 1 1 1352 1449 1243 1916
1107 4 2 1 1 1492 1549 78 2210
1108 4 2 1 1 1905 1149 1780 1573
1109 4 2 1 1 1516 1893 1812 1156
1110 4 2 1 1 1303 1681 1918 2097
1111 4 2 1 1 2326 1183 1643 1969
1112 4 2 1 1 1320 1886 2115 2354
1113 4 2 1 1 465 462 1898 1974
1114 4 2 1 1 83 1856 82 1973
1115 4 2 1 1 1615 1724 1331 2212
1116 4 2 1 1 2326 1643 1183 1813
1117 4 2 1 1 1651 1987 1272 1156
1118 4 2 1 1 1261 1748 1501 2160
1119 4 2 1 1 2194 1429 2280 1692
1120 4 2 1 1 1357 1520 1171 1566
1121 4 2 1 1 1453 1269 1955 2055
1122 4 2 1 1 68 765 69 2331
1123 4 2 1 1 1376 1717 1298 2292
1124 4 2 1 1 1484 1548 98 1749
1125 4 2 1 1 2212 1615 2229 1925
1126 4 2 1 1 1168 1336 1480 1754
1127 4 2 1 1 553 1477 403 2249
1128 4 2 1 1 1301 1190 1462 2171
1129 4 2 1 1 1156 1329 1516 1735
1130 4 2 1 1 1198 1524 1708 2068
1131 4 2 1 1 1333 1283 2157 1705
1132 4 2 1 1 1403 1923 488 2070
1133 4 2 1 1 1345 306 1935 2277
1134 4 2 1 1 510 912 632 2159
1135 4 2 1 1 55 1437 1971 2198
1136 4 2 1 1 1363 1788 1950 1321
1137 4 2 1 1 1178 1592 1383 2065
1138 4 2 1 1 1266 1665 1414 1987
1139 4 2 1 1 1043 1759 1512 2285
1140 4 2 1 1 1363 1460 1633 1662
1141 4 2 1 1 1167 1828 1714 1984
1142 4 2 1 1 1215 1510 1412 1797
1143 4 2 1 1 55 1437 54 1971
1144 4 2 1 1 245 1821 1753 2114
1145 4 2 1 1 1202 1356 1676 2107
1146 4 2 1 1 1280 1596 1402 2375
1147 4 2 1 1 1272 1944 1901 2346
1148 4 2 1 1 1511 1779 2351 1376
1149 4 2 1 1 99 190 97 1548
1150 4 2 1 1 1907 2167 1980 2169
1151 4 2 1 1 1322 1341 1784 2379
1152 4 2 1 1 1141 1518 1412 1967
1153 4 2 1 1 1485 1580 1334 2203
1154 4 2 1 1 1516 1346 1893 1156
1155 4 2 1 1 1183 1323 2312 1813
1156 4 2 1 1 1770 2117 1283 1532
1157 4 2 1 1 1288 1792 1663 1873
1158 4 2 1 1 381 1675 839 2224
1159 4 2 1 1 381 1675 2224 2151
1160 4 2 1 1 1527 285 2144 1988
1161 4 2 1 1 1464 1550 1529 1180
1162 4 2 1 1 856 1373 675 1858
1163 4 2 1 1 1049 629 996 1405
1164 4 2 1 1 1393 1199 1718 2092
1165 4 2 1 1 1390 1768 1297 2255
1166 4 2 1 1 1390 1297 1822 2255
1167 4 2 1 1 2384 2310 1617 1148
1168 4 2 1 1 2400 1181 2148 1331
1169 4 2 1 1 1156 1346 1938 1564
1170 4 2 1 1 1369 1265 1914 1986
1171 4 2 1 1 1288 1368 1792 2126
1172 4 2 1 1 1675 381 443 2151
1173 4 2 1 1 1422 1872 586 1657
1174 4 2 1 1 1296 1155 1572 1254
1175 4 2 1 1 1767 1955 1259 2063
1176 4 2 1 1 1167 2072 1522 2196
1177 4 2 1 1 1200 1332 1509 2258
1178 4 2 1 1 768 1382 1658 1826
1179 4 2 1 1 1333 1532 1283 2117
1180 4 2 1 1 1143 1366 1712 1832
1181 4 2 1 1 1786 740 920 1523
1182 4 2 1 1 1354 1307 1646 2289
1183 4 2 1 1 1463 1568 1331 2148
1184 4 2 1 1 391 702 392 2208
1185 4 2 1 1 1432 1507 1240 1326
1186 4 2 1 1 1221 1444 1693 2361
1187 4 2 1 1 730 7 42 1563
1188 4 2 1 1 1176 1950 1363 2010
1189 4 2 1 1 1152 1702 1480 1840
1190 4 2 1 1 1364 1523 1175 1300
1191 4 2 1 1 371 1526 288 1982
1192 4 2 1 1 305 303 363 2358
1193 4 2 1 1 1381 1550 1140 1945
1194 4 2 1 1 402 1413 1823 2018
1195 4 2 1 1 1622 1145 1377 1457
1196 4 2 1 1 1189 1528 1504 2146
1197 4 2 1 1 1375 1720 1550 2188
1198 4 2 1 1 1403 1592 525 1923
1199 4 2 1 1 1495 1863 1830 1990
1200 4 2 1 1 1493 1659 1204 1864
1201 4 2 1 1 419 1871 1093 1973
1202 4 2 1 1 381 1675 466 839
1203 4 2 1 1 2221 1945 1381 1501
1204 4 2 1 1 327 899 1392 1799
1205 4 2 1 1 1331 1463 2148 2400
1206 4 2 1 1 557 1679 1405 1819
1207 4 2 1 1 512 513 514 1878
1208 4 2 1 1 1332 2258 183 2303
1209 4 2 1 1 1166 1709 1635 2055
1210 4 2 1 1 768 1658 1382 2134
1211 4 2 1 1 1568 1662 1139 2057
1212 4 2 1 1 1363 1950 1494 1321
1213 4 2 1 1 1235 1723 1689 2330
1214 4 2 1 1 623 431 535 1741
1215 4 2 1 1 2204 255 967 2044
1216 4 2 1 1 1172 1380 1533 1682
1217 4 2 1 1 1184 1610 1468 1784
1218 4 2 1 1 1768 1390 1853 2255
1219 4 2 1 1 1550 1720 1423 2188
1220 4 2 1 1 1280 1402 1909 2375
1221 4 2 1 1 1413 1436 1244 2018
1222 4 2 1 1 1314 1723 1235 2330
1223 4 2 1 1 2204 967 255 1112
1224 4 2 1 1 1414 1912 1602 1830
1225 4 2 1 1 288 1526 371 1948
1226 4 2 1 1 1502 1595 1343 2393
1227 4 2 1 1 1306 1734 1486 1866
1228 4 2 1 1 444 1026 1378 1678
1229 4 2 1 1 1992 1322 2254 1468
1230 4 2 1 1 1755 876 1356 1520
1231 4 2 1 1 1198 1708 1406 2068
1232 4 2 1 1 1364 1523 743 1658
1233 4 2 1 1 536 2022 2180 1775
1234 4 2 1 1 1184 2422 1610 1445
1235 4 2 1 1 1176 1423 2007 2337
1236 4 2 1 1 1413 1244 1436 1747
1237 4 2 1 1 1168 1501 1336 1754
1238 4 2 1 1 282 1667 272 1989
1239 4 2 1 1 1440 1193 2073 1418
1240 4 2 1 1 1283 1590 1349 2038
1241 4 2 1 1 124 1606 1446 2223
1242 4 2 1 1 1215 1567 1563 1985
1243 4 2 1 1 1284 1678 1558 2037
1244 4 2 1 1 1642 1874 1280 2297
1245 4 2 1 1 1423 1838 1488 2337
1246 4 2 1 1 1363 1174 2057 1662
1247 4 2 1 1 1325 2167 1907 2169
1248 4 2 1 1 1126 1042 1442 2111
1249 4 2 1 1 260 297 1904 1922
1250 4 2 1 1 1377 1525 1251 2113
1251 4 2 1 1 1480 1864 1447 1493
1252 4 2 1 1 1485 2069 1580 2101
1253 4 2 1 1 1427 1227 2015 2155
1254 4 2 1 1 1755 876 1520 482
1255 4 2 1 1 1139 1494 1842 2184
1256 4 2 1 1 369 820 271 1498
1257 4 2 1 1 750 1790 1672 1865
1258 4 2 1 1 1755 1901 1272 1944
1259 4 2 1 1 730 6 7 1701
1260 4 2 1 1 1182 1895 1499 1920
1261 4 2 1 1 15 1364 742 14
1262 4 2 1 1 798 932 1349 1694
1263 4 2 1 1 1196 1729 1662 2190
1264 4 2 1 1 1662 1729 1570 2190
1265 4 2 1 1 1006 2383 687 244
1266 4 2 1 1 1380 1172 1533 2169
1267 4 2 1 1 1461 1182 2017 1590
1268 4 2 1 1 1037 2030 1766 2121
1269 4 2 1 1 35 2302 1786 2353
1270 4 2 1 1 1332 1200 1721 2258
1271 4 2 1 1 374 1698 523 2151
1272 4 2 1 1 1282 2036 1669 2042
1273 4 2 1 1 1476 1684 1270 2041
1274 4 2 1 1 1757 1830 1495 1863
1275 4 2 1 1 306 1695 304 2249
1276 4 2 1 1 1440 1193 2310 1966
1277 4 2 1 1 1006 687 2383 1892
1278 4 2 1 1 416 356 417 1861
1279 4 2 1 1 805 1953 267 1438
1280 4 2 1 1 1215 1518 1412 1631
1281 4 2 1 1 1427 2015 1459 2155
1282 4 2 1 1 1445 1784 1655 1341
1283 4 2 1 1 1180 1423 1550 1720
1284 4 2 1 1 1263 1812 1516 1893
1285 4 2 1 1 1211 1663 1792 1873
1286 4 2 1 1 1576 1934 1875 1243
1287 4 2 1 1 1167 1984 2072 2399
1288 4 2 1 1 1171 1651 1520 1812
1289 4 2 1 1 1150 2108 1486 2124
1290 4 2 1 1 1174 1788 1312 2029
1291 4 2 1 1 2347 1900 1434 2026
1292 4 2 1 1 1325 2120 1562 2318
1293 4 2 1 1 1190 1565 1691 1451
1294 4 2 1 1 77 1492 78 2210
1295 4 2 1 1 1558 2037 1874 1284
1296 4 2 1 1 2379 2352 1617 1992
1297 4 2 1 1 1214 1558 1378 1976
1298 4 2 1 1 114 763 112 1776
1299 4 2 1 1 1369 1940 1472 1942
1300 4 2 1 1 1207 1642 1467 2297
1301 4 2 1 1 1296 1155 1254 1529
1302 4 2 1 1 1302 1682 1380 1818
1303 4 2 1 1 1233 1692 1429 2194
1304 4 2 1 1 1531 1691 1380 2345
1305 4 2 1 1 834 486 492 1901
1306 4 2 1 1 1282 1720 1556 2124
1307 4 2 1 1 1160 1316 1685 1478
1308 4 2 1 1 1152 1493 1480 1447
1309 4 2 1 1 1587 2045 1464 1408
1310 4 2 1 1 1193 1785 1617 2352
1311 4 2 1 1 1906 687 2383 244
1312 4 2 1 1 666 1881 338 1952
1313 4 2 1 1 1390 1706 940 2391
1314 4 2 1 1 940 1706 1390 1822
1315 4 2 1 1 333 336 1386 1644
1316 4 2 1 1 978 458 460 2236
1317 4 2 1 1 42 971 1020 1563
1318 4 2 1 1 1903 1907 1448 1862
1319 4 2 1 1 1364 2077 1523 1300
1320 4 2 1 1 1148 1762 1445 1915
1321 4 2 1 1 88 1575 89 80
1322 4 2 1 1 1152 1519 1330 1325
1323 4 2 1 1 1688 1746 1358 1765
1324 4 2 1 1 1992 1322 1468 1784
1325 4 2 1 1 473 773 1416 1713
1326 4 2 1 1 434 1482 433 2162
1327 4 2 1 1 1565 1958 1691 1451
1328 4 2 1 1 1209 1699 1546 2247
1329 4 2 1 1 1158 1914 1686 1986
1330 4 2 1 1 1093 1871 1119 2019
1331 4 2 1 1 1235 1689 1490 2330
1332 4 2 1 1 1189 1483 1910 2251
1333 4 2 1 1 1206 1585 1468 2072
1334 4 2 1 1 1168 1480 1336 1747
1335 4 2 1 1 607 1590 2123 1499
1336 4 2 1 1 1440 1193 1966 1627
1337 4 2 1 1 38 1015 979 1672
1338 4 2 1 1 1279 1379 1975 2247
1339 4 2 1 1 1906 2383 687 1892
1340 4 2 1 1 80 1553 2143 79
1341 4 2 1 1 1272 1520 1651 1812
1342 4 2 1 1 1798 1783 1252 1949
1343 4 2 1 1 209 1352 1904 715
1344 4 2 1 1 790 1373 1693 2412
1345 4 2 1 1 1250 1665 1414 1716
1346 4 2 1 1 1171 1820 2233 2094
1347 4 2 1 1 114 763 1776 1461
1348 4 2 1 1 503 1799 1624 1344
1349 4 2 1 1 1283 1349 1831 2038
1350 4 2 1 1 740 736 738 1786
1351 4 2 1 1 1747 1546 1244 1699
1352 4 2 1 1 644 1390 683 1803
1353 4 2 1 1 216 1359 214 2200
1354 4 2 1 1 781 1791 1512 2207
1355 4 2 1 1 1812 1893 1263 1994
1356 4 2 1 1 1363 1229 1950 1788
1357 4 2 1 1 833 1592 1383 2039
1358 4 2 1 1 1380 1531 1818 1355
1359 4 2 1 1 1355 1531 1194 1616
1360 4 2 1 1 1603 1384 1857 1860
1361 4 2 1 1 1949 913 980 1482
1362 4 2 1 1 1558 1874 2037 1207
1363 4 2 1 1 361 336 1769 1952
1364 4 2 1 1 920 2077 1786 1523
1365 4 2 1 1 1289 1930 2023 2062
1366 4 2 1 1 1359 2194 1807 2344
1367 4 2 1 1 2380 1793 2032 1358
1368 4 2 1 1 492 1582 495 1634
1369 4 2 1 1 1045 1628 290 2144
1370 4 2 1 1 513 1378 562 2115
1371 4 2 1 1 817 116 1920 1461
1372 4 2 1 1 1338 1742 1299 1815
1373 4 2 1 1 1531 1380 1691 1355
1374 4 2 1 1 1458 1670 1335 1817
1375 4 2 1 1 1142 1372 1729 1965
1376 4 2 1 1 556 1756 1370 1898
1377 4 2 1 1 1597 1868 1271 2186
1378 4 2 1 1 1423 1488 1239 1921
1379 4 2 1 1 1325 2120 1533 2169
1380 4 2 1 1 246 243 1612 1892
1381 4 2 1 1 473 1713 1416 1985
1382 4 2 1 1 100 1484 760 1801
1383 4 2 1 1 1234 1511 1795 1200
1384 4 2 1 1 257 1401 1667 2044
1385 4 2 1 1 1216 1724 1615 2212
1386 4 2 1 1 1171 2233 1820 1356
1387 4 2 1 1 1357 1656 497 2012
1388 4 2 1 1 503 659 1799 1344
1389 4 2 1 1 890 1343 1789 2327
1390 4 2 1 1 1169 1359 1547 1931
1391 4 2 1 1 776 950 777 2275
1392 4 2 1 1 2028 1917 1316 1853
1393 4 2 1 1 1263 1516 1812 2209
1394 4 2 1 1 55 1889 1437 2198
1395 4 2 1 1 1720 1806 1425 1144
1396 4 2 1 1 170 1022 182 2282
1397 4 2 1 1 1577 1246 1342 2206
1398 4 2 1 1 1470 1574 1342 2017
1399 4 2 1 1 447 1491 1524 2149
1400 4 2 1 1 1376 1604 1511 1779
1401 4 2 1 1 1500 1732 415 2367
1402 4 2 1 1 1788 1139 1363 2057
1403 4 2 1 1 2245 1629 273 898
1404 4 2 1 1 920 1786 2077 735
1405 4 2 1 1 1798 1783 1949 366
1406 4 2 1 1 1486 1866 1734 2042
1407 4 2 1 1 1159 2023 1930 2062
1408 4 2 1 1 773 1416 1713 2279
1409 4 2 1 1 1735 1890 1863 1329
1410 4 2 1 1 374 1452 1698 2151
1411 4 2 1 1 1267 1729 1372 2040
1412 4 2 1 1 2026 2416 1143 1594
1413 4 2 1 1 902 1753 245 1821
1414 4 2 1 1 442 1732 1297 2158
1415 4 2 1 1 772 1441 2064 2396
1416 4 2 1 1 543 1923 938 2085
1417 4 2 1 1 1315 1669 1388 2007
1418 4 2 1 1 2380 2032 1793 1544
1419 4 2 1 1 1442 631 1042 1126
1420 4 2 1 1 548 543 938 2085
1421 4 2 1 1 1207 1874 1642 2297
1422 4 2 1 1 1145 1525 1408 1645
1423 4 2 1 1 1983 2235 1884 1600
1424 4 2 1 1 492 1634 501 1858
1425 4 2 1 1 905 1036 1513 1922
1426 4 2 1 1 1459 1308 1910 2263
1427 4 2 1 1 14 1364 38 2128
1428 4 2 1 1 473 773 542 1416
1429 4 2 1 1 1452 1675 1214 2151
1430 4 2 1 1 1696 1748 1294 1951
1431 4 2 1 1 1098 1429 1753 1692
1432 4 2 1 1 226 225 1765 1827
1433 4 2 1 1 1163 1577 1640 1899
1434 4 2 1 1 1388 2108 1486 2392
1435 4 2 1 1 1243 1576 1352 1852
1436 4 2 1 1 473 1416 542 1985
1437 4 2 1 1 416 356 1861 2060
1438 4 2 1 1 1720 1494 1423 1950
1439 4 2 1 1 306 304 307 2249
1440 4 2 1 1 1263 1812 1661 2209
1441 4 2 1 1 1385 720 1666 2139
1442 4 2 1 1 1737 1879 1491 2270
1443 4 2 1 1 1184 1784 1468 1322
1444 4 2 1 1 905 1513 1036 723
1445 4 2 1 1 1706 1822 1208 1853
1446 4 2 1 1 281 1609 527 2001
1447 4 2 1 1 1200 1509 1717 2258
1448 4 2 1 1 1160 1614 1316 1478
1449 4 2 1 1 1207 1378 1976 2395
1450 4 2 1 1 1218 2108 1388 2392
1451 4 2 1 1 1569 1891 1835 2083
1452 4 2 1 1 1270 1684 1510 1797
1453 4 2 1 1 1907 2058 1980 2167
1454 4 2 1 1 1043 1512 780 2285
1455 4 2 1 1 1420 1791 233 2301
1456 4 2 1 1 1279 1975 1641 2247
1457 4 2 1 1 1258 1337 1809 2275
1458 4 2 1 1 1173 2069 1485 2101
1459 4 2 1 1 1563 1567 1348 2153
1460 4 2 1 1 1034 522 1630 2381
1461 4 2 1 1 1952 1199 1769 1561
1462 4 2 1 1 1390 1822 1706 1853
1463 4 2 1 1 1342 1640 1577 1899
1464 4 2 1 1 1515 1560 1362 2261
1465 4 2 1 1 1344 1624 1453 2055
1466 4 2 1 1 1155 1618 1427 1308
1467 4 2 1 1 1176 1939 1767 2376
1468 4 2 1 1 1184 1846 1680 1908
1469 4 2 1 1 1422 586 1872 1025
1470 4 2 1 1 1570 1817 1267 1372
1471 4 2 1 1 751 1971 55 54
1472 4 2 1 1 492 495 501 1634
1473 4 2 1 1 1531 1616 1355 1960
1474 4 2 1 1 1517 1510 1202 2377
1475 4 2 1 1 1482 1257 1323 2211
1476 4 2 1 1 184 183 2258 2303
1477 4 2 1 1 264 1809 1337 2275
1478 4 2 1 1 1515 1362 1588 2261
1479 4 2 1 1 1942 1943 1255 2119
1480 4 2 1 1 1173 1455 1437 2069
1481 4 2 1 1 1850 1320 1207 1715
1482 4 2 1 1 2245 1513 1036 1922
1483 4 2 1 1 1143 1347 2078 2416
1484 4 2 1 1 1465 1361 1281 1407
1485 4 2 1 1 725 1365 1067 1912
1486 4 2 1 1 1176 1363 1494 1842
1487 4 2 1 1 1407 1298 2145 2292
1488 4 2 1 1 1437 1455 1264 2069
1489 4 2 1 1 1541 2289 1354 2395
1490 4 2 1 1 1200 1509 1332 1795
1491 4 2 1 1 1176 1494 1363 1950
1492 4 2 1 1 485 1520 482 1901
1493 4 2 1 1 1386 1769 336 1952
1494 4 2 1 1 289 927 383 2325
1495 4 2 1 1 417 437 1601 1782
1496 4 2 1 1 604 1783 366 1949
1497 4 2 1 1 1362 1198 1560 1708
1498 4 2 1 1 1086 2003 627 2016
1499 4 2 1 1 1336 1279 1641 2247
1500 4 2 1 1 1026 513 444 1378
1501 4 2 1 1 1253 1577 1750 1850
1502 4 2 1 1 1371 1258 1851 2022
1503 4 2 1 1 1884 2235 1498 274
1504 4 2 1 1 1400 1202 1676 2070
1505 4 2 1 1 523 1698 1678 2151
1506 4 2 1 1 805 267 1953 269
1507 4 2 1 1 1401 1667 1268 1989
1508 4 2 1 1 392 534 1741 2208
1509 4 2 1 1 1363 1633 1174 1662
1510 4 2 1 1 2245 1036 1513 723
1511 4 2 1 1 1520 1755 482 1901
1512 4 2 1 1 2230 1065 426 1870
1513 4 2 1 1 1223 1515 1362 1588
1514 4 2 1 1 792 151 141 2238
1515 4 2 1 1 1015 979 1672 2331
1516 4 2 1 1 1327 1972 1263 1481
1517 4 2 1 1 2379 2352 1992 1652
1518 4 2 1 1 557 929 996 1405
1519 4 2 1 1 2230 426 1065 789
1520 4 2 1 1 1335 2190 1174 1817
1521 4 2 1 1 1175 1364 1300 1503
1522 4 2 1 1 1420 1663 1288 1707
1523 4 2 1 1 2372 423 690 552
1524 4 2 1 1 1257 1323 1771 2162
1525 4 2 1 1 27 1362 1804 1896
1526 4 2 1 1 1187 1340 1660 2387
1527 4 2 1 1 1445 1655 1470 1341
1528 4 2 1 1 964 1018 822 2306
1529 4 2 1 1 1690 1259 1955 2063
1530 4 2 1 1 1414 1272 1602 2346
1531 4 2 1 1 1517 1651 1202 1938
1532 4 2 1 1 1517 2185 1510 2377
1533 4 2 1 1 2372 690 423 1636
1534 4 2 1 1 1240 2033 1432 1326
1535 4 2 1 1 1250 1414 1665 1830
1536 4 2 1 1 1176 1709 1939 2376
1537 4 2 1 1 674 1782 1338 2091
1538 4 2 1 1 260 1451 261 1629
1539 4 2 1 1 1260 1553 1575 2192
1540 4 2 1 1 183 1811 1332 2303
1541 4 2 1 1 1576 1875 1327 2404
1542 4 2 1 1 951 1667 2001 1415
1543 4 2 1 1 1049 408 826 1547
1544 4 2 1 1 1244 1546 1506 1699
1545 4 2 1 1 1336 1883 1279 2247
1546 4 2 1 1 1355 1636 1513 2386
1547 4 2 1 1 1589 2296 1457 2421
1548 4 2 1 1 1217 1359 2321 2344
1549 4 2 1 1 1465 1361 1407 1148
1550 4 2 1 1 1356 1171 1520 1820
1551 4 2 1 1 1720 1494 1950 1321
1552 4 2 1 1 558 987 642 1961
1553 4 2 1 1 929 1405 557 1679
1554 4 2 1 1 1166 1344 1841 1619
1555 4 2 1 1 1174 1312 1788 2057
1556 4 2 1 1 1609 1667 1238 2001
1557 4 2 1 1 1098 1429 1692 963
1558 4 2 1 1 772 1441 1805 2064
1559 4 2 1 1 1171 1357 2355 1994
1560 4 2 1 1 1110 1811 2138 2356
1561 4 2 1 1 1344 1453 1220 1619
1562 4 2 1 1 1183 1323 1643 2335
1563 4 2 1 1 1209 1546 2043 2247
1564 4 2 1 1 2182 2275 1258 1775
1565 4 2 1 1 1309 1557 1441 2236
1566 4 2 1 1 1235 1490 2063 2330
1567 4 2 1 1 1162 1343 2145 2163
1568 4 2 1 1 1689 1897 1409 2028
1569 4 2 1 1 713 1732 1415 1834
1570 4 2 1 1 402 1823 1413 2249
1571 4 2 1 1 327 958 899 1799
1572 4 2 1 1 833 1383 2065 2226
1573 4 2 1 1 1026 1378 1678 2037
1574 4 2 1 1 763 1970 1776 1461
1575 4 2 1 1 1423 1838 1494 1180
1576 4 2 1 1 135 1536 1365 1912
1577 4 2 1 1 1250 1912 1414 1830
1578 4 2 1 1 2335 1554 1183 1323
1579 4 2 1 1 238 1612 1391 2207
1580 4 2 1 1 1484 1801 1286 2003
1581 4 2 1 1 2292 1511 1376 1200
1582 4 2 1 1 743 1364 1015 742
1583 4 2 1 1 1412 1279 1967 2283
1584 4 2 1 1 799 1349 1590 798
1585 4 2 1 1 476 488 775 2070
1586 4 2 1 1 1506 1546 1209 1699
1587 4 2 1 1 1235 1723 1314 2131
1588 4 2 1 1 1576 1188 1934 1243
1589 4 2 1 1 1484 1495 1192 2059
1590 4 2 1 1 1676 1778 479 2279
1591 4 2 1 1 1156 1990 1329 1735
1592 4 2 1 1 2359 2064 1805 1441
1593 4 2 1 1 613 1894 911 2166
1594 4 2 1 1 1364 1300 1743 2077
1595 4 2 1 1 1018 1909 1402 2306
1596 4 2 1 1 160 1373 2412 2332
1597 4 2 1 1 1224 1702 1668 1845
1598 4 2 1 1 1079 160 793 2332
1599 4 2 1 1 312 1512 1791 1954
1600 4 2 1 1 1673 1780 1330 1149
1601 4 2 1 1 1702 1815 1742 1338
1602 4 2 1 1 850 955 1861 2018
1603 4 2 1 1 229 1420 1663 1765
1604 4 2 1 1 1150 1556 1486 2211
1605 4 2 1 1 2359 1805 2064 1228
1606 4 2 1 1 2026 2416 1594 1724
1607 4 2 1 1 1145 1404 1525 2371
1608 4 2 1 1 1186 1975 1350 2004
1609 4 2 1 1 1215 1631 1563 1518
1610 4 2 1 1 1217 2321 1670 2344
1611 4 2 1 1 2359 1309 1228 1514
1612 4 2 1 1 1535 1765 225 1827
1613 4 2 1 1 1405 1679 929 2186
1614 4 2 1 1 1904 1922 1057 1960
1615 4 2 1 1 1840 1345 2079 1744
1616 4 2 1 1 1601 1782 1237 1861
1617 4 2 1 1 1485 1588 2269 2261
1618 4 2 1 1 1024 1664 1417 2244
1619 4 2 1 1 972 1886 287 2354
1620 4 2 1 1 1207 1378 1558 1976
1621 4 2 1 1 242 246 243 1612
1622 4 2 1 1 1239 1542 1381 1969
1623 4 2 1 1 675 1656 1373 2332
1624 4 2 1 1 1751 1495 1286 2059
1625 4 2 1 1 1840 1345 1744 1268
1626 4 2 1 1 119 881 120 2201
1627 4 2 1 1 1199 1937 1930 2118
1628 4 2 1 1 1448 1903 1862 2278
1629 4 2 1 1 1311 1531 1616 1571
1630 4 2 1 1 1315 1709 1450 1939
1631 4 2 1 1 1534 1675 1328 2088
1632 4 2 1 1 1369 1942 1621 1995
1633 4 2 1 1 1384 1860 1603 2334
1634 4 2 1 1 1333 1627 1283 1705
1635 4 2 1 1 1272 1400 1651 1755
1636 4 2 1 1 1196 1460 1662 1729
1637 4 2 1 1 1456 1819 1698 1870
1638 4 2 1 1 1588 1485 1232 2261
1639 4 2 1 1 1431 1859 1194 2176
1640 4 2 1 1 1274 1837 1551 2127
1641 4 2 1 1 1564 1647 1191 1704
1642 4 2 1 1 1489 1898 464 1936
1643 4 2 1 1 1752 1826 1290 2307
1644 4 2 1 1 1261 1477 1748 2160
1645 4 2 1 1 696 1428 1888 2084
1646 4 2 1 1 1419 1270 1684 2041
1647 4 2 1 1 472 1403 1713 1962
1648 4 2 1 1 1307 1895 1201 1646
1649 4 2 1 1 1246 1342 1574 2017
1650 4 2 1 1 1594 1615 1181 2020
1651 4 2 1 1 1256 1404 1990 2071
1652 4 2 1 1 1033 1604 1509 2282
1653 4 2 1 1 1370 1231 1607 1731
1654 4 2 1 1 155 1466 1888 2122
1655 4 2 1 1 2131 1659 1204 1493
1656 4 2 1 1 1199 1937 2118 2311
1657 4 2 1 1 1485 1588 2203 1144
1658 4 2 1 1 1465 2217 1999 1148
1659 4 2 1 1 1464 1529 1296 1254
1660 4 2 1 1 623 1371 1741 2215
1661 4 2 1 1 1949 913 1482 1798
1662 4 2 1 1 1184 1445 1610 1784
1663 4 2 1 1 2344 2366 2105 1458
1664 4 2 1 1 571 2127 415 2367
1665 4 2 1 1 750 1865 62 1790
1666 4 2 1 1 2101 1555 2257 1367
1667 4 2 1 1 1162 1927 1343 2163
1668 4 2 1 1 1333 1283 1627 2117
1669 4 2 1 1 750 62 1865 64
1670 4 2 1 1 1379 1279 1883 2247
1671 4 2 1 1 1388 1159 2042 2205
1672 4 2 1 1 1359 1872 214 2200
1673 4 2 1 1 1066 1761 1343 1894
1674 4 2 1 1 1358 1211 1688 1765
1675 4 2 1 1 2359 1309 1514 1441
1676 4 2 1 1 1551 1837 351 2127
1677 4 2 1 1 2325 1960 2386 1355
1678 4 2 1 1 763 112 1776 1970
1679 4 2 1 1 1152 1533 1493 1447
1680 4 2 1 1 1247 1835 1569 1891
1681 4 2 1 1 1594 1615 1253 2374
1682 4 2 1 1 2179 1377 1736 1622
1683 4 2 1 1 1284 1558 1678 1887
1684 4 2 1 1 1097 1338 2091 674
1685 4 2 1 1 57 722 58 2243
1686 4 2 1 1 917 1989 282 791
1687 4 2 1 1 988 1113 821 2235
1688 4 2 1 1 1340 1760 1660 2387
1689 4 2 1 1 850 533 955 2018
1690 4 2 1 1 1207 1976 1715 2395
1691 4 2 1 1 1386 1442 1289 1952
1692 4 2 1 1 837 415 571 2127
1693 4 2 1 1 2310 2351 1511 1779
1694 4 2 1 1 1884 2235 274 877
1695 4 2 1 1 1770 2117 1532 614
1696 4 2 1 1 403 1823 1477 2075
1697 4 2 1 1 1562 1689 1360 2290
1698 4 2 1 1 1550 1720 1375 1529
1699 4 2 1 1 1582 1602 1272 2346
1700 4 2 1 1 99 1716 1484 2227
1701 4 2 1 1 1459 1880 1308 2263
1702 4 2 1 1 909 1489 464 1936
1703 4 2 1 1 1209 1537 1395 1699
1704 4 2 1 1 1526 1668 1299 1982
1705 4 2 1 1 2411 1389 1489 1740
1706 4 2 1 1 1370 1167 1795 2196
1707 4 2 1 1 1722 664 1406 1804
1708 4 2 1 1 2344 2105 2366 1273
1709 4 2 1 1 1636 903 1426 2372
1710 4 2 1 1 1167 1370 1795 2100
1711 4 2 1 1 1215 1319 1593 1797
1712 4 2 1 1 1199 1561 1930 1937
1713 4 2 1 1 1016 1440 1627 2073
1714 4 2 1 1 1336 2283 1883 1165
1715 4 2 1 1 1365 1602 1582 2346
1716 4 2 1 1 2325 2386 1960 383
1717 4 2 1 1 1412 1537 1215 1797
1718 4 2 1 1 1212 1433 1802 1937
1719 4 2 1 1 2199 2046 567 1778
1720 4 2 1 1 1537 1883 1412 2283
1721 4 2 1 1 437 1782 674 2091
1722 4 2 1 1 1953 805 369 1599
1723 4 2 1 1 2199 567 2046 568
1724 4 2 1 1 1957 1151 1473 2097
1725 4 2 1 1 480 876 832 1356
1726 4 2 1 1 231 1746 1420 1765
1727 4 2 1 1 1298 1717 1376 2052
1728 4 2 1 1 1418 1234 1604 2310
1729 4 2 1 1 1140 1381 1501 2082
1730 4 2 1 1 2001 2058 1834 1415
1731 4 2 1 1 1180 1720 1550 1529
1732 4 2 1 1 321 779 318 2425
1733 4 2 1 1 1848 2081 1404 1564
1734 4 2 1 1 110 1540 1776 111
1735 4 2 1 1 1675 2151 1452 2224
1736 4 2 1 1 621 1563 971 1985
1737 4 2 1 1 166 1808 1487 2341
1738 4 2 1 1 1530 1393 2024 2092
1739 4 2 1 1 1380 2152 1818 2345
1740 4 2 1 1 416 417 437 1601
1741 4 2 1 1 1336 1641 1279 1864
1742 4 2 1 1 1176 1460 1363 1842
1743 4 2 1 1 418 368 1003 2307
1744 4 2 1 1 1483 1549 1856 1973
1745 4 2 1 1 1170 1401 1497 2044
1746 4 2 1 1 2028 1917 1853 1409
1747 4 2 1 1 878 666 338 1952
1748 4 2 1 1 1394 1759 1166 2129
1749 4 2 1 1 38 742 1015 1364
1750 4 2 1 1 1392 1166 1759 2129
1751 4 2 1 1 1702 1815 1338 1840
1752 4 2 1 1 2028 1853 2255 1409
1753 4 2 1 1 1624 1929 1453 2055
1754 4 2 1 1 1200 1717 1502 1721
1755 4 2 1 1 513 1026 562 1378
1756 4 2 1 1 1380 1818 1531 2345
1757 4 2 1 1 1199 1561 1937 2311
1758 4 2 1 1 1848 2081 1564 1517
1759 4 2 1 1 1276 1466 1731 1607
1760 4 2 1 1 1307 1920 1867 2201
1761 4 2 1 1 76 1653 73 1836
1762 4 2 1 1 165 166 163 1808
1763 4 2 1 1 309 115 113 1590
1764 4 2 1 1 1775 777 2275 1809
1765 4 2 1 1 1775 777 1809 536
1766 4 2 1 1 2094 2390 2176 1311
1767 4 2 1 1 1646 1976 1354 2289
1768 4 2 1 1 1172 1426 1513 1636
1769 4 2 1 1 68 1672 2331 1865
1770 4 2 1 1 1167 1714 1522 2072
1771 4 2 1 1 1429 1552 1233 2092
1772 4 2 1 1 2171 2278 2234 1584
1773 4 2 1 1 871 1429 1793 2385
1774 4 2 1 1 1723 2148 2087 2002
1775 4 2 1 1 1161 1684 1797 1849
1776 4 2 1 1 812 1909 1628 1988
1777 4 2 1 1 621 1563 1985 622
1778 4 2 1 1 985 1476 1575 2065
1779 4 2 1 1 2234 2278 2171 1190
1780 4 2 1 1 1172 1907 1980 2169
1781 4 2 1 1 2295 1657 718 1559
1782 4 2 1 1 1486 2108 1388 2124
1783 4 2 1 1 1609 1824 527 2001
1784 4 2 1 1 1163 2241 1715 2395
1785 4 2 1 1 1289 1442 1386 2062
1786 4 2 1 1 2359 1309 1441 1805
1787 4 2 1 1 562 1378 1026 1710
1788 4 2 1 1 1721 183 2258 180
1789 4 2 1 1 866 1683 430 1800
1790 4 2 1 1 1434 1900 1646 1976
1791 4 2 1 1 298 1679 1452 1868
1792 4 2 1 1 201 197 2132 2186
1793 4 2 1 1 2295 718 1657 421
1794 4 2 1 1 1148 1617 1341 1772
1795 4 2 1 1 2101 1555 1367 1173
1796 4 2 1 1 1524 2068 1306 2168
1797 4 2 1 1 917 1989 791 957
1798 4 2 1 1 1168 1501 1411 1748
1799 4 2 1 1 2092 2194 1429 1199
1800 4 2 1 1 1163 1646 1434 1899
1801 4 2 1 1 15 1364 14 1743
1802 4 2 1 1 1941 2214 2290 1730
1803 4 2 1 1 1344 1220 1453 1569
1804 4 2 1 1 1513 1960 1262 1355
1805 4 2 1 1 1385 1583 1197 1666
1806 4 2 1 1 2292 1511 1200 2217
1807 4 2 1 1 1381 1140 1550 1902
1808 4 2 1 1 1224 1348 1963 2187
1809 4 2 1 1 1288 1792 1685 2126
1810 4 2 1 1 1429 963 1769 2280
1811 4 2 1 1 1907 1325 2058 2167
1812 4 2 1 1 1444 1605 1265 2006
1813 4 2 1 1 1848 2081 1517 1178
1814 4 2 1 1 1326 1879 1737 2270
1815 4 2 1 1 1358 1688 1552 2032
1816 4 2 1 1 1332 1721 1200 2098
1817 4 2 1 1 2028 2255 1853 1208
1818 4 2 1 1 698 2139 1805 577
1819 4 2 1 1 1476 1575 1260 2143
1820 4 2 1 1 1362 1560 1515 2369
1821 4 2 1 1 623 1775 1371 966
1822 4 2 1 1 1429 1692 963 2280
1823 4 2 1 1 911 1894 1721 2166
1824 4 2 1 1 1320 1715 2241 2395
1825 4 2 1 1 264 1547 220 2114
1826 4 2 1 1 2376 1921 2268 1488
1827 4 2 1 1 433 1482 434 1879
1828 4 2 1 1 327 1392 1598 2424
1829 4 2 1 1 281 526 527 1609
1830 4 2 1 1 743 1082 1015 1658
1831 4 2 1 1 1214 1675 1328 2141
1832 4 2 1 1 76 1653 1836 2143
1833 4 2 1 1 1952 2216 1881 1289
1834 4 2 1 1 816 145 144 2259
1835 4 2 1 1 1903 1907 1862 1324
1836 4 2 1 1 1357 1858 1582 1901
1837 4 2 1 1 1360 1941 1794 2214
1838 4 2 1 1 1214 1678 1558 1887
1839 4 2 1 1 2376 2268 1921 1269
1840 4 2 1 1 2201 118 119 1920
1841 4 2 1 1 1403 472 767 1962
1842 4 2 1 1 776 224 1827 2114
1843 4 2 1 1 1517 2081 1510 2185
1844 4 2 1 1 984 1007 189 2154
1845 4 2 1 1 1496 1860 670 1933
1846 4 2 1 1 1324 1513 1426 2245
1847 4 2 1 1 260 1629 262 1922
1848 4 2 1 1 1152 1325 1330 1493
1849 4 2 1 1 233 1420 231 1791
1850 4 2 1 1 2201 119 118 120
1851 4 2 1 1 1422 586 797 2089
1852 4 2 1 1 1003 740 738 1752
1853 4 2 1 1 430 1683 1402 1800
1854 4 2 1 1 2050 1347 1174 1611
1855 4 2 1 1 2347 1900 2026 1281
1856 4 2 1 1 1394 1166 1759 1841
1857 4 2 1 1 781 1791 2207 235
1858 4 2 1 1 1584 1983 1637 2315
1859 4 2 1 1 513 444 1378 1878
1860 4 2 1 1 1511 1604 1234 2310
1861 4 2 1 1 1466 1231 1731 1607
1862 4 2 1 1 1016 1627 1440 2123
1863 4 2 1 1 570 2367 415 1732
1864 4 2 1 1 778 1368 253 407
1865 4 2 1 1 1336 2283 1279 1883
1866 4 2 1 1 1930 2092 1393 1530
1867 4 2 1 1 80 952 76 2143
1868 4 2 1 1 1334 1806 1720 1144
1869 4 2 1 1 960 619 2336 1991
1870 4 2 1 1 1474 1362 1223 1896
1871 4 2 1 1 1229 2010 1363 1950
1872 4 2 1 1 354 1371 2022 966
1873 4 2 1 1 1770 2117 614 572
1874 4 2 1 1 2309 1883 1209 1379
1875 4 2 1 1 1262 1172 1903 1513
1876 4 2 1 1 893 894 201 2186
1877 4 2 1 1 171 178 1717 2258
1878 4 2 1 1 904 1824 424 1982
1879 4 2 1 1 1171 1571 1439 2388
1880 4 2 1 1 1200 1717 1376 2292
1881 4 2 1 1 1205 1574 1687 1890
1882 4 2 1 1 1380 1818 1682 1355
1883 4 2 1 1 1346 1564 1251 1938
1884 4 2 1 1 204 1352 284 1943
1885 4 2 1 1 1395 1790 11 2305
1886 4 2 1 1 1244 1747 1699 2339
1887 4 2 1 1 389 506 874 2011
1888 4 2 1 1 1506 1546 1244 2373
1889 4 2 1 1 415 2367 570 571
1890 4 2 1 1 1147 1329 1890 1735
1891 4 2 1 1 1896 26 1362 2369
1892 4 2 1 1 1407 1674 1162 2145
1893 4 2 1 1 1205 1536 1365 2365
1894 4 2 1 1 1142 1570 1729 1372
1895 4 2 1 1 1079 793 677 2332
1896 4 2 1 1 1552 1718 1233 2092
1897 4 2 1 1 966 1775 1371 2022
1898 4 2 1 1 1285 1766 2030 2121
1899 4 2 1 1 1329 1830 1863 1990
1900 4 2 1 1 1155 1334 1880 2015
1901 4 2 1 1 1884 2235 877 1600
1902 4 2 1 1 174 1625 1385 1749
1903 4 2 1 1 407 863 1741 431
1904 4 2 1 1 670 747 1496 1933
1905 4 2 1 1 1150 1737 1486 2108
1906 4 2 1 1 2208 2126 1288 1649
1907 4 2 1 1 1289 1442 2062 2246
1908 4 2 1 1 1588 1869 1223 1984
1909 4 2 1 1 201 2132 1591 2186
1910 4 2 1 1 1489 1740 1389 1898
1911 4 2 1 1 1434 1899 1646 2347
1912 4 2 1 1 27 26 2389 1362
1913 4 2 1 1 1191 1704 1647 2413
1914 4 2 1 1 1835 1891 1374 2083
1915 4 2 1 1 156 885 162 1731
1916 4 2 1 1 68 1672 1865 750
1917 4 2 1 1 1323 1183 1643 1813
1918 4 2 1 1 1353 1647 1704 2413
1919 4 2 1 1 907 52 288 1948
1920 4 2 1 1 88 164 90 2064
1921 4 2 1 1 1194 1616 1531 1571
1922 4 2 1 1 1146 1562 1689 1897
1923 4 2 1 1 161 1808 1731 2271
1924 4 2 1 1 1272 1812 1582 1901
1925 4 2 1 1 1876 2019 678 1489
1926 4 2 1 1 767 1592 525 1403
1927 4 2 1 1 2389 1362 26 2369
1928 4 2 1 1 1396 1436 1237 2159
1929 4 2 1 1 701 923 568 2199
1930 4 2 1 1 1688 1552 1142 1965
1931 4 2 1 1 1114 760 98 1749
1932 4 2 1 1 1143 1434 1900 2026
1933 4 2 1 1 1431 1005 50 2176
1934 4 2 1 1 1150 1486 1737 2211
1935 4 2 1 1 1233 2051 1931 1372
1936 4 2 1 1 917 1989 957 2091
1937 4 2 1 1 1205 1365 1766 2365
1938 4 2 1 1 1789 2132 890 195
1939 4 2 1 1 27 2389 26 1023
1940 4 2 1 1 1208 1685 1853 2028
1941 4 2 1 1 1389 1828 1474 2138
1942 4 2 1 1 1395 1650 10 2316
1943 4 2 1 1 1483 1549 1973 1189
1944 4 2 1 1 1022 1779 1376 2223
1945 4 2 1 1 235 781 237 2207
1946 4 2 1 1 776 264 222 2114
1947 4 2 1 1 1238 2058 2001 1415
1948 4 2 1 1 562 1378 1710 2115
1949 4 2 1 1 1939 2010 1142 2024
1950 4 2 1 1 2179 1377 1622 1145
1951 4 2 1 1 1421 1197 1638 2059
1952 4 2 1 1 247 1374 249 2204
1953 4 2 1 1 1579 1374 1891 1725
1954 4 2 1 1 1044 694 130 2121
1955 4 2 1 1 1647 1925 1293 1735
1956 4 2 1 1 1326 1798 1482 1879
1957 4 2 1 1 1354 1541 1378 1878
1958 4 2 1 1 1178 1383 1736 2192
1959 4 2 1 1 1171 1773 1651 2388
1960 4 2 1 1 1186 1350 1587 1796
1961 4 2 1 1 1379 1279 1975 1412
1962 4 2 1 1 1071 2215 1800 1371
1963 4 2 1 1 1354 1700 1307 2125
1964 4 2 1 1 1255 1352 1576 1958
1965 4 2 1 1 1167 2072 1984 1714
1966 4 2 1 1 2373 2140 1506 1933
1967 4 2 1 1 2045 2015 1529 1427
1968 4 2 1 1 1903 1907 1324 1172
1969 4 2 1 1 1147 2209 1508 1687
1970 4 2 1 1 1498 820 1683 2306
1971 4 2 1 1 503 855 1624 1799
1972 4 2 1 1 1241 1543 1366 2416
1973 4 2 1 1 1175 2219 2086 1313
1974 4 2 1 1 1155 1521 1572 2298
1975 4 2 1 1 1262 1172 1513 1355
1976 4 2 1 1 1435 1608 395 1843
1977 4 2 1 1 1145 1514 1427 1457
1978 4 2 1 1 890 310 1004 2327
1979 4 2 1 1 1351 1768 1409 2178
1980 4 2 1 1 1171 1773 1439 2233
1981 4 2 1 1 1231 1731 1370 1936
1982 4 2 1 1 1178 1476 1592 2065
1983 4 2 1 1 519 646 1630 1677
1984 4 2 1 1 1176 1460 1767 1939
1985 4 2 1 1 488 1403 525 1923
1986 4 2 1 1 282 1609 281 1667
1987 4 2 1 1 1735 1863 1890 1293
1988 4 2 1 1 259 1620 254 1725
1989 4 2 1 1 1280 1158 1596 2375
1990 4 2 1 1 1749 2003 1484 2059
1991 4 2 1 1 1323 1555 2095 2312
1992 4 2 1 1 142 1383 2039 833
1993 4 2 1 1 201 211 1591 2132
1994 4 2 1 1 171 178 818 1717
1995 4 2 1 1 1166 1623 1635 1709
1996 4 2 1 1 257 1401 2044 255
1997 4 2 1 1 266 265 267 1837
1998 4 2 1 1 1474 2138 1828 2324
1999 4 2 1 1 1316 1853 1685 2028
2000 4 2 1 1 1894 2166 606 2272
2001 4 2 1 1 735 1786 2077 2353
2002 4 2 1 1 915 971 58 1567
2003 4 2 1 1 1292 2304 1433 1937
2004 4 2 1 1 1576 1943 1255 2407
2005 4 2 1 1 1208 1637 1500 1983
2006 4 2 1 1 1433 2304 1292 1738
2007 4 2 1 1 1253 1615 1594 2020
2008 4 2 1 1 1806 1321 1720 1425
2009 4 2 1 1 1290 1664 1417 2307
2010 4 2 1 1 444 1678 1378 1878
2011 4 2 1 1 1202 1631 1510 2099
2012 4 2 1 1 166 163 1808 2341
2013 4 2 1 1 1338 1668 425 2061
2014 4 2 1 1 257 1401 255 256
2015 4 2 1 1 1580 2069 1485 1334
2016 4 2 1 1 1348 1224 1701 2187
2017 4 2 1 1 1140 1586 1379 1975
2018 4 2 1 1 1298 1534 1606 2074
2019 4 2 1 1 696 1428 2084 529
2020 4 2 1 1 1436 1861 955 2018
2021 4 2 1 1 1808 1888 1317 2341
2022 4 2 1 1 1270 1419 1797 2174
2023 4 2 1 1 1091 1761 1657 1872
2024 4 2 1 1 1189 2049 1528 2146
2025 4 2 1 1 1143 1712 1558 1832
2026 4 2 1 1 1221 1613 1693 1913
2027 4 2 1 1 1172 1380 1682 1355
2028 4 2 1 1 1174 1611 1347 2190
2029 4 2 1 1 1746 1765 230 2380
2030 4 2 1 1 493 479 1778 2279
2031 4 2 1 1 1211 1663 1368 1792
2032 4 2 1 1 1202 1773 1631 2099
2033 4 2 1 1 134 544 121 2125
2034 4 2 1 1 1564 1704 1191 1346
2035 4 2 1 1 890 1343 1066 2132
2036 4 2 1 1 212 1591 214 1703
2037 4 2 1 1 319 320 318 2248
2038 4 2 1 1 1343 1597 2145 2163
2039 4 2 1 1 1286 1484 2003 2059
2040 4 2 1 1 1316 1614 2040 2405
2041 4 2 1 1 580 584 581 2111
2042 4 2 1 1 1518 1537 1412 2283
2043 4 2 1 1 153 1719 1449 2332
2044 4 2 1 1 407 1368 1775 2275
2045 4 2 1 1 776 2114 1827 2275
2046 4 2 1 1 749 1437 55 1889
2047 4 2 1 1 1720 1321 1806 1180
2048 4 2 1 1 1583 1626 441 2415
2049 4 2 1 1 1247 1569 1453 1891
2050 4 2 1 1 1170 1497 1401 1781
2051 4 2 1 1 854 508 433 1771
2052 4 2 1 1 2239 2043 1586 1175
2053 4 2 1 1 1315 1530 1393 2024
2054 4 2 1 1 1026 1710 1378 2037
2055 4 2 1 1 1279 1864 1641 2004
2056 4 2 1 1 807 1621 1995 2102
2057 4 2 1 1 1031 629 1049 1809
2058 4 2 1 1 199 1467 1940 2242
2059 4 2 1 1 1449 1943 1576 2407
2060 4 2 1 1 790 1373 2412 545
2061 4 2 1 1 1070 1012 945 1369
2062 4 2 1 1 1189 1910 1632 2251
2063 4 2 1 1 1528 1588 1223 1984
2064 4 2 1 1 392 534 431 1741
2065 4 2 1 1 592 1074 1835 1854
2066 4 2 1 1 1167 1740 1828 1984
2067 4 2 1 1 1349 1590 1283 1770
2068 4 2 1 1 1220 1512 1344 1619
2069 4 2 1 1 1198 1524 1486 2106
2070 4 2 1 1 1789 2132 195 1597
2071 4 2 1 1 1089 1410 1733 1970
2072 4 2 1 1 2078 1430 1267 2080
2073 4 2 1 1 989 659 1759 1799
2074 4 2 1 1 516 633 699 2293
2075 4 2 1 1 1387 1177 1463 1946
2076 4 2 1 1 1244 1436 1747 2339
2077 4 2 1 1 1066 1343 890 2327
2078 4 2 1 1 1155 1308 1880 2348
2079 4 2 1 1 503 659 855 1799
2080 4 2 1 1 1229 1363 2010 1633
2081 4 2 1 1 1147 1934 1508 2209
2082 4 2 1 1 2223 1022 2052 1376
2083 4 2 1 1 1511 2217 1522 1200
2084 4 2 1 1 597 1097 2061 2091
2085 4 2 1 1 2033 1879 2270 335
2086 4 2 1 1 2078 1267 1430 1998
2087 4 2 1 1 553 403 357 2249
2088 4 2 1 1 1158 1686 1581 1986
2089 4 2 1 1 754 752 753 2244
2090 4 2 1 1 824 1092 287 2354
2091 4 2 1 1 1579 1835 1074 1854
2092 4 2 1 1 82 1549 81 1973
2093 4 2 1 1 28 1804 1474 1896
2094 4 2 1 1 1862 1903 1324 2278
2095 4 2 1 1 1013 1051 1698 1870
2096 4 2 1 1 605 606 413 2166
2097 4 2 1 1 493 479 494 1778
2098 4 2 1 1 1318 2072 1984 2399
2099 4 2 1 1 1362 1560 1198 2261
2100 4 2 1 1 1531 1630 1616 1960
2101 4 2 1 1 1224 1963 1396 2187
2102 4 2 1 1 1174 1347 1662 2190
2103 4 2 1 1 1573 1690 2063 1351
2104 4 2 1 1 1393 1855 1930 2205
2105 4 2 1 1 1579 1374 1725 803
2106 4 2 1 1 1952 1881 2216 666
2107 4 2 1 1 1369 1995 1764 1158
2108 4 2 1 1 1261 1384 1857 1381
2109 4 2 1 1 1702 1815 1840 1152
2110 4 2 1 1 58 915 1567 2243
2111 4 2 1 1 400 835 1471 1919
2112 4 2 1 1 1648 605 1559 1040
2113 4 2 1 1 465 1898 1489 1974
2114 4 2 1 1 817 121 1867 2201
2115 4 2 1 1 1568 2416 1794 1347
2116 4 2 1 1 1272 1651 1520 1755
2117 4 2 1 1 1128 379 418 2307
2118 4 2 1 1 1393 1855 1469 1930
2119 4 2 1 1 1148 1341 1617 1784
2120 4 2 1 1 1371 1210 1800 2022
2121 4 2 1 1 1388 1159 1866 2042
2122 4 2 1 1 1545 1384 1603 2334
2123 4 2 1 1 889 1837 2127 351
2124 4 2 1 1 1545 1603 1384 1183
2125 4 2 1 1 1713 475 2070 1403
2126 4 2 1 1 462 1898 1389 2303
2127 4 2 1 1 648 1034 1630 1960
2128 4 2 1 1 1712 1832 1366 1874
2129 4 2 1 1 1517 1202 1510 1938
2130 4 2 1 1 1522 1999 1305 2072
2131 4 2 1 1 1430 2078 1143 2080
2132 4 2 1 1 867 387 361 1769
2133 4 2 1 1 124 126 1606 2223
2134 4 2 1 1 1065 787 1135 2349
2135 4 2 1 1 1437 1555 1173 2312
2136 4 2 1 1 1875 1972 1327 2404
2137 4 2 1 1 1537 1567 1395 2013
2138 4 2 1 1 2101 1555 1173 1455
2139 4 2 1 1 1167 1740 1984 2399
2140 4 2 1 1 883 335 913 1798
2141 4 2 1 1 1342 1574 1470 1890
2142 4 2 1 1 199 1940 1467 2137
2143 4 2 1 1 1315 2010 1939 2024
2144 4 2 1 1 1171 1520 1357 1812
2145 4 2 1 1 1357 1195 1661 1812
2146 4 2 1 1 785 1642 203 1710
2147 4 2 1 1 712 951 903 2001
2148 4 2 1 1 781 1791 235 312
2149 4 2 1 1 1455 1555 2267 2257
2150 4 2 1 1 390 874 956 2216
2151 4 2 1 1 1281 1900 1611 2225
2152 4 2 1 1 1070 1012 1369 1995
2153 4 2 1 1 1464 1550 1180 1945
2154 4 2 1 1 1278 1454 2319 1957
2155 4 2 1 1 1245 1433 1802 2324
2156 4 2 1 1 1282 1556 1486 2124
2157 4 2 1 1 1210 1712 1527 1456
2158 4 2 1 1 141 139 1444 2412
2159 4 2 1 1 607 2363 136 1499
2160 4 2 1 1 601 1940 1472 1993
2161 4 2 1 1 644 1803 682 1906
2162 4 2 1 1 1646 1674 1214 1900
2163 4 2 1 1 2181 350 1911 1578
2164 4 2 1 1 2045 2008 1408 2014
2165 4 2 1 1 1183 1777 1813 2312
2166 4 2 1 1 1552 1688 1450 2032
2167 4 2 1 1 403 1477 553 2075
2168 4 2 1 1 1329 1863 1757 1890
2169 4 2 1 1 1278 1454 1957 2097
2170 4 2 1 1 1590 1920 1182 1499
2171 4 2 1 1 1453 1569 1220 1891
2172 4 2 1 1 375 2073 843 2419
2173 4 2 1 1 384 1697 1418 2073
2174 4 2 1 1 1017 1395 10 2316
2175 4 2 1 1 496 725 1067 1912
2176 4 2 1 1 871 1429 2385 872
2177 4 2 1 1 327 1799 1392 2424
2178 4 2 1 1 1625 1192 1749 2250
2179 4 2 1 1 1493 1533 1325 2120
2180 4 2 1 1 408 1405 929 1703
2181 4 2 1 1 1183 2302 1777 2312
2182 4 2 1 1 1291 1768 1351 2178
2183 4 2 1 1 441 1626 555 2415
2184 4 2 1 1 1740 2100 1828 1389
2185 4 2 1 1 1483 1549 1189 1910
2186 4 2 1 1 1380 1691 1448 2047
2187 4 2 1 1 1867 1920 1307 1461
2188 4 2 1 1 1420 1746 1688 1765
2189 4 2 1 1 1177 1463 1397 2148
2190 4 2 1 1 720 441 1583 1666
2191 4 2 1 1 1028 2380 2385 948
2192 4 2 1 1 340 1843 1432 2170
2193 4 2 1 1 1336 1699 1165 1883
2194 4 2 1 1 1333 2157 1283 1532
2195 4 2 1 1 384 1418 1697 2329
2196 4 2 1 1 1379 1586 1140 2043
2197 4 2 1 1 749 46 55 1437
2198 4 2 1 1 1747 1546 1699 1336
2199 4 2 1 1 1503 2136 2043 1175
2200 4 2 1 1 1234 2384 2310 1785
2201 4 2 1 1 935 232 1058 1707
2202 4 2 1 1 1886 972 788 1710
2203 4 2 1 1 1227 1816 2008 2014
2204 4 2 1 1 1202 1938 1773 2099
2205 4 2 1 1 1150 1375 1556 2211
2206 4 2 1 1 935 1420 232 1707
2207 4 2 1 1 437 1601 1782 2091
2208 4 2 1 1 854 1771 433 2149
2209 4 2 1 1 1181 1615 1481 2020
2210 4 2 1 1 307 2060 306 2249
2211 4 2 1 1 1484 1749 760 2003
2212 4 2 1 1 1483 1287 1910 2251
2213 4 2 1 1 1370 2399 2196 1607
2214 4 2 1 1 1288 1663 2208 2391
2215 4 2 1 1 1202 1510 1938 2099
2216 4 2 1 1 834 1901 1357 2294
2217 4 2 1 1 1172 1380 1448 2169
2218 4 2 1 1 1433 1738 1245 1802
2219 4 2 1 1 1232 1560 1515 2261
2220 4 2 1 1 1298 2074 1376 2292
2221 4 2 1 1 505 1497 1297 1906
2222 4 2 1 1 1430 1998 1844 2078
2223 4 2 1 1 1097 1338 674 425
2224 4 2 1 1 1274 1637 1584 1983
2225 4 2 1 1 684 683 1707 2301
2226 4 2 1 1 484 482 483 1944
2227 4 2 1 1 484 491 1901 2346
2228 4 2 1 1 2208 2126 1649 1741
2229 4 2 1 1 1179 1432 1471 1843
2230 4 2 1 1 932 1770 1694 2314
2231 4 2 1 1 1290 1826 1752 2232
2232 4 2 1 1 1142 1965 1552 1372
2233 4 2 1 1 322 1829 1578 2181
2234 4 2 1 1 1352 1255 1943 2119
2235 4 2 1 1 1397 1481 1327 2172
2236 4 2 1 1 456 2066 1557 2323
2237 4 2 1 1 1446 1499 1230 1895
2238 4 2 1 1 633 1035 1103 2112
2239 4 2 1 1 1477 1168 1748 2160
2240 4 2 1 1 83 1483 1856 1973
2241 4 2 1 1 4 1859 29 2342
2242 4 2 1 1 1397 1463 1177 1946
2243 4 2 1 1 364 1803 683 2301
2244 4 2 1 1 1228 1383 2192 1736
2245 4 2 1 1 2179 1377 1145 1404
2246 4 2 1 1 1218 1388 1866 2392
2247 4 2 1 1 1647 1925 1735 2400
2248 4 2 1 1 225 1535 882 1765
2249 4 2 1 1 1370 2196 2399 1167
2250 4 2 1 1 1269 2007 1635 2108
2251 4 2 1 1 230 1746 231 1765
2252 4 2 1 1 1215 1593 1567 1985
2253 4 2 1 1 2223 2052 1022 886
2254 4 2 1 1 1176 1842 1494 2337
2255 4 2 1 1 1409 1897 1689 2300
2256 4 2 1 1 1213 1330 1744 1905
2257 4 2 1 1 1241 1366 1543 1596
2258 4 2 1 1 1028 2380 948 849
2259 4 2 1 1 1400 1266 1987 1517
2260 4 2 1 1 1400 1266 1517 1923
2261 4 2 1 1 2208 2126 1741 1368
2262 4 2 1 1 1665 1848 1404 1564
2263 4 2 1 1 1575 1553 88 2064
2264 4 2 1 1 1714 1828 1303 1984
2265 4 2 1 1 99 1484 101 2227
2266 4 2 1 1 1259 1767 1939 2376
2267 4 2 1 1 1385 1666 720 1583
2268 4 2 1 1 2007 2376 2337 1488
2269 4 2 1 1 904 370 372 1982
2270 4 2 1 1 935 1058 714 2391
2271 4 2 1 1 613 911 413 2166
2272 4 2 1 1 245 221 1821 2114
2273 4 2 1 1 872 1753 1429 2385
2274 4 2 1 1 1290 1417 1752 2307
2275 4 2 1 1 1171 1893 1571 2388
2276 4 2 1 1 1665 1990 1156 1564
2277 4 2 1 1 256 1620 1401 254
2278 4 2 1 1 1126 584 1042 2111
2279 4 2 1 1 889 837 1009 2127
2280 4 2 1 1 1252 1435 1814 1384
2281 4 2 1 1 2337 2376 2007 1176
2282 4 2 1 1 775 543 481 1400
2283 4 2 1 1 167 1888 1808 2341
2284 4 2 1 1 935 1707 1058 2391
2285 4 2 1 1 1259 1939 1709 2376
2286 4 2 1 1 1426 1980 1907 2058
2287 4 2 1 1 41 1367 1771 2281
2288 4 2 1 1 1173 1485 2069 1334
2289 4 2 1 1 1517 1938 1510 2081
2290 4 2 1 1 527 1609 526 1824
2291 4 2 1 1 696 167 930 2084
2292 4 2 1 1 1558 1832 1712 1874
2293 4 2 1 1 1328 1868 1452 1763
2294 4 2 1 1 277 2230 286 1527
2295 4 2 1 1 1162 1407 2145 2292
2296 4 2 1 1 989 958 659 1799
2297 4 2 1 1 1171 2355 1357 1566
2298 4 2 1 1 1565 1691 1277 2234
2299 4 2 1 1 1346 1938 1251 2099
2300 4 2 1 1 706 1339 1876 1973
2301 4 2 1 1 1450 1709 1259 1939
2302 4 2 1 1 1262 1960 1531 1355
2303 4 2 1 1 1370 2196 1795 2350
2304 4 2 1 1 663 1811 1110 1882
2305 4 2 1 1 1504 1632 1189 2417
2306 4 2 1 1 1415 1732 713 2158
2307 4 2 1 1 1093 1339 706 1973
2308 4 2 1 1 1301 1462 1190 1764
2309 4 2 1 1 11 10 1395 2305
2310 4 2 1 1 141 148 139 2412
2311 4 2 1 1 1635 2007 1388 2108
2312 4 2 1 1 286 2230 277 789
2313 4 2 1 1 384 564 563 2329
2314 4 2 1 1 1448 1691 1277 2047
2315 4 2 1 1 1367 41 1771 2257
2316 4 2 1 1 911 1502 818 1721
2317 4 2 1 1 1527 1712 1284 1456
2318 4 2 1 1 1012 945 1369 1942
2319 4 2 1 1 1306 1486 1524 2392
2320 4 2 1 1 142 1383 833 93
2321 4 2 1 1 1347 1794 1662 2190
2322 4 2 1 1 586 1422 1657 2089
2323 4 2 1 1 132 1693 1613 1913
2324 4 2 1 1 1293 1445 1655 1470
2325 4 2 1 1 2033 1879 335 1798
2326 4 2 1 1 1321 1680 1587 1139
2327 4 2 1 1 2327 1502 816 954
2328 4 2 1 1 1162 2145 1343 2393
2329 4 2 1 1 889 1837 351 268
2330 4 2 1 1 1283 1349 1770 1831
2331 4 2 1 1 179 184 183 2258
2332 4 2 1 1 344 329 819 2270
2333 4 2 1 1 100 760 143 1801
2334 4 2 1 1 1240 1432 1919 1929
2335 4 2 1 1 1352 1243 1677 1916
2336 4 2 1 1 55 46 54 1437
2337 4 2 1 1 1485 1556 1173 2106
2338 4 2 1 1 704 1554 1603 2213
2339 4 2 1 1 265 1837 1629 1924
2340 4 2 1 1 1406 1722 1212 2023
2341 4 2 1 1 110 1540 111 109
2342 4 2 1 1 1193 1627 1333 1705
2343 4 2 1 1 1612 1892 243 2383
2344 4 2 1 1 1274 1500 1637 1983
2345 4 2 1 1 174 673 1385 1625
2346 4 2 1 1 2327 816 1502 2259
2347 4 2 1 1 1148 1361 1671 1772
2348 4 2 1 1 1840 1345 1268 1601
2349 4 2 1 1 1305 1999 1610 2072
2350 4 2 1 1 232 1420 233 2301
2351 4 2 1 1 2332 153 150 793
2352 4 2 1 1 2332 150 153 1719
2353 4 2 1 1 1194 1526 1355 2325
2354 4 2 1 1 1143 1434 1558 1900
2355 4 2 1 1 1108 1805 1625 2064
2356 4 2 1 1 1357 1656 1243 1661
2357 4 2 1 1 169 1693 2030 2121
2358 4 2 1 1 1431 1005 2176 1820
2359 4 2 1 1 1481 2020 1327 2172
2360 4 2 1 1 2400 1181 1331 1481
2361 4 2 1 1 1004 310 954 2327
2362 4 2 1 1 434 1482 913 1879
2363 4 2 1 1 2380 848 230 1746
2364 4 2 1 1 1018 1683 2306 1402
2365 4 2 1 1 1503 1364 2136 1175
2366 4 2 1 1 1539 1844 1210 1851
2367 4 2 1 1 1313 1865 2175 2264
2368 4 2 1 1 1146 1689 1562 2290
2369 4 2 1 1 1166 1450 1619 1841
2370 4 2 1 1 1206 1908 1585 1788
2371 4 2 1 1 410 1733 131 1970
2372 4 2 1 1 1183 1554 2302 2312
2373 4 2 1 1 1352 1451 209 1904
2374 4 2 1 1 1353 1186 1587 1796
2375 4 2 1 1 497 834 1357 2294
2376 4 2 1 1 1302 1380 1533 2120
2377 4 2 1 1 1471 1919 1432 1929
2378 4 2 1 1 430 1800 1402 1988
2379 4 2 1 1 1223 1389 1740 1828
2380 4 2 1 1 1330 1149 1213 1951
2381 4 2 1 1 2380 230 848 849
2382 4 2 1 1 1485 1173 2101 2106
2383 4 2 1 1 1198 1367 1560 2147
2384 4 2 1 1 254 1725 1401 2204
2385 4 2 1 1 1317 2056 1808 2394
2386 4 2 1 1 1591 1091 1872 1761
2387 4 2 1 1 1176 1315 1669 2010
2388 4 2 1 1 1169 1711 1372 1931
2389 4 2 1 1 1158 1956 1581 2109
2390 4 2 1 1 1527 2144 285 277
2391 4 2 1 1 1232 1515 1588 2261
2392 4 2 1 1 1433 1722 616 2216
2393 4 2 1 1 1252 1783 1435 1384
2394 4 2 1 1 1888 1808 2056 1466
2395 4 2 1 1 1729 1965 1372 2040
2396 4 2 1 1 1156 1329 1990 1830
2397 4 2 1 1 1264 1455 1437 1971
2398 4 2 1 1 1212 1802 1469 1937
2399 4 2 1 1 1568 2416 2214 1794
2400 4 2 1 1 42 1567 2153 733
2401 4 2 1 1 1154 1495 2157 1751
2402 4 2 1 1 1689 1235 1897 2318
2403 4 2 1 1 1223 1362 1515 1896
2404 4 2 1 1 1586 2043 1739 1175
2405 4 2 1 1 439 438 2066 2220
2406 4 2 1 1 1066 1894 1343 2327
2407 4 2 1 1 322 1578 1829 2403
2408 4 2 1 1 1184 1655 1784 1322
2409 4 2 1 1 1362 1198 1708 2103
2410 4 2 1 1 1305 2195 1992 2352
2411 4 2 1 1 298 206 1679 1868
2412 4 2 1 1 760 1484 98 1749
2413 4 2 1 1 306 840 888 2277
2414 4 2 1 1 1948 371 573 1668
2415 4 2 1 1 536 2022 1775 966
2416 4 2 1 1 1837 267 1953 1438
2417 4 2 1 1 807 2102 1995 2357
2418 4 2 1 1 1948 573 371 907
2419 4 2 1 1 1399 1965 1729 2040
2420 4 2 1 1 220 221 222 2114
2421 4 2 1 1 1468 1610 1184 1908
2422 4 2 1 1 1220 1891 2083 2164
2423 4 2 1 1 1929 1726 2035 1247
2424 4 2 1 1 456 1557 452 2323
2425 4 2 1 1 1449 1472 1188 1719
2426 4 2 1 1 1328 2163 1868 1763
2427 4 2 1 1 642 1604 1418 2329
2428 4 2 1 1 1251 1564 1404 2081
2429 4 2 1 1 68 64 750 1865
2430 4 2 1 1 614 504 572 2117
2431 4 2 1 1 1203 1618 1457 2086
2432 4 2 1 1 639 641 507 2138
2433 4 2 1 1 536 2022 966 414
2434 4 2 1 1 1146 1897 1689 2028
2435 4 2 1 1 2116 1895 1772 1230
2436 4 2 1 1 1147 1329 1735 2209
2437 4 2 1 1 1333 1627 1487 2231
2438 4 2 1 1 1207 1686 1467 1886
2439 4 2 1 1 2333 1479 1557 2104
2440 4 2 1 1 481 1400 543 1944
2441 4 2 1 1 110 1540 109 1694
2442 4 2 1 1 1416 1631 1202 2107
2443 4 2 1 1 1205 1830 1687 2090
2444 4 2 1 1 1205 1757 1470 1890
2445 4 2 1 1 1215 1537 1518 2013
2446 4 2 1 1 1173 2069 1437 2312
2447 4 2 1 1 226 1765 1663 1827
2448 4 2 1 1 2101 1555 1455 2257
2449 4 2 1 1 2333 1557 1479 1187
2450 4 2 1 1 2170 395 836 1843
2451 4 2 1 1 767 470 590 1962
2452 4 2 1 1 1779 1418 1961 642
2453 4 2 1 1 149 1717 2052 2282
2454 4 2 1 1 1448 1277 1691 2234
2455 4 2 1 1 1487 1317 1808 2394
2456 4 2 1 1 2170 836 395 346
2457 4 2 1 1 1152 1325 1533 2167
2458 4 2 1 1 260 219 261 1451
2459 4 2 1 1 1320 1605 1221 1850
2460 4 2 1 1 1393 1530 1315 2205
2461 4 2 1 1 1860 2000 1384 1261
2462 4 2 1 1 1201 1354 1646 2141
2463 4 2 1 1 1401 2044 1170 2130
2464 4 2 1 1 1348 1701 7 2187
2465 4 2 1 1 154 153 1472 1943
2466 4 2 1 1 62 1790 2243 2305
2467 4 2 1 1 1679 1698 1225 1819
2468 4 2 1 1 1949 366 603 1798
2469 4 2 1 1 665 1111 1722 1881
2470 4 2 1 1 1380 1562 1448 2169
2471 4 2 1 1 1545 1603 1554 2213
2472 4 2 1 1 1651 1773 1346 2388
2473 4 2 1 1 1205 1536 1757 1830
2474 4 2 1 1 720 1385 673 2139
2475 4 2 1 1 1644 2092 1386 1275
2476 4 2 1 1 1515 1560 1232 2265
2477 4 2 1 1 2221 1945 1501 1947
2478 4 2 1 1 929 408 1049 1405
2479 4 2 1 1 1876 706 2019 1339
2480 4 2 1 1 2093 2180 1809 1405
2481 4 2 1 1 1145 1622 1514 1457
2482 4 2 1 1 1422 1639 1217 1657
2483 4 2 1 1 2238 2412 1444 1719
2484 4 2 1 1 882 2380 1358 2385
2485 4 2 1 1 1385 1625 673 2139
2486 4 2 1 1 2415 440 441 1583
2487 4 2 1 1 1760 1652 1197 2191
2488 4 2 1 1 1150 1643 1375 2211
2489 4 2 1 1 1278 2029 1473 2105
2490 4 2 1 1 1331 1568 1463 2409
2491 4 2 1 1 767 1592 1403 1962
2492 4 2 1 1 1265 1605 1444 1993
2493 4 2 1 1 1876 2019 706 678
2494 4 2 1 1 1032 1354 708 2287
2495 4 2 1 1 1414 1602 1272 1987
2496 4 2 1 1 428 429 396 2000
2497 4 2 1 1 1888 2056 1808 1317
2498 4 2 1 1 1280 1642 1467 2144
2499 4 2 1 1 1855 2036 1424 2042
2500 4 2 1 1 1170 2044 1497 1833
2501 4 2 1 1 121 2125 1867 2201
2502 4 2 1 1 1229 1855 1669 2036
2503 4 2 1 1 228 1663 226 1765
2504 4 2 1 1 1720 2124 1423 2188
2505 4 2 1 1 1717 1502 816 2259
2506 4 2 1 1 1320 1207 1710 1886
2507 4 2 1 1 1359 1547 1703 2228
2508 4 2 1 1 1401 256 254 255
2509 4 2 1 1 1240 1218 1635 1392
2510 4 2 1 1 1221 2006 1444 2361
2511 4 2 1 1 1013 393 1008 1819
2512 4 2 1 1 542 1416 916 2274
2513 4 2 1 1 1450 1841 1166 2364
2514 4 2 1 1 2415 441 440 436
2515 4 2 1 1 132 1613 1693 2121
2516 4 2 1 1 1027 1743 1087 1860
2517 4 2 1 1 222 221 223 2114
2518 4 2 1 1 1476 1260 1977 2143
2519 4 2 1 1 1688 1142 1552 1450
2520 4 2 1 1 1933 2128 45 1506
2521 4 2 1 1 1464 1589 1186 1408
2522 4 2 1 1 1933 45 2128 746
2523 4 2 1 1 1623 2062 1530 1275
2524 4 2 1 1 1786 1889 1248 2183
2525 4 2 1 1 1905 1149 1213 1330
2526 4 2 1 1 1355 1526 1194 1682
2527 4 2 1 1 1071 1800 2215 866
2528 4 2 1 1 2413 1186 1353 1796
2529 4 2 1 1 1201 1606 1534 2074
2530 4 2 1 1 1452 1887 1698 2151
2531 4 2 1 1 1393 1718 1199 2118
2532 4 2 1 1 1255 1369 1764 1986
2533 4 2 1 1 811 1995 1070 2137
2534 4 2 1 1 1180 1529 1464 2045
2535 4 2 1 1 131 1733 1613 1970
2536 4 2 1 1 362 390 878 1952
2537 4 2 1 1 1464 1589 1408 1254
2538 4 2 1 1 1480 1702 1237 1840
2539 4 2 1 1 1929 1569 1453 1247
2540 4 2 1 1 1251 1525 1404 1564
2541 4 2 1 1 2112 825 553 1035
2542 4 2 1 1 1399 1959 1928 2362
2543 4 2 1 1 1181 2020 1481 2172
2544 4 2 1 1 1523 1658 1364 1175
2545 4 2 1 1 277 1642 1527 2144
2546 4 2 1 1 1486 1524 1257 2106
2547 4 2 1 1 2228 1225 1679 1763
2548 4 2 1 1 327 1598 1392 2181
2549 4 2 1 1 2112 553 2249 1477
2550 4 2 1 1 1828 2138 1245 2324
2551 4 2 1 1 1235 1330 1673 1780
2552 4 2 1 1 505 1497 688 2158
2553 4 2 1 1 1717 816 1502 818
2554 4 2 1 1 1396 1845 1224 2187
2555 4 2 1 1 1582 1901 491 2346
2556 4 2 1 1 1266 1716 2039 2085
2557 4 2 1 1 1177 1538 1463 2002
2558 4 2 1 1 1848 2081 1178 1404
2559 4 2 1 1 1431 1194 2034 2094
2560 4 2 1 1 945 1070 1369 1940
2561 4 2 1 1 1214 1674 1505 1900
2562 4 2 1 1 600 1675 839 974
2563 4 2 1 1 1208 1500 1637 2255
2564 4 2 1 1 1128 1024 1664 2307
2565 4 2 1 1 1066 1343 1761 2132
2566 4 2 1 1 1328 1452 1505 1763
2567 4 2 1 1 9 34 10 1650
2568 4 2 1 1 1183 2312 1323 1554
2569 4 2 1 1 2379 2352 1652 1193
2570 4 2 1 1 1619 1259 1709 1955
2571 4 2 1 1 1413 1861 1436 2018
2572 4 2 1 1 1157 1652 1760 2254
2573 4 2 1 1 1660 2155 1885 2254
2574 4 2 1 1 2220 2066 2323 1398
2575 4 2 1 1 1181 1481 1397 2172
2576 4 2 1 1 1533 2120 1493 1447
2577 4 2 1 1 1722 1937 1212 2023
2578 4 2 1 1 1330 1213 1744 1951
2579 4 2 1 1 226 225 227 1765
2580 4 2 1 1 2194 2280 1429 1199
2581 4 2 1 1 788 1710 203 1886
2582 4 2 1 1 282 281 272 1667
2583 4 2 1 1 1369 1070 1995 2137
2584 4 2 1 1 1272 1901 1582 2346
2585 4 2 1 1 201 197 211 2132
2586 4 2 1 1 1286 1495 1484 2059
2587 4 2 1 1 1415 713 1834 294
2588 4 2 1 1 707 1354 1541 2125
2589 4 2 1 1 578 2147 448 1524
2590 4 2 1 1 1325 2130 2058 2167
2591 4 2 1 1 2150 2189 1846 1647
2592 4 2 1 1 798 108 932 1694
2593 4 2 1 1 1448 1691 1172 1903
2594 4 2 1 1 485 876 482 1520
2595 4 2 1 1 448 2147 578 585
2596 4 2 1 1 1522 2072 1305 2196
2597 4 2 1 1 1268 2091 1601 2277
2598 4 2 1 1 1186 1350 1796 2004
2599 4 2 1 1 1171 1566 1520 1820
2600 4 2 1 1 1636 1824 904 1982
2601 4 2 1 1 1357 1661 1243 1994
2602 4 2 1 1 1495 1757 1250 1830
2603 4 2 1 1 1257 1737 1491 2392
2604 4 2 1 1 582 1881 1406 2068
2605 4 2 1 1 1327 1263 1934 1481
2606 4 2 1 1 1188 1934 1750 2266
2607 4 2 1 1 1702 1815 1152 1742
2608 4 2 1 1 1254 1589 1457 2421
2609 4 2 1 1 1486 1866 1388 2392
2610 4 2 1 1 1248 1786 1752 1889
2611 4 2 1 1 263 1629 265 1837
2612 4 2 1 1 299 205 298 1452
2613 4 2 1 1 332 1798 1432 2033
2614 4 2 1 1 1647 1846 1331 2189
2615 4 2 1 1 1172 1691 1380 1355
2616 4 2 1 1 1153 1691 1531 2345
2617 4 2 1 1 419 1492 1871 1973
2618 4 2 1 1 1147 1329 2209 1687
2619 4 2 1 1 434 433 508 2162
2620 4 2 1 1 1375 1556 1173 1334
2621 4 2 1 1 776 778 950 2275
2622 4 2 1 1 1187 1459 1427 1308
2623 4 2 1 1 1218 1623 1388 1635
2624 4 2 1 1 390 1111 666 2216
2625 4 2 1 1 1320 1221 1605 1733
2626 4 2 1 1 1172 1448 1380 1691
2627 4 2 1 1 760 1749 710 2003
2628 4 2 1 1 805 1438 267 2102
2629 4 2 1 1 1064 1414 612 1716
2630 4 2 1 1 1278 2105 1727 2029
2631 4 2 1 1 2093 2180 1405 1926
2632 4 2 1 1 1450 1166 1847 2364
2633 4 2 1 1 1156 1516 1346 1735
2634 4 2 1 1 1221 1850 2006 2206
2635 4 2 1 1 711 284 1117 1916
2636 4 2 1 1 99 100 101 1484
2637 4 2 1 1 1439 1571 1171 2094
2638 4 2 1 1 1188 1472 1449 2407
2639 4 2 1 1 1027 685 1603 2334
2640 4 2 1 1 1342 1577 1640 1246
2641 4 2 1 1 768 541 1658 2134
2642 4 2 1 1 879 1442 338 1881
2643 4 2 1 1 456 439 2066 2323
2644 4 2 1 1 1155 1968 1521 2298
2645 4 2 1 1 1343 1927 1597 2163
2646 4 2 1 1 1152 1480 1744 1840
2647 4 2 1 1 1956 2020 1581 2109
2648 4 2 1 1 1941 2290 2214 1360
2649 4 2 1 1 997 1578 1042 2111
2650 4 2 1 1 515 572 504 2117
2651 4 2 1 1 1343 1595 1249 2031
2652 4 2 1 1 910 1117 1677 1916
2653 4 2 1 1 1366 1844 1712 2256
2654 4 2 1 1 682 644 683 1803
2655 4 2 1 1 1219 2092 1644 1275
2656 4 2 1 1 1465 2029 1611 2050
2657 4 2 1 1 1257 1486 1737 2392
2658 4 2 1 1 1405 929 1703 2186
2659 4 2 1 1 149 170 1717 2282
2660 4 2 1 1 1389 1245 1828 2138
2661 4 2 1 1 1174 1633 1363 1788
2662 4 2 1 1 2299 1985 764 1593
2663 4 2 1 1 935 714 2208 2391
2664 4 2 1 1 1414 1987 1665 1830
2665 4 2 1 1 1406 1881 1722 2023
2666 4 2 1 1 1089 700 1410 1970
2667 4 2 1 1 1167 2072 2196 2399
2668 4 2 1 1 1173 1521 2069 2312
2669 4 2 1 1 174 1114 96 1749
2670 4 2 1 1 1194 1355 1616 2325
2671 4 2 1 1 1282 1424 2042 2269
2672 4 2 1 1 720 673 530 2139
2673 4 2 1 1 764 1985 2299 540
2674 4 2 1 1 1221 1508 2006 2361
2675 4 2 1 1 2090 1582 1365 1602
2676 4 2 1 1 142 1383 93 2250
2677 4 2 1 1 1293 1655 1647 1863
2678 4 2 1 1 1647 1655 1256 1863
2679 4 2 1 1 1537 1209 2175 2309
2680 4 2 1 1 1273 2344 2194 1639
2681 4 2 1 1 1491 344 2270 1879
2682 4 2 1 1 274 279 877 2235
2683 4 2 1 1 789 278 787 2230
2684 4 2 1 1 447 1524 448 2149
2685 4 2 1 1 1046 898 1069 2245
2686 4 2 1 1 27 1804 1362 2389
2687 4 2 1 1 1468 1585 1318 2072
2688 4 2 1 1 1491 344 1879 365
2689 4 2 1 1 1337 1964 1258 2093
2690 4 2 1 1 205 1452 299 2224
2691 4 2 1 1 1231 1607 1632 2399
2692 4 2 1 1 1104 700 300 1461
2693 4 2 1 1 1983 2028 1637 2315
2694 4 2 1 1 1312 2029 1465 2050
2695 4 2 1 1 1585 1908 1321 1788
2696 4 2 1 1 1305 1468 1784 1992
2697 4 2 1 1 2194 2344 1273 1807
2698 4 2 1 1 781 1791 312 1512
2699 4 2 1 1 1176 1423 1494 1950
2700 4 2 1 1 1590 1920 1499 115
2701 4 2 1 1 1367 1198 1560 2261
2702 4 2 1 1 1166 2055 1344 1619
2703 4 2 1 1 1192 1749 1484 2059
2704 4 2 1 1 1540 1776 111 2237
2705 4 2 1 1 940 683 644 1390
2706 4 2 1 1 1434 1558 1900 1976
2707 4 2 1 1 1254 2045 1408 1464
2708 4 2 1 1 1078 1131 635 2140
2709 4 2 1 1 1491 344 365 941
2710 4 2 1 1 449 448 447 1524
2711 4 2 1 1 1897 2028 2317 1409
2712 4 2 1 1 1345 2060 306 2277
2713 4 2 1 1 229 231 1420 1765
2714 4 2 1 1 1491 344 941 2270
2715 4 2 1 1 1837 1953 267 268
2716 4 2 1 1 1567 1593 1319 2243
2717 4 2 1 1 1205 1470 1574 1890
2718 4 2 1 1 362 878 337 1952
2719 4 2 1 1 1481 1615 1331 1925
2720 4 2 1 1 1897 2317 2028 1146
2721 4 2 1 1 2094 2390 2355 1566
2722 4 2 1 1 1386 1644 1769 2092
2723 4 2 1 1 871 1429 872 868
2724 4 2 1 1 1577 1253 1750 2414
2725 4 2 1 1 1488 1314 1673 1767
2726 4 2 1 1 456 1557 1479 2104
2727 4 2 1 1 1340 1187 1660 2155
2728 4 2 1 1 1740 1828 2100 1167
2729 4 2 1 1 1427 1459 1187 2155
2730 4 2 1 1 537 1365 693 1766
2731 4 2 1 1 1315 1623 1530 1847
2732 4 2 1 1 400 1471 1624 1919
2733 4 2 1 1 1637 2317 2028 1409
2734 4 2 1 1 1637 2028 2317 1146
2735 4 2 1 1 1465 2217 1148 1407
2736 4 2 1 1 1465 1361 1148 1915
2737 4 2 1 1 1332 1200 1795 2098
2738 4 2 1 1 1328 1505 2163 1763
2739 4 2 1 1 1184 1445 1655 1846
2740 4 2 1 1 1293 1655 1445 1846
2741 4 2 1 1 1662 1794 1568 2087
2742 4 2 1 1 1199 1386 1769 2092
2743 4 2 1 1 866 1683 1800 2215
2744 4 2 1 1 1266 1716 1548 2039
2745 4 2 1 1 1322 2191 1652 2254
2746 4 2 1 1 274 1498 279 2235
2747 4 2 1 1 2335 1554 1323 2213
2748 4 2 1 1 462 2303 463 1898
2749 4 2 1 1 1192 1665 1548 1848
2750 4 2 1 1 1143 1366 2416 1844
2751 4 2 1 1 670 747 1123 1496
2752 4 2 1 1 332 345 1432 1798
2753 4 2 1 1 1305 1784 1468 1610
2754 4 2 1 1 475 767 525 1403
2755 4 2 1 1 441 1001 555 1666
2756 4 2 1 1 2296 1419 1161 1684
2757 4 2 1 1 1296 1586 1464 1254
2758 4 2 1 1 1666 1760 1428 2084
2759 4 2 1 1 718 981 606 2272
2760 4 2 1 1 233 232 231 1420
2761 4 2 1 1 1457 2086 1618 2219
2762 4 2 1 1 1513 1636 1426 2372
2763 4 2 1 1 766 985 1476 1977
2764 4 2 1 1 1483 1549 1910 1856
2765 4 2 1 1 101 1484 1801 2227
2766 4 2 1 1 1210 1712 1844 2256
2767 4 2 1 1 1329 1830 1757 1863
2768 4 2 1 1 462 640 1389 1974
2769 4 2 1 1 1202 1356 2107 1773
2770 4 2 1 1 1383 1592 1178 1848
2771 4 2 1 1 1070 811 1012 1995
2772 4 2 1 1 383 1960 521 2386
2773 4 2 1 1 804 592 1074 1835
2774 4 2 1 1 1949 603 366 604
2775 4 2 1 1 1573 2063 1690 1149
2776 4 2 1 1 1215 1510 1797 2048
2777 4 2 1 1 1230 1671 1772 2310
2778 4 2 1 1 1546 2160 1747 1244
2779 4 2 1 1 2347 1900 1281 1646
2780 4 2 1 1 1232 1588 1515 2222
2781 4 2 1 1 1287 1856 1483 1910
2782 4 2 1 1 1361 1465 2347 1915
2783 4 2 1 1 2309 1883 1379 1412
2784 4 2 1 1 1230 1961 1779 2310
2785 4 2 1 1 14 38 1364 742
2786 4 2 1 1 694 1060 130 2121
2787 4 2 1 1 1694 1776 1540 2202
2788 4 2 1 1 1089 700 611 1410
2789 4 2 1 1 880 2381 2176 2390
2790 4 2 1 1 1964 1827 2051 1337
2791 4 2 1 1 2280 1429 1199 1769
2792 4 2 1 1 135 1365 725 1912
2793 4 2 1 1 1307 1354 2125 2289
2794 4 2 1 1 74 1654 175 1836
2795 4 2 1 1 1187 2387 1514 1340
2796 4 2 1 1 1149 1780 1573 2063
2797 4 2 1 1 1432 1507 1326 2165
2798 4 2 1 1 1262 1531 1630 1958
2799 4 2 1 1 487 1901 834 2294
2800 4 2 1 1 687 1497 505 1906
2801 4 2 1 1 205 1868 1452 2224
2802 4 2 1 1 1285 1205 1540 1574
2803 4 2 1 1 219 1621 1451 2119
2804 4 2 1 1 2158 1833 2044 1415
2805 4 2 1 1 1184 2422 1445 1846
2806 4 2 1 1 1472 1940 1369 2284
2807 4 2 1 1 2241 2289 1640 1410
2808 4 2 1 1 151 1472 153 2238
2809 4 2 1 1 2262 1210 2022 1800
2810 4 2 1 1 216 1821 1359 2200
2811 4 2 1 1 1190 1451 1629 1924
2812 4 2 1 1 1296 1572 1521 1777
2813 4 2 1 1 1693 2173 1508 2361
2814 4 2 1 1 1930 2092 1530 1386
2815 4 2 1 1 336 1769 1386 1644
2816 4 2 1 1 2262 1210 1800 1527
2817 4 2 1 1 296 276 341 2288
2818 4 2 1 1 1171 1566 1820 2094
2819 4 2 1 1 247 250 1112 2204
2820 4 2 1 1 2181 350 1578 322
2821 4 2 1 1 1248 1572 1521 2298
2822 4 2 1 1 2044 1833 2158 1497
2823 4 2 1 1 1155 1308 1459 1880
2824 4 2 1 1 1698 1887 1678 2151
2825 4 2 1 1 1463 1538 1387 1796
2826 4 2 1 1 611 700 691 1410
2827 4 2 1 1 42 1567 733 971
2828 4 2 1 1 1171 1439 1773 2388
2829 4 2 1 1 1839 2046 1236 2274
2830 4 2 1 1 1155 2096 1308 2348
2831 4 2 1 1 1244 1699 1506 1728
2832 4 2 1 1 1351 1768 1291 1825
2833 4 2 1 1 436 441 555 2415
2834 4 2 1 1 1836 79 76 2143
2835 4 2 1 1 1430 1210 1844 1851
2836 4 2 1 1 402 850 355 1413
2837 4 2 1 1 1591 1091 1761 411
2838 4 2 1 1 1234 1785 2196 2384
2839 4 2 1 1 1022 1376 1779 2282
2840 4 2 1 1 1192 1548 1383 1848
2841 4 2 1 1 1392 899 1829 2425
2842 4 2 1 1 1689 1723 1235 2318
2843 4 2 1 1 1521 1572 1248 1777
2844 4 2 1 1 1141 1412 1631 2099
2845 4 2 1 1 1965 1964 2040 1792
2846 4 2 1 1 2411 1389 1740 1223
2847 4 2 1 1 612 1716 1414 2085
2848 4 2 1 1 1491 1911 1218 2270
2849 4 2 1 1 1142 1729 1460 1959
2850 4 2 1 1 178 177 179 2258
2851 4 2 1 1 1172 1907 1426 1980
2852 4 2 1 1 1173 1555 1367 1323
2853 4 2 1 1 1420 1663 1211 1873
2854 4 2 1 1 1836 76 79 75
2855 4 2 1 1 469 1476 590 2041
2856 4 2 1 1 1874 2037 1207 1642
2857 4 2 1 1 1416 1563 1236 2274
2858 4 2 1 1 1245 1433 2324 2356
2859 4 2 1 1 10 1650 34 2316
2860 4 2 1 1 323 1392 1829 2181
2861 4 2 1 1 1464 1641 1350 1975
2862 4 2 1 1 1678 1698 523 2349
2863 4 2 1 1 456 452 439 2323
2864 4 2 1 1 1549 1774 78 2210
2865 4 2 1 1 1285 1508 1693 2173
2866 4 2 1 1 1333 1626 1487 1652
2867 4 2 1 1 2045 2008 2014 1227
2868 4 2 1 1 1395 1209 1699 2253
2869 4 2 1 1 1465 2217 1407 2343
2870 4 2 1 1 1167 1522 1454 1795
2871 4 2 1 1 1163 1640 1577 2241
2872 4 2 1 1 2248 316 2273 1394
2873 4 2 1 1 1486 2108 1737 2392
2874 4 2 1 1 1683 2076 1800 2215
2875 4 2 1 1 670 1496 669 1860
2876 4 2 1 1 1635 2129 1392 2406
2877 4 2 1 1 2055 1759 1166 1344
2878 4 2 1 1 936 1889 737 2183
2879 4 2 1 1 988 634 1113 2322
2880 4 2 1 1 1325 2130 2167 1519
2881 4 2 1 1 1417 739 1889 1752
2882 4 2 1 1 475 1403 488 2070
2883 4 2 1 1 903 1636 690 2372
2884 4 2 1 1 868 1793 1429 1644
2885 4 2 1 1 1510 1631 1202 2377
2886 4 2 1 1 1143 1712 1366 1844
2887 4 2 1 1 80 1575 985 2143
2888 4 2 1 1 1367 2101 1173 2106
2889 4 2 1 1 1905 1149 1330 1780
2890 4 2 1 1 1553 1622 1260 2177
2891 4 2 1 1 1930 2092 1386 1199
2892 4 2 1 1 1502 1894 954 2327
2893 4 2 1 1 1510 2048 1631 2377
2894 4 2 1 1 1265 1914 1467 1940
2895 4 2 1 1 1891 1726 1955 1453
2896 4 2 1 1 1531 1852 1630 1958
2897 4 2 1 1 1196 1794 1662 2087
2898 4 2 1 1 1202 1403 1517 2377
2899 4 2 1 1 538 1936 1370 2336
2900 4 2 1 1 17 735 16 2353
2901 4 2 1 1 1568 1724 2416 1347
2902 4 2 1 1 1215 1518 1348 2013
2903 4 2 1 1 1285 1613 1540 2121
2904 4 2 1 1 1233 1821 1359 1931
2905 4 2 1 1 1145 1645 1408 2008
2906 4 2 1 1 1559 1648 1040 1882
2907 4 2 1 1 1955 1726 1891 1149
2908 4 2 1 1 298 1452 205 1868
2909 4 2 1 1 1215 1631 1510 2048
2910 4 2 1 1 1218 1388 1623 1866
2911 4 2 1 1 1416 2279 1202 2377
2912 4 2 1 1 1195 1357 1661 1858
2913 4 2 1 1 1240 1218 1392 1598
2914 4 2 1 1 1220 1891 1569 2083
2915 4 2 1 1 1097 1338 425 2061
2916 4 2 1 1 1964 2051 1827 1211
2917 4 2 1 1 1345 1213 1620 1935
2918 4 2 1 1 2248 2273 316 317
2919 4 2 1 1 1298 1606 1534 129
2920 4 2 1 1 902 245 221 1821
2921 4 2 1 1 1945 2247 1501 1754
2922 4 2 1 1 903 690 1636 2001
2923 4 2 1 1 2349 523 844 1135
2924 4 2 1 1 228 226 227 1765
2925 4 2 1 1 1433 616 2011 2216
2926 4 2 1 1 1221 1320 1850 2241
2927 4 2 1 1 1240 1598 1392 2424
2928 4 2 1 1 2349 844 523 1678
2929 4 2 1 1 1240 1218 1598 1326
2930 4 2 1 1 1335 1670 1458 2423
2931 4 2 1 1 1407 1201 1361 1674
2932 4 2 1 1 1956 2234 1565 1277
2933 4 2 1 1 461 1389 1811 2303
2934 4 2 1 1 652 651 650 2019
2935 4 2 1 1 1158 1596 1366 2297
2936 4 2 1 1 582 581 1881 2068
2937 4 2 1 1 1598 1326 1218 2270
2938 4 2 1 1 713 934 1732 1834
2939 4 2 1 1 1170 1780 1573 1905
2940 4 2 1 1 1956 2234 1277 1462
2941 4 2 1 1 1414 1716 1064 1912
2942 4 2 1 1 1067 693 537 1365
2943 4 2 1 1 953 554 1471 1854
2944 4 2 1 1 1260 1419 1684 1977
2945 4 2 1 1 1750 1934 1327 2266
2946 4 2 1 1 1121 1523 970 1658
2947 4 2 1 1 609 1782 1396 1845
2948 4 2 1 1 734 1431 2420 923
2949 4 2 1 1 186 175 74 1654
2950 4 2 1 1 1152 1268 1744 1519
2951 4 2 1 1 1930 2092 1199 1393
2952 4 2 1 1 1466 1888 1287 2056
2953 4 2 1 1 1234 1991 1756 2350
2954 4 2 1 1 1202 2279 2070 2377
2955 4 2 1 1 207 210 248 2144
2956 4 2 1 1 1639 1657 1292 1745
2957 4 2 1 1 1752 1290 2232 2298
2958 4 2 1 1 693 1365 135 2365
2959 4 2 1 1 1218 1635 1392 2406
2960 4 2 1 1 252 803 301 1725
2961 4 2 1 1 1305 1999 1522 2384
2962 4 2 1 1 1190 1691 1565 2234
2963 4 2 1 1 1396 1782 609 2159
2964 4 2 1 1 1511 2074 1671 2217
2965 4 2 1 1 1127 1417 1752 739
2966 4 2 1 1 1367 1173 1323 2106
2967 4 2 1 1 160 1373 2332 675
2968 4 2 1 1 217 1547 408 1703
2969 4 2 1 1 234 1791 1746 1954
2970 4 2 1 1 1686 1850 1265 1886
2971 4 2 1 1 1292 1639 1422 1657
2972 4 2 1 1 1553 1622 1203 2359
2973 4 2 1 1 1634 1766 598 2030
2974 4 2 1 1 1390 1822 1297 1906
2975 4 2 1 1 1711 1964 1931 2093
2976 4 2 1 1 1251 1787 1704 2099
2977 4 2 1 1 413 1721 180 185
2978 4 2 1 1 1474 1804 1362 1896
2979 4 2 1 1 772 771 949 2396
2980 4 2 1 1 1142 1552 1718 1372
2981 4 2 1 1 316 2273 1394 2285
2982 4 2 1 1 5 1701 1443 1948
2983 4 2 1 1 1028 871 948 2385
2984 4 2 1 1 734 1431 923 50
2985 4 2 1 1 824 1886 1605 2354
2986 4 2 1 1 1213 1781 1725 1891
2987 4 2 1 1 2397 1789 195 1597
2988 4 2 1 1 772 164 771 2064
2989 4 2 1 1 1338 1268 1609 2091
2990 4 2 1 1 1169 1711 1931 2093
2991 4 2 1 1 647 1630 646 1904
2992 4 2 1 1 2397 195 1789 194
2993 4 2 1 1 1277 1691 2404 2047
2994 4 2 1 1 1295 2215 1683 2235
2995 4 2 1 1 1403 767 472 475
2996 4 2 1 1 1371 1775 1258 2022
2997 4 2 1 1 18 1603 1554 2302
2998 4 2 1 1 1209 2043 2136 1175
2999 4 2 1 1 1576 1934 1188 2266
3000 4 2 1 1 772 2064 771 2396
3001 4 2 1 1 909 1876 1489 1936
3002 4 2 1 1 574 575 685 2334
3003 4 2 1 1 1234 1795 2196 2350
3004 4 2 1 1 826 1547 264 1809
3005 4 2 1 1 871 1429 868 1793
3006 4 2 1 1 1212 1722 1406 1804
3007 4 2 1 1 861 630 1456 1870
3008 4 2 1 1 1964 1965 1372 2051
3009 4 2 1 1 1286 1495 1751 2157
3010 4 2 1 1 937 590 1476 1962
3011 4 2 1 1 2193 1932 2118 1393
3012 4 2 1 1 41 1771 1085 2281
3013 4 2 1 1 318 317 319 2248
3014 4 2 1 1 239 1612 238 2207
3015 4 2 1 1 371 288 370 1982
3016 4 2 1 1 1221 1693 1444 1913
3017 4 2 1 1 35 18 2302 2353
3018 4 2 1 1 612 548 914 2085
3019 4 2 1 1 189 1007 1138 2154
3020 4 2 1 1 698 2139 577 673
3021 4 2 1 1 1265 1369 1940 2284
3022 4 2 1 1 663 1648 1811 1882
3023 4 2 1 1 1320 1221 1733 2241
3024 4 2 1 1 1273 2118 1718 2193
3025 4 2 1 1 1213 1935 1345 1951
3026 4 2 1 1 246 251 249 1374
3027 4 2 1 1 1487 1808 2271 2394
3028 4 2 1 1 654 1055 1119 1515
3029 4 2 1 1 895 219 1621 1924
3030 4 2 1 1 1548 1665 1266 1848
3031 4 2 1 1 1543 1594 1366 2416
3032 4 2 1 1 2193 2118 1932 1273
3033 4 2 1 1 1368 1827 1211 1964
3034 4 2 1 1 749 1437 1889 2183
3035 4 2 1 1 1182 1772 1762 2038
3036 4 2 1 1 475 525 488 1403
3037 4 2 1 1 1420 1688 1211 1765
3038 4 2 1 1 404 761 1977 1419
3039 4 2 1 1 2238 2412 1719 150
3040 4 2 1 1 1140 1464 1641 1945
3041 4 2 1 1 157 1808 167 1888
3042 4 2 1 1 1240 1392 1799 2424
3043 4 2 1 1 1278 1727 2105 1458
3044 4 2 1 1 1647 1735 1191 2400
3045 4 2 1 1 400 1624 1471 2009
3046 4 2 1 1 1476 1962 590 2041
3047 4 2 1 1 1297 1732 2255 1833
3048 4 2 1 1 1450 1552 2024 1142
3049 4 2 1 1 1589 2296 1849 1377
3050 4 2 1 1 1385 1192 1638 2059
3051 4 2 1 1 1843 2165 1435 1179
3052 4 2 1 1 680 925 679 2398
3053 4 2 1 1 1849 2296 1589 1161
3054 4 2 1 1 1233 1359 1807 1931
3055 4 2 1 1 1541 1867 995 2125
3056 4 2 1 1 2026 2416 1724 1347
3057 4 2 1 1 1202 1356 1773 1651
3058 4 2 1 1 174 1068 673 1625
3059 4 2 1 1 1188 1750 1581 2266
3060 4 2 1 1 598 969 856 2030
3061 4 2 1 1 323 1392 2181 327
3062 4 2 1 1 1374 2083 1891 2164
3063 4 2 1 1 1749 992 2003 1385
3064 4 2 1 1 628 1405 629 2180
3065 4 2 1 1 1266 1665 1548 1716
3066 4 2 1 1 1228 1622 1736 2192
3067 4 2 1 1 1365 1536 1205 1830
3068 4 2 1 1 1170 1780 1519 1325
3069 4 2 1 1 93 91 92 2226
3070 4 2 1 1 909 1936 719 1876
3071 4 2 1 1 259 254 252 1725
3072 4 2 1 1 1181 1724 1594 2416
3073 4 2 1 1 1143 1558 1434 1832
3074 4 2 1 1 355 1413 850 1861
3075 4 2 1 1 1455 1555 1173 1437
3076 4 2 1 1 284 1449 1059 1943
3077 4 2 1 1 804 1074 1579 1835
3078 4 2 1 1 1760 1638 1666 2387
3079 4 2 1 1 438 1664 2066 2220
3080 4 2 1 1 1336 2283 1165 1864
3081 4 2 1 1 1375 1521 1173 1813
3082 4 2 1 1 1189 1580 1504 1880
3083 4 2 1 1 1945 1947 1204 1754
3084 4 2 1 1 334 1952 338 1386
3085 4 2 1 1 217 216 218 1821
3086 4 2 1 1 1197 1583 1385 2059
3087 4 2 1 1 1826 1382 1175 2086
3088 4 2 1 1 1574 2017 1470 2202
3089 4 2 1 1 1190 1924 1621 1451
3090 4 2 1 1 1143 1594 1366 1832
3091 4 2 1 1 1169 1807 1359 1931
3092 4 2 1 1 1640 1246 1577 2241
3093 4 2 1 1 1333 1193 1705 1652
3094 4 2 1 1 720 1001 441 1666
3095 4 2 1 1 1229 1681 1473 1918
3096 4 2 1 1 1372 1931 1711 1964
3097 4 2 1 1 35 2183 737 1786
3098 4 2 1 1 295 276 296 2288
3099 4 2 1 1 1223 1588 1362 1869
3100 4 2 1 1 428 2000 1783 2334
3101 4 2 1 1 41 1130 919 1367
3102 4 2 1 1 1369 1265 1986 2284
3103 4 2 1 1 1467 1686 1265 1886
3104 4 2 1 1 1185 1683 1402 2306
3105 4 2 1 1 905 1922 1513 1960
3106 4 2 1 1 712 1426 1834 2001
3107 4 2 1 1 514 707 512 1878
3108 4 2 1 1 1705 1966 1283 2038
3109 4 2 1 1 1139 1680 2189 2409
3110 4 2 1 1 841 1608 2075 975
3111 4 2 1 1 1667 1401 256 1989
3112 4 2 1 1 1166 1392 1635 2129
3113 4 2 1 1 719 1936 909 539
3114 4 2 1 1 18 1603 2302 2353
3115 4 2 1 1 529 1428 2084 2110
3116 4 2 1 1 1182 1470 2017 2038
3117 4 2 1 1 1193 2352 1652 2394
3118 4 2 1 1 1258 2022 1775 2180
3119 4 2 1 1 2296 1419 1684 1260
3120 4 2 1 1 313 234 1746 1954
3121 4 2 1 1 2091 2277 559 1601
3122 4 2 1 1 209 1352 715 204
3123 4 2 1 1 857 1604 642 2329
3124 4 2 1 1 1173 1521 1375 1334
3125 4 2 1 1 1615 1750 1253 2414
3126 4 2 1 1 688 505 687 1497
3127 4 2 1 1 1393 2010 1229 2205
3128 4 2 1 1 838 1012 382 1942
3129 4 2 1 1 1284 1712 1527 1874
3130 4 2 1 1 1205 1574 1470 2202
3131 4 2 1 1 154 153 151 1472
3132 4 2 1 1 100 101 1484 1801
3133 4 2 1 1 35 17 18 2353
3134 4 2 1 1 1860 2000 2334 1384
3135 4 2 1 1 1605 1850 1265 2006
3136 4 2 1 1 1762 1772 1341 2038
3137 4 2 1 1 1170 1573 1781 1905
3138 4 2 1 1 254 1401 255 2204
3139 4 2 1 1 481 1755 1400 1944
3140 4 2 1 1 696 1428 529 697
3141 4 2 1 1 1455 1555 1437 2267
3142 4 2 1 1 1433 1212 1722 1937
3143 4 2 1 1 169 132 1693 2121
3144 4 2 1 1 1258 1809 1775 2275
3145 4 2 1 1 1108 2064 1625 2226
3146 4 2 1 1 955 2159 2316 632
3147 4 2 1 1 1718 2118 1393 2193
3148 4 2 1 1 1163 1434 1646 1976
3149 4 2 1 1 404 1977 761 599
3150 4 2 1 1 1246 1410 1640 1461
3151 4 2 1 1 695 2084 1666 2110
3152 4 2 1 1 1213 1345 1744 1951
3153 4 2 1 1 1261 1496 2075 2160
3154 4 2 1 1 1471 953 1854 2293
3155 4 2 1 1 1640 1867 1307 1461
3156 4 2 1 1 2350 1756 2336 1991
3157 4 2 1 1 852 2415 555 1626
3158 4 2 1 1 1420 1746 231 1791
3159 4 2 1 1 1388 1669 1315 2205
3160 4 2 1 1 1262 1630 1531 1960
3161 4 2 1 1 1234 1418 1785 2310
3162 4 2 1 1 434 913 358 1879
3163 4 2 1 1 1142 1460 1939 1959
3164 4 2 1 1 1826 1175 1382 1658
3165 4 2 1 1 1159 1930 1855 2205
3166 4 2 1 1 768 1658 970 1826
3167 4 2 1 1 1241 1366 1844 2416
3168 4 2 1 1 93 1383 833 2226
3169 4 2 1 1 46 1437 749 2095
3170 4 2 1 1 32 59 1455 2054
3171 4 2 1 1 790 1373 545 969
3172 4 2 1 1 594 1834 1426 2021
3173 4 2 1 1 1256 1655 1647 2150
3174 4 2 1 1 1215 1563 1348 1518
3175 4 2 1 1 555 2415 852 436
3176 4 2 1 1 2055 1759 1344 1799
3177 4 2 1 1 1639 1718 1273 2118
3178 4 2 1 1 2344 1169 1359 2321
3179 4 2 1 1 1142 1718 2024 2193
3180 4 2 1 1 2344 1169 2321 1670
3181 4 2 1 1 384 1418 427 2073
3182 4 2 1 1 1388 1866 1486 2042
3183 4 2 1 1 2235 877 1132 1113
3184 4 2 1 1 1360 1941 1196 1794
3185 4 2 1 1 1254 2045 1464 1529
3186 4 2 1 1 1223 1869 1828 1984
3187 4 2 1 1 1016 565 1440 2073
3188 4 2 1 1 460 459 528 2110
3189 4 2 1 1 2235 1132 877 1600
3190 4 2 1 1 1104 544 691 1867
3191 4 2 1 1 119 1499 349 2005
3192 4 2 1 1 537 1766 598 1634
3193 4 2 1 1 2113 1353 1186 1408
3194 4 2 1 1 2123 572 799 906
3195 4 2 1 1 1625 1638 1385 1192
3196 4 2 1 1 457 625 859 2104
3197 4 2 1 1 395 1435 1843 2170
3198 4 2 1 1 322 350 1578 2403
3199 4 2 1 1 27 1804 28 1896
3200 4 2 1 1 598 1766 537 692
3201 4 2 1 1 1161 2296 1589 2421
3202 4 2 1 1 1846 2212 1445 2229
3203 4 2 1 1 1735 1925 1481 2400
3204 4 2 1 1 1591 2132 1271 2186
3205 4 2 1 1 1464 1589 1254 1586
3206 4 2 1 1 1357 2012 497 2294
3207 4 2 1 1 2120 2131 1493 1659
3208 4 2 1 1 1840 1345 1601 2079
3209 4 2 1 1 1262 1903 1451 1922
3210 4 2 1 1 1306 1866 1486 2392
3211 4 2 1 1 1432 1326 1798 2165
3212 4 2 1 1 824 1886 192 1605
3213 4 2 1 1 1144 1588 1424 2269
3214 4 2 1 1 400 339 835 1919
3215 4 2 1 1 449 580 2068 2168
3216 4 2 1 1 1884 1983 1600 2288
3217 4 2 1 1 1697 2329 1785 1758
3218 4 2 1 1 1157 1760 1652 2056
3219 4 2 1 1 1568 2416 1724 1181
3220 4 2 1 1 144 128 149 2052
3221 4 2 1 1 469 766 1476 1977
3222 4 2 1 1 1132 1649 1600 2322
3223 4 2 1 1 2116 1895 1230 1499
3224 4 2 1 1 1356 2107 1773 2233
3225 4 2 1 1 334 1952 1386 336
3226 4 2 1 1 1785 2329 1697 1418
3227 4 2 1 1 2273 1644 870 869
3228 4 2 1 1 754 1128 1024 2244
3229 4 2 1 1 1442 1578 1275 1866
3230 4 2 1 1 1359 1872 1217 2321
3231 4 2 1 1 1382 1658 1175 1313
3232 4 2 1 1 1437 2069 1968 2312
3233 4 2 1 1 529 2084 695 2110
3234 4 2 1 1 426 1870 1527 2230
3235 4 2 1 1 574 1027 1860 2334
3236 4 2 1 1 1234 2310 2384 1511
3237 4 2 1 1 1660 1340 2155 2254
3238 4 2 1 1 1413 1823 1477 2249
3239 4 2 1 1 1766 1037 598 2030
3240 4 2 1 1 1395 1567 1319 2305
3241 4 2 1 1 2238 2412 150 141
3242 4 2 1 1 1537 2175 1319 2309
3243 4 2 1 1 494 1778 1356 2199
3244 4 2 1 1 1213 1579 1725 1935
3245 4 2 1 1 1225 1679 1452 1698
3246 4 2 1 1 1094 615 617 1882
3247 4 2 1 1 1221 1605 1444 2006
3248 4 2 1 1 1265 1369 1914 1940
3249 4 2 1 1 1610 1999 1305 2384
3250 4 2 1 1 535 534 634 2322
3251 4 2 1 1 41 1130 1367 2281
3252 4 2 1 1 1474 1974 1389 2138
3253 4 2 1 1 1376 2052 1717 2282
3254 4 2 1 1 858 1022 1779 2282
3255 4 2 1 1 190 845 1548 1716
3256 4 2 1 1 1272 1987 1602 1156
3257 4 2 1 1 1860 2334 2000 574
3258 4 2 1 1 419 1492 977 1871
3259 4 2 1 1 1476 469 1977 2041
3260 4 2 1 1 1519 1744 1330 1905
3261 4 2 1 1 1461 1776 1246 1970
3262 4 2 1 1 1488 1767 1673 2063
3263 4 2 1 1 600 1675 974 2088
3264 4 2 1 1 1320 1886 1710 2115
3265 4 2 1 1 597 2061 1609 2091
3266 4 2 1 1 1093 1119 652 2019
3267 4 2 1 1 1230 1499 1446 2005
3268 4 2 1 1 1425 1950 1229 1788
3269 4 2 1 1 1142 1729 1399 1965
3270 4 2 1 1 1208 1600 1983 2288
3271 4 2 1 1 1147 1735 1890 1925
3272 4 2 1 1 1530 1847 1623 1275
3273 4 2 1 1 1444 1693 139 1913
3274 4 2 1 1 545 675 856 1373
3275 4 2 1 1 2324 1433 1212 2218
3276 4 2 1 1 1494 1587 1350 2184
3277 4 2 1 1 1661 2361 2173 1373
3278 4 2 1 1 1834 2001 1426 2058
3279 4 2 1 1 1527 1800 2262 291
3280 4 2 1 1 515 2117 1627 2123
3281 4 2 1 1 975 1608 1477 2112
3282 4 2 1 1 1300 2077 1786 2353
3283 4 2 1 1 1177 1380 1562 2133
3284 4 2 1 1 1464 1589 1586 1975
3285 4 2 1 1 80 89 985 1575
3286 4 2 1 1 1661 2361 1373 1243
3287 4 2 1 1 1278 1454 2097 1714
3288 4 2 1 1 1268 1620 1345 2410
3289 4 2 1 1 491 492 486 1901
3290 4 2 1 1 2273 870 1644 1793
3291 4 2 1 1 297 1057 1904 1922
3292 4 2 1 1 1762 1899 1216 1915
3293 4 2 1 1 1005 1820 588 2390
3294 4 2 1 1 1246 1640 1342 2017
3295 4 2 1 1 1240 1218 1326 1635
3296 4 2 1 1 1228 2192 1383 1575
3297 4 2 1 1 1183 1554 1545 1603
3298 4 2 1 1 1237 1840 1601 2079
3299 4 2 1 1 1528 2203 2146 2222
3300 4 2 1 1 1268 1345 1620 2277
3301 4 2 1 1 373 1297 442 1500
3302 4 2 1 1 147 195 194 1789
3303 4 2 1 1 120 122 121 2201
3304 4 2 1 1 1148 1610 1784 2384
3305 4 2 1 1 1268 1601 1345 2277
3306 4 2 1 1 2092 1793 1429 1552
3307 4 2 1 1 697 1428 2104 2154
3308 4 2 1 1 1146 1584 1637 2315
3309 4 2 1 1 1288 1663 1420 1873
3310 4 2 1 1 2036 2370 1424 2418
3311 4 2 1 1 1176 1494 1423 2337
3312 4 2 1 1 2234 1903 1448 2278
3313 4 2 1 1 1423 1239 1488 1838
3314 4 2 1 1 1177 1387 1538 1659
3315 4 2 1 1 1166 1635 1392 2055
3316 4 2 1 1 1392 1635 1240 2055
3317 4 2 1 1 1212 1869 1362 2103
3318 4 2 1 1 1536 1757 1304 2240
3319 4 2 1 1 1197 1666 1760 1638
3320 4 2 1 1 384 427 1418 2329
3321 4 2 1 1 827 2314 1801 2401
3322 4 2 1 1 1757 1863 1470 1890
3323 4 2 1 1 1322 1705 1341 2379
3324 4 2 1 1 149 886 1022 2052
3325 4 2 1 1 1418 1697 1193 2073
3326 4 2 1 1 1652 2056 1317 2394
3327 4 2 1 1 1840 2091 1782 1601
3328 4 2 1 1 1917 1928 1959 2362
3329 4 2 1 1 1381 1902 1550 1969
3330 4 2 1 1 1956 2234 1462 1764
3331 4 2 1 1 632 1072 1106 2316
3332 4 2 1 1 581 1881 2068 2111
3333 4 2 1 1 749 2095 1437 2183
3334 4 2 1 1 1431 1194 1859 2034
3335 4 2 1 1 1522 1278 1454 2319
3336 4 2 1 1 2085 1923 946 2039
3337 4 2 1 1 1192 1383 1548 2250
3338 4 2 1 1 1263 1147 1735 2209
3339 4 2 1 1 1522 1454 1278 1714
3340 4 2 1 1 1695 2112 1294 2358
3341 4 2 1 1 1268 1667 1609 1989
3342 4 2 1 1 2379 2352 1193 1617
3343 4 2 1 1 1441 1398 1557 2135
3344 4 2 1 1 1968 2069 1521 2312
3345 4 2 1 1 1411 1748 1501 2221
3346 4 2 1 1 1175 2086 1382 1313
3347 4 2 1 1 2092 1793 1552 1219
3348 4 2 1 1 2324 1212 1433 1802
3349 4 2 1 1 1268 1989 1609 2091
3350 4 2 1 1 1145 1427 1514 1340
3351 4 2 1 1 716 260 297 1904
3352 4 2 1 1 1756 1795 1370 2100
3353 4 2 1 1 1309 1625 1638 2139
3354 4 2 1 1 1467 1940 1914 2137
3355 4 2 1 1 1792 1965 1399 2040
3356 4 2 1 1 1767 1955 1488 2376
3357 4 2 1 1 1427 1514 1187 2135
3358 4 2 1 1 1361 1899 1762 1915
3359 4 2 1 1 9 30 2153 2305
3360 4 2 1 1 696 1428 697 1888
3361 4 2 1 1 388 1561 385 2280
3362 4 2 1 1 691 1410 700 1867
3363 4 2 1 1 238 2301 2207 1391
3364 4 2 1 1 1526 1682 1355 1982
3365 4 2 1 1 980 913 434 1482
3366 4 2 1 1 1628 1909 1280 1988
3367 4 2 1 1 1235 1330 1780 1325
3368 4 2 1 1 1345 1620 1213 2410
3369 4 2 1 1 160 1373 675 545
3370 4 2 1 1 1279 1379 1883 1412
3371 4 2 1 1 1855 1424 2036 2370
3372 4 2 1 1 1157 1760 1660 2254
3373 4 2 1 1 1965 2040 1964 1372
3374 4 2 1 1 1189 1459 1910 2263
3375 4 2 1 1 712 1426 2001 903
3376 4 2 1 1 1383 142 1548 2250
3377 4 2 1 1 1843 2165 1179 1432
3378 4 2 1 1 1953 369 805 269
3379 4 2 1 1 2189 2400 1647 2413
3380 4 2 1 1 1149 1947 1488 2268
3381 4 2 1 1 2090 1582 1602 1195
3382 4 2 1 1 1316 1792 1685 2362
3383 4 2 1 1 1345 1213 1744 2410
3384 4 2 1 1 1189 1880 1504 2417
3385 4 2 1 1 1570 1817 1174 2190
3386 4 2 1 1 1331 1463 2189 2409
3387 4 2 1 1 818 816 152 1717
3388 4 2 1 1 1143 2416 1366 1594
3389 4 2 1 1 1393 1633 1229 2010
3390 4 2 1 1 1085 41 1010 1771
3391 4 2 1 1 1209 1739 2043 1175
3392 4 2 1 1 556 1370 538 1898
3393 4 2 1 1 1322 1705 2379 1652
3394 4 2 1 1 1961 1101 565 1440
3395 4 2 1 1 1328 1674 1534 2145
3396 4 2 1 1 1961 565 1101 987
3397 4 2 1 1 1380 1177 1562 2120
3398 4 2 1 1 1142 1570 1460 1729
3399 4 2 1 1 2259 2292 1717 1502
3400 4 2 1 1 1500 1274 1637 2291
3401 4 2 1 1 427 2329 642 1418
3402 4 2 1 1 805 348 806 2102
3403 4 2 1 1 1411 1501 1168 1754
3404 4 2 1 1 642 2329 427 563
3405 4 2 1 1 1723 2087 2148 1360
3406 4 2 1 1 1146 1448 2234 2290
3407 4 2 1 1 523 374 800 1698
3408 4 2 1 1 1441 1557 1398 2323
3409 4 2 1 1 1641 1945 1204 1754
3410 4 2 1 1 1885 2155 1816 2254
3411 4 2 1 1 1128 1664 1024 2244
3412 4 2 1 1 166 1487 1697 2419
3413 4 2 1 1 1326 1997 1798 2165
3414 4 2 1 1 1670 2031 2423 1927
3415 4 2 1 1 1670 2423 2031 1458
3416 4 2 1 1 489 589 1820 2294
3417 4 2 1 1 1162 2423 2031 1927
3418 4 2 1 1 1146 1637 2028 2315
3419 4 2 1 1 334 1952 336 337
3420 4 2 1 1 388 2089 1561 2280
3421 4 2 1 1 426 1527 286 2230
3422 4 2 1 1 2212 2229 1615 1216
3423 4 2 1 1 1661 2173 1934 2209
3424 4 2 1 1 1561 1930 1289 1952
3425 4 2 1 1 1802 1937 1433 2304
3426 4 2 1 1 153 1059 1449 1943
3427 4 2 1 1 1162 2031 2423 1458
3428 4 2 1 1 2400 1181 1481 1397
3429 4 2 1 1 1344 1512 1759 1841
3430 4 2 1 1 1580 2101 2069 2320
3431 4 2 1 1 1360 1196 1941 1689
3432 4 2 1 1 2220 2323 2066 439
3433 4 2 1 1 2234 1903 2278 1190
3434 4 2 1 1 2091 559 2277 957
3435 4 2 1 1 2161 1731 156 1466
3436 4 2 1 1 1481 1397 1972 2197
3437 4 2 1 1 1146 1448 1584 2234
3438 4 2 1 1 115 802 117 1499
3439 4 2 1 1 2234 1903 1190 1691
3440 4 2 1 1 883 1798 332 2033
3441 4 2 1 1 2161 156 1731 885
3442 4 2 1 1 1623 2129 1635 2406
3443 4 2 1 1 1443 1526 1194 1859
3444 4 2 1 1 2241 2289 1410 2395
3445 4 2 1 1 1527 1712 2256 1874
3446 4 2 1 1 949 770 782 2396
3447 4 2 1 1 1365 1205 1766 2090
3448 4 2 1 1 1819 393 557 1679
3449 4 2 1 1 1368 1663 1211 1827
3450 4 2 1 1 2413 1186 1796 1387
3451 4 2 1 1 1199 1718 1639 2118
3452 4 2 1 1 1358 1535 1211 1765
3453 4 2 1 1 865 484 1944 2346
3454 4 2 1 1 1154 1470 1757 1863
3455 4 2 1 1 470 2041 590 1962
3456 4 2 1 1 1187 1557 1398 2135
3457 4 2 1 1 148 160 545 2412
3458 4 2 1 1 1434 1594 1253 2374
3459 4 2 1 1 251 1835 1374 2083
3460 4 2 1 1 1347 2078 1794 2190
3461 4 2 1 1 590 2041 470 469
3462 4 2 1 1 1352 1677 1243 1852
3463 4 2 1 1 238 1803 2301 1391
3464 4 2 1 1 1159 1623 1866 2062
3465 4 2 1 1 1221 1577 1850 2206
3466 4 2 1 1 763 959 123 1970
3467 4 2 1 1 1383 1178 1736 1848
3468 4 2 1 1 1373 2173 1693 2361
3469 4 2 1 1 1458 1727 1335 2423
3470 4 2 1 1 229 230 231 1765
3471 4 2 1 1 171 1717 1509 2258
3472 4 2 1 1 54 1437 46 2267
3473 4 2 1 1 789 426 286 2230
3474 4 2 1 1 1769 1644 1429 2092
3475 4 2 1 1 1243 2012 1357 2355
3476 4 2 1 1 1143 2078 1844 2416
3477 4 2 1 1 1749 992 1385 174
3478 4 2 1 1 1481 1397 2197 2400
3479 4 2 1 1 1827 2114 1337 2275
3480 4 2 1 1 228 229 935 1663
3481 4 2 1 1 491 1582 492 1901
3482 4 2 1 1 1318 1585 1468 1885
3483 4 2 1 1 1486 2106 1556 2269
3484 4 2 1 1 197 196 1597 1868
3485 4 2 1 1 2069 2101 1455 2320
3486 4 2 1 1 490 487 497 2294
3487 4 2 1 1 1370 1756 556 2336
3488 4 2 1 1 1185 1402 1683 2076
3489 4 2 1 1 1174 1473 1633 1788
3490 4 2 1 1 1301 1764 1995 1158
3491 4 2 1 1 388 2011 2089 389
3492 4 2 1 1 1239 1542 1969 2188
3493 4 2 1 1 1176 1460 1939 2010
3494 4 2 1 1 32 924 59 2054
3495 4 2 1 1 766 590 469 1476
3496 4 2 1 1 1495 2157 1757 1154
3497 4 2 1 1 901 1746 2380 1544
3498 4 2 1 1 1210 2256 1844 1596
3499 4 2 1 1 1705 1831 1283 2157
3500 4 2 1 1 285 2144 1988 1045
3501 4 2 1 1 1422 797 586 1025
3502 4 2 1 1 698 1625 1108 1805
3503 4 2 1 1 1220 1996 1569 1344
3504 4 2 1 1 798 1776 1349 1590
3505 4 2 1 1 429 576 669 2000
3506 4 2 1 1 170 149 1022 2282
3507 4 2 1 1 1123 1496 747 2140
3508 4 2 1 1 1288 1685 1853 2382
3509 4 2 1 1 1203 1836 1553 2396
3510 4 2 1 1 1783 2000 1384 2334
3511 4 2 1 1 367 366 1783 2170
3512 4 2 1 1 1590 1100 799 309
3513 4 2 1 1 1402 1596 1185 2375
3514 4 2 1 1 419 1084 81 1973
3515 4 2 1 1 1198 1486 1734 2269
3516 4 2 1 1 71 78 1774 2210
3517 4 2 1 1 1205 1757 1536 2240
3518 4 2 1 1 1910 2251 1660 1632
3519 4 2 1 1 332 340 339 1432
3520 4 2 1 1 1282 1486 1556 2269
3521 4 2 1 1 1243 1357 1994 2355
3522 4 2 1 1 1299 1742 1533 1815
3523 4 2 1 1 1647 2189 1331 2400
3524 4 2 1 1 1690 1825 1619 1928
3525 4 2 1 1 1291 1351 1825 2164
3526 4 2 1 1 1396 1782 1702 1845
3527 4 2 1 1 489 1820 1520 2294
3528 4 2 1 1 507 1110 1811 2138
3529 4 2 1 1 1124 1011 688 2158
3530 4 2 1 1 1534 1606 127 129
3531 4 2 1 1 1151 1957 1738 2338
3532 4 2 1 1 1280 1909 1402 1988
3533 4 2 1 1 1510 1684 1270 2185
3534 4 2 1 1 35 737 2183 748
3535 4 2 1 1 323 1392 327 899
3536 4 2 1 1 1018 964 813 2306
3537 4 2 1 1 592 1854 1835 2009
3538 4 2 1 1 1395 1699 1728 2253
3539 4 2 1 1 1660 2251 1910 1287
3540 4 2 1 1 1299 1668 1338 2061
3541 4 2 1 1 1321 1227 2045 2014
3542 4 2 1 1 1173 1455 2069 2101
3543 4 2 1 1 1934 2173 1508 2209
3544 4 2 1 1 601 1993 1472 2238
3545 4 2 1 1 1337 1258 1809 2093
3546 4 2 1 1 1149 1947 2268 1411
3547 4 2 1 1 1214 1674 1646 2141
3548 4 2 1 1 2213 1603 1054 1545
3549 4 2 1 1 1164 1768 1351 1825
3550 4 2 1 1 690 1824 1636 2001
3551 4 2 1 1 1470 1349 2017 2038
3552 4 2 1 1 1217 1657 1639 1745
3553 4 2 1 1 290 1628 2137 2144
3554 4 2 1 1 985 1053 1476 2065
3555 4 2 1 1 858 1779 1604 2282
3556 4 2 1 1 238 2301 1803 364
3557 4 2 1 1 5 1443 1701 1839
3558 4 2 1 1 96 95 94 2250
3559 4 2 1 1 1447 1702 1152 1742
3560 4 2 1 1 1239 1381 1542 2221
3561 4 2 1 1 2301 1390 2408 2308
3562 4 2 1 1 362 1769 1952 361
3563 4 2 1 1 1260 1575 1476 2192
3564 4 2 1 1 2131 1659 1177 1538
3565 4 2 1 1 275 837 889 2127
3566 4 2 1 1 1925 2212 1846 2229
3567 4 2 1 1 32 1455 1978 2054
3568 4 2 1 1 1342 2206 1574 2414
3569 4 2 1 1 1167 1454 1522 1714
3570 4 2 1 1 1526 1194 1859 2325
3571 4 2 1 1 194 823 600 2397
3572 4 2 1 1 362 1769 361 385
3573 4 2 1 1 2025 1670 1169 1817
3574 4 2 1 1 1470 1863 1293 1890
3575 4 2 1 1 697 1888 1428 2154
3576 4 2 1 1 161 1731 939 2271
3577 4 2 1 1 814 1402 1018 1909
3578 4 2 1 1 2213 1054 1603 704
3579 4 2 1 1 1499 1895 1446 1920
3580 4 2 1 1 1193 1652 1487 2394
3581 4 2 1 1 167 2084 1888 2341
3582 4 2 1 1 1227 1816 2014 1585
3583 4 2 1 1 2228 1225 1763 1926
3584 4 2 1 1 1374 1892 1612 2164
3585 4 2 1 1 1562 1723 1177 2133
3586 4 2 1 1 1330 1673 1754 1493
3587 4 2 1 1 1350 1975 1641 2004
3588 4 2 1 1 619 1120 618 1991
3589 4 2 1 1 1147 1615 1750 1481
3590 4 2 1 1 1790 750 741 47
3591 4 2 1 1 1360 1723 1562 2133
3592 4 2 1 1 1721 183 180 185
3593 4 2 1 1 1142 1460 1570 2193
3594 4 2 1 1 1390 2301 1803 2308
3595 4 2 1 1 1227 1585 1504 1885
3596 4 2 1 1 1143 2078 1347 2080
3597 4 2 1 1 334 1952 337 338
3598 4 2 1 1 1218 1635 1388 2108
3599 4 2 1 1 1293 1846 1445 2229
3600 4 2 1 1 1097 1056 674 2091
3601 4 2 1 1 1140 1641 1464 1975
3602 4 2 1 1 54 1971 1437 2267
3603 4 2 1 1 1054 1545 705 2213
3604 4 2 1 1 1294 1608 1477 1748
3605 4 2 1 1 1263 1661 1812 1994
3606 4 2 1 1 1790 741 750 1672
3607 4 2 1 1 225 900 882 1535
3608 4 2 1 1 1433 1882 615 2356
3609 4 2 1 1 367 1783 1435 2170
3610 4 2 1 1 1474 1828 1869 2324
3611 4 2 1 1 865 496 491 2346
3612 4 2 1 1 1343 1927 1162 2031
3613 4 2 1 1 361 337 336 1952
3614 4 2 1 1 2384 2310 1148 1511
3615 4 2 1 1 1285 1687 1508 2173
3616 4 2 1 1 1172 1426 1636 1980
3617 4 2 1 1 1422 1639 1292 2311
3618 4 2 1 1 1440 1193 1627 2073
3619 4 2 1 1 1366 1844 2256 1596
3620 4 2 1 1 1916 284 1059 711
3621 4 2 1 1 462 640 461 1389
3622 4 2 1 1 1229 1633 1393 1932
3623 4 2 1 1 1660 1760 1340 2254
3624 4 2 1 1 1268 1345 1744 2410
3625 4 2 1 1 1626 1666 555 2084
3626 4 2 1 1 370 424 371 1982
3627 4 2 1 1 245 1535 2114 1753
3628 4 2 1 1 1689 1941 1360 2290
3629 4 2 1 1 1366 1594 1543 2109
3630 4 2 1 1 152 1717 816 2259
3631 4 2 1 1 1474 1223 1362 1869
3632 4 2 1 1 1249 1595 1502 2098
3633 4 2 1 1 1299 1682 1533 1742
3634 4 2 1 1 1212 1937 1469 2023
3635 4 2 1 1 1239 1969 1550 2188
3636 4 2 1 1 911 954 818 1502
3637 4 2 1 1 1299 1815 1533 1980
3638 4 2 1 1 1440 2310 1193 1418
3639 4 2 1 1 2025 1670 1817 1335
3640 4 2 1 1 1270 1797 1593 2174
3641 4 2 1 1 190 914 845 1716
3642 4 2 1 1 427 565 375 2073
3643 4 2 1 1 672 667 40 2389
3644 4 2 1 1 341 1600 661 1706
3645 4 2 1 1 1870 2262 1527 1456
3646 4 2 1 1 1916 1059 284 1449
3647 4 2 1 1 1155 1521 1968 2069
3648 4 2 1 1 1194 1859 1616 2176
3649 4 2 1 1 1470 1831 1349 2038
3650 4 2 1 1 1672 1175 2136 1364
3651 4 2 1 1 1725 1781 1374 1891
3652 4 2 1 1 646 1352 715 1904
3653 4 2 1 1 334 333 336 1386
3654 4 2 1 1 1396 1650 610 2187
3655 4 2 1 1 811 1628 1995 2137
3656 4 2 1 1 1487 1627 1193 2419
3657 4 2 1 1 1190 1629 1451 1903
3658 4 2 1 1 1294 1477 1695 2328
3659 4 2 1 1 1805 164 772 2064
3660 4 2 1 1 341 1600 1706 2288
3661 4 2 1 1 859 1428 2104 697
3662 4 2 1 1 1141 1631 1518 2378
3663 4 2 1 1 1263 1147 2209 1934
3664 4 2 1 1 1141 1518 1475 2378
3665 4 2 1 1 1545 1949 991 2213
3666 4 2 1 1 1192 1638 1421 2179
3667 4 2 1 1 776 222 224 2114
3668 4 2 1 1 1419 1270 2041 2174
3669 4 2 1 1 515 1627 1016 2123
3670 4 2 1 1 1451 1903 1629 1922
3671 4 2 1 1 1169 2228 1359 2321
3672 4 2 1 1 2170 367 395 1435
3673 4 2 1 1 708 1354 2125 2287
3674 4 2 1 1 1600 1649 661 1706
3675 4 2 1 1 1289 1386 1930 2062
3676 4 2 1 1 1738 1802 1433 2304
3677 4 2 1 1 2116 1895 1499 1182
3678 4 2 1 1 2170 395 367 346
3679 4 2 1 1 388 2011 389 386
3680 4 2 1 1 1183 1643 1384 2335
3681 4 2 1 1 1855 1930 1159 2023
3682 4 2 1 1 1094 617 1110 1882
3683 4 2 1 1 1515 1896 651 2019
3684 4 2 1 1 642 986 558 1961
3685 4 2 1 1 889 1837 268 1953
3686 4 2 1 1 1980 2167 1533 2169
3687 4 2 1 1 1487 2271 1697 2394
3688 4 2 1 1 1160 1478 2126 2340
3689 4 2 1 1 1297 1768 1390 1906
3690 4 2 1 1 2266 1255 1764 1986
3691 4 2 1 1 2025 1670 1335 1763
3692 4 2 1 1 2266 1764 1255 1565
3693 4 2 1 1 1299 1533 1682 1980
3694 4 2 1 1 2094 2390 1566 1820
3695 4 2 1 1 1305 1784 1610 2384
3696 4 2 1 1 2094 2176 1820 1431
3697 4 2 1 1 193 192 198 2242
3698 4 2 1 1 174 673 992 1385
3699 4 2 1 1 1658 1364 1175 2331
3700 4 2 1 1 313 1746 1544 1954
3701 4 2 1 1 1177 1387 1877 1946
3702 4 2 1 1 1142 2010 1460 2193
3703 4 2 1 1 428 1435 1783 2000
3704 4 2 1 1 1929 1569 1247 2009
3705 4 2 1 1 1233 1552 1429 1358
3706 4 2 1 1 1577 2206 1342 2414
3707 4 2 1 1 2396 175 1981 1836
3708 4 2 1 1 2215 2235 1295 2322
3709 4 2 1 1 1482 1257 1737 1879
3710 4 2 1 1 1279 1883 2283 1412
3711 4 2 1 1 1210 1430 1712 1456
3712 4 2 1 1 332 1432 339 1919
3713 4 2 1 1 262 260 261 1629
3714 4 2 1 1 2133 2148 1723 1177
3715 4 2 1 1 2133 1723 2148 1360
3716 4 2 1 1 1133 1628 811 2137
3717 4 2 1 1 975 1477 1608 2075
3718 4 2 1 1 1387 1659 1177 1877
3719 4 2 1 1 1281 1674 1646 1900
3720 4 2 1 1 1402 1596 1280 2256
3721 4 2 1 1 1288 1853 1706 2382
3722 4 2 1 1 1588 2261 2103 2269
3723 4 2 1 1 1176 1669 2007 1950
3724 4 2 1 1 2309 1883 1412 1537
3725 4 2 1 1 1146 1584 1730 2234
3726 4 2 1 1 1165 2013 1537 2339
3727 4 2 1 1 2181 350 322 325
3728 4 2 1 1 23 1367 2257 41
3729 4 2 1 1 894 929 1679 2186
3730 4 2 1 1 153 1719 150 2238
3731 4 2 1 1 1458 1595 1162 2031
3732 4 2 1 1 1237 1747 1436 1165
3733 4 2 1 1 1421 1638 1192 2059
3734 4 2 1 1 1285 1205 1574 1687
3735 4 2 1 1 1220 1391 1612 2207
3736 4 2 1 1 1148 1610 1445 1784
3737 4 2 1 1 582 2068 1406 2389
3738 4 2 1 1 380 2220 439 2323
3739 4 2 1 1 1242 1619 1450 1841
3740 4 2 1 1 962 1027 685 1603
3741 4 2 1 1 251 1374 246 2083
3742 4 2 1 1 1193 1697 1418 1785
3743 4 2 1 1 931 1414 1064 1912
3744 4 2 1 1 1466 1276 2056 1607
3745 4 2 1 1 2090 1582 1195 1634
3746 4 2 1 1 807 1924 1621 2102
3747 4 2 1 1 456 1479 1557 2066
3748 4 2 1 1 1162 1595 1458 2343
3749 4 2 1 1 229 1663 228 1765
3750 4 2 1 1 2277 1989 783 1620
3751 4 2 1 1 238 2207 2301 236
3752 4 2 1 1 859 1428 697 529
3753 4 2 1 1 597 917 1056 2091
3754 4 2 1 1 1392 1759 899 2425
3755 4 2 1 1 1082 1121 970 1658
3756 4 2 1 1 462 465 640 1974
3757 4 2 1 1 747 1131 1078 2140
3758 4 2 1 1 1479 456 2104 625
3759 4 2 1 1 1640 1867 1410 2289
3760 4 2 1 1 1346 1773 2099 2388
3761 4 2 1 1 2201 124 881 120
3762 4 2 1 1 743 1364 742 2077
3763 4 2 1 1 2201 881 124 1446
3764 4 2 1 1 1619 1928 1825 2142
3765 4 2 1 1 1230 2116 1499 2363
3766 4 2 1 1 604 980 991 1949
3767 4 2 1 1 1469 1930 1855 2023
3768 4 2 1 1 41 1010 1771 2257
3769 4 2 1 1 1299 1682 1526 1982
3770 4 2 1 1 1177 1397 2133 2148
3771 4 2 1 1 1502 1200 1721 2098
3772 4 2 1 1 1233 1931 1807 1372
3773 4 2 1 1 2228 2025 1763 1670
3774 4 2 1 1 1383 1736 1228 1192
3775 4 2 1 1 1307 1700 1446 2201
3776 4 2 1 1 1336 1501 2247 1754
3777 4 2 1 1 1318 1632 1504 1885
3778 4 2 1 1 1210 1844 1539 1596
3779 4 2 1 1 980 434 509 1482
3780 4 2 1 1 1213 1573 1781 1891
3781 4 2 1 1 1199 1639 1718 2194
3782 4 2 1 1 1350 1464 1945 1641
3783 4 2 1 1 1616 1859 1194 2325
3784 4 2 1 1 1043 1062 1512 1344
3785 4 2 1 1 1028 2380 849 882
3786 4 2 1 1 1812 1602 2209 1516
3787 4 2 1 1 1225 1819 1456 1926
3788 4 2 1 1 1713 475 1403 472
3789 4 2 1 1 1146 2234 1730 2290
3790 4 2 1 1 1537 1797 1412 2309
3791 4 2 1 1 509 980 1482 1949
3792 4 2 1 1 1412 1797 1510 1849
3793 4 2 1 1 1396 1963 1165 2013
3794 4 2 1 1 1703 1872 214 1359
3795 4 2 1 1 1164 1351 1768 1917
3796 4 2 1 1 2085 946 1923 1102
3797 4 2 1 1 1764 1986 1369 1158
3798 4 2 1 1 732 1701 5 1948
3799 4 2 1 1 2093 2180 1926 1258
3800 4 2 1 1 894 929 557 1679
3801 4 2 1 1 2003 2016 440 627
3802 4 2 1 1 1414 1716 1266 2085
3803 4 2 1 1 693 1766 1365 2365
3804 4 2 1 1 1346 1938 1651 1156
3805 4 2 1 1 1689 1917 1490 2405
3806 4 2 1 1 739 737 1889 1752
3807 4 2 1 1 1779 1418 642 1604
3808 4 2 1 1 574 2000 428 2334
3809 4 2 1 1 1193 1785 2352 2394
3810 4 2 1 1 1295 1478 2126 2382
3811 4 2 1 1 1318 1504 1585 1885
3812 4 2 1 1 1454 1738 1957 2338
3813 4 2 1 1 937 1476 1053 2065
3814 4 2 1 1 1149 1488 1673 2063
3815 4 2 1 1 646 522 519 1630
3816 4 2 1 1 1670 1817 1458 2344
3817 4 2 1 1 294 283 280 1415
3818 4 2 1 1 1478 1685 1160 2126
3819 4 2 1 1 1294 1748 1696 2035
3820 4 2 1 1 1237 1782 1601 1840
3821 4 2 1 1 464 1489 465 1898
3822 4 2 1 1 1647 1655 1846 2150
3823 4 2 1 1 671 1936 538 2336
3824 4 2 1 1 953 1471 835 1843
3825 4 2 1 1 1220 2083 1612 2164
3826 4 2 1 1 1213 1905 1744 2410
3827 4 2 1 1 1183 1384 1545 2335
3828 4 2 1 1 2262 1210 1527 1456
3829 4 2 1 1 1241 1543 2067 1596
3830 4 2 1 1 1347 1568 1662 1794
3831 4 2 1 1 2003 440 2016 1583
3832 4 2 1 1 368 1654 186 1826
3833 4 2 1 1 1840 2091 1601 1268
3834 4 2 1 1 1665 1404 1192 2071
3835 4 2 1 1 1456 1926 1819 2180
3836 4 2 1 1 1301 1995 1621 2102
3837 4 2 1 1 1422 1657 1217 1872
3838 4 2 1 1 1396 1702 1237 1165
3839 4 2 1 1 1033 360 1509 1991
3840 4 2 1 1 1537 1699 1165 2339
3841 4 2 1 1 1974 651 1896 2019
3842 4 2 1 1 1358 1746 1688 2032
3843 4 2 1 1 215 212 214 1703
3844 4 2 1 1 1750 2206 1577 2414
3845 4 2 1 1 327 328 887 2424
3846 4 2 1 1 1630 1904 1262 1958
3847 4 2 1 1 1843 2165 1432 2170
3848 4 2 1 1 959 410 131 1970
3849 4 2 1 1 382 976 1621 1995
3850 4 2 1 1 169 2030 1037 2121
3851 4 2 1 1 610 1650 1396 2159
3852 4 2 1 1 1777 1813 1521 2326
3853 4 2 1 1 1194 1526 1443 1979
3854 4 2 1 1 285 291 814 1988
3855 4 2 1 1 1817 2105 1458 2344
3856 4 2 1 1 1346 2099 1704 2388
3857 4 2 1 1 1174 1817 1570 2105
3858 4 2 1 1 643 454 644 1906
3859 4 2 1 1 1229 1669 1950 2036
3860 4 2 1 1 2127 2291 1500 2367
3861 4 2 1 1 1196 1614 1794 1941
3862 4 2 1 1 1218 1737 2108 2392
3863 4 2 1 1 713 2158 283 1415
3864 4 2 1 1 21 53 46 2267
3865 4 2 1 1 1306 1406 1734 2246
3866 4 2 1 1 631 1442 1386 338
3867 4 2 1 1 283 2158 713 1124
3868 4 2 1 1 1050 708 2125 2287
3869 4 2 1 1 1223 1828 1740 1984
3870 4 2 1 1 510 609 1782 2159
3871 4 2 1 1 631 1442 338 1126
3872 4 2 1 1 1158 1543 1462 1956
3873 4 2 1 1 495 2346 1582 491
3874 4 2 1 1 536 1809 1775 2180
3875 4 2 1 1 1131 1728 1506 2253
3876 4 2 1 1 1888 2084 1317 2341
3877 4 2 1 1 828 1801 1086 2016
3878 4 2 1 1 437 674 1056 2091
3879 4 2 1 1 630 468 1456 1819
3880 4 2 1 1 827 104 1801 2314
3881 4 2 1 1 1277 1543 1462 1730
3882 4 2 1 1 1316 1917 1689 2405
3883 4 2 1 1 1778 1236 2046 2274
3884 4 2 1 1 1904 209 260 1451
3885 4 2 1 1 543 2085 547 1944
3886 4 2 1 1 449 578 1524 2068
3887 4 2 1 1 1451 1904 1352 1958
3888 4 2 1 1 1324 1226 1907 1862
3889 4 2 1 1 1234 1604 1509 1991
3890 4 2 1 1 1438 1837 1274 1953
3891 4 2 1 1 1430 1143 2078 1844
3892 4 2 1 1 1294 1695 1951 2328
3893 4 2 1 1 1220 1612 1391 1825
3894 4 2 1 1 1391 1612 1291 1825
3895 4 2 1 1 706 652 678 2019
3896 4 2 1 1 1289 1937 1722 2023
3897 4 2 1 1 1524 2168 2392 1491
3898 4 2 1 1 207 1642 2144 1467
3899 4 2 1 1 1178 1736 1377 2192
3900 4 2 1 1 1203 1981 1836 2396
3901 4 2 1 1 1367 1198 2106 2147
3902 4 2 1 1 24 1978 919 2147
3903 4 2 1 1 1475 1518 1141 1967
3904 4 2 1 1 1537 2013 1395 2339
3905 4 2 1 1 362 1769 385 1561
3906 4 2 1 1 1155 1968 1880 2069
3907 4 2 1 1 1403 1202 2070 2377
3908 4 2 1 1 1460 1633 1570 2193
3909 4 2 1 1 1904 260 209 716
3910 4 2 1 1 1230 1440 2116 2363
3911 4 2 1 1 1203 1553 2359 2396
3912 4 2 1 1 1330 1754 1673 1149
3913 4 2 1 1 24 1560 1978 2147
3914 4 2 1 1 1672 2136 1175 1209
3915 4 2 1 1 1280 1914 1628 2144
3916 4 2 1 1 1376 1511 2074 2351
3917 4 2 1 1 640 649 1021 1974
3918 4 2 1 1 1213 1725 1620 1935
3919 4 2 1 1 1148 1784 1617 2384
3920 4 2 1 1 1349 1776 1694 2202
3921 4 2 1 1 1259 2063 1690 1928
3922 4 2 1 1 661 1600 1132 1649
3923 4 2 1 1 856 1858 1634 2030
3924 4 2 1 1 539 909 464 1936
3925 4 2 1 1 1222 1743 1857 1860
3926 4 2 1 1 1282 1424 2036 2042
3927 4 2 1 1 1761 638 1894 1066
3928 4 2 1 1 1219 1394 1644 2273
3929 4 2 1 1 1242 1688 1420 1746
3930 4 2 1 1 1219 1644 1394 1275
3931 4 2 1 1 380 439 451 2323
3932 4 2 1 1 1761 638 1066 1115
3933 4 2 1 1 666 878 390 1952
3934 4 2 1 1 1274 1983 1584 2286
3935 4 2 1 1 1223 1740 1528 1984
3936 4 2 1 1 1070 1369 1940 2137
3937 4 2 1 1 1487 1652 1317 2394
3938 4 2 1 1 828 1086 921 2016
3939 4 2 1 1 1273 1718 1639 2194
3940 4 2 1 1 2253 1506 1699 1728
3941 4 2 1 1 1492 1549 1189 1973
3942 4 2 1 1 1325 1562 2120 2169
3943 4 2 1 1 1064 1063 612 1414
3944 4 2 1 1 1480 1237 1702 1165
3945 4 2 1 1 1869 1984 1588 2418
3946 4 2 1 1 937 590 1053 1476
3947 4 2 1 1 1363 1633 1460 2010
3948 4 2 1 1 1767 1939 1460 1959
3949 4 2 1 1 208 1621 2119 382
3950 4 2 1 1 1281 2050 2026 2347
3951 4 2 1 1 1206 1610 1468 1908
3952 4 2 1 1 1395 1699 1537 2339
3953 4 2 1 1 1224 1845 1701 2187
3954 4 2 1 1 1232 1485 1580 2101
3955 4 2 1 1 2277 783 1989 957
3956 4 2 1 1 1611 2026 1281 2050
3957 4 2 1 1 1206 1714 1681 2072
3958 4 2 1 1 1139 2002 1842 2087
3959 4 2 1 1 217 220 1547 1821
3960 4 2 1 1 1696 1748 1411 2035
3961 4 2 1 1 83 82 81 1973
3962 4 2 1 1 404 1419 1977 2041
3963 4 2 1 1 2112 2249 553 825
3964 4 2 1 1 1204 1754 1673 1493
3965 4 2 1 1 926 1520 489 1820
3966 4 2 1 1 503 1569 1344 1624
3967 4 2 1 1 1358 2380 1793 2385
3968 4 2 1 1 1332 1795 1454 2098
3969 4 2 1 1 1380 2047 1562 2133
3970 4 2 1 1 395 367 396 1435
3971 4 2 1 1 901 1746 1544 313
3972 4 2 1 1 1547 1809 1405 2093
3973 4 2 1 1 1486 2042 1734 2269
3974 4 2 1 1 1283 1770 1590 2123
3975 4 2 1 1 761 2174 2402 1419
3976 4 2 1 1 1521 1813 1777 2312
3977 4 2 1 1 1276 2271 1808 2394
3978 4 2 1 1 1828 2260 1714 2338
3979 4 2 1 1 63 1865 2174 2243
3980 4 2 1 1 1259 1490 1767 2063
3981 4 2 1 1 1178 1377 1684 2192
3982 4 2 1 1 1282 1669 2036 1950
3983 4 2 1 1 85 1876 994 2161
3984 4 2 1 1 833 2065 91 2226
3985 4 2 1 1 628 1405 2180 1819
3986 4 2 1 1 1946 2197 1397 2400
3987 4 2 1 1 1028 2380 882 2385
3988 4 2 1 1 536 2022 414 2180
3989 4 2 1 1 78 1549 755 1774
3990 4 2 1 1 132 137 1693 1913
3991 4 2 1 1 75 76 73 1836
3992 4 2 1 1 1272 1520 1812 1901
3993 4 2 1 1 1442 1866 1275 2062
3994 4 2 1 1 1444 2238 1188 2284
3995 4 2 1 1 2396 175 1836 770
3996 4 2 1 1 1131 1506 45 2253
3997 4 2 1 1 1410 2289 1541 2395
3998 4 2 1 1 1199 2194 2280 2311
3999 4 2 1 1 1167 1714 1828 2260
4000 4 2 1 1 1357 1243 1656 2012
4001 4 2 1 1 1477 1608 1261 1748
4002 4 2 1 1 1145 1525 1645 2371
4003 4 2 1 1 2413 1186 1387 1704
4004 4 2 1 1 2259 2292 1502 2393
4005 4 2 1 1 1220 2142 1391 2207
4006 4 2 1 1 1731 1936 671 2336
4007 4 2 1 1 1357 1812 1520 1901
4008 4 2 1 1 1162 1343 1595 2393
4009 4 2 1 1 1454 2098 1795 2319
4010 4 2 1 1 1327 2266 1576 2404
4011 4 2 1 1 2253 1699 1506 1209
4012 4 2 1 1 1584 2286 1983 2315
4013 4 2 1 1 124 1446 1700 2201
4014 4 2 1 1 1720 1494 1321 1180
4015 4 2 1 1 817 1920 118 2201
4016 4 2 1 1 1255 1576 1565 1958
4017 4 2 1 1 1350 1945 1464 1180
4018 4 2 1 1 23 1367 41 919
4019 4 2 1 1 417 1782 1861 2159
4020 4 2 1 1 1077 524 1136 2313
4021 4 2 1 1 1285 2030 1766 2090
4022 4 2 1 1 664 1406 582 1881
4023 4 2 1 1 388 2011 386 1561
4024 4 2 1 1 1567 2153 30 2305
4025 4 2 1 1 1367 2106 1198 2261
4026 4 2 1 1 778 1368 407 2275
4027 4 2 1 1 1671 2074 1511 2351
4028 4 2 1 1 61 71 60 2210
4029 4 2 1 1 1203 1514 1622 1457
4030 4 2 1 1 1203 1622 1514 2359
4031 4 2 1 1 2271 166 172 165
4032 4 2 1 1 1474 1804 28 2218
4033 4 2 1 1 756 2066 2244 2252
4034 4 2 1 1 180 179 183 2258
4035 4 2 1 1 1246 1970 1410 1461
4036 4 2 1 1 715 284 204 1352
4037 4 2 1 1 1781 1213 1401 1905
4038 4 2 1 1 1902 1384 1381 1857
4039 4 2 1 1 157 167 717 1888
4040 4 2 1 1 1249 1721 1502 1894
4041 4 2 1 1 1161 1412 1797 2309
4042 4 2 1 1 198 203 1467 1886
4043 4 2 1 1 1453 1955 1690 1619
4044 4 2 1 1 1999 2343 2319 2217
4045 4 2 1 1 1233 1359 1692 2194
4046 4 2 1 1 582 672 2068 2389
4047 4 2 1 1 1143 1810 1430 2080
4048 4 2 1 1 670 1134 747 1933
4049 4 2 1 1 1612 1892 1291 2164
4050 4 2 1 1 1129 785 1710 2037
4051 4 2 1 1 891 1091 1657 1872
4052 4 2 1 1 1031 826 264 1809
4053 4 2 1 1 1507 1997 1326 2165
4054 4 2 1 1 708 1032 707 1354
4055 4 2 1 1 1665 1192 1404 1848
4056 4 2 1 1 1926 1456 1810 1430
4057 4 2 1 1 1766 598 1037 692
4058 4 2 1 1 1753 1821 1233 2114
4059 4 2 1 1 1377 1736 1622 2192
4060 4 2 1 1 1766 2030 1634 2090
4061 4 2 1 1 1352 1904 1630 1958
4062 4 2 1 1 2310 2351 1779 1230
4063 4 2 1 1 1189 1880 1459 2263
4064 4 2 1 1 1177 1723 1562 2318
4065 4 2 1 1 1053 311 1116 2065
4066 4 2 1 1 1995 2102 1301 2357
4067 4 2 1 1 1198 2103 2261 2269
4068 4 2 1 1 509 1949 1482 2162
4069 4 2 1 1 846 940 644 1822
4070 4 2 1 1 208 1621 382 933
4071 4 2 1 1 1921 2007 1488 2376
4072 4 2 1 1 1483 1189 2049 2251
4073 4 2 1 1 538 1370 556 2336
4074 4 2 1 1 1163 1976 1646 2289
4075 4 2 1 1 761 2174 1419 404
4076 4 2 1 1 1478 2126 2340 1295
4077 4 2 1 1 360 1756 1509 1991
4078 4 2 1 1 1436 1413 1237 1861
4079 4 2 1 1 1540 1613 1246 2237
4080 4 2 1 1 2090 1582 1634 1365
4081 4 2 1 1 1557 2066 1398 2323
4082 4 2 1 1 1308 1549 1910 2263
4083 4 2 1 1 2271 172 166 1697
4084 4 2 1 1 947 675 1656 1858
4085 4 2 1 1 519 1677 1630 2381
4086 4 2 1 1 1317 1652 1760 2056
4087 4 2 1 1 884 1940 601 1993
4088 4 2 1 1 1233 1753 1692 1821
4089 4 2 1 1 1636 1426 903 2001
4090 4 2 1 1 1258 1926 1456 2180
4091 4 2 1 1 426 1527 1870 2262
4092 4 2 1 1 2383 1391 1612 1291
4093 4 2 1 1 841 1608 975 445
4094 4 2 1 1 1655 1341 1784 1322
4095 4 2 1 1 1147 1329 1687 1890
4096 4 2 1 1 1734 1866 1159 2042
4097 4 2 1 1 1676 2070 1202 2279
4098 4 2 1 1 1358 1765 1746 2380
4099 4 2 1 1 1510 1631 1412 2099
4100 4 2 1 1 84 1856 1483 2122
4101 4 2 1 1 1500 2255 1732 2291
4102 4 2 1 1 1886 788 972 287
4103 4 2 1 1 1462 1543 1277 1956
4104 4 2 1 1 1229 1681 1425 1788
4105 4 2 1 1 2254 1645 1322 2191
4106 4 2 1 1 1151 2097 1957 2338
4107 4 2 1 1 1428 1760 1666 2387
4108 4 2 1 1 302 1935 306 2277
4109 4 2 1 1 1061 1396 610 2187
4110 4 2 1 1 399 1016 515 1627
4111 4 2 1 1 2399 1632 2195 1607
4112 4 2 1 1 1460 1959 1196 2330
4113 4 2 1 1 1681 1714 1303 1984
4114 4 2 1 1 1929 1269 2055 1507
4115 4 2 1 1 829 1898 463 2303
4116 4 2 1 1 1667 256 257 272
4117 4 2 1 1 616 506 615 1433
4118 4 2 1 1 759 2054 1978 2265
4119 4 2 1 1 109 1694 1540 2365
4120 4 2 1 1 1630 1852 1352 1958
4121 4 2 1 1 516 395 1608 1843
4122 4 2 1 1 1145 1514 1622 2179
4123 4 2 1 1 1720 1494 1180 1423
4124 4 2 1 1 1205 1540 1574 2202
4125 4 2 1 1 1278 1522 1714 1206
4126 4 2 1 1 1467 1642 1207 1710
4127 4 2 1 1 794 1692 902 1821
4128 4 2 1 1 1914 2137 1628 2144
4129 4 2 1 1 867 1429 1769 1644
4130 4 2 1 1 1407 1671 1148 1361
4131 4 2 1 1 707 1541 995 2125
4132 4 2 1 1 1278 1999 1465 2343
4133 4 2 1 1 282 272 791 1989
4134 4 2 1 1 1402 1800 1683 2076
4135 4 2 1 1 229 232 935 1420
4136 4 2 1 1 778 1368 2275 1827
4137 4 2 1 1 759 655 2054 2265
4138 4 2 1 1 1361 1201 1895 1646
4139 4 2 1 1 382 1621 1942 1995
4140 4 2 1 1 1471 1843 953 2293
4141 4 2 1 1 1388 2042 1669 2205
4142 4 2 1 1 2072 1206 1522 1999
4143 4 2 1 1 1177 1380 2133 2152
4144 4 2 1 1 919 1367 1130 2147
4145 4 2 1 1 1301 1924 1438 2102
4146 4 2 1 1 1466 1731 1231 2161
4147 4 2 1 1 623 1371 2215 1071
4148 4 2 1 1 1667 256 272 1989
4149 4 2 1 1 1146 1448 1562 2317
4150 4 2 1 1 1375 1720 1556 1334
4151 4 2 1 1 961 1782 609 1845
4152 4 2 1 1 1419 761 1977 2402
4153 4 2 1 1 1294 1696 1579 2035
4154 4 2 1 1 2225 2080 1335 1810
4155 4 2 1 1 1229 1855 1393 2205
4156 4 2 1 1 609 610 1396 2159
4157 4 2 1 1 905 1960 1513 2386
4158 4 2 1 1 1527 1284 1870 1456
4159 4 2 1 1 66 761 65 2402
4160 4 2 1 1 1731 620 1758 2336
4161 4 2 1 1 270 1498 1953 271
4162 4 2 1 1 245 1535 1753 900
4163 4 2 1 1 1188 1719 1472 2238
4164 4 2 1 1 434 509 1482 2162
4165 4 2 1 1 768 541 970 1658
4166 4 2 1 1 1465 2029 1312 2276
4167 4 2 1 1 1162 1674 1407 1281
4168 4 2 1 1 1840 2091 1268 1338
4169 4 2 1 1 970 1658 1523 1826
4170 4 2 1 1 1602 1812 1272 1156
4171 4 2 1 1 1875 1934 1661 1243
4172 4 2 1 1 1843 2165 2170 1435
4173 4 2 1 1 1855 1229 2370 2036
4174 4 2 1 1 594 1426 903 2372
4175 4 2 1 1 1523 1658 1175 1826
4176 4 2 1 1 1928 2027 1825 2142
4177 4 2 1 1 1536 1801 103 2314
4178 4 2 1 1 1495 2071 2059 1751
4179 4 2 1 1 1444 1719 1188 2238
4180 4 2 1 1 1211 1792 1368 1964
4181 4 2 1 1 1202 1416 2107 2279
4182 4 2 1 1 1214 1505 1452 1887
4183 4 2 1 1 1395 2153 1567 2305
4184 4 2 1 1 1248 1521 1968 2298
4185 4 2 1 1 1559 1292 1657 1745
4186 4 2 1 1 1262 1172 1355 1691
4187 4 2 1 1 1218 1392 1598 2181
4188 4 2 1 1 1381 1384 1814 1261
4189 4 2 1 1 1672 1865 1790 2175
4190 4 2 1 1 1407 1201 1674 2074
4191 4 2 1 1 98 1548 96 1749
4192 4 2 1 1 59 1971 1455 2054
4193 4 2 1 1 1037 1766 694 2121
4194 4 2 1 1 1212 1362 1804 2103
4195 4 2 1 1 1236 1631 1416 2107
4196 4 2 1 1 1468 1610 1206 2072
4197 4 2 1 1 71 78 755 1774
4198 4 2 1 1 1223 1515 1588 2222
4199 4 2 1 1 1781 1401 1213 1725
4200 4 2 1 1 1507 1921 1269 2108
4201 4 2 1 1 1756 1898 829 2303
4202 4 2 1 1 584 997 1042 2111
4203 4 2 1 1 1299 1526 1682 1979
4204 4 2 1 1 1573 1780 1351 2063
4205 4 2 1 1 1198 2103 1362 2261
4206 4 2 1 1 1558 1712 1284 1874
4207 4 2 1 1 1170 1409 1833 2178
4208 4 2 1 1 931 726 725 1912
4209 4 2 1 1 1022 1029 1779 2223
4210 4 2 1 1 1902 1384 1857 1183
4211 4 2 1 1 1423 1176 2007 1950
4212 4 2 1 1 611 561 591 1410
4213 4 2 1 1 1549 1308 1479 2252
4214 4 2 1 1 1855 2370 1229 1918
4215 4 2 1 1 1253 1594 1434 1832
4216 4 2 1 1 1276 1808 2056 2394
4217 4 2 1 1 1412 1161 1797 1849
4218 4 2 1 1 1147 1687 1508 2206
4219 4 2 1 1 2095 2183 1554 2312
4220 4 2 1 1 1161 1589 1379 2421
4221 4 2 1 1 1221 1850 1605 2006
4222 4 2 1 1 1262 1922 1904 1960
4223 4 2 1 1 2116 1895 1182 1772
4224 4 2 1 1 1588 2103 1424 2269
4225 4 2 1 1 1157 1660 1760 2056
4226 4 2 1 1 739 1889 737 936
4227 4 2 1 1 1306 1734 1866 2246
4228 4 2 1 1 1627 2117 1283 2123
4229 4 2 1 1 378 377 184 2303
4230 4 2 1 1 1377 2192 1622 2296
4231 4 2 1 1 2418 2370 1229 2036
4232 4 2 1 1 1450 1242 1841 2364
4233 4 2 1 1 362 1769 1561 1952
4234 4 2 1 1 605 1559 1040 1077
4235 4 2 1 1 461 1389 640 2138
4236 4 2 1 1 610 1650 918 2187
4237 4 2 1 1 1236 1348 1224 1839
4238 4 2 1 1 2418 1229 2370 1918
4239 4 2 1 1 1214 1354 1675 2141
4240 4 2 1 1 1235 1780 1897 1325
4241 4 2 1 1 867 1429 963 1769
4242 4 2 1 1 1562 1448 2169 2317
4243 4 2 1 1 332 345 340 1432
4244 4 2 1 1 1185 2306 1402 2375
4245 4 2 1 1 32 1455 59 2267
4246 4 2 1 1 604 862 366 1783
4247 4 2 1 1 1144 1585 1425 1681
4248 4 2 1 1 1957 2097 1454 2338
4249 4 2 1 1 1016 1440 681 2123
4250 4 2 1 1 1209 1546 1506 2136
4251 4 2 1 1 1819 1926 1405 2180
4252 4 2 1 1 2396 1203 1441 2359
4253 4 2 1 1 1341 1966 1705 2038
4254 4 2 1 1 1057 1922 1030 1960
4255 4 2 1 1 2228 1225 1926 1405
4256 4 2 1 1 1146 1584 1448 2317
4257 4 2 1 1 830 1509 1756 2258
4258 4 2 1 1 1547 1359 1821 1931
4259 4 2 1 1 700 1867 1410 1461
4260 4 2 1 1 1201 1674 1646 1361
4261 4 2 1 1 1354 1214 1675 1878
4262 4 2 1 1 1400 1266 1923 2085
4263 4 2 1 1 1006 244 243 2383
4264 4 2 1 1 861 1456 353 2262
4265 4 2 1 1 85 84 1483 2122
4266 4 2 1 1 1294 1579 1854 2035
4267 4 2 1 1 515 399 1627 2117
4268 4 2 1 1 1568 2002 2087 2148
4269 4 2 1 1 1630 1311 1616 2381
4270 4 2 1 1 1864 1967 1447 1659
4271 4 2 1 1 1751 2157 1705 1333
4272 4 2 1 1 1630 1616 1311 1531
4273 4 2 1 1 1641 1864 1336 1754
4274 4 2 1 1 430 291 1800 1988
4275 4 2 1 1 32 1978 759 2054
4276 4 2 1 1 326 323 325 2181
4277 4 2 1 1 1302 1682 1818 1979
4278 4 2 1 1 393 298 206 1679
4279 4 2 1 1 501 1634 856 1858
4280 4 2 1 1 1285 2206 1687 1574
4281 4 2 1 1 982 1433 615 2356
4282 4 2 1 1 306 302 304 1935
4283 4 2 1 1 1128 418 1024 2307
4284 4 2 1 1 684 364 683 2301
4285 4 2 1 1 1252 1814 1435 2165
4286 4 2 1 1 270 1498 271 274
4287 4 2 1 1 192 1605 1886 2242
4288 4 2 1 1 1603 704 18 1554
4289 4 2 1 1 1238 1824 1609 2001
4290 4 2 1 1 175 1836 1654 1981
4291 4 2 1 1 1416 1713 2279 2377
4292 4 2 1 1 1768 1390 1906 2308
4293 4 2 1 1 652 1119 651 2019
4294 4 2 1 1 1661 1858 1373 2173
4295 4 2 1 1 2344 1359 1169 1807
4296 4 2 1 1 1687 2206 1285 1508
4297 4 2 1 1 1302 1380 2120 2152
4298 4 2 1 1 1233 1807 1718 1372
4299 4 2 1 1 1545 1783 1075 1949
4300 4 2 1 1 1175 2421 1739 1586
4301 4 2 1 1 1233 1807 1359 2194
4302 4 2 1 1 2026 2416 1347 1143
4303 4 2 1 1 1049 996 929 1405
4304 4 2 1 1 366 346 345 2170
4305 4 2 1 1 1369 1986 1472 2284
4306 4 2 1 1 1439 1194 2094 2034
4307 4 2 1 1 1077 1559 1040 1882
4308 4 2 1 1 464 909 465 1489
4309 4 2 1 1 1229 1681 1918 2418
4310 4 2 1 1 2070 2279 1713 2377
4311 4 2 1 1 1025 1872 1422 2200
4312 4 2 1 1 1201 1895 1446 2351
4313 4 2 1 1 18 1554 2183 2302
4314 4 2 1 1 1246 1574 1540 2202
4315 4 2 1 1 1819 557 393 1008
4316 4 2 1 1 156 155 87 1466
4317 4 2 1 1 1713 1985 473 2299
4318 4 2 1 1 641 1094 1110 2356
4319 4 2 1 1 574 1860 576 2000
4320 4 2 1 1 1685 2126 1478 2382
4321 4 2 1 1 1286 1197 2059 1583
4322 4 2 1 1 102 827 104 1801
4323 4 2 1 1 426 286 1527 2262
4324 4 2 1 1 836 1843 340 2170
4325 4 2 1 1 1213 1579 1935 1951
4326 4 2 1 1 638 2272 1894 606
4327 4 2 1 1 382 1942 1621 2119
4328 4 2 1 1 1660 1885 1157 2254
4329 4 2 1 1 1203 1514 1457 2135
4330 4 2 1 1 1393 1469 1932 2118
4331 4 2 1 1 1423 1550 1239 1838
4332 4 2 1 1 1770 2240 1694 2314
4333 4 2 1 1 976 933 382 1621
4334 4 2 1 1 1454 1795 1332 2260
4335 4 2 1 1 1611 1143 1900 2026
4336 4 2 1 1 710 587 627 2003
4337 4 2 1 1 816 310 145 2259
4338 4 2 1 1 1156 1938 1517 1564
4339 4 2 1 1 1237 1601 2060 2079
4340 4 2 1 1 1432 1798 345 2170
4341 4 2 1 1 1210 1712 1430 1844
4342 4 2 1 1 1584 1862 1448 2317
4343 4 2 1 1 1149 1690 1891 1955
4344 4 2 1 1 368 1654 1826 2307
4345 4 2 1 1 1348 1839 1701 1224
4346 4 2 1 1 1619 1690 1259 1955
4347 4 2 1 1 1460 1767 1959 2330
4348 4 2 1 1 1527 1642 277 2230
4349 4 2 1 1 2111 1866 1578 1442
4350 4 2 1 1 1175 2421 1586 2219
4351 4 2 1 1 1344 1799 1624 2055
4352 4 2 1 1 1754 1947 1673 1149
4353 4 2 1 1 1288 1707 1390 2408
4354 4 2 1 1 1548 1848 1266 2039
4355 4 2 1 1 1225 1819 1698 1456
4356 4 2 1 1 2272 1657 718 981
4357 4 2 1 1 1196 1689 1360 2087
4358 4 2 1 1 554 400 1471 2009
4359 4 2 1 1 935 391 1663 2208
4360 4 2 1 1 1467 1710 1207 1886
4361 4 2 1 1 1162 1407 2292 2343
4362 4 2 1 1 1259 1490 2063 1928
4363 4 2 1 1 1227 1504 1585 1806
4364 4 2 1 1 646 1117 715 1352
4365 4 2 1 1 744 1099 651 1896
4366 4 2 1 1 1556 1720 1144 1334
4367 4 2 1 1 199 198 1467 2242
4368 4 2 1 1 1195 1858 1661 2173
4369 4 2 1 1 1203 1382 1654 2086
4370 4 2 1 1 953 554 835 1471
4371 4 2 1 1 2272 718 1657 1559
4372 4 2 1 1 1179 1843 1471 2035
4373 4 2 1 1 1672 1175 1364 2331
4374 4 2 1 1 1460 2010 1633 2193
4375 4 2 1 1 424 703 425 2061
4376 4 2 1 1 594 596 1834 2021
4377 4 2 1 1 1299 1824 1636 1982
4378 4 2 1 1 2323 1981 380 2220
4379 4 2 1 1 1305 2196 1785 2384
4380 4 2 1 1 1253 1577 2374 2414
4381 4 2 1 1 1419 1797 2174 2264
4382 4 2 1 1 1331 1724 1568 2409
4383 4 2 1 1 1394 2248 316 2425
4384 4 2 1 1 1228 1575 1383 2226
4385 4 2 1 1 1262 1691 1531 1958
4386 4 2 1 1 1624 1799 1240 2055
4387 4 2 1 1 868 1429 867 1644
4388 4 2 1 1 1232 1580 1485 2203
4389 4 2 1 1 1672 1790 741 2253
4390 4 2 1 1 1532 1283 1831 2157
4391 4 2 1 1 1705 2038 1154 1341
4392 4 2 1 1 1383 1848 1548 2039
4393 4 2 1 1 372 2325 2386 1982
4394 4 2 1 1 1142 1718 1552 2024
4395 4 2 1 1 1218 1623 1635 2406
4396 4 2 1 1 1396 2187 1963 2013
4397 4 2 1 1 1348 1475 1963 1518
4398 4 2 1 1 1843 1471 2035 2293
4399 4 2 1 1 1326 1482 1737 1879
4400 4 2 1 1 1260 1684 1476 1977
4401 4 2 1 1 1164 1825 1351 1928
4402 4 2 1 1 1136 524 420 2313
4403 4 2 1 1 1119 1871 1515 2019
4404 4 2 1 1 1150 1375 1643 2188
4405 4 2 1 1 445 396 841 2000
4406 4 2 1 1 1018 813 1909 2306
4407 4 2 1 1 1329 1516 1735 2209
4408 4 2 1 1 2323 380 1981 451
4409 4 2 1 1 1636 1980 2001 1824
4410 4 2 1 1 2181 350 325 1911
4411 4 2 1 1 2343 1957 2319 1595
4412 4 2 1 1 1493 2120 1325 2318
4413 4 2 1 1 1645 2191 1340 1421
4414 4 2 1 1 1233 1692 1359 1821
4415 4 2 1 1 895 219 933 1621
4416 4 2 1 1 62 2243 57 2305
4417 4 2 1 1 1149 1488 1947 1673
4418 4 2 1 1 1124 2044 283 2158
4419 4 2 1 1 2274 1985 542 1416
4420 4 2 1 1 1917 2362 1959 2405
4421 4 2 1 1 1260 1575 1553 2143
4422 4 2 1 1 1418 1193 1785 2310
4423 4 2 1 1 540 473 1985 2299
4424 4 2 1 1 7 2153 1348 2187
4425 4 2 1 1 1786 2302 1248 1300
4426 4 2 1 1 2177 2086 1382 1203
4427 4 2 1 1 1106 1650 610 2159
4428 4 2 1 1 1215 1416 1631 2048
4429 4 2 1 1 1647 1846 1655 1293
4430 4 2 1 1 1273 2105 1817 2344
4431 4 2 1 1 1169 2093 1547 2228
4432 4 2 1 1 954 1894 1004 2327
4433 4 2 1 1 1896 26 2369 744
4434 4 2 1 1 1456 1819 468 2180
4435 4 2 1 1 1510 1849 1684 2081
4436 4 2 1 1 720 673 1385 992
4437 4 2 1 1 1023 40 667 2389
4438 4 2 1 1 375 843 173 2419
4439 4 2 1 1 900 1535 1753 2385
4440 4 2 1 1 1174 1662 1570 2190
4441 4 2 1 1 1188 2238 1472 2284
4442 4 2 1 1 1140 1975 1379 2247
4443 4 2 1 1 139 1693 1444 2412
4444 4 2 1 1 1694 1770 1349 2240
4445 4 2 1 1 1265 1686 1467 1914
4446 4 2 1 1 1549 1479 1308 1910
4447 4 2 1 1 740 970 1121 1523
4448 4 2 1 1 744 651 1515 1896
4449 4 2 1 1 1044 169 1037 2121
4450 4 2 1 1 1240 1799 1392 2055
4451 4 2 1 1 1229 1950 1669 2010
4452 4 2 1 1 1400 1944 1987 2085
4453 4 2 1 1 728 1708 1560 2147
4454 4 2 1 1 197 200 196 1868
4455 4 2 1 1 2178 2255 1409 1833
4456 4 2 1 1 2274 542 1985 622
4457 4 2 1 1 761 769 1977 2402
4458 4 2 1 1 1219 1394 1544 2364
4459 4 2 1 1 1235 1325 1493 1330
4460 4 2 1 1 400 412 1624 2009
4461 4 2 1 1 1213 1149 1573 1891
4462 4 2 1 1 305 363 1103 2358
4463 4 2 1 1 1253 1750 1581 1850
4464 4 2 1 1 1400 1266 2085 1987
4465 4 2 1 1 2203 1984 1504 1144
4466 4 2 1 1 600 2224 2088 2397
4467 4 2 1 1 589 926 489 1820
4468 4 2 1 1 1181 1397 2148 2172
4469 4 2 1 1 536 1095 1809 2180
4470 4 2 1 1 634 1649 1132 2322
4471 4 2 1 1 911 818 178 1721
4472 4 2 1 1 1687 1508 2173 2209
4473 4 2 1 1 1493 1673 1235 1330
4474 4 2 1 1 1302 1818 1380 2152
4475 4 2 1 1 1382 1203 1654 1836
4476 4 2 1 1 1375 2211 1813 1556
4477 4 2 1 1 1632 2049 1189 2251
4478 4 2 1 1 1438 1924 267 2102
4479 4 2 1 1 1375 1813 2211 1643
4480 4 2 1 1 772 1805 1441 2236
4481 4 2 1 1 612 1414 547 2085
4482 4 2 1 1 756 2066 1041 2244
4483 4 2 1 1 1229 2036 1681 2418
4484 4 2 1 1 1777 1248 2302 1300
4485 4 2 1 1 547 1414 1944 2085
4486 4 2 1 1 1803 1906 1390 2308
4487 4 2 1 1 495 1067 537 1634
4488 4 2 1 1 1489 1898 1389 1974
4489 4 2 1 1 1559 1648 1882 1738
4490 4 2 1 1 126 127 125 1606
4491 4 2 1 1 1151 1918 1469 1932
4492 4 2 1 1 1642 1710 785 2037
4493 4 2 1 1 1061 1396 2187 1845
4494 4 2 1 1 430 1402 814 1988
4495 4 2 1 1 1964 1965 2051 1211
4496 4 2 1 1 1744 1905 1519 2410
4497 4 2 1 1 428 1435 2000 396
4498 4 2 1 1 1409 1853 1768 1917
4499 4 2 1 1 1167 1795 1454 2260
4500 4 2 1 1 1211 1663 1420 1765
4501 4 2 1 1 400 450 412 2009
4502 4 2 1 1 824 1886 2354 287
4503 4 2 1 1 1368 1288 1663 2208
4504 4 2 1 1 1261 2000 1608 2075
4505 4 2 1 1 500 518 499 2390
4506 4 2 1 1 1464 1550 1945 1140
4507 4 2 1 1 985 1977 952 2143
4508 4 2 1 1 2178 2255 1833 1297
4509 4 2 1 1 166 1697 172 2419
4510 4 2 1 1 1675 1354 1032 2287
4511 4 2 1 1 616 506 1433 2011
4512 4 2 1 1 2343 1957 1595 1458
4513 4 2 1 1 1573 1690 1351 2164
4514 4 2 1 1 1445 2212 1216 2229
4515 4 2 1 1 1524 2392 2168 1306
4516 4 2 1 1 1253 2374 1615 2414
4517 4 2 1 1 388 2011 1561 2089
4518 4 2 1 1 1368 1792 2126 2182
4519 4 2 1 1 1859 1443 4 2420
4520 4 2 1 1 901 1746 313 848
4521 4 2 1 1 1527 1800 291 1988
4522 4 2 1 1 1496 1222 1860 1933
4523 4 2 1 1 568 494 569 2199
4524 4 2 1 1 1760 2333 1660 2387
4525 4 2 1 1 1521 1529 1375 1334
4526 4 2 1 1 1596 1210 1402 2076
4527 4 2 1 1 332 883 345 1798
4528 4 2 1 1 1156 1346 1564 1735
4529 4 2 1 1 1216 1762 1445 2229
4530 4 2 1 1 1743 962 16 2353
4531 4 2 1 1 1171 1812 1357 1994
4532 4 2 1 1 1721 183 185 1648
4533 4 2 1 1 1176 1767 1460 1842
4534 4 2 1 1 982 2218 1433 2356
4535 4 2 1 1 1149 1690 1573 1891
4536 4 2 1 1 1164 1351 1917 1928
4537 4 2 1 1 1030 1922 905 1960
4538 4 2 1 1 1895 1646 1307 1182
4539 4 2 1 1 1653 1977 769 2402
4540 4 2 1 1 713 294 934 1834
4541 4 2 1 1 1645 2191 1421 1751
4542 4 2 1 1 1551 898 1069 351
4543 4 2 1 1 1555 1771 1010 2257
4544 4 2 1 1 2001 2058 1980 1426
4545 4 2 1 1 1153 1531 1691 1958
4546 4 2 1 1 1323 1813 2211 1556
4547 4 2 1 1 1353 2189 1647 2413
4548 4 2 1 1 177 171 1509 2258
4549 4 2 1 1 1679 200 894 2186
4550 4 2 1 1 1299 1338 1815 2061
4551 4 2 1 1 1237 1601 1861 2060
4552 4 2 1 1 1323 2211 1813 1643
4553 4 2 1 1 1944 481 482 483
4554 4 2 1 1 654 1515 1119 1871
4555 4 2 1 1 1944 482 481 1755
4556 4 2 1 1 647 715 716 1904
4557 4 2 1 1 648 1630 647 1904
4558 4 2 1 1 2373 1933 1222 1496
4559 4 2 1 1 1874 2037 1642 2230
4560 4 2 1 1 1340 1816 2155 2254
4561 4 2 1 1 981 1657 1761 2272
4562 4 2 1 1 836 835 340 1843
4563 4 2 1 1 2203 1984 1144 1588
4564 4 2 1 1 1192 2059 1495 2071
4565 4 2 1 1 1620 1989 1268 2277
4566 4 2 1 1 1705 1831 1154 2038
4567 4 2 1 1 1185 1683 1498 1295
4568 4 2 1 1 2306 1185 1498 1599
4569 4 2 1 1 340 1432 345 2170
4570 4 2 1 1 1274 1884 1500 1983
4571 4 2 1 1 867 336 550 1644
4572 4 2 1 1 2306 1498 1185 1683
4573 4 2 1 1 1945 2247 1754 1641
4574 4 2 1 1 1274 1551 1837 1862
4575 4 2 1 1 1592 1848 1383 2039
4576 4 2 1 1 1368 1964 1792 2182
4577 4 2 1 1 1362 2103 1708 2389
4578 4 2 1 1 1583 1626 1197 1666
4579 4 2 1 1 1565 1764 1190 2234
4580 4 2 1 1 1159 1866 1734 2246
4581 4 2 1 1 137 139 1693 1913
4582 4 2 1 1 299 298 374 1452
4583 4 2 1 1 169 1044 132 2121
4584 4 2 1 1 1566 1820 589 2294
4585 4 2 1 1 2150 2189 1647 1353
4586 4 2 1 1 902 1098 245 1753
4587 4 2 1 1 1810 1900 1505 2225
4588 4 2 1 1 2227 103 135 1536
4589 4 2 1 1 1571 1893 1875 1972
4590 4 2 1 1 1630 1904 648 1960
4591 4 2 1 1 1288 1390 1707 2391
4592 4 2 1 1 886 2052 1606 2223
4593 4 2 1 1 1844 1851 1539 1998
4594 4 2 1 1 881 119 349 2005
4595 4 2 1 1 2353 1857 1743 1603
4596 4 2 1 1 245 1535 900 223
4597 4 2 1 1 1499 2116 1590 2123
4598 4 2 1 1 1183 1603 1384 1857
4599 4 2 1 1 1141 2099 1773 2388
4600 4 2 1 1 1933 2140 747 1496
4601 4 2 1 1 875 1835 1569 2009
4602 4 2 1 1 135 1536 1912 2227
4603 4 2 1 1 1591 1091 411 213
4604 4 2 1 1 1317 1428 1760 2084
4605 4 2 1 1 1811 1882 1245 2356
4606 4 2 1 1 669 841 2000 2075
4607 4 2 1 1 1792 1160 2126 2182
4608 4 2 1 1 355 402 1413 2249
4609 4 2 1 1 991 509 2162 1949
4610 4 2 1 1 1147 1574 1687 2206
4611 4 2 1 1 1149 1690 1955 2063
4612 4 2 1 1 1185 1539 2067 1596
4613 4 2 1 1 1201 1674 1534 2141
4614 4 2 1 1 726 931 1064 1912
4615 4 2 1 1 1018 1683 1402 430
4616 4 2 1 1 1423 1239 1550 2188
4617 4 2 1 1 1455 1971 59 2267
4618 4 2 1 1 1345 2060 1601 2079
4619 4 2 1 1 1159 2062 1866 2246
4620 4 2 1 1 723 273 1046 2245
4621 4 2 1 1 1407 2074 1298 2292
4622 4 2 1 1 1291 1768 1906 2308
4623 4 2 1 1 456 457 1557 2104
4624 4 2 1 1 1323 1482 2211 2335
4625 4 2 1 1 1334 1504 1880 2015
4626 4 2 1 1 1322 1705 1652 1751
4627 4 2 1 1 1189 1459 1880 2417
4628 4 2 1 1 1326 1737 1482 1997
4629 4 2 1 1 1322 1705 1751 1341
4630 4 2 1 1 2162 509 991 686
4631 4 2 1 1 1695 2112 825 2249
4632 4 2 1 1 1636 2001 1980 1426
4633 4 2 1 1 578 1708 1524 2068
4634 4 2 1 1 1498 1683 820 2235
4635 4 2 1 1 741 1790 47 2253
4636 4 2 1 1 2162 2213 991 1949
4637 4 2 1 1 2283 2013 1963 1518
4638 4 2 1 1 1590 1920 115 1461
4639 4 2 1 1 81 82 78 1549
4640 4 2 1 1 353 861 468 1456
4641 4 2 1 1 901 1746 848 2380
4642 4 2 1 1 1357 1812 1661 1994
4643 4 2 1 1 1474 2218 1 2356
4644 4 2 1 1 1506 2128 45 2253
4645 4 2 1 1 1163 1976 2289 2395
4646 4 2 1 1 1679 200 2186 1868
4647 4 2 1 1 1963 2187 1348 2013
4648 4 2 1 1 1259 1939 1767 1959
4649 4 2 1 1 991 2213 2162 686
4650 4 2 1 1 942 449 447 2168
4651 4 2 1 1 362 1952 1561 2216
4652 4 2 1 1 19 748 18 2183
4653 4 2 1 1 687 1892 1497 1906
4654 4 2 1 1 642 1604 858 1779
4655 4 2 1 1 1141 1704 2099 2388
4656 4 2 1 1 1137 1592 833 2039
4657 4 2 1 1 1196 1360 1794 2087
4658 4 2 1 1 156 1466 87 2161
4659 4 2 1 1 1228 1625 1383 1192
4660 4 2 1 1 1478 1685 1208 2028
4661 4 2 1 1 2092 1793 1219 1644
4662 4 2 1 1 1332 1811 1648 2260
4663 4 2 1 1 1931 2051 1233 2114
4664 4 2 1 1 1180 2045 1587 1321
4665 4 2 1 1 155 157 717 1888
4666 4 2 1 1 87 1466 155 2122
4667 4 2 1 1 1305 1617 1784 2384
4668 4 2 1 1 1866 2062 1442 2246
4669 4 2 1 1 1224 1443 1948 1979
4670 4 2 1 1 390 666 1952 2216
4671 4 2 1 1 1579 1696 1247 2035
4672 4 2 1 1 1248 1521 1777 2312
4673 4 2 1 1 2283 2013 1518 1537
4674 4 2 1 1 1413 1244 1823 2018
4675 4 2 1 1 1288 1706 1390 2391
4676 4 2 1 1 398 504 860 2117
4677 4 2 1 1 1267 1372 1711 2040
4678 4 2 1 1 2013 1436 1165 1396
4679 4 2 1 1 347 1624 855 1799
4680 4 2 1 1 651 1055 744 1515
4681 4 2 1 1 1926 1810 1456 1225
4682 4 2 1 1 263 265 266 1837
4683 4 2 1 1 1950 1788 1425 1321
4684 4 2 1 1 1629 1190 1438 2278
4685 4 2 1 1 861 1051 630 1870
4686 4 2 1 1 1480 1336 1864 1754
4687 4 2 1 1 1002 772 1441 2236
4688 4 2 1 1 1158 1366 2109 2297
4689 4 2 1 1 1860 1857 1261 1384
4690 4 2 1 1 1581 1850 1750 2006
4691 4 2 1 1 1398 2066 1664 2220
4692 4 2 1 1 1404 2179 2071 2371
4693 4 2 1 1 1764 1986 1956 2266
4694 4 2 1 1 580 2111 2068 2168
4695 4 2 1 1 1000 1948 573 1845
4696 4 2 1 1 1367 919 1978 2147
4697 4 2 1 1 635 656 533 2018
4698 4 2 1 1 1703 1872 1359 2321
4699 4 2 1 1 1618 1457 1254 1427
4700 4 2 1 1 2241 2289 2395 1163
4701 4 2 1 1 18 748 35 2183
4702 4 2 1 1 256 1620 254 783
4703 4 2 1 1 1578 2111 997 2168
4704 4 2 1 1 1828 1869 1303 1984
4705 4 2 1 1 1211 1688 1420 1873
4706 4 2 1 1 1229 2010 1669 2205
4707 4 2 1 1 780 1512 1954 2285
4708 4 2 1 1 1005 701 968 1820
4709 4 2 1 1 931 1414 1912 2346
4710 4 2 1 1 712 1426 903 594
4711 4 2 1 1 698 2139 673 1625
4712 4 2 1 1 1075 1783 1545 2334
4713 4 2 1 1 1178 1684 1377 2081
4714 4 2 1 1 1418 1604 1234 2329
4715 4 2 1 1 694 1766 1540 2121
4716 4 2 1 1 1645 2008 1816 2014
4717 4 2 1 1 1289 1881 1722 2216
4718 4 2 1 1 1645 1408 2008 2014
4719 4 2 1 1 646 910 1117 1677
4720 4 2 1 1 1544 2273 315 2285
4721 4 2 1 1 1499 2116 2123 2363
4722 4 2 1 1 1041 2066 1664 2244
4723 4 2 1 1 1327 1972 1397 2404
4724 4 2 1 1 965 795 851 2280
4725 4 2 1 1 1176 2007 1709 2376
4726 4 2 1 1 1214 1646 1354 2141
4727 4 2 1 1 1147 2206 1750 2414
4728 4 2 1 1 1289 1930 1561 1937
4729 4 2 1 1 1332 2260 1648 1738
4730 4 2 1 1 1234 1756 1509 1795
4731 4 2 1 1 1139 1842 2002 2184
4732 4 2 1 1 2092 1793 1644 1429
4733 4 2 1 1 1229 1473 1633 1932
4734 4 2 1 1 83 1483 84 1856
4735 4 2 1 1 135 693 725 1365
4736 4 2 1 1 1335 1810 1505 2225
4737 4 2 1 1 1063 547 612 1414
4738 4 2 1 1 991 1545 1075 1949
4739 4 2 1 1 804 1579 803 1835
4740 4 2 1 1 1465 1611 1281 2050
4741 4 2 1 1 2347 1900 1646 1434
4742 4 2 1 1 1485 1144 1556 2269
4743 4 2 1 1 1768 1853 1409 2255
4744 4 2 1 1 1659 1864 1493 1447
4745 4 2 1 1 1565 1764 1956 2266
4746 4 2 1 1 262 1629 273 1922
4747 4 2 1 1 1702 1165 1396 1963
4748 4 2 1 1 316 315 2273 2285
4749 4 2 1 1 1248 2232 1786 1300
4750 4 2 1 1 1481 2197 1972 1263
4751 4 2 1 1 1547 1931 1821 2114
4752 4 2 1 1 1143 1558 1712 1810
4753 4 2 1 1 841 1608 445 2000
4754 4 2 1 1 283 2044 1415 2158
4755 4 2 1 1 1720 1950 1425 1321
4756 4 2 1 1 1359 1821 1692 2200
4757 4 2 1 1 1949 913 1798 603
4758 4 2 1 1 1416 1985 1563 2274
4759 4 2 1 1 701 1820 1431 2199
4760 4 2 1 1 1418 1234 1785 2329
4761 4 2 1 1 1454 1795 1522 2319
4762 4 2 1 1 841 1608 2000 2075
4763 4 2 1 1 895 261 219 1924
4764 4 2 1 1 1712 1810 1558 1887
4765 4 2 1 1 1450 1619 1242 1928
4766 4 2 1 1 1119 1515 651 2019
4767 4 2 1 1 1196 1941 1689 2405
4768 4 2 1 1 1527 1800 1988 1210
4769 4 2 1 1 254 250 1725 2204
4770 4 2 1 1 526 1824 1609 2061
4771 4 2 1 1 824 1886 287 192
4772 4 2 1 1 410 1913 131 1733
4773 4 2 1 1 1057 648 1904 1960
4774 4 2 1 1 1173 1556 1485 1334
4775 4 2 1 1 1579 1247 1854 2035
4776 4 2 1 1 1685 1288 1853 1873
4777 4 2 1 1 2126 1288 2382 1685
4778 4 2 1 1 1864 1967 2004 1279
4779 4 2 1 1 1520 1566 1357 2294
4780 4 2 1 1 2241 2289 1163 1640
4781 4 2 1 1 1632 2251 1660 2056
4782 4 2 1 1 1196 1614 1941 2405
4783 4 2 1 1 1504 1885 1632 2417
4784 4 2 1 1 1523 1786 1300 2077
4785 4 2 1 1 158 1993 1605 2242
4786 4 2 1 1 1386 2092 1530 1275
4787 4 2 1 1 1394 1219 1847 2364
4788 4 2 1 1 1641 1945 1350 1204
4789 4 2 1 1 1275 1866 1623 2062
4790 4 2 1 1 1307 1446 1895 1920
4791 4 2 1 1 1201 1446 1606 2351
4792 4 2 1 1 1012 1942 1369 1995
4793 4 2 1 1 161 939 1731 162
4794 4 2 1 1 1000 573 1948 907
4795 4 2 1 1 413 1721 185 2166
4796 4 2 1 1 1224 1396 1702 1845
4797 4 2 1 1 335 2033 330 2270
4798 4 2 1 1 185 1721 1648 2166
4799 4 2 1 1 1331 1925 1647 2400
4800 4 2 1 1 1282 1556 1144 2269
4801 4 2 1 1 1203 1514 1441 2359
4802 4 2 1 1 174 1625 1749 2250
4803 4 2 1 1 410 131 1913 133
4804 4 2 1 1 1018 1683 430 822
4805 4 2 1 1 1175 2421 2219 1313
4806 4 2 1 1 1444 1605 1221 1913
4807 4 2 1 1 731 28 1804 2218
4808 4 2 1 1 1613 131 1913 1733
4809 4 2 1 1 1624 1799 347 1919
4810 4 2 1 1 1660 2251 1287 2056
4811 4 2 1 1 40 1560 728 1708
4812 4 2 1 1 1640 1307 1646 1182
4813 4 2 1 1 1898 556 829 463
4814 4 2 1 1 1291 1906 1803 2308
4815 4 2 1 1 1213 1696 1579 1951
4816 4 2 1 1 746 1134 727 1933
4817 4 2 1 1 1343 1249 2272 2031
4818 4 2 1 1 1033 1120 360 1991
4819 4 2 1 1 41 1085 1130 2281
4820 4 2 1 1 707 708 1354 2125
4821 4 2 1 1 321 323 899 1829
4822 4 2 1 1 707 1354 1032 1878
4823 4 2 1 1 1124 713 1011 2158
4824 4 2 1 1 1243 1576 1852 1875
4825 4 2 1 1 615 1433 506 2313
4826 4 2 1 1 1143 1434 1594 1832
4827 4 2 1 1 1402 1909 814 1988
4828 4 2 1 1 224 1535 1827 2114
4829 4 2 1 1 1353 1587 1408 2014
4830 4 2 1 1 461 1811 1389 2138
4831 4 2 1 1 1359 1692 1422 2200
4832 4 2 1 1 1378 1678 1214 1878
4833 4 2 1 1 1792 1964 1160 2182
4834 4 2 1 1 826 220 264 1547
4835 4 2 1 1 1252 1798 1482 1997
4836 4 2 1 1 323 1392 899 1829
4837 4 2 1 1 1293 1863 1647 1735
4838 4 2 1 1 870 1793 868 1644
4839 4 2 1 1 704 49 1054 1603
4840 4 2 1 1 1182 1640 1461 2017
4841 4 2 1 1 1429 2385 1753 1358
4842 4 2 1 1 1267 2080 1817 2190
4843 4 2 1 1 1898 829 556 1756
4844 4 2 1 1 1779 1418 1604 2310
4845 4 2 1 1 1236 1348 1839 1563
4846 4 2 1 1 691 1867 1541 1410
4847 4 2 1 1 380 187 379 2220
4848 4 2 1 1 1086 143 760 1801
4849 4 2 1 1 465 1489 650 1974
4850 4 2 1 1 1880 2263 1264 2348
4851 4 2 1 1 1482 1798 1326 1997
4852 4 2 1 1 1779 1418 2310 1961
4853 4 2 1 1 1249 1502 1721 2098
4854 4 2 1 1 973 752 1024 1417
4855 4 2 1 1 1290 1618 1572 2096
4856 4 2 1 1 1970 1089 410 1733
4857 4 2 1 1 2146 1871 2320 1492
4858 4 2 1 1 977 1871 1492 2054
4859 4 2 1 1 158 191 1993 2242
4860 4 2 1 1 1163 1899 1640 1646
4861 4 2 1 1 830 1509 360 1756
4862 4 2 1 1 2182 2275 1775 1368
4863 4 2 1 1 1307 1867 1640 2289
4864 4 2 1 1 1453 1891 1690 1955
4865 4 2 1 1 974 1534 847 2088
4866 4 2 1 1 1354 1201 1700 2141
4867 4 2 1 1 1692 1821 794 2200
4868 4 2 1 1 1228 1383 1625 2226
4869 4 2 1 1 1150 1542 1507 1921
4870 4 2 1 1 1 1474 28 2218
4871 4 2 1 1 1026 1129 1710 2037
4872 4 2 1 1 1612 243 240 2383
4873 4 2 1 1 1456 2022 353 2262
4874 4 2 1 1 503 1569 1624 502
4875 4 2 1 1 121 817 118 2201
4876 4 2 1 1 1461 2017 1776 1590
4877 4 2 1 1 171 1509 1717 2282
4878 4 2 1 1 63 57 62 2243
4879 4 2 1 1 1438 1274 1837 2278
4880 4 2 1 1 1187 1660 2333 2387
4881 4 2 1 1 1169 1807 1931 1372
4882 4 2 1 1 879 338 666 1881
4883 4 2 1 1 1930 1937 1469 2118
4884 4 2 1 1 1293 1925 1846 2229
4885 4 2 1 1 1491 1737 1257 1879
4886 4 2 1 1 362 1561 386 2216
4887 4 2 1 1 1786 920 740 736
4888 4 2 1 1 1527 1642 1280 2144
4889 4 2 1 1 1602 1830 1365 2090
4890 4 2 1 1 662 1649 2391 1706
4891 4 2 1 1 1168 1480 1747 2079
4892 4 2 1 1 828 1532 1801 2016
4893 4 2 1 1 1245 1648 1811 2260
4894 4 2 1 1 1278 1714 2097 1206
4895 4 2 1 1 826 408 217 1547
4896 4 2 1 1 1257 1482 1737 2211
4897 4 2 1 1 1436 1244 1728 2339
4898 4 2 1 1 626 1700 1534 2287
4899 4 2 1 1 1474 1212 1804 2218
4900 4 2 1 1 1446 1201 1606 1700
4901 4 2 1 1 105 1536 103 2314
4902 4 2 1 1 903 690 552 2372
4903 4 2 1 1 1440 1283 1966 2116
4904 4 2 1 1 1057 648 647 1904
4905 4 2 1 1 1970 410 1089 959
4906 4 2 1 1 664 582 1406 2389
4907 4 2 1 1 1280 1642 1527 1874
4908 4 2 1 1 1207 1467 1686 2297
4909 4 2 1 1 859 1428 529 2110
4910 4 2 1 1 1327 1581 1750 2266
4911 4 2 1 1 85 1876 2161 1483
4912 4 2 1 1 2044 1833 2130 1415
4913 4 2 1 1 1312 1139 1788 2057
4914 4 2 1 1 153 1449 793 2332
4915 4 2 1 1 1983 2235 1600 1295
4916 4 2 1 1 1574 1890 1342 2414
4917 4 2 1 1 1472 1942 154 1943
4918 4 2 1 1 1378 1710 1207 2037
4919 4 2 1 1 1447 1864 1165 2283
4920 4 2 1 1 1455 1264 2069 2320
4921 4 2 1 1 1231 2049 1876 2411
4922 4 2 1 1 1151 1473 1932 2366
4923 4 2 1 1 1189 1549 1492 2263
4924 4 2 1 1 1186 1387 1704 1787
4925 4 2 1 1 773 1713 474 2279
4926 4 2 1 1 56 11 1790 2305
4927 4 2 1 1 1139 1680 1587 2189
4928 4 2 1 1 316 2285 1394 2425
4929 4 2 1 1 191 192 193 2242
4930 4 2 1 1 104 103 1801 2314
4931 4 2 1 1 991 705 1545 2213
4932 4 2 1 1 1228 1514 1638 2179
4933 4 2 1 1 1207 1558 1832 1976
4934 4 2 1 1 1978 2054 1232 2265
4935 4 2 1 1 1235 1490 1689 2300
4936 4 2 1 1 1234 1604 1991 2329
4937 4 2 1 1 1534 1298 2088 2145
4938 4 2 1 1 1382 1203 1836 2177
4939 4 2 1 1 2014 1468 1908 1585
4940 4 2 1 1 1240 1929 1624 2055
4941 4 2 1 1 1201 1671 1895 2351
4942 4 2 1 1 24 728 1560 2147
4943 4 2 1 1 1591 1091 213 1872
4944 4 2 1 1 1043 659 658 1344
4945 4 2 1 1 1213 1781 1573 1905
4946 4 2 1 1 2130 1833 2044 1170
4947 4 2 1 1 321 1829 899 2425
4948 4 2 1 1 494 1356 569 2199
4949 4 2 1 1 1464 1550 1140 1296
4950 4 2 1 1 888 840 957 2277
4951 4 2 1 1 1213 1696 1149 1891
4952 4 2 1 1 1511 1604 1376 1200
4953 4 2 1 1 1198 2106 1486 2269
4954 4 2 1 1 1216 1915 1899 2347
4955 4 2 1 1 1685 1873 1853 2362
4956 4 2 1 1 1241 1844 1366 1596
4957 4 2 1 1 438 1664 1041 2066
4958 4 2 1 1 1603 18 704 49
4959 4 2 1 1 1022 886 1029 2223
4960 4 2 1 1 14 727 1743 1933
4961 4 2 1 1 85 84 83 1483
4962 4 2 1 1 1420 1688 1242 2027
4963 4 2 1 1 1231 1876 1489 2411
4964 4 2 1 1 2336 960 1991 1756
4965 4 2 1 1 1535 1753 1233 2114
4966 4 2 1 1 286 291 285 1527
4967 4 2 1 1 2179 1645 1340 1421
4968 4 2 1 1 1547 2093 1405 2228
4969 4 2 1 1 1221 1613 1246 2206
4970 4 2 1 1 1646 1361 1281 2347
4971 4 2 1 1 928 363 303 2358
4972 4 2 1 1 198 1886 1467 2242
4973 4 2 1 1 1361 1646 1899 2347
4974 4 2 1 1 604 1075 1783 1949
4975 4 2 1 1 868 963 867 1429
4976 4 2 1 1 1650 2013 1395 2153
4977 4 2 1 1 285 1527 291 1988
4978 4 2 1 1 419 1014 1093 1871
4979 4 2 1 1 1556 1323 1173 2106
4980 4 2 1 1 1810 2025 1430 2080
4981 4 2 1 1 1640 1646 1899 1182
4982 4 2 1 1 1171 1566 2094 2355
4983 4 2 1 1 1064 612 1105 1716
4984 4 2 1 1 1175 2421 1313 1739
4985 4 2 1 1 1144 1424 1588 2418
4986 4 2 1 1 1288 1390 1853 2408
4987 4 2 1 1 1267 1430 2025 2080
4988 4 2 1 1 1324 1226 1862 1551
4989 4 2 1 1 563 857 642 2329
4990 4 2 1 1 773 916 1416 2279
4991 4 2 1 1 1202 2107 1676 2279
4992 4 2 1 1 1672 2136 2253 2128
4993 4 2 1 1 726 2227 135 1912
4994 4 2 1 1 448 2149 1524 2281
4995 4 2 1 1 174 1068 1625 2250
4996 4 2 1 1 1515 654 653 2265
4997 4 2 1 1 208 1621 933 219
4998 4 2 1 1 1472 1369 1255 1986
4999 4 2 1 1 1666 2084 1428 2110
5000 4 2 1 1 1921 2007 1269 2108
5001 4 2 1 1 773 1416 916 542
5002 4 2 1 1 1207 1832 1715 1976
5003 4 2 1 1 951 712 294 1415
5004 4 2 1 1 1172 1980 1533 2169
5005 4 2 1 1 2302 2183 35 1786
5006 4 2 1 1 1867 2125 1307 2201
5007 4 2 1 1 1723 2087 1689 2330
5008 4 2 1 1 935 714 391 2208
5009 4 2 1 1 1937 2304 2118 2311
5010 4 2 1 1 286 291 1527 2262
5011 4 2 1 1 1902 1384 1183 1969
5012 4 2 1 1 1509 1756 1234 1991
5013 4 2 1 1 1281 1646 1674 1361
5014 4 2 1 1 1175 1523 1826 2232
5015 4 2 1 1 1974 651 650 649
5016 4 2 1 1 2162 2213 1949 2335
5017 4 2 1 1 1162 1407 2343 1281
5018 4 2 1 1 1920 115 1461 116
5019 4 2 1 1 1759 1841 1512 2285
5020 4 2 1 1 981 718 421 1657
5021 4 2 1 1 2001 1980 2058 1238
5022 4 2 1 1 1225 1452 1679 1763
5023 4 2 1 1 2106 2211 1486 1556
5024 4 2 1 1 1155 1572 1618 2096
5025 4 2 1 1 1344 1512 1841 1619
5026 4 2 1 1 2302 35 2183 18
5027 4 2 1 1 198 788 203 1886
5028 4 2 1 1 2072 1305 2196 2399
5029 4 2 1 1 1053 766 985 1476
5030 4 2 1 1 1303 1828 1714 2338
5031 4 2 1 1 1266 1848 1592 2039
5032 4 2 1 1 1233 1821 1931 2114
5033 4 2 1 1 2093 2180 1258 1809
5034 4 2 1 1 982 616 1433 1722
5035 4 2 1 1 1151 1932 1469 2118
5036 4 2 1 1 234 848 313 1746
5037 4 2 1 1 1451 1904 1262 1922
5038 4 2 1 1 2007 2108 1921 2124
5039 4 2 1 1 660 1569 875 1835
5040 4 2 1 1 1435 1608 1261 2000
5041 4 2 1 1 1061 1396 1845 609
5042 4 2 1 1 1127 1003 1752 2307
5043 4 2 1 1 1445 1762 1216 1915
5044 4 2 1 1 1198 1560 1708 2147
5045 4 2 1 1 1189 1973 2049 2146
5046 4 2 1 1 864 403 553 2075
5047 4 2 1 1 1230 1440 1966 2116
5048 4 2 1 1 793 1449 1059 1916
5049 4 2 1 1 1193 2073 1697 2419
5050 4 2 1 1 1899 1915 1361 2347
5051 4 2 1 1 1163 1434 1715 2374
5052 4 2 1 1 1046 273 898 2245
5053 4 2 1 1 214 1591 213 1872
5054 4 2 1 1 1334 1880 1504 1580
5055 4 2 1 1 1758 1785 1234 2329
5056 4 2 1 1 2399 2195 1632 1318
5057 4 2 1 1 299 1452 374 2151
5058 4 2 1 1 2333 1317 2056 1888
5059 4 2 1 1 1390 1706 1288 1853
5060 4 2 1 1 547 1414 1063 2346
5061 4 2 1 1 1237 1702 1782 1840
5062 4 2 1 1 660 1996 1569 2083
5063 4 2 1 1 975 1477 553 2112
5064 4 2 1 1 1479 1856 1138 2154
5065 4 2 1 1 1263 1875 1893 1972
5066 4 2 1 1 1364 1672 2128 2136
5067 4 2 1 1 416 840 2060 1601
5068 4 2 1 1 1394 1847 1166 2364
5069 4 2 1 1 528 695 1666 2110
5070 4 2 1 1 147 890 195 1789
5071 4 2 1 1 1668 1845 573 1948
5072 4 2 1 1 1133 811 1070 2137
5073 4 2 1 1 704 705 686 2213
5074 4 2 1 1 752 1024 1417 2244
5075 4 2 1 1 1245 1648 2260 1738
5076 4 2 1 1 621 1563 622 1020
5077 4 2 1 1 372 2325 1982 289
5078 4 2 1 1 1033 1604 618 1991
5079 4 2 1 1 1178 1476 2065 2192
5080 4 2 1 1 1376 1298 1606 2074
5081 4 2 1 1 1656 1661 1357 1858
5082 4 2 1 1 358 433 434 1879
5083 4 2 1 1 416 2060 840 308
5084 4 2 1 1 1192 1548 1749 2250
5085 4 2 1 1 1205 1365 1830 2090
5086 4 2 1 1 2396 1441 1203 1981
5087 4 2 1 1 1370 1936 1731 2336
5088 4 2 1 1 1534 1674 1328 2141
5089 4 2 1 1 1189 1504 1580 2146
5090 4 2 1 1 512 1032 443 1878
5091 4 2 1 1 1 28 731 2218
5092 4 2 1 1 1956 2234 1764 1565
5093 4 2 1 1 1207 1832 1558 1874
5094 4 2 1 1 1193 1697 1785 2394
5095 4 2 1 1 1132 1600 2235 2322
5096 4 2 1 1 2373 2140 1933 1496
5097 4 2 1 1 419 977 1014 1871
5098 4 2 1 1 103 1801 1536 2227
5099 4 2 1 1 220 1547 1821 2114
5100 4 2 1 1 1179 2053 1726 1507
5101 4 2 1 1 1226 1426 1907 2058
5102 4 2 1 1 1311 1630 1531 1852
5103 4 2 1 1 1388 2042 1486 2124
5104 4 2 1 1 1436 1237 1413 1747
5105 4 2 1 1 1217 1458 1670 2031
5106 4 2 1 1 1021 1974 1474 2138
5107 4 2 1 1 1377 1849 1684 2296
5108 4 2 1 1 1846 1925 1331 2212
5109 4 2 1 1 831 671 1731 1936
5110 4 2 1 1 1734 1855 1424 2042
5111 4 2 1 1 974 1534 1675 2287
5112 4 2 1 1 1644 2248 1394 1275
5113 4 2 1 1 787 2037 844 2349
5114 4 2 1 1 1406 1306 2068 2246
5115 4 2 1 1 406 1043 780 2285
5116 4 2 1 1 1315 2010 1393 2205
5117 4 2 1 1 1129 786 785 2037
5118 4 2 1 1 1249 1648 1559 1738
5119 4 2 1 1 1661 1812 1195 2209
5120 4 2 1 1 493 916 773 2279
5121 4 2 1 1 1650 2153 918 2187
5122 4 2 1 1 1926 1851 1711 1258
5123 4 2 1 1 1161 1684 1849 2296
5124 4 2 1 1 1475 1443 1236 1224
5125 4 2 1 1 881 124 1446 2223
5126 4 2 1 1 621 1563 1020 971
5127 4 2 1 1 1287 1888 1466 2122
5128 4 2 1 1 500 511 1677 2012
5129 4 2 1 1 1308 2244 2066 2252
5130 4 2 1 1 1403 2185 1517 2377
5131 4 2 1 1 616 1722 956 2216
5132 4 2 1 1 2177 2086 1203 1457
5133 4 2 1 1 1319 2174 1865 2243
5134 4 2 1 1 1189 1492 1973 2146
5135 4 2 1 1 1258 1964 1711 2093
5136 4 2 1 1 1558 1434 1832 1976
5137 4 2 1 1 2301 683 1390 1803
5138 4 2 1 1 2301 1390 683 1707
5139 4 2 1 1 1210 1851 1371 2076
5140 4 2 1 1 1409 1768 1351 1917
5141 4 2 1 1 1236 1443 1839 1224
5142 4 2 1 1 524 506 420 2313
5143 4 2 1 1 199 1940 193 2242
5144 4 2 1 1 1825 1928 1164 2027
5145 4 2 1 1 134 707 544 2125
5146 4 2 1 1 1209 1379 1739 2309
5147 4 2 1 1 268 266 267 1837
5148 4 2 1 1 1414 1602 1987 1830
5149 4 2 1 1 1430 1810 1712 1456
5150 4 2 1 1 1130 2147 1367 2281
5151 4 2 1 1 1190 1462 2171 2234
5152 4 2 1 1 1229 1918 1473 1932
5153 4 2 1 1 136 349 119 1499
5154 4 2 1 1 2111 1866 1442 2246
5155 4 2 1 1 1406 1708 1198 2103
5156 4 2 1 1 1141 1412 1787 1967
5157 4 2 1 1 1964 1965 1211 1792
5158 4 2 1 1 1175 1826 2086 2232
5159 4 2 1 1 1795 2098 1200 2319
5160 4 2 1 1 404 1977 469 2041
5161 4 2 1 1 2044 689 967 2204
5162 4 2 1 1 1419 1313 1161 2264
5163 4 2 1 1 1239 1921 1488 2268
5164 4 2 1 1 1262 1513 1903 1922
5165 4 2 1 1 1734 2042 1424 2269
5166 4 2 1 1 1629 1438 1190 1924
5167 4 2 1 1 1166 1635 1623 2129
5168 4 2 1 1 394 1706 940 1822
5169 4 2 1 1 1679 200 1868 206
5170 4 2 1 1 1273 1807 1718 2194
5171 4 2 1 1 32 759 924 2054
5172 4 2 1 1 1274 1862 1837 2278
5173 4 2 1 1 1836 2143 1653 2177
5174 4 2 1 1 2120 2131 1659 1177
5175 4 2 1 1 355 1413 1861 2060
5176 4 2 1 1 1758 939 1731 2271
5177 4 2 1 1 1218 1392 2181 2406
5178 4 2 1 1 2106 1771 1323 1367
5179 4 2 1 1 1596 1210 2076 1539
5180 4 2 1 1 1336 1546 1699 2247
5181 4 2 1 1 1435 1783 1252 2170
5182 4 2 1 1 1245 1738 1433 1882
5183 4 2 1 1 1281 1465 2050 2347
5184 4 2 1 1 1516 1812 1602 1156
5185 4 2 1 1 1362 1560 2369 2389
5186 4 2 1 1 640 1389 1974 2138
5187 4 2 1 1 321 899 779 2425
5188 4 2 1 1 664 1406 1804 2389
5189 4 2 1 1 1433 1245 1882 2356
5190 4 2 1 1 1016 565 681 1440
5191 4 2 1 1 1213 1725 1579 1891
5192 4 2 1 1 1410 1867 1640 1461
5193 4 2 1 1 1285 2030 1693 2121
5194 4 2 1 1 2292 2098 1502 1595
5195 4 2 1 1 353 1456 468 2022
5196 4 2 1 1 1246 2017 1574 2202
5197 4 2 1 1 1477 2112 1695 2249
5198 4 2 1 1 715 1117 284 1352
5199 4 2 1 1 1214 1646 1900 1976
5200 4 2 1 1 1253 1434 1715 1832
5201 4 2 1 1 1679 200 206 894
5202 4 2 1 1 2420 1236 2046 2034
5203 4 2 1 1 1513 1922 1262 1960
5204 4 2 1 1 177 171 176 1509
5205 4 2 1 1 1398 1308 1187 2135
5206 4 2 1 1 302 1620 1935 2277
5207 4 2 1 1 1188 1576 1449 1243
5208 4 2 1 1 1671 2074 1407 2217
5209 4 2 1 1 2217 2292 2343 2319
5210 4 2 1 1 1194 1818 1979 2360
5211 4 2 1 1 668 731 1804 2218
5212 4 2 1 1 1052 1839 1563 2274
5213 4 2 1 1 4 5 37 2420
5214 4 2 1 1 1282 2042 1669 2124
5215 4 2 1 1 1999 2319 2343 1278
5216 4 2 1 1 1589 2113 1849 1412
5217 4 2 1 1 1256 1645 1421 1751
5218 4 2 1 1 1241 2214 1941 1730
5219 4 2 1 1 1282 1486 2042 2124
5220 4 2 1 1 1941 2214 1241 1794
5221 4 2 1 1 1251 1525 1564 1704
5222 4 2 1 1 1436 1650 1396 2013
5223 4 2 1 1 445 516 395 1608
5224 4 2 1 1 1444 2006 1265 2284
5225 4 2 1 1 298 205 206 1868
5226 4 2 1 1 2282 2052 1022 1376
5227 4 2 1 1 1634 2030 1858 2173
5228 4 2 1 1 1179 1411 1748 2035
5229 4 2 1 1 1022 2052 2282 149
5230 4 2 1 1 1758 939 2271 842
5231 4 2 1 1 1269 1635 2055 1507
5232 4 2 1 1 1425 1585 1321 1788
5233 4 2 1 1 1216 1899 1762 2229
5234 4 2 1 1 2296 1419 1260 1313
5235 4 2 1 1 1685 1792 1288 1873
5236 4 2 1 1 1215 1563 1416 1985
5237 4 2 1 1 2396 175 770 782
5238 4 2 1 1 1275 1578 1442 2403
5239 4 2 1 1 1070 896 1133 2137
5240 4 2 1 1 79 1836 1553 2143
5241 4 2 1 1 375 565 843 2073
5242 4 2 1 1 712 596 934 1834
5243 4 2 1 1 951 1667 281 2001
5244 4 2 1 1 2307 1024 1127 418
5245 4 2 1 1 1605 1850 1320 1886
5246 4 2 1 1 318 316 2248 2425
5247 4 2 1 1 1931 1964 1337 2093
5248 4 2 1 1 1961 565 427 2073
5249 4 2 1 1 1169 1807 1817 2344
5250 4 2 1 1 1933 670 1087 1860
5251 4 2 1 1 1645 1751 1655 1322
5252 4 2 1 1 1127 1417 739 1024
5253 4 2 1 1 1533 1682 1302 1742
5254 4 2 1 1 2038 1470 1154 1341
5255 4 2 1 1 69 541 72 2134
5256 4 2 1 1 479 832 494 1356
5257 4 2 1 1 1270 1684 1476 2185
5258 4 2 1 1 115 1776 1590 1461
5259 4 2 1 1 2115 2395 1710 1320
5260 4 2 1 1 1206 1610 1999 2072
5261 4 2 1 1 217 218 220 1821
5262 4 2 1 1 1446 1895 1230 2351
5263 4 2 1 1 1201 1646 1674 2141
5264 4 2 1 1 1296 1586 1254 2239
5265 4 2 1 1 2333 1317 1888 1428
5266 4 2 1 1 1926 1851 1258 1456
5267 4 2 1 1 1710 2395 2115 1378
5268 4 2 1 1 1581 1986 1265 2284
5269 4 2 1 1 1169 1817 1670 2344
5270 4 2 1 1 141 139 140 1444
5271 4 2 1 1 288 1948 52 2342
5272 4 2 1 1 134 1050 708 2125
5273 4 2 1 1 1475 1443 1224 1979
5274 4 2 1 1 1348 1475 1518 1236
5275 4 2 1 1 1394 1166 1841 2364
5276 4 2 1 1 224 1535 225 1827
5277 4 2 1 1 354 1371 966 1071
5278 4 2 1 1 1732 1500 2291 2367
5279 4 2 1 1 1559 1249 1738 1745
5280 4 2 1 1 1416 916 1778 2279
5281 4 2 1 1 295 1884 1500 2127
5282 4 2 1 1 1254 2045 1529 1427
5283 4 2 1 1 1482 1257 1879 2149
5284 4 2 1 1 399 504 398 2117
5285 4 2 1 1 1858 2030 1373 2173
5286 4 2 1 1 85 1876 1483 181
5287 4 2 1 1 318 316 317 2248
5288 4 2 1 1 1524 2106 1198 2147
5289 4 2 1 1 1220 1453 1690 1619
5290 4 2 1 1 208 1621 219 2119
5291 4 2 1 1 1344 1512 1220 1996
5292 4 2 1 1 2420 1236 2034 1443
5293 4 2 1 1 1437 2095 1555 2312
5294 4 2 1 1 1324 1903 1629 2278
5295 4 2 1 1 1199 1930 1393 2118
5296 4 2 1 1 2221 1945 1947 1239
5297 4 2 1 1 582 581 583 1881
5298 4 2 1 1 1731 1936 1231 2161
5299 4 2 1 1 1793 1552 1219 2032
5300 4 2 1 1 1447 1864 1480 1165
5301 4 2 1 1 1666 1638 1309 2387
5302 4 2 1 1 335 358 913 1879
5303 4 2 1 1 761 2174 404 65
5304 4 2 1 1 1513 1426 2245 2372
5305 4 2 1 1 1066 1004 1894 2327
5306 4 2 1 1 1261 1384 1814 1435
5307 4 2 1 1 1361 2347 1465 1281
5308 4 2 1 1 1337 2051 1931 2114
5309 4 2 1 1 1301 1764 1621 1995
5310 4 2 1 1 199 1467 207 2137
5311 4 2 1 1 171 176 1509 2282
5312 4 2 1 1 1373 2030 1693 2173
5313 4 2 1 1 1776 2017 1349 1590
5314 4 2 1 1 587 440 627 2003
5315 4 2 1 1 2106 1771 1367 2281
5316 4 2 1 1 2000 1384 1435 1783
5317 4 2 1 1 1399 1688 1211 1873
5318 4 2 1 1 1427 1618 1457 2135
5319 4 2 1 1 780 1043 1062 1512
5320 4 2 1 1 1086 627 921 2016
5321 4 2 1 1 1611 1727 1174 2029
5322 4 2 1 1 1309 1441 1805 2236
5323 4 2 1 1 1166 1847 1394 2129
5324 4 2 1 1 650 1974 1489 2019
5325 4 2 1 1 1429 1692 1233 1753
5326 4 2 1 1 1319 2243 1790 2305
5327 4 2 1 1 302 888 1620 2277
5328 4 2 1 1 232 1707 1420 2301
5329 4 2 1 1 1297 1732 1500 2255
5330 4 2 1 1 587 1583 440 2003
5331 4 2 1 1 2218 2324 1433 2356
5332 4 2 1 1 1633 2105 1570 2193
5333 4 2 1 1 1177 1946 1877 2152
5334 4 2 1 1 1669 2124 2007 1950
5335 4 2 1 1 1179 1726 1411 2035
5336 4 2 1 1 1585 1806 1425 1321
5337 4 2 1 1 5 1443 1839 2420
5338 4 2 1 1 1258 1775 1371 2182
5339 4 2 1 1 844 2037 1678 2349
5340 4 2 1 1 676 497 1656 2012
5341 4 2 1 1 528 529 695 2110
5342 4 2 1 1 586 421 401 2295
5343 4 2 1 1 713 934 570 1732
5344 4 2 1 1 803 928 301 1579
5345 4 2 1 1 24 759 23 1978
5346 4 2 1 1 1222 1496 1860 1261
5347 4 2 1 1 2101 2054 1978 1455
5348 4 2 1 1 1386 1289 1930 1952
5349 4 2 1 1 1263 1516 1735 2197
5350 4 2 1 1 1722 1881 1289 2023
5351 4 2 1 1 1050 2125 1700 2287
5352 4 2 1 1 973 752 1417 2198
5353 4 2 1 1 1427 1308 1618 2135
5354 4 2 1 1 885 156 87 2161
5355 4 2 1 1 1535 1211 1765 1827
5356 4 2 1 1 794 218 216 1821
5357 4 2 1 1 1226 1415 2058 1833
5358 4 2 1 1 1211 1827 1535 2051
5359 4 2 1 1 1528 1504 2146 2203
5360 4 2 1 1 727 1087 1743 1933
5361 4 2 1 1 1233 1429 1753 1358
5362 4 2 1 1 1242 1791 1512 1954
5363 4 2 1 1 1194 1818 1682 1979
5364 4 2 1 1 1201 1895 1671 1361
5365 4 2 1 1 1440 1961 1230 2310
5366 4 2 1 1 1444 1265 1993 2284
5367 4 2 1 1 982 1722 1433 2218
5368 4 2 1 1 1524 1708 578 2147
5369 4 2 1 1 5 1701 6 1839
5370 4 2 1 1 1172 1682 1533 1980
5371 4 2 1 1 1294 1579 1696 1951
5372 4 2 1 1 1132 2235 1113 2322
5373 4 2 1 1 2182 2275 1368 1964
5374 4 2 1 1 1498 1599 1185 2286
5375 4 2 1 1 843 343 173 2419
5376 4 2 1 1 1192 1548 1484 1749
5377 4 2 1 1 1253 1750 1615 2020
5378 4 2 1 1 1572 1290 2096 2298
5379 4 2 1 1 1150 1921 2108 2124
5380 4 2 1 1 543 547 2085 548
5381 4 2 1 1 23 1367 919 1978
5382 4 2 1 1 145 2259 2088 129
5383 4 2 1 1 1151 1745 1738 1957
5384 4 2 1 1 538 1898 1370 1936
5385 4 2 1 1 585 728 919 2147
5386 4 2 1 1 1597 1789 1343 2145
5387 4 2 1 1 2245 1069 595 2021
5388 4 2 1 1 830 1509 2258 177
5389 4 2 1 1 151 150 141 2238
5390 4 2 1 1 209 1352 204 2119
5391 4 2 1 1 757 1479 2252 1856
5392 4 2 1 1 459 1557 457 2104
5393 4 2 1 1 1404 1192 2071 2179
5394 4 2 1 1 341 1706 394 2288
5395 4 2 1 1 1218 1491 1737 2392
5396 4 2 1 1 1163 1715 1434 1976
5397 4 2 1 1 497 487 834 2294
5398 4 2 1 1 1196 1662 1460 1842
5399 4 2 1 1 1450 1242 1688 1928
5400 4 2 1 1 15 14 727 1743
5401 4 2 1 1 1385 1749 1192 2059
5402 4 2 1 1 1527 1280 1988 2144
5403 4 2 1 1 630 468 861 1456
5404 4 2 1 1 1475 1963 1518 1967
5405 4 2 1 1 1177 2131 2002 1723
5406 4 2 1 1 1775 1809 1258 2180
5407 4 2 1 1 1737 1997 1326 2108
5408 4 2 1 1 526 597 2061 1609
5409 4 2 1 1 1177 1877 1659 2120
5410 4 2 1 1 1209 1395 1790 2253
5411 4 2 1 1 1268 1401 1620 2410
5412 4 2 1 1 1585 1681 1144 1984
5413 4 2 1 1 1257 1524 1491 2149
5414 4 2 1 1 1492 419 81 1973
5415 4 2 1 1 2203 1984 1588 1528
5416 4 2 1 1 1338 1782 1702 1840
5417 4 2 1 1 1492 81 419 77
5418 4 2 1 1 1547 1337 1931 2114
5419 4 2 1 1 1501 1947 1945 1754
5420 4 2 1 1 2012 677 1916 1656
5421 4 2 1 1 807 895 1621 1924
5422 4 2 1 1 862 367 366 1783
5423 4 2 1 1 1462 1730 1543 2067
5424 4 2 1 1 1500 2288 1983 1884
5425 4 2 1 1 1272 1400 1944 1987
5426 4 2 1 1 1394 2129 1847 1275
5427 4 2 1 1 1302 1979 1818 2360
5428 4 2 1 1 373 415 295 1500
5429 4 2 1 1 1983 2288 1500 1208
5430 4 2 1 1 1063 931 496 2346
5431 4 2 1 1 1945 1947 1838 1204
5432 4 2 1 1 840 2060 1601 2277
5433 4 2 1 1 155 1888 984 2122
5434 4 2 1 1 1208 1706 1853 2382
5435 4 2 1 1 24 919 728 2147
5436 4 2 1 1 1704 2413 1946 1387
5437 4 2 1 1 1432 1919 332 2033
5438 4 2 1 1 61 1971 59 2054
5439 4 2 1 1 511 1916 1677 2012
5440 4 2 1 1 1806 1529 2015 1334
5441 4 2 1 1 1325 1562 2169 2317
5442 4 2 1 1 330 335 883 2033
5443 4 2 1 1 1485 1334 1556 1144
5444 4 2 1 1 1587 1680 1353 2189
5445 4 2 1 1 207 1642 1467 203
5446 4 2 1 1 1679 1271 2228 1763
5447 4 2 1 1 1280 1527 1988 2256
5448 4 2 1 1 1949 913 603 980
5449 4 2 1 1 1427 1187 1308 2135
5450 4 2 1 1 1501 2082 1381 1261
5451 4 2 1 1 1619 1690 1220 1825
5452 4 2 1 1 1255 1958 1565 1451
5453 4 2 1 1 1436 2159 1650 2316
5454 4 2 1 1 1421 1645 1256 2371
5455 4 2 1 1 373 1822 1500 2288
5456 4 2 1 1 937 636 525 1592
5457 4 2 1 1 1143 1712 1430 1810
5458 4 2 1 1 80 1553 79 88
5459 4 2 1 1 2234 1903 1691 1448
5460 4 2 1 1 1000 1845 1701 1948
5461 4 2 1 1 1440 1627 1283 2123
5462 4 2 1 1 1237 1702 1396 1782
5463 4 2 1 1 2146 2320 1871 1232
5464 4 2 1 1 1561 1769 385 2280
5465 4 2 1 1 1056 917 559 2091
5466 4 2 1 1 400 1624 347 1919
5467 4 2 1 1 1081 236 364 2301
5468 4 2 1 1 1860 1261 1857 1222
5469 4 2 1 1 553 1477 975 2075
5470 4 2 1 1 105 103 104 2314
5471 4 2 1 1 1576 1852 1153 1958
5472 4 2 1 1 1776 1970 112 2237
5473 4 2 1 1 2127 295 415 1500
5474 4 2 1 1 430 1018 814 1402
5475 4 2 1 1 1559 1648 1249 2166
5476 4 2 1 1 1256 1655 1645 1751
5477 4 2 1 1 1237 2060 1413 2079
5478 4 2 1 1 1531 1691 1262 1355
5479 4 2 1 1 2127 415 295 837
5480 4 2 1 1 1292 1657 1422 2089
5481 4 2 1 1 852 2231 1626 2341
5482 4 2 1 1 1173 1813 1521 2312
5483 4 2 1 1 1021 1896 1474 1974
5484 4 2 1 1 526 2061 597 703
5485 4 2 1 1 2106 1771 2281 1257
5486 4 2 1 1 984 2122 1888 2154
5487 4 2 1 1 1299 1682 1742 1979
5488 4 2 1 1 846 394 940 1822
5489 4 2 1 1 1799 899 989 958
5490 4 2 1 1 338 879 1126 1442
5491 4 2 1 1 565 1961 1440 2073
5492 4 2 1 1 1341 1445 1762 1470
5493 4 2 1 1 1864 1967 1279 2283
5494 4 2 1 1 1304 2240 1770 2314
5495 4 2 1 1 1214 1900 1558 1976
5496 4 2 1 1 1153 1875 1576 2404
5497 4 2 1 1 1276 1731 1466 1808
5498 4 2 1 1 1217 1670 1927 2031
5499 4 2 1 1 1252 1798 1997 2165
5500 4 2 1 1 1566 1357 2012 2355
5501 4 2 1 1 705 1075 991 1545
5502 4 2 1 1 1267 1570 1729 2190
5503 4 2 1 1 1717 2052 1298 2259
5504 4 2 1 1 1462 1190 1764 2234
5505 4 2 1 1 400 835 554 1471
5506 4 2 1 1 1799 989 899 1759
5507 4 2 1 1 748 936 737 2183
5508 4 2 1 1 1226 1732 1415 1833
5509 4 2 1 1 955 1861 1436 2159
5510 4 2 1 1 2159 2316 1106 1650
5511 4 2 1 1 1396 1237 1782 2159
5512 4 2 1 1 2159 1106 2316 632
5513 4 2 1 1 668 1804 1722 2218
5514 4 2 1 1 1569 1624 502 2009
5515 4 2 1 1 1606 2052 1376 2223
5516 4 2 1 1 1433 2011 506 2313
5517 4 2 1 1 499 490 2012 1566
5518 4 2 1 1 1262 1904 1451 1958
5519 4 2 1 1 1735 2197 1516 1346
5520 4 2 1 1 1362 1708 1560 2389
5521 4 2 1 1 387 1769 963 2280
5522 4 2 1 1 1186 1796 1387 2004
5523 4 2 1 1 1669 2042 1388 2124
5524 4 2 1 1 1245 1811 1648 1882
5525 4 2 1 1 473 474 773 1713
5526 4 2 1 1 1405 1679 1225 1819
5527 4 2 1 1 1224 1702 1396 1963
5528 4 2 1 1 975 553 1035 2112
5529 4 2 1 1 2162 2149 1257 1482
5530 4 2 1 1 947 549 675 1858
5531 4 2 1 1 1261 2075 1477 2160
5532 4 2 1 1 1507 1997 2108 1326
5533 4 2 1 1 1211 1688 1399 1965
5534 4 2 1 1 1956 1327 2172 2404
5535 4 2 1 1 869 870 550 1644
5536 4 2 1 1 1272 1944 1414 1987
5537 4 2 1 1 500 499 2012 2390
5538 4 2 1 1 788 785 203 1710
5539 4 2 1 1 1421 1751 1197 2059
5540 4 2 1 1 1557 2104 459 2110
5541 4 2 1 1 706 1876 181 1973
5542 4 2 1 1 2014 1468 1585 1816
5543 4 2 1 1 1484 1716 1250 2227
5544 4 2 1 1 577 2139 1805 2236
5545 4 2 1 1 1272 1414 1944 2346
5546 4 2 1 1 1103 1035 305 2112
5547 4 2 1 1 1431 1005 1820 701
5548 4 2 1 1 977 2054 1492 2210
5549 4 2 1 1 594 2021 1426 2372
5550 4 2 1 1 985 1575 311 2065
5551 4 2 1 1 295 373 1500 2288
5552 4 2 1 1 1496 1244 1823 2160
5553 4 2 1 1 194 2088 1789 2397
5554 4 2 1 1 2162 1257 2149 1771
5555 4 2 1 1 1472 1255 1369 1942
5556 4 2 1 1 1217 1458 1745 2366
5557 4 2 1 1 69 72 70 2134
5558 4 2 1 1 1609 2061 1338 2091
5559 4 2 1 1 784 1996 660 2083
5560 4 2 1 1 364 684 1081 2301
5561 4 2 1 1 1343 2272 1249 1894
5562 4 2 1 1 503 1569 657 1344
5563 4 2 1 1 1418 1961 1440 2310
5564 4 2 1 1 1137 636 833 1592
5565 4 2 1 1 602 997 942 2168
5566 4 2 1 1 1436 2339 1650 2013
5567 4 2 1 1 859 1428 2110 2104
5568 4 2 1 1 1422 2280 2194 2311
5569 4 2 1 1 1330 1780 1519 1905
5570 4 2 1 1 1090 660 875 1835
5571 4 2 1 1 2377 1416 1631 1202
5572 4 2 1 1 231 1746 234 1791
5573 4 2 1 1 1556 1144 1720 1282
5574 4 2 1 1 780 1512 312 1954
5575 4 2 1 1 1169 1926 1711 2093
5576 4 2 1 1 1397 1946 1177 2152
5577 4 2 1 1 1316 1685 1478 2028
5578 4 2 1 1 1490 1767 2063 2330
5579 4 2 1 1 348 267 1924 2102
5580 4 2 1 1 941 1911 1491 2270
5581 4 2 1 1 1758 384 1697 2329
5582 4 2 1 1 1132 661 341 1600
5583 4 2 1 1 1935 1294 1579 2358
5584 4 2 1 1 1513 1324 1903 1922
5585 4 2 1 1 1209 1739 1379 2043
5586 4 2 1 1 405 764 2174 2299
5587 4 2 1 1 1148 1671 1407 2217
5588 4 2 1 1 1317 1626 1487 2341
5589 4 2 1 1 500 2012 499 498
5590 4 2 1 1 428 1435 396 367
5591 4 2 1 1 238 1019 1803 2383
5592 4 2 1 1 1263 1893 1516 2197
5593 4 2 1 1 1711 1926 1169 2025
5594 4 2 1 1 312 1791 234 1954
5595 4 2 1 1 130 1060 111 2237
5596 4 2 1 1 1177 2002 2131 1538
5597 4 2 1 1 238 364 236 2301
5598 4 2 1 1 1139 1568 2002 2087
5599 4 2 1 1 225 882 227 1765
5600 4 2 1 1 138 1605 897 158
5601 4 2 1 1 1140 1902 1381 2082
5602 4 2 1 1 601 792 1993 2238
5603 4 2 1 1 1121 743 920 1523
5604 4 2 1 1 1325 1897 1562 2317
5605 4 2 1 1 23 22 41 2257
5606 4 2 1 1 2360 1979 2034 1475
5607 4 2 1 1 977 1492 77 2210
5608 4 2 1 1 2377 1631 1416 2048
5609 4 2 1 1 1404 1736 1178 1848
5610 4 2 1 1 756 2244 1774 2252
5611 4 2 1 1 2373 2140 1496 1244
5612 4 2 1 1 831 1731 885 2161
5613 4 2 1 1 2045 2008 1227 1427
5614 4 2 1 1 1557 2333 1428 2387
5615 4 2 1 1 1355 1960 1616 2325
5616 4 2 1 1 920 735 736 1786
5617 4 2 1 1 1436 2018 955 2316
5618 4 2 1 1 1713 2070 474 2279
5619 4 2 1 1 954 816 818 1502
5620 4 2 1 1 637 1657 1091 1761
5621 4 2 1 1 941 447 1491 2168
5622 4 2 1 1 1708 2068 672 2389
5623 4 2 1 1 2217 2343 2292 1407
5624 4 2 1 1 1284 1678 1698 1887
5625 4 2 1 1 1338 1840 1815 1268
5626 4 2 1 1 1235 1897 1780 2300
5627 4 2 1 1 66 1865 68 2331
5628 4 2 1 1 1789 2327 1343 2393
5629 4 2 1 1 1446 1920 1307 2201
5630 4 2 1 1 1540 1205 1766 2365
5631 4 2 1 1 1236 1348 1563 1518
5632 4 2 1 1 1184 1468 1816 1322
5633 4 2 1 1 1260 1653 1419 1977
5634 4 2 1 1 602 350 1578 1911
5635 4 2 1 1 1827 1964 1368 2275
5636 4 2 1 1 721 2253 11 1728
5637 4 2 1 1 1461 1640 1246 2017
5638 4 2 1 1 142 845 946 2039
5639 4 2 1 1 1526 1948 1443 1979
5640 4 2 1 1 357 355 307 2249
5641 4 2 1 1 1675 443 381 466
5642 4 2 1 1 42 1567 971 1563
5643 4 2 1 1 1200 2292 2217 2319
5644 4 2 1 1 1143 1594 1434 2026
5645 4 2 1 1 1310 1571 1893 2388
5646 4 2 1 1 1693 2030 1285 2173
5647 4 2 1 1 1188 1719 1444 2361
5648 4 2 1 1 1185 1498 1983 1295
5649 4 2 1 1 627 1086 760 2003
5650 4 2 1 1 1252 1542 1814 2165
5651 4 2 1 1 1242 1746 1420 1791
5652 4 2 1 1 1253 1715 1686 1832
5653 4 2 1 1 2178 2255 1297 1768
5654 4 2 1 1 809 808 810 2357
5655 4 2 1 1 1223 1588 1528 2222
5656 4 2 1 1 1146 1562 1448 2290
5657 4 2 1 1 1199 1769 1429 2092
5658 4 2 1 1 1188 1449 1576 2407
5659 4 2 1 1 664 665 1722 1881
5660 4 2 1 1 1245 1389 1828 2260
5661 4 2 1 1 124 1700 122 2201
5662 4 2 1 1 1269 2268 1955 2376
5663 4 2 1 1 1328 1534 2088 2145
5664 4 2 1 1 30 1567 733 2153
5665 4 2 1 1 1015 1658 765 2331
5666 4 2 1 1 42 1567 1563 2153
5667 4 2 1 1 1026 1678 844 2037
5668 4 2 1 1 1568 2416 1181 2214
5669 4 2 1 1 1476 1684 1178 2185
5670 4 2 1 1 1272 1755 1520 1901
5671 4 2 1 1 2044 689 2204 1497
5672 4 2 1 1 1438 1837 1629 2278
5673 4 2 1 1 1477 1608 1294 2112
5674 4 2 1 1 1473 2105 1932 2366
5675 4 2 1 1 2179 1645 1421 2371
5676 4 2 1 1 549 856 675 1858
5677 4 2 1 1 1501 1947 1411 2221
5678 4 2 1 1 1704 1946 2413 1191
5679 4 2 1 1 755 1774 1549 2252
5680 4 2 1 1 2392 1524 1257 1486
5681 4 2 1 1 547 1944 1414 2346
5682 4 2 1 1 2064 2396 2359 1553
5683 4 2 1 1 330 2270 1598 329
5684 4 2 1 1 1981 175 187 1654
5685 4 2 1 1 238 1612 240 2383
5686 4 2 1 1 588 1820 1566 2390
5687 4 2 1 1 1284 1698 1678 2349
5688 4 2 1 1 2392 1257 1524 1491
5689 4 2 1 1 1220 1825 1391 2142
5690 4 2 1 1 834 549 947 1858
5691 4 2 1 1 1570 1633 1174 2105
5692 4 2 1 1 1545 1949 2213 2335
5693 4 2 1 1 1187 2333 1557 2387
5694 4 2 1 1 522 519 1630 2381
5695 4 2 1 1 1398 1664 1308 2156
5696 4 2 1 1 690 904 1636 1824
5697 4 2 1 1 1673 1754 1204 1947
5698 4 2 1 1 807 1621 976 1995
5699 4 2 1 1 1875 1893 1571 1994
5700 4 2 1 1 991 686 705 2213
5701 4 2 1 1 1341 1772 1617 1966
5702 4 2 1 1 594 593 2021 2372
5703 4 2 1 1 260 262 297 1922
5704 4 2 1 1 599 761 769 1977
5705 4 2 1 1 1415 1732 1226 1834
5706 4 2 1 1 1510 2081 1684 2185
5707 4 2 1 1 1731 1808 1276 2271
5708 4 2 1 1 1963 1967 1475 2368
5709 4 2 1 1 2178 2255 1768 1409
5710 4 2 1 1 607 453 136 2363
5711 4 2 1 1 1472 1993 1940 2284
5712 4 2 1 1 522 646 647 1630
5713 4 2 1 1 2343 1407 1465 1281
5714 4 2 1 1 499 2012 490 498
5715 4 2 1 1 380 379 438 2220
5716 4 2 1 1 1823 2075 1496 2160
5717 4 2 1 1 1000 1701 732 1948
5718 4 2 1 1 554 1471 1854 2009
5719 4 2 1 1 487 486 834 1901
5720 4 2 1 1 1486 1257 1737 2211
5721 4 2 1 1 1935 1294 2358 1695
5722 4 2 1 1 1465 2217 2343 1999
5723 4 2 1 1 1200 1502 1717 2292
5724 4 2 1 1 1479 2154 2104 2333
5725 4 2 1 1 1161 1379 1739 2421
5726 4 2 1 1 814 1018 813 1909
5727 4 2 1 1 1196 1460 1729 1959
5728 4 2 1 1 2044 689 1497 688
5729 4 2 1 1 1290 1417 1664 2096
5730 4 2 1 1 1149 1488 1955 2268
5731 4 2 1 1 2328 1168 1294 1477
5732 4 2 1 1 2383 1391 1291 1803
5733 4 2 1 1 145 1789 2088 2259
5734 4 2 1 1 1327 1397 2172 2404
5735 4 2 1 1 66 1865 2331 2402
5736 4 2 1 1 1237 1861 1413 2060
5737 4 2 1 1 49 18 17 2353
5738 4 2 1 1 398 2117 435 2415
5739 4 2 1 1 1550 1529 1375 2326
5740 4 2 1 1 80 1553 88 1575
5741 4 2 1 1 312 780 781 1512
5742 4 2 1 1 785 2037 278 1642
5743 4 2 1 1 1801 2314 1304 2401
5744 4 2 1 1 1410 1970 700 1461
5745 4 2 1 1 1645 2191 1751 1322
5746 4 2 1 1 2328 1294 1168 1951
5747 4 2 1 1 1758 384 2329 564
5748 4 2 1 1 1177 2131 1723 2318
5749 4 2 1 1 636 1592 937 2065
5750 4 2 1 1 1230 1966 1772 2116
5751 4 2 1 1 1187 1660 1459 1910
5752 4 2 1 1 638 2272 606 981
5753 4 2 1 1 1367 2101 2106 2261
5754 4 2 1 1 1061 1396 609 610
5755 4 2 1 1 1553 1575 1228 2064
5756 4 2 1 1 1339 2049 1973 2146
5757 4 2 1 1 630 628 468 1819
5758 4 2 1 1 1556 2106 1485 2269
5759 4 2 1 1 1177 2120 1380 2152
5760 4 2 1 1 1661 2361 1243 1934
5761 4 2 1 1 1260 1419 1653 1313
5762 4 2 1 1 799 309 798 1590
5763 4 2 1 1 1141 1787 1412 2099
5764 4 2 1 1 1859 4 1443 2342
5765 4 2 1 1 1174 2029 1727 2105
5766 4 2 1 1 1379 2043 1140 2247
5767 4 2 1 1 1254 2045 1427 1408
5768 4 2 1 1 974 847 600 2088
5769 4 2 1 1 1311 1677 1630 1852
5770 4 2 1 1 873 2231 852 2341
5771 4 2 1 1 1142 1939 1460 2010
5772 4 2 1 1 1732 1834 934 2367
5773 4 2 1 1 1292 1559 1738 1745
5774 4 2 1 1 1480 1864 1336 1165
5775 4 2 1 1 735 920 48 2077
5776 4 2 1 1 2353 1857 1603 2302
5777 4 2 1 1 678 650 1489 2019
5778 4 2 1 1 609 510 610 2159
5779 4 2 1 1 236 1791 2207 2301
5780 4 2 1 1 98 96 1548 97
5781 4 2 1 1 1143 1430 1712 1844
5782 4 2 1 1 1505 1674 1328 2163
5783 4 2 1 1 1538 1796 1463 2002
5784 4 2 1 1 413 1721 2166 911
5785 4 2 1 1 1174 1662 1347 2057
5786 4 2 1 1 946 2039 914 2085
5787 4 2 1 1 1515 653 654 1055
5788 4 2 1 1 1540 1694 1205 2365
5789 4 2 1 1 2136 1743 1933 1364
5790 4 2 1 1 1185 1599 2306 2375
5791 4 2 1 1 1551 898 351 1837
5792 4 2 1 1 2181 1218 2270 1598
5793 4 2 1 1 1434 1253 1715 2374
5794 4 2 1 1 1327 1581 1956 2020
5795 4 2 1 1 1305 1610 1468 2072
5796 4 2 1 1 757 1479 1856 1138
5797 4 2 1 1 413 1721 911 180
5798 4 2 1 1 257 1401 256 1667
5799 4 2 1 1 628 629 517 2180
5800 4 2 1 1 406 1759 1043 2285
5801 4 2 1 1 10 56 30 2305
5802 4 2 1 1 1203 1981 1441 2135
5803 4 2 1 1 879 1126 1442 2111
5804 4 2 1 1 11 56 10 2305
5805 4 2 1 1 1487 1626 1333 2231
5806 4 2 1 1 1220 1619 1825 2142
5807 4 2 1 1 1715 1832 1434 1976
5808 4 2 1 1 1305 1992 1617 2352
5809 4 2 1 1 469 405 404 2041
5810 4 2 1 1 1153 1972 1875 2404
5811 4 2 1 1 576 670 669 1860
5812 4 2 1 1 1177 1877 2120 2152
5813 4 2 1 1 1637 1983 1208 2028
5814 4 2 1 1 457 459 458 1557
5815 4 2 1 1 1209 1672 2175 1175
5816 4 2 1 1 419 77 977 1492
5817 4 2 1 1 1143 1558 1810 1900
5818 4 2 1 1 622 542 916 2274
5819 4 2 1 1 403 2075 532 1823
5820 4 2 1 1 91 2065 1575 2226
5821 4 2 1 1 229 231 232 1420
5822 4 2 1 1 1054 575 705 2334
5823 4 2 1 1 953 998 554 1854
5824 4 2 1 1 641 1 33 2356
5825 4 2 1 1 1380 2120 1562 2169
5826 4 2 1 1 411 1761 1591 2132
5827 4 2 1 1 1235 1780 1673 2063
5828 4 2 1 1 10 30 9 2305
5829 4 2 1 1 1619 1512 1242 2142
5830 4 2 1 1 1663 1765 1211 1827
5831 4 2 1 1 620 1731 939 1083
5832 4 2 1 1 1246 1776 1461 2017
5833 4 2 1 1 904 944 424 1824
5834 4 2 1 1 963 1692 965 2280
5835 4 2 1 1 676 497 947 1656
5836 4 2 1 1 1552 1450 1219 2032
5837 4 2 1 1 2227 135 103 1122
5838 4 2 1 1 1308 2066 1664 1398
5839 4 2 1 1 1679 2186 1405 2228
5840 4 2 1 1 1158 1462 1764 1956
5841 4 2 1 1 1150 1921 1507 2108
5842 4 2 1 1 769 1977 1653 2143
5843 4 2 1 1 1144 1588 1984 2418
5844 4 2 1 1 1841 1544 1394 2364
5845 4 2 1 1 1702 1742 1447 2368
5846 4 2 1 1 1617 1785 1193 2310
5847 4 2 1 1 1568 2087 1360 2148
5848 4 2 1 1 1416 1778 916 2274
5849 4 2 1 1 98 760 100 1484
5850 4 2 1 1 1185 2076 1683 1295
5851 4 2 1 1 1016 1627 843 2073
5852 4 2 1 1 1399 1211 1792 1873
5853 4 2 1 1 766 952 985 1977
5854 4 2 1 1 794 1821 216 2200
5855 4 2 1 1 199 467 1940 2137
5856 4 2 1 1 1395 2013 1650 2339
5857 4 2 1 1 1269 2007 1921 2376
5858 4 2 1 1 1191 1647 2400 2413
5859 4 2 1 1 1629 1837 1438 1924
5860 4 2 1 1 1519 1780 1330 1325
5861 4 2 1 1 1644 1386 324 2248
5862 4 2 1 1 1252 1814 1542 1384
5863 4 2 1 1 195 890 892 2132
5864 4 2 1 1 153 1059 793 1449
5865 4 2 1 1 1145 2008 1408 1427
5866 4 2 1 1 1220 1612 1996 2207
5867 4 2 1 1 2106 1771 1257 1323
5868 4 2 1 1 1217 1745 1458 2031
5869 4 2 1 1 695 555 1666 2084
5870 4 2 1 1 1560 2265 1515 2369
5871 4 2 1 1 226 1663 253 1827
5872 4 2 1 1 424 1824 944 2061
5873 4 2 1 1 963 868 872 1429
5874 4 2 1 1 756 753 1774 2244
5875 4 2 1 1 1849 2113 1787 1412
5876 4 2 1 1 1536 1912 1830 1365
5877 4 2 1 1 1512 1791 1242 2142
5878 4 2 1 1 807 933 976 1621
5879 4 2 1 1 212 1591 1703 2186
5880 4 2 1 1 1469 1937 1802 2304
5881 4 2 1 1 1453 1220 1690 1891
5882 4 2 1 1 402 1823 531 2018
5883 4 2 1 1 1544 1954 1841 2285
5884 4 2 1 1 365 941 447 1491
5885 4 2 1 1 1140 1641 1975 2247
5886 4 2 1 1 1830 1912 1536 1250
5887 4 2 1 1 335 330 329 2270
5888 4 2 1 1 1436 2316 1650 2339
5889 4 2 1 1 1150 1507 1542 1997
5890 4 2 1 1 1387 1787 1186 2004
5891 4 2 1 1 1487 2231 1627 2419
5892 4 2 1 1 1527 1284 1874 2230
5893 4 2 1 1 105 1536 1694 2365
5894 4 2 1 1 270 1498 274 1884
5895 4 2 1 1 1162 1595 1343 2031
5896 4 2 1 1 1168 1411 1754 1951
5897 4 2 1 1 62 64 63 1865
5898 4 2 1 1 1282 1424 2269 1144
5899 4 2 1 1 153 159 1059 1943
5900 4 2 1 1 769 1653 76 2143
5901 4 2 1 1 868 870 871 1793
5902 4 2 1 1 569 1820 2199 1356
5903 4 2 1 1 1596 2076 1185 1539
5904 4 2 1 1 1296 1777 1521 2326
5905 4 2 1 1 49 1603 18 2353
5906 4 2 1 1 1401 1170 1905 2130
5907 4 2 1 1 1259 1619 1450 1928
5908 4 2 1 1 1565 1576 1255 2266
5909 4 2 1 1 1319 1797 1537 2309
5910 4 2 1 1 1350 1494 1838 1180
5911 4 2 1 1 1488 1673 1314 1204
5912 4 2 1 1 1410 1246 1640 2241
5913 4 2 1 1 1914 1940 1369 2137
5914 4 2 1 1 2044 689 688 967
5915 4 2 1 1 2106 2211 1556 1323
5916 4 2 1 1 492 501 549 1858
5917 4 2 1 1 2019 1093 706 652
5918 4 2 1 1 1264 1437 1968 2198
5919 4 2 1 1 2221 1945 1239 1381
5920 4 2 1 1 1234 1604 1511 1200
5921 4 2 1 1 1391 1825 1291 2308
5922 4 2 1 1 1401 1213 1620 2410
5923 4 2 1 1 1346 1704 2197 2388
5924 4 2 1 1 1456 2022 1258 2180
5925 4 2 1 1 831 1936 1731 2161
5926 4 2 1 1 1315 1450 1847 2024
5927 4 2 1 1 1430 1851 1844 1998
5928 4 2 1 1 1264 1971 1437 2198
5929 4 2 1 1 1102 946 914 2085
5930 4 2 1 1 1119 651 1515 1055
5931 4 2 1 1 1285 1693 1613 2121
5932 4 2 1 1 435 2117 2016 2415
5933 4 2 1 1 181 1876 1483 1973
5934 4 2 1 1 1558 1887 1810 1900
5935 4 2 1 1 2019 706 1093 1339
5936 4 2 1 1 1377 1145 1525 2113
5937 4 2 1 1 1273 1570 2105 2193
5938 4 2 1 1 1881 2111 1442 2246
5939 4 2 1 1 1010 1771 1555 2398
5940 4 2 1 1 1460 1662 1363 1842
5941 4 2 1 1 1789 194 146 2088
5942 4 2 1 1 1401 1620 1213 1725
5943 4 2 1 1 1669 2042 1855 2205
5944 4 2 1 1 1337 1964 1827 2275
5945 4 2 1 1 1373 1661 1656 1858
5946 4 2 1 1 1462 1158 1301 2375
5947 4 2 1 1 1329 2209 1602 1516
5948 4 2 1 1 1971 2054 61 2210
5949 4 2 1 1 1792 1873 1685 2362
5950 4 2 1 1 1161 1313 1739 2264
5951 4 2 1 1 295 1500 1884 2288
5952 4 2 1 1 179 177 830 2258
5953 4 2 1 1 1532 1770 614 2401
5954 4 2 1 1 784 241 657 1996
5955 4 2 1 1 1394 1847 1219 1275
5956 4 2 1 1 1159 1530 1930 2205
5957 4 2 1 1 1305 1785 1617 2384
5958 4 2 1 1 1436 1728 1244 2018
5959 4 2 1 1 1180 1806 1720 1529
5960 4 2 1 1 604 1075 862 1783
5961 4 2 1 1 578 448 449 1524
5962 4 2 1 1 376 317 315 2273
5963 4 2 1 1 1265 1850 1605 1886
5964 4 2 1 1 38 741 13 2128
5965 4 2 1 1 1066 1004 638 1894
5966 4 2 1 1 794 216 258 2200
5967 4 2 1 1 622 1563 1985 2274
5968 4 2 1 1 1226 1834 1426 2058
5969 4 2 1 1 1223 1896 1515 2019
5970 4 2 1 1 2126 2182 1160 2340
5971 4 2 1 1 1983 2235 1295 1498
5972 4 2 1 1 1431 1005 701 50
5973 4 2 1 1 1296 1529 1550 2326
5974 4 2 1 1 1261 1384 1435 2000
5975 4 2 1 1 1567 1395 2013 2153
5976 4 2 1 1 288 1526 289 1982
5977 4 2 1 1 451 1002 949 2323
5978 4 2 1 1 335 329 344 2270
5979 4 2 1 1 1144 1681 1425 2036
5980 4 2 1 1 270 1498 1884 1953
5981 4 2 1 1 290 1628 1133 2137
5982 4 2 1 1 1329 1602 2209 1687
5983 4 2 1 1 2136 1743 1364 1503
5984 4 2 1 1 315 1954 1544 2285
5985 4 2 1 1 804 928 803 1579
5986 4 2 1 1 1617 1966 1772 2310
5987 4 2 1 1 1720 1806 1334 1529
5988 4 2 1 1 1270 2174 2299 2041
5989 4 2 1 1 85 2122 1483 2161
5990 4 2 1 1 933 807 895 1621
5991 4 2 1 1 1347 1724 2050 2057
5992 4 2 1 1 1190 2171 1438 2278
5993 4 2 1 1 1613 1970 1733 1246
5994 4 2 1 1 694 1540 1060 2121
5995 4 2 1 1 2420 1236 1443 1839
5996 4 2 1 1 2347 2374 1434 1899
5997 4 2 1 1 961 573 1668 1845
5998 4 2 1 1 1581 1750 1188 2006
5999 4 2 1 1 116 114 115 1461
6000 4 2 1 1 1352 1852 1576 1958
6001 4 2 1 1 1377 1849 1251 2081
6002 4 2 1 1 1467 1265 1940 2242
6003 4 2 1 1 1553 1836 79 2396
6004 4 2 1 1 1286 2003 1583 2059
6005 4 2 1 1 865 491 484 2346
6006 4 2 1 1 1362 2103 1588 2261
6007 4 2 1 1 1129 562 1026 1710
6008 4 2 1 1 145 2088 146 129
6009 4 2 1 1 245 1535 223 2114
6010 4 2 1 1 199 467 193 1940
6011 4 2 1 1 1812 2209 1602 1195
6012 4 2 1 1 1405 1703 1547 2228
6013 4 2 1 1 664 582 583 1881
6014 4 2 1 1 1263 1893 1875 1994
6015 4 2 1 1 1087 1860 1743 1933
6016 4 2 1 1 1195 2209 1602 1687
6017 4 2 1 1 1146 1941 1689 2290
6018 4 2 1 1 2292 2098 1595 2319
6019 4 2 1 1 1283 2038 1966 2116
6020 4 2 1 1 915 1593 764 1985
6021 4 2 1 1 540 915 764 1985
6022 4 2 1 1 140 141 1444 2238
6023 4 2 1 1 1453 1929 1247 1726
6024 4 2 1 1 317 316 315 2273
6025 4 2 1 1 1288 1420 1707 2408
6026 4 2 1 1 1660 1910 1632 2417
6027 4 2 1 1 2 927 29 1859
6028 4 2 1 1 1141 1704 1787 2099
6029 4 2 1 1 1604 1779 1376 2282
6030 4 2 1 1 1690 1573 1891 2164
6031 4 2 1 1 1213 1401 1905 2410
6032 4 2 1 1 1371 1800 1210 2076
6033 4 2 1 1 1448 1862 1584 2278
6034 4 2 1 1 1436 1165 1747 2339
6035 4 2 1 1 1152 1815 1840 1268
6036 4 2 1 1 1230 1966 1440 2310
6037 4 2 1 1 1002 772 949 1441
6038 4 2 1 1 1343 2145 1789 2393
6039 4 2 1 1 1179 1726 1929 1507
6040 4 2 1 1 1171 1439 2094 2233
6041 4 2 1 1 1534 1606 1201 1700
6042 4 2 1 1 1465 1727 1611 2029
6043 4 2 1 1 1497 2044 688 2158
6044 4 2 1 1 1479 456 625 645
6045 4 2 1 1 105 1694 1536 2314
6046 4 2 1 1 2384 2310 1785 1617
6047 4 2 1 1 747 746 45 1933
6048 4 2 1 1 1699 1747 1165 2339
6049 4 2 1 1 1417 1889 973 2198
6050 4 2 1 1 1305 1617 1785 2352
6051 4 2 1 1 977 61 2054 2210
6052 4 2 1 1 1300 1777 1503 1857
6053 4 2 1 1 1981 187 175 782
6054 4 2 1 1 1153 1531 1571 2345
6055 4 2 1 1 1212 1433 1722 2218
6056 4 2 1 1 1264 1968 1437 2069
6057 4 2 1 1 660 1569 1835 2083
6058 4 2 1 1 833 1592 636 2065
6059 4 2 1 1 566 525 1592 1923
6060 4 2 1 1 1336 1747 1480 1165
6061 4 2 1 1 1583 2003 1385 2059
6062 4 2 1 1 1611 1347 2026 2050
6063 4 2 1 1 1148 1445 1610 2422
6064 4 2 1 1 1182 1590 1499 2116
6065 4 2 1 1 503 855 412 1624
6066 4 2 1 1 1161 1739 1313 2421
6067 4 2 1 1 2088 2224 1328 2397
6068 4 2 1 1 1085 680 854 1771
6069 4 2 1 1 1491 1879 1257 2149
6070 4 2 1 1 2411 1389 1223 1974
6071 4 2 1 1 704 1054 705 2213
6072 4 2 1 1 926 1820 569 1356
6073 4 2 1 1 484 485 482 1901
6074 4 2 1 1 1377 1251 1849 2113
6075 4 2 1 1 787 844 1135 2349
6076 4 2 1 1 1539 2076 1185 1295
6077 4 2 1 1 1162 1674 1505 2163
6078 4 2 1 1 1232 2101 1580 2320
6079 4 2 1 1 1229 1425 1681 2036
6080 4 2 1 1 662 1649 1706 661
6081 4 2 1 1 213 214 212 1591
6082 4 2 1 1 46 1437 2095 2267
6083 4 2 1 1 1399 1792 1211 1965
6084 4 2 1 1 270 1953 1884 2127
6085 4 2 1 1 402 531 533 2018
6086 4 2 1 1 1226 1426 1834 2021
6087 4 2 1 1 2059 2071 1421 1751
6088 4 2 1 1 1955 2268 1488 2376
6089 4 2 1 1 1876 1973 1339 2049
6090 4 2 1 1 836 340 346 2170
6091 4 2 1 1 725 693 1067 1365
6092 4 2 1 1 1474 1896 1223 1974
6093 4 2 1 1 1788 1312 2029 2276
6094 4 2 1 1 324 2248 1386 2403
6095 4 2 1 1 1179 1411 1726 2053
6096 4 2 1 1 2296 1419 1313 1161
6097 4 2 1 1 2064 2359 2396 1441
6098 4 2 1 1 1460 1196 1842 2330
6099 4 2 1 1 634 661 1132 1649
6100 4 2 1 1 1158 1369 1914 1986
6101 4 2 1 1 11 47 1790 2253
6102 4 2 1 1 2111 1866 2246 1306
6103 4 2 1 1 1346 2197 1893 2388
6104 4 2 1 1 1382 1653 2134 1313
6105 4 2 1 1 1503 1902 1777 2239
6106 4 2 1 1 1147 1890 1574 2414
6107 4 2 1 1 516 699 953 2293
6108 4 2 1 1 207 2137 1467 2144
6109 4 2 1 1 1417 1290 1752 2298
6110 4 2 1 1 215 217 408 1703
6111 4 2 1 1 1699 1728 1244 2339
6112 4 2 1 1 1258 1371 1851 2182
6113 4 2 1 1 1271 1591 1703 2321
6114 4 2 1 1 1810 1887 1712 1456
6115 4 2 1 1 1800 2076 1371 2215
6116 4 2 1 1 1153 1852 1531 1958
6117 4 2 1 1 669 864 841 2075
6118 4 2 1 1 412 347 400 1624
6119 4 2 1 1 1153 1852 1576 1875
6120 4 2 1 1 9 30 733 2153
6121 4 2 1 1 489 926 876 1520
6122 4 2 1 1 1452 2151 299 2224
6123 4 2 1 1 1891 1781 2164 1573
6124 4 2 1 1 1147 1934 1481 1750
6125 4 2 1 1 1271 1703 2228 2321
6126 4 2 1 1 46 2095 21 2267
6127 4 2 1 1 804 1074 928 1579
6128 4 2 1 1 1584 2171 1462 2234
6129 4 2 1 1 677 1916 1656 2332
6130 4 2 1 1 1629 1903 1190 2278
6131 4 2 1 1 1675 1032 1354 1878
6132 4 2 1 1 1474 1869 1828 1223
6133 4 2 1 1 1827 2051 2114 1535
6134 4 2 1 1 1315 1939 1450 2024
6135 4 2 1 1 1468 2254 1816 1322
6136 4 2 1 1 1169 1817 1807 1372
6137 4 2 1 1 1189 1973 1483 2049
6138 4 2 1 1 1559 1745 1657 2272
6139 4 2 1 1 881 546 124 2223
6140 4 2 1 1 239 1996 1612 2207
6141 4 2 1 1 1183 1813 1777 2326
6142 4 2 1 1 1314 2002 1842 2184
6143 4 2 1 1 443 1878 1675 2151
6144 4 2 1 1 269 369 271 1953
6145 4 2 1 1 1194 1979 1443 2034
6146 4 2 1 1 377 1811 183 2303
6147 4 2 1 1 1350 1796 1538 2184
6148 4 2 1 1 1162 1727 1458 2423
6149 4 2 1 1 277 286 285 1527
6150 4 2 1 1 1146 1562 1897 2317
6151 4 2 1 1 1275 1394 2129 2248
6152 4 2 1 1 1203 1457 1622 2177
6153 4 2 1 1 1242 1688 1746 2032
6154 4 2 1 1 875 592 1835 2009
6155 4 2 1 1 689 1497 687 1892
6156 4 2 1 1 682 364 1019 1803
6157 4 2 1 1 468 1819 628 2180
6158 4 2 1 1 1632 1910 1189 2417
6159 4 2 1 1 368 1826 1003 2307
6160 4 2 1 1 1443 1859 1194 2034
6161 4 2 1 1 1516 2197 1893 1346
6162 4 2 1 1 319 1644 324 2248
6163 4 2 1 1 23 1367 1978 2257
6164 4 2 1 1 772 949 1441 2396
6165 4 2 1 1 289 2325 1526 2342
6166 4 2 1 1 460 2139 577 2236
6167 4 2 1 1 259 783 254 1620
6168 4 2 1 1 1331 1846 1647 1925
6169 4 2 1 1 1350 1204 2004 1641
6170 4 2 1 1 1547 1169 1931 2093
6171 4 2 1 1 1391 1291 1803 2308
6172 4 2 1 1 236 1081 233 2301
6173 4 2 1 1 1421 1638 1197 2191
6174 4 2 1 1 1724 2026 1347 2050
6175 4 2 1 1 365 1491 447 2149
6176 4 2 1 1 1197 1652 1626 1333
6177 4 2 1 1 1146 1637 1584 2317
6178 4 2 1 1 1418 1961 427 2073
6179 4 2 1 1 643 505 454 1906
6180 4 2 1 1 152 2052 1717 2259
6181 4 2 1 1 327 326 1598 2181
6182 4 2 1 1 1584 2234 1448 2278
6183 4 2 1 1 1185 1596 1462 2375
6184 4 2 1 1 1253 1581 2020 2109
6185 4 2 1 1 1483 1973 1876 2049
6186 4 2 1 1 618 1991 1604 2329
6187 4 2 1 1 1503 1857 1777 1902
6188 4 2 1 1 691 1541 561 1410
6189 4 2 1 1 1350 2004 1204 1538
6190 4 2 1 1 102 100 143 1801
6191 4 2 1 1 1748 1814 1261 2221
6192 4 2 1 1 96 1548 97 95
6193 4 2 1 1 1550 1838 1423 1180
6194 4 2 1 1 1907 2169 1448 2317
6195 4 2 1 1 2017 2038 1590 1182
6196 4 2 1 1 1413 1477 1823 2160
6197 4 2 1 1 222 264 220 2114
6198 4 2 1 1 1043 658 1062 1344
6199 4 2 1 1 1435 1252 2165 2170
6200 4 2 1 1 1153 1571 1531 1852
6201 4 2 1 1 1508 2006 1750 2206
6202 4 2 1 1 200 197 201 2186
6203 4 2 1 1 1424 1734 2103 2370
6204 4 2 1 1 1902 1384 1969 1381
6205 4 2 1 1 2017 1590 2038 1349
6206 4 2 1 1 137 138 139 1913
6207 4 2 1 1 866 1071 1800 354
6208 4 2 1 1 1637 1862 1584 2317
6209 4 2 1 1 352 1770 932 2314
6210 4 2 1 1 1536 1250 1912 2227
6211 4 2 1 1 1271 1703 1591 2186
6212 4 2 1 1 970 1523 740 1826
6213 4 2 1 1 407 1775 950 2275
6214 4 2 1 1 1706 1822 394 2288
6215 4 2 1 1 1242 1791 1420 2027
6216 4 2 1 1 654 1515 1871 2265
6217 4 2 1 1 631 1442 2403 1386
6218 4 2 1 1 1174 1633 1473 2105
6219 4 2 1 1 1324 1426 2021 2245
6220 4 2 1 1 1507 1269 1921 2053
6221 4 2 1 1 1275 1829 2129 2406
6222 4 2 1 1 61 977 77 2210
6223 4 2 1 1 1505 1900 1674 2225
6224 4 2 1 1 211 411 213 1591
6225 4 2 1 1 85 1876 181 994
6226 4 2 1 1 897 1733 1605 1913
6227 4 2 1 1 1188 1750 1508 2006
6228 4 2 1 1 1283 1831 1705 2038
6229 4 2 1 1 1539 1241 1844 1998
6230 4 2 1 1 1696 1213 1149 1951
6231 4 2 1 1 1366 1712 1874 2256
6232 4 2 1 1 1917 1959 1490 2405
6233 4 2 1 1 1415 1834 1226 2058
6234 4 2 1 1 1280 1988 1402 2256
6235 4 2 1 1 721 2253 1728 1131
6236 4 2 1 1 720 441 587 1583
6237 4 2 1 1 1541 2125 1354 2289
6238 4 2 1 1 40 25 1560 2369
6239 4 2 1 1 726 135 2227 1122
6240 4 2 1 1 1252 1643 1542 1997
6241 4 2 1 1 1248 1777 1572 1300
6242 4 2 1 1 1179 1748 1411 2221
6243 4 2 1 1 1248 1572 2232 1300
6244 4 2 1 1 1640 1899 1342 1182
6245 4 2 1 1 258 216 214 2200
6246 4 2 1 1 1933 1087 670 1134
6247 4 2 1 1 1250 1716 1414 1912
6248 4 2 1 1 1323 2095 1554 2312
6249 4 2 1 1 1449 1916 793 2332
6250 4 2 1 1 354 1371 1071 1800
6251 4 2 1 1 889 1953 270 2127
6252 4 2 1 1 1496 1823 532 2075
6253 4 2 1 1 1149 1955 1726 2268
6254 4 2 1 1 794 796 902 1692
6255 4 2 1 1 615 1882 1433 2313
6256 4 2 1 1 352 1770 2314 2401
6257 4 2 1 1 1602 1156 1987 1830
6258 4 2 1 1 1394 2285 1759 2425
6259 4 2 1 1 2360 2034 1979 1194
6260 4 2 1 1 860 1532 828 2016
6261 4 2 1 1 1208 1822 1706 2288
6262 4 2 1 1 678 1489 909 1876
6263 4 2 1 1 1287 2251 1466 2056
6264 4 2 1 1 1482 1997 1737 2211
6265 4 2 1 1 655 977 924 2054
6266 4 2 1 1 128 1606 886 2052
6267 4 2 1 1 1653 1313 1382 2177
6268 4 2 1 1 1968 2096 1155 2348
6269 4 2 1 1 1304 1532 1770 1831
6270 4 2 1 1 354 1371 1800 2022
6271 4 2 1 1 1283 1770 1532 1831
6272 4 2 1 1 1761 638 1115 981
6273 4 2 1 1 1401 2044 255 2204
6274 4 2 1 1 1270 1476 1962 2185
6275 4 2 1 1 1411 2268 1149 1726
6276 4 2 1 1 1580 2146 1504 2203
6277 4 2 1 1 1589 1186 2113 1412
6278 4 2 1 1 1013 800 393 1698
6279 4 2 1 1 2389 40 1560 2369
6280 4 2 1 1 705 1075 1545 2334
6281 4 2 1 1 2023 2103 1734 2370
6282 4 2 1 1 577 530 673 2139
6283 4 2 1 1 642 858 1604 857
6284 4 2 1 1 1810 1926 1430 2025
6285 4 2 1 1 593 2245 2021 2372
6286 4 2 1 1 279 1498 820 2235
6287 4 2 1 1 1593 2174 764 2299
6288 4 2 1 1 33 1118 982 2218
6289 4 2 1 1 1332 1509 1756 1795
6290 4 2 1 1 1179 1411 2053 2221
6291 4 2 1 1 1587 1796 1350 2184
6292 4 2 1 1 1198 1734 1406 2103
6293 4 2 1 1 695 696 930 2084
6294 4 2 1 1 1678 1887 1214 2151
6295 4 2 1 1 642 427 1418 1961
6296 4 2 1 1 1183 1603 1857 2302
6297 4 2 1 1 1208 1500 1822 2288
6298 4 2 1 1 1525 1256 1645 2371
6299 4 2 1 1 311 1575 91 2065
6300 4 2 1 1 1319 2174 1797 2264
6301 4 2 1 1 1373 2332 1719 2412
6302 4 2 1 1 412 855 347 1624
6303 4 2 1 1 1139 1796 1587 2184
6304 4 2 1 1 1933 2140 1506 45
6305 4 2 1 1 1542 2053 1814 2165
6306 4 2 1 1 1163 1715 1577 2374
6307 4 2 1 1 620 1731 671 2336
6308 4 2 1 1 1353 1680 1587 2014
6309 4 2 1 1 926 1520 1820 1356
6310 4 2 1 1 1814 2053 1179 2165
6311 4 2 1 1 452 456 457 1557
6312 4 2 1 1 638 2272 981 1761
6313 4 2 1 1 1374 1892 1781 2204
6314 4 2 1 1 152 149 170 1717
6315 4 2 1 1 909 678 650 1489
6316 4 2 1 1 734 1431 50 1859
6317 4 2 1 1 96 1548 95 2250
6318 4 2 1 1 1973 1871 2146 1492
6319 4 2 1 1 1763 1926 1810 2025
6320 4 2 1 1 1269 2108 1635 1507
6321 4 2 1 1 2060 840 306 2277
6322 4 2 1 1 1002 2236 1441 2323
6323 4 2 1 1 1233 2051 1535 2114
6324 4 2 1 1 1032 1675 443 1878
6325 4 2 1 1 1746 1791 1242 1954
6326 4 2 1 1 1854 2035 1471 2293
6327 4 2 1 1 1401 1170 1781 1905
6328 4 2 1 1 184 1756 2303 2258
6329 4 2 1 1 290 2137 207 2144
6330 4 2 1 1 1622 2192 1260 2296
6331 4 2 1 1 1212 1474 1869 2324
6332 4 2 1 1 238 239 240 1612
6333 4 2 1 1 1549 1856 1479 1910
6334 4 2 1 1 891 586 1025 1872
6335 4 2 1 1 1334 1880 1580 2069
6336 4 2 1 1 73 76 769 1653
6337 4 2 1 1 1158 1581 1686 2109
6338 4 2 1 1 941 942 447 2168
6339 4 2 1 1 1260 1653 2143 2177
6340 4 2 1 1 1566 2012 499 2390
6341 4 2 1 1 1010 680 1771 2398
6342 4 2 1 1 920 1523 743 2077
6343 4 2 1 1 1364 2128 1933 2136
6344 4 2 1 1 1296 1586 2239 1140
6345 4 2 1 1 1587 1680 1321 2014
6346 4 2 1 1 1012 838 945 1942
6347 4 2 1 1 1267 1817 1570 2190
6348 4 2 1 1 254 255 250 2204
6349 4 2 1 1 1198 1708 1524 2147
6350 4 2 1 1 1575 2065 1383 2226
6351 4 2 1 1 2389 1560 40 1708
6352 4 2 1 1 198 203 199 1467
6353 4 2 1 1 1302 2120 1877 2152
6354 4 2 1 1 1393 1930 1530 2205
6355 4 2 1 1 430 1038 822 1683
6356 4 2 1 1 653 654 43 2265
6357 4 2 1 1 1417 739 1024 973
6358 4 2 1 1 261 265 1629 1924
6359 4 2 1 1 1065 789 787 2230
6360 4 2 1 1 52 1948 1443 2342
6361 4 2 1 1 1025 797 795 1422
6362 4 2 1 1 258 214 1872 2200
6363 4 2 1 1 909 650 465 1489
6364 4 2 1 1 1006 689 687 1892
6365 4 2 1 1 286 292 291 2262
6366 4 2 1 1 1417 739 973 1889
6367 4 2 1 1 1194 1531 1818 1571
6368 4 2 1 1 873 167 163 2341
6369 4 2 1 1 1795 2350 1756 1370
6370 4 2 1 1 1002 1441 949 2323
6371 4 2 1 1 1947 2221 2268 1411
6372 4 2 1 1 1154 1831 1705 2157
6373 4 2 1 1 770 79 1836 2396
6374 4 2 1 1 1155 2096 1968 2298
6375 4 2 1 1 1487 1808 1317 2341
6376 4 2 1 1 602 1578 997 2168
6377 4 2 1 1 1664 2096 1308 2156
6378 4 2 1 1 621 971 915 1985
6379 4 2 1 1 1032 1675 2287 466
6380 4 2 1 1 1416 1236 1778 2274
6381 4 2 1 1 795 1025 1422 2200
6382 4 2 1 1 1413 1747 1237 2079
6383 4 2 1 1 1234 1509 1604 1200
6384 4 2 1 1 1525 1645 1256 2150
6385 4 2 1 1 1941 2067 1730 2315
6386 4 2 1 1 830 1509 177 360
6387 4 2 1 1 2333 1317 1428 1760
6388 4 2 1 1 1538 1796 1350 2004
6389 4 2 1 1 1965 2051 1211 1358
6390 4 2 1 1 1154 2038 1831 1470
6391 4 2 1 1 1394 2273 1544 2285
6392 4 2 1 1 712 594 596 1834
6393 4 2 1 1 1543 1730 1241 2067
6394 4 2 1 1 1628 1909 810 2357
6395 4 2 1 1 986 1961 1779 2005
6396 4 2 1 1 1756 2350 1795 1234
6397 4 2 1 1 629 1809 1095 2180
6398 4 2 1 1 514 995 707 1541
6399 4 2 1 1 926 876 1520 1356
6400 4 2 1 1 2150 2189 1353 1680
6401 4 2 1 1 283 2044 280 1415
6402 4 2 1 1 1464 1186 1589 1975
6403 4 2 1 1 755 168 756 2252
6404 4 2 1 1 1853 1917 1316 2362
6405 4 2 1 1 1777 1857 1183 1902
6406 4 2 1 1 1923 775 543 938
6407 4 2 1 1 2150 2189 1680 1846
6408 4 2 1 1 1923 543 775 1400
6409 4 2 1 1 459 2104 859 2110
6410 4 2 1 1 107 724 105 2365
6411 4 2 1 1 521 1960 905 2386
6412 4 2 1 1 1489 1740 1231 2411
6413 4 2 1 1 558 1101 987 1961
6414 4 2 1 1 2239 2043 1175 1503
6415 4 2 1 1 1562 1897 1325 2318
6416 4 2 1 1 1395 1319 1790 2305
6417 4 2 1 1 893 1703 929 2186
6418 4 2 1 1 1185 1983 1498 2286
6419 4 2 1 1 1749 992 174 710
6420 4 2 1 1 1207 1686 1715 1832
6421 4 2 1 1 1452 1214 1887 2151
6422 4 2 1 1 1223 1974 1896 2019
6423 4 2 1 1 1253 1686 1581 2109
6424 4 2 1 1 841 429 669 2000
6425 4 2 1 1 2175 2331 1672 1865
6426 4 2 1 1 1274 1584 1637 1862
6427 4 2 1 1 1288 1873 1420 2408
6428 4 2 1 1 809 812 813 1909
6429 4 2 1 1 2101 2054 1455 2320
6430 4 2 1 1 1414 1266 1987 2085
6431 4 2 1 1 503 412 502 1624
6432 4 2 1 1 411 1591 211 2132
6433 4 2 1 1 1153 1565 1691 2404
6434 4 2 1 1 1162 1505 1674 2225
6435 4 2 1 1 1147 1750 1615 2414
6436 4 2 1 1 1945 2247 1641 1140
6437 4 2 1 1 1286 1532 2157 1333
6438 4 2 1 1 492 549 834 1858
6439 4 2 1 1 1626 1666 441 555
6440 4 2 1 1 1144 2036 1424 2418
6441 4 2 1 1 1295 1983 1478 2382
6442 4 2 1 1 1139 1587 1796 2189
6443 4 2 1 1 1941 2067 2315 1478
6444 4 2 1 1 142 1548 845 2039
6445 4 2 1 1 1626 441 1666 1583
6446 4 2 1 1 1705 1966 1341 2379
6447 4 2 1 1 602 350 997 1578
6448 4 2 1 1 145 1789 146 2088
6449 4 2 1 1 1324 1922 1513 2245
6450 4 2 1 1 713 283 294 1415
6451 4 2 1 1 1284 1712 1558 1887
6452 4 2 1 1 1932 2105 1633 2193
6453 4 2 1 1 923 2046 1431 2420
6454 4 2 1 1 1244 1747 1413 2160
6455 4 2 1 1 2045 2015 1427 1227
6456 4 2 1 1 1370 1731 1607 2350
6457 4 2 1 1 556 538 463 1898
6458 4 2 1 1 1203 1553 1836 2177
6459 4 2 1 1 2249 402 403 357
6460 4 2 1 1 1276 2352 1785 2394
6461 4 2 1 1 1321 1227 2014 1585
6462 4 2 1 1 1621 1924 1301 2102
6463 4 2 1 1 1212 1406 2023 2103
6464 4 2 1 1 1332 1454 2260 1738
6465 4 2 1 1 1442 1881 879 2111
6466 4 2 1 1 1627 2073 1193 2419
6467 4 2 1 1 1383 1548 142 2039
6468 4 2 1 1 1331 1846 1680 2189
6469 4 2 1 1 1192 1421 2071 2179
6470 4 2 1 1 861 1870 1456 2262
6471 4 2 1 1 52 5 1443 1948
6472 4 2 1 1 347 1919 1799 2424
6473 4 2 1 1 257 1667 280 2044
6474 4 2 1 1 785 278 2037 786
6475 4 2 1 1 500 2012 1677 2390
6476 4 2 1 1 1874 2037 2230 1284
6477 4 2 1 1 1037 692 694 1766
6478 4 2 1 1 1008 557 996 1819
6479 4 2 1 1 2249 403 402 1823
6480 4 2 1 1 609 961 455 1782
6481 4 2 1 1 44 745 7 2187
6482 4 2 1 1 138 1444 140 139
6483 4 2 1 1 1188 1508 1750 1934
6484 4 2 1 1 1259 1955 1767 2376
6485 4 2 1 1 280 2044 1667 1415
6486 4 2 1 1 54 59 60 1971
6487 4 2 1 1 138 1444 139 1913
6488 4 2 1 1 1185 1462 2171 2375
6489 4 2 1 1 1028 882 900 2385
6490 4 2 1 1 132 133 137 1913
6491 4 2 1 1 21 1555 1010 2257
6492 4 2 1 1 12 1131 45 2253
6493 4 2 1 1 1740 2049 1231 2411
6494 4 2 1 1 1427 1457 1514 2135
6495 4 2 1 1 2360 1571 2388 1439
6496 4 2 1 1 755 756 1774 2252
6497 4 2 1 1 731 668 1118 2218
6498 4 2 1 1 149 1717 152 2052
6499 4 2 1 1 1526 1859 1443 2342
6500 4 2 1 1 403 532 2075 864
6501 4 2 1 1 1057 297 1030 1922
6502 4 2 1 1 412 502 1624 2009
6503 4 2 1 1 884 601 792 1993
6504 4 2 1 1 1152 1519 1325 2167
6505 4 2 1 1 1689 1723 1360 2087
6506 4 2 1 1 1253 1581 1750 2020
6507 4 2 1 1 897 1605 1733 2354
6508 4 2 1 1 1074 1579 1854 2358
6509 4 2 1 1 1545 1783 1384 2334
6510 4 2 1 1 1370 1898 1756 2100
6511 4 2 1 1 2134 768 74 1382
6512 4 2 1 1 1208 1706 1600 2288
6513 4 2 1 1 1316 1941 1689 2028
6514 4 2 1 1 673 1068 698 1625
6515 4 2 1 1 88 1553 771 2064
6516 4 2 1 1 210 203 785 1642
6517 4 2 1 1 21 1010 22 2257
6518 4 2 1 1 1185 1462 1596 2067
6519 4 2 1 1 1327 1750 1581 2020
6520 4 2 1 1 1124 688 2044 2158
6521 4 2 1 1 761 2174 65 2402
6522 4 2 1 1 671 831 538 1936
6523 4 2 1 1 1173 2069 1521 1334
6524 4 2 1 1 1292 1433 1738 2313
6525 4 2 1 1 365 1879 1491 2149
6526 4 2 1 1 1065 2230 787 2349
6527 4 2 1 1 1586 1589 1379 1975
6528 4 2 1 1 1286 1197 1583 1333
6529 4 2 1 1 253 226 228 1663
6530 4 2 1 1 891 1091 637 1657
6531 4 2 1 1 1209 2175 1739 1175
6532 4 2 1 1 1399 2040 1729 2405
6533 4 2 1 1 1689 1490 1917 2300
6534 4 2 1 1 2134 74 768 72
6535 4 2 1 1 1277 2404 1691 1565
6536 4 2 1 1 2310 2351 1230 1671
6537 4 2 1 1 1230 1895 1671 2351
6538 4 2 1 1 1711 1267 1430 2025
6539 4 2 1 1 1234 1795 1509 1200
6540 4 2 1 1 1478 2067 2315 1295
6541 4 2 1 1 368 432 1003 1826
6542 4 2 1 1 1155 1572 2096 2298
6543 4 2 1 1 1422 1292 2089 2311
6544 4 2 1 1 1658 743 1121 1523
6545 4 2 1 1 1524 2147 448 2281
6546 4 2 1 1 1658 1121 743 1082
6547 4 2 1 1 1711 1430 1267 1998
6548 4 2 1 1 1238 2058 1415 2130
6549 4 2 1 1 1492 2054 1871 2320
6550 4 2 1 1 1344 659 1759 1043
6551 4 2 1 1 1462 1596 1158 2375
6552 4 2 1 1 1871 2054 1232 2320
6553 4 2 1 1 480 1676 478 1755
6554 4 2 1 1 460 2110 2139 2236
6555 4 2 1 1 212 201 1591 2186
6556 4 2 1 1 382 1012 976 1995
6557 4 2 1 1 1203 1654 1836 1981
6558 4 2 1 1 811 1628 810 1995
6559 4 2 1 1 1945 2247 1140 1501
6560 4 2 1 1 1252 1542 1643 1384
6561 4 2 1 1 1387 1538 1659 2004
6562 4 2 1 1 1630 1677 1311 2381
6563 4 2 1 1 1512 1220 2142 1619
6564 4 2 1 1 2417 2155 2015 1227
6565 4 2 1 1 764 1593 722 2174
6566 4 2 1 1 1611 1727 1281 2225
6567 4 2 1 1 2015 2155 2417 1459
6568 4 2 1 1 1040 1648 663 1882
6569 4 2 1 1 554 450 400 2009
6570 4 2 1 1 1242 1841 1544 1954
6571 4 2 1 1 1401 1781 1497 2204
6572 4 2 1 1 602 1911 1578 2168
6573 4 2 1 1 301 1579 928 1935
6574 4 2 1 1 1754 1864 1480 1493
6575 4 2 1 1 1302 1742 1682 1979
6576 4 2 1 1 1225 1887 1810 1456
6577 4 2 1 1 1217 2344 1458 2366
6578 4 2 1 1 1893 2388 1651 1346
6579 4 2 1 1 355 357 402 2249
6580 4 2 1 1 796 1098 902 1692
6581 4 2 1 1 701 1431 923 2199
6582 4 2 1 1 1276 1607 1731 2350
6583 4 2 1 1 1617 1305 1784 1992
6584 4 2 1 1 1400 1755 1272 1944
6585 4 2 1 1 787 2230 2037 2349
6586 4 2 1 1 1714 2260 1454 2338
6587 4 2 1 1 1716 612 914 2085
6588 4 2 1 1 13 45 746 2128
6589 4 2 1 1 184 1756 2258 830
6590 4 2 1 1 1193 1697 1487 2419
6591 4 2 1 1 501 856 549 1858
6592 4 2 1 1 2122 189 1856 2154
6593 4 2 1 1 262 263 273 1629
6594 4 2 1 1 1267 2025 1817 2080
6595 4 2 1 1 1485 2106 2101 2261
6596 4 2 1 1 1197 1751 1421 2191
6597 4 2 1 1 368 186 432 1826
6598 4 2 1 1 1282 2042 1486 2269
6599 4 2 1 1 290 812 810 1628
6600 4 2 1 1 1440 1961 1101 2363
6601 4 2 1 1 602 325 350 1911
6602 4 2 1 1 1893 1651 2388 1171
6603 4 2 1 1 1154 1705 1751 2157
6604 4 2 1 1 1015 1082 765 1658
6605 4 2 1 1 1466 2122 87 2161
6606 4 2 1 1 1183 1554 1603 2302
6607 4 2 1 1 1815 1519 1152 2167
6608 4 2 1 1 1204 1673 2131 1493
6609 4 2 1 1 1847 1623 1709 1315
6610 4 2 1 1 755 756 753 1774
6611 4 2 1 1 1197 1626 1583 1333
6612 4 2 1 1 1462 1764 1301 1158
6613 4 2 1 1 660 1835 1090 2083
6614 4 2 1 1 1805 164 2064 1108
6615 4 2 1 1 444 844 1026 1678
6616 4 2 1 1 1454 1332 2098 1738
6617 4 2 1 1 1840 2091 1338 1782
6618 4 2 1 1 931 1912 496 2346
6619 4 2 1 1 1544 1841 1242 2364
6620 4 2 1 1 591 908 611 1410
6621 4 2 1 1 278 1642 2037 2230
6622 4 2 1 1 529 459 859 2110
6623 4 2 1 1 279 271 820 1498
6624 4 2 1 1 1359 2228 1703 2321
6625 4 2 1 1 1612 1825 1220 2164
6626 4 2 1 1 519 910 646 1677
6627 4 2 1 1 261 265 263 1629
6628 4 2 1 1 1182 2038 1590 2116
6629 4 2 1 1 1374 1781 1725 2204
6630 4 2 1 1 1531 1571 1311 1852
6631 4 2 1 1 561 1541 514 2115
6632 4 2 1 1 2012 677 1656 676
6633 4 2 1 1 1336 2247 1641 1754
6634 4 2 1 1 1555 1771 1367 1323
6635 4 2 1 1 462 463 2303 378
6636 4 2 1 1 888 957 783 2277
6637 4 2 1 1 1167 1454 1714 2260
6638 4 2 1 1 1153 1691 2047 2404
6639 4 2 1 1 1501 1754 1411 1947
6640 4 2 1 1 1348 1475 1236 1224
6641 4 2 1 1 1506 1728 1131 2140
6642 4 2 1 1 388 385 851 2280
6643 4 2 1 1 1 1080 1474 2356
6644 4 2 1 1 107 1694 109 2365
6645 4 2 1 1 115 1776 1461 114
6646 4 2 1 1 1153 1565 1576 1958
6647 4 2 1 1 1517 1564 1938 2081
6648 4 2 1 1 1431 2046 923 2199
6649 4 2 1 1 663 1648 183 1811
6650 4 2 1 1 1494 1838 1423 2337
6651 4 2 1 1 1847 1709 1623 1166
6652 4 2 1 1 1254 1586 1589 2421
6653 4 2 1 1 461 2303 462 1389
6654 4 2 1 1 462 2303 461 378
6655 4 2 1 1 1240 1919 1432 2033
6656 4 2 1 1 1157 1632 1660 2056
6657 4 2 1 1 1464 1975 1586 1140
6658 4 2 1 1 881 1446 2005 2223
6659 4 2 1 1 302 888 259 1620
6660 4 2 1 1 1941 2067 1478 1241
6661 4 2 1 1 1245 1811 1389 2260
6662 4 2 1 1 1522 1795 1200 2319
6663 4 2 1 1 1459 1660 1187 2155
6664 4 2 1 1 1463 2002 1568 2148
6665 4 2 1 1 224 223 1535 2114
6666 4 2 1 1 1935 1294 1695 1951
6667 4 2 1 1 437 559 1601 2091
6668 4 2 1 1 591 2115 972 2354
6669 4 2 1 1 1877 1787 1967 1141
6670 4 2 1 1 1156 1564 1990 1735
6671 4 2 1 1 2208 2126 1368 1288
6672 4 2 1 1 394 341 661 1706
6673 4 2 1 1 2072 1206 1714 1522
6674 4 2 1 1 1102 2085 938 1923
6675 4 2 1 1 732 52 907 1948
6676 4 2 1 1 1275 1847 1623 2129
6677 4 2 1 1 1278 1465 1727 2343
6678 4 2 1 1 461 1811 377 2303
6679 4 2 1 1 1478 2028 1983 2315
6680 4 2 1 1 547 1063 865 2346
6681 4 2 1 1 1215 1985 1416 2048
6682 4 2 1 1 1369 1628 1995 1158
6683 4 2 1 1 1273 2105 1932 2193
6684 4 2 1 1 1439 1194 2034 2360
6685 4 2 1 1 1178 1684 1476 2192
6686 4 2 1 1 382 1942 1012 1995
6687 4 2 1 1 1649 1288 1706 2382
6688 4 2 1 1 1436 1861 1237 2159
6689 4 2 1 1 1946 1972 1310 2152
6690 4 2 1 1 494 569 1356 832
6691 4 2 1 1 656 955 2018 2316
6692 4 2 1 1 274 271 279 1498
6693 4 2 1 1 2175 2331 1865 1313
6694 4 2 1 1 1036 1922 273 2245
6695 4 2 1 1 1281 1674 1900 2225
6696 4 2 1 1 236 237 238 2207
6697 4 2 1 1 1165 1699 1537 1883
6698 4 2 1 1 429 574 576 2000
6699 4 2 1 1 283 257 280 2044
6700 4 2 1 1 249 1725 250 2204
6701 4 2 1 1 2045 2008 1427 1408
6702 4 2 1 1 1245 1389 1811 2138
6703 4 2 1 1 1774 2244 1308 2252
6704 4 2 1 1 938 2085 1102 548
6705 4 2 1 1 1462 1301 2171 2375
6706 4 2 1 1 751 1971 54 60
6707 4 2 1 1 259 302 1620 1935
6708 4 2 1 1 430 814 291 1988
6709 4 2 1 1 1756 2100 1898 2303
6710 4 2 1 1 1616 2176 2094 1194
6711 4 2 1 1 277 210 1642 2144
6712 4 2 1 1 1372 1931 1964 2051
6713 4 2 1 1 1678 1878 397 2151
6714 4 2 1 1 1315 1847 1530 2024
6715 4 2 1 1 1342 1762 1899 2229
6716 4 2 1 1 1361 1772 1762 1182
6717 4 2 1 1 2110 1666 530 2139
6718 4 2 1 1 1527 1874 1642 2230
6719 4 2 1 1 1909 2306 1599 2375
6720 4 2 1 1 2094 2176 1616 1311
6721 4 2 1 1 315 313 1544 1954
6722 4 2 1 1 32 1978 1455 2257
6723 4 2 1 1 931 1414 2346 1063
6724 4 2 1 1 1229 1950 1425 2036
6725 4 2 1 1 1100 607 1590 2123
6726 4 2 1 1 443 397 1878 2151
6727 4 2 1 1 1298 1789 2145 2393
6728 4 2 1 1 1270 1962 1476 2041
6729 4 2 1 1 1482 1798 1252 1949
6730 4 2 1 1 154 151 601 1472
6731 4 2 1 1 1728 656 1017 721
6732 4 2 1 1 111 112 123 2237
6733 4 2 1 1 1458 1278 1727 2343
6734 4 2 1 1 137 169 132 1693
6735 4 2 1 1 1733 1970 1410 1246
6736 4 2 1 1 1202 1356 1651 1676
6737 4 2 1 1 212 201 211 1591
6738 4 2 1 1 2126 2382 1288 1649
6739 4 2 1 1 1304 1770 1532 2401
6740 4 2 1 1 1205 1694 1540 2202
6741 4 2 1 1 19 39 20 2095
6742 4 2 1 1 1080 1021 1474 2138
6743 4 2 1 1 1253 1715 1577 1850
6744 4 2 1 1 1533 1742 1152 1815
6745 4 2 1 1 2094 1571 1616 1194
6746 4 2 1 1 1507 1921 1542 2053
6747 4 2 1 1 696 1888 167 2084
6748 4 2 1 1 1108 1625 92 2226
6749 4 2 1 1 1918 1151 2338 2097
6750 4 2 1 1 1918 2338 1151 1802
6751 4 2 1 1 1514 2387 1638 1340
6752 4 2 1 1 90 164 1108 2064
6753 4 2 1 1 1290 1572 1618 2086
6754 4 2 1 1 1920 115 116 117
6755 4 2 1 1 124 125 122 1700
6756 4 2 1 1 1346 1773 1938 2099
6757 4 2 1 1 703 597 1097 2061
6758 4 2 1 1 888 783 1620 2277
6759 4 2 1 1 398 2231 2117 2415
6760 4 2 1 1 1552 2024 1718 2092
6761 4 2 1 1 1147 1615 1481 1925
6762 4 2 1 1 702 1649 2208 2391
6763 4 2 1 1 1187 1910 1479 2333
6764 4 2 1 1 1286 2016 1532 1333
6765 4 2 1 1 1236 1416 1778 2107
6766 4 2 1 1 978 1805 772 2236
6767 4 2 1 1 1214 1505 1887 1900
6768 4 2 1 1 558 943 349 2005
6769 4 2 1 1 1006 243 247 1892
6770 4 2 1 1 204 202 208 2119
6771 4 2 1 1 1414 1987 1944 2085
6772 4 2 1 1 2030 2090 1285 2173
6773 4 2 1 1 1127 418 1003 2307
6774 4 2 1 1 1941 2067 1241 1730
6775 4 2 1 1 1295 1683 1498 2235
6776 4 2 1 1 560 561 514 2115
6777 4 2 1 1 2363 607 681 2123
6778 4 2 1 1 1150 1542 1643 1997
6779 4 2 1 1 1254 1457 2219 2421
6780 4 2 1 1 1616 1571 2094 1311
6781 4 2 1 1 1217 1670 1458 2344
6782 4 2 1 1 99 98 100 1484
6783 4 2 1 1 1532 1831 1304 2157
6784 4 2 1 1 1593 1797 1319 2174
6785 4 2 1 1 126 886 128 1606
6786 4 2 1 1 1098 1429 963 872
6787 4 2 1 1 659 1043 989 1759
6788 4 2 1 1 1203 1981 2135 2156
6789 4 2 1 1 1360 1794 1568 2214
6790 4 2 1 1 1842 2184 1494 2337
6791 4 2 1 1 1282 2124 1669 1950
6792 4 2 1 1 1149 1891 1696 1726
6793 4 2 1 1 695 555 1001 1666
6794 4 2 1 1 295 275 1884 2127
6795 4 2 1 1 1490 1959 1917 1928
6796 4 2 1 1 1098 1429 872 1753
6797 4 2 1 1 381 374 397 2151
6798 4 2 1 1 523 1678 397 2151
6799 4 2 1 1 192 158 1605 2242
6800 4 2 1 1 461 377 378 2303
6801 4 2 1 1 405 2174 2041 2299
6802 4 2 1 1 1336 2283 1864 1279
6803 4 2 1 1 1397 1972 1946 2152
6804 4 2 1 1 2185 1517 1592 1403
6805 4 2 1 1 384 375 1697 2073
6806 4 2 1 1 2185 1592 1517 1178
6807 4 2 1 1 1238 2001 1667 1415
6808 4 2 1 1 1942 154 601 1472
6809 4 2 1 1 668 1722 1118 2218
6810 4 2 1 1 1377 1849 1589 2113
6811 4 2 1 1 301 303 302 1935
6812 4 2 1 1 1314 1842 2002 2087
6813 4 2 1 1 2332 2412 150 1719
6814 4 2 1 1 1199 2280 1561 2311
6815 4 2 1 1 1255 1472 1986 2407
6816 4 2 1 1 1405 1819 1225 1926
6817 4 2 1 1 1374 1612 2083 2164
6818 4 2 1 1 1674 2145 1328 2163
6819 4 2 1 1 207 199 203 1467
6820 4 2 1 1 168 1549 82 1856
6821 4 2 1 1 4 1443 2342 52
6822 4 2 1 1 1208 1822 1500 2255
6823 4 2 1 1 812 810 1628 1909
6824 4 2 1 1 1228 1638 1625 1192
6825 4 2 1 1 993 932 352 1770
6826 4 2 1 1 2145 2397 1789 2088
6827 4 2 1 1 1467 2137 1914 2144
6828 4 2 1 1 944 1824 526 2061
6829 4 2 1 1 2175 2264 1319 2309
6830 4 2 1 1 1942 601 154 838
6831 4 2 1 1 1337 1964 1931 2051
6832 4 2 1 1 181 1483 83 1973
6833 4 2 1 1 757 84 189 1856
6834 4 2 1 1 1087 31 727 1743
6835 4 2 1 1 1230 1772 1671 1895
6836 4 2 1 1 771 2064 1553 2396
6837 4 2 1 1 1048 1708 728 2147
6838 4 2 1 1 1162 1458 1727 2343
6839 4 2 1 1 1781 1892 1374 2164
6840 4 2 1 1 2 1034 1616 2381
6841 4 2 1 1 93 833 91 2226
6842 4 2 1 1 99 774 1716 2227
6843 4 2 1 1 1423 1921 1239 2188
6844 4 2 1 1 1205 1536 1694 2240
6845 4 2 1 1 1013 1008 630 1819
6846 4 2 1 1 570 1732 934 2367
6847 4 2 1 1 398 1627 399 2117
6848 4 2 1 1 484 483 865 1944
6849 4 2 1 1 372 2325 289 383
6850 4 2 1 1 1571 1310 1893 1972
6851 4 2 1 1 67 405 764 2174
6852 4 2 1 1 550 333 869 1644
6853 4 2 1 1 809 810 1909 2357
6854 4 2 1 1 515 1016 681 2123
6855 4 2 1 1 447 448 446 2149
6856 4 2 1 1 1762 2038 1341 1470
6857 4 2 1 1 1491 1911 941 2168
6858 4 2 1 1 1402 1210 1800 2076
6859 4 2 1 1 1666 1638 2139 1309
6860 4 2 1 1 1519 1780 1170 1905
6861 4 2 1 1 1064 1912 1716 2227
6862 4 2 1 1 1190 1764 1565 1451
6863 4 2 1 1 1151 2118 1469 2304
6864 4 2 1 1 1271 2186 1679 2228
6865 4 2 1 1 1686 1715 1253 1850
6866 4 2 1 1 1076 719 1936 2161
6867 4 2 1 1 1441 1981 1398 2135
6868 4 2 1 1 873 2231 2341 1487
6869 4 2 1 1 1266 2039 1923 2085
6870 4 2 1 1 942 997 580 2168
6871 4 2 1 1 1092 591 972 2354
6872 4 2 1 1 1666 2139 1638 1385
6873 4 2 1 1 455 510 609 1782
6874 4 2 1 1 1409 1917 1351 2300
6875 4 2 1 1 1439 1194 2360 1571
6876 4 2 1 1 1698 374 298 1452
6877 4 2 1 1 1178 2081 1517 2185
6878 4 2 1 1 1177 2133 1397 2152
6879 4 2 1 1 1420 2301 1707 2408
6880 4 2 1 1 1362 1869 1588 2103
6881 4 2 1 1 490 497 2012 2294
6882 4 2 1 1 1698 298 374 800
6883 4 2 1 1 2094 2355 2390 1311
6884 4 2 1 1 2400 1735 2197 1481
6885 4 2 1 1 1179 1471 1929 2035
6886 4 2 1 1 140 1444 1993 2238
6887 4 2 1 1 1273 1570 1817 2105
6888 4 2 1 1 1106 918 610 1650
6889 4 2 1 1 981 1657 637 1761
6890 4 2 1 1 1624 1919 1471 1929
6891 4 2 1 1 1356 1778 1676 2107
6892 4 2 1 1 1528 1740 1318 1984
6893 4 2 1 1 1321 2014 1908 1585
6894 4 2 1 1 35 1786 735 2353
6895 4 2 1 1 1237 1480 1747 1165
6896 4 2 1 1 1880 1968 1155 2348
6897 4 2 1 1 448 446 2149 2281
6898 4 2 1 1 1539 1241 1998 1478
6899 4 2 1 1 1210 1539 1851 2076
6900 4 2 1 1 1250 1665 1495 1830
6901 4 2 1 1 1206 1585 1681 1788
6902 4 2 1 1 1208 1853 1685 2382
6903 4 2 1 1 804 251 1090 1835
6904 4 2 1 1 1009 571 709 2367
6905 4 2 1 1 1225 1810 1763 1926
6906 4 2 1 1 1269 1726 1955 2268
6907 4 2 1 1 1424 1855 1734 2370
6908 4 2 1 1 1499 2363 2123 607
6909 4 2 1 1 1229 1669 1855 2205
6910 4 2 1 1 2346 1912 1602 1414
6911 4 2 1 1 595 594 593 2021
6912 4 2 1 1 1194 1682 1526 1979
6913 4 2 1 1 815 1599 2102 2357
6914 4 2 1 1 1602 1912 2346 1365
6915 4 2 1 1 1920 115 117 1499
6916 4 2 1 1 115 1776 114 113
6917 4 2 1 1 1527 2256 1712 1210
6918 4 2 1 1 69 66 2331 2402
6919 4 2 1 1 1089 959 700 1970
6920 4 2 1 1 1176 1669 1950 2010
6921 4 2 1 1 382 202 838 1942
6922 4 2 1 1 2251 2056 1632 1607
6923 4 2 1 1 1207 1832 1874 2297
6924 4 2 1 1 419 1093 706 1973
6925 4 2 1 1 1595 1458 1957 2031
6926 4 2 1 1 326 328 327 1598
6927 4 2 1 1 852 359 436 2415
6928 4 2 1 1 73 74 75 1836
6929 4 2 1 1 327 1598 328 2424
6930 4 2 1 1 1176 1767 1842 2337
6931 4 2 1 1 268 269 270 1953
6932 4 2 1 1 671 538 556 2336
6933 4 2 1 1 1612 1291 1892 2383
6934 4 2 1 1 1268 2410 1744 1519
6935 4 2 1 1 142 1548 2250 95
6936 4 2 1 1 32 59 53 2267
6937 4 2 1 1 1101 681 565 1440
6938 4 2 1 1 2027 2308 2301 2408
6939 4 2 1 1 2187 918 8 2153
6940 4 2 1 1 1664 2066 1308 2244
6941 4 2 1 1 1092 972 287 2354
6942 4 2 1 1 1018 1683 822 2306
6943 4 2 1 1 1291 1825 1612 2164
6944 4 2 1 1 1157 1632 2056 1607
6945 4 2 1 1 1237 1747 1480 2079
6946 4 2 1 1 320 2248 324 2403
6947 4 2 1 1 735 2077 16 2353
6948 4 2 1 1 1841 1394 1544 2285
6949 4 2 1 1 1183 1857 1777 2302
6950 4 2 1 1 795 1422 797 2280
6951 4 2 1 1 1690 1825 1351 2164
6952 4 2 1 1 694 409 1540 1766
6953 4 2 1 1 300 116 817 1461
6954 4 2 1 1 281 282 526 1609
6955 4 2 1 1 2229 1445 1470 1762
6956 4 2 1 1 1108 698 92 1625
6957 4 2 1 1 1581 1686 1253 1850
6958 4 2 1 1 1251 1849 1787 2099
6959 4 2 1 1 1296 1777 1902 2239
6960 4 2 1 1 1227 1816 1885 2155
6961 4 2 1 1 1269 1726 1453 1955
6962 4 2 1 1 664 1722 668 1804
6963 4 2 1 1 1552 1219 1450 2024
6964 4 2 1 1 2229 1470 1445 1293
6965 4 2 1 1 1428 2110 1557 2387
6966 4 2 1 1 1181 2148 1568 2214
6967 4 2 1 1 1360 1568 2148 2214
6968 4 2 1 1 866 1683 2215 1038
6969 4 2 1 1 1271 1927 1597 2132
6970 4 2 1 1 1321 1227 1585 1806
6971 4 2 1 1 691 995 1541 1867
6972 4 2 1 1 372 2325 383 2386
6973 4 2 1 1 397 1678 444 1878
6974 4 2 1 1 926 569 832 1356
6975 4 2 1 1 532 1823 1496 2140
6976 4 2 1 1 1450 2032 1242 2364
6977 4 2 1 1 1054 705 1545 2334
6978 4 2 1 1 831 885 1076 2161
6979 4 2 1 1 1310 2360 1818 1571
6980 4 2 1 1 1163 1899 1434 2374
6981 4 2 1 1 1195 1634 1582 1858
6982 4 2 1 1 1244 1413 1823 2160
6983 4 2 1 1 438 1041 758 2066
6984 4 2 1 1 496 931 725 1912
6985 4 2 1 1 1805 164 1108 1047
6986 4 2 1 1 1153 2047 1691 2345
6987 4 2 1 1 1460 1842 1767 2330
6988 4 2 1 1 1100 607 802 1590
6989 4 2 1 1 752 1417 2198 2244
6990 4 2 1 1 925 1555 21 2095
6991 4 2 1 1 1543 2020 1956 2109
6992 4 2 1 1 75 770 79 1836
6993 4 2 1 1 25 728 40 1560
6994 4 2 1 1 866 1683 1038 430
6995 4 2 1 1 1982 1636 1682 1355
6996 4 2 1 1 1691 2047 1380 2345
6997 4 2 1 1 784 1612 239 1996
6998 4 2 1 1 1278 1999 1522 1206
6999 4 2 1 1 1153 1576 1565 2404
7000 4 2 1 1 288 289 1526 2342
7001 4 2 1 1 1270 2299 2174 1593
7002 4 2 1 1 1188 1449 1719 1243
7003 4 2 1 1 657 1569 660 1996
7004 4 2 1 1 1167 1522 1795 2196
7005 4 2 1 1 1629 1903 1324 1922
7006 4 2 1 1 534 1741 1649 2322
7007 4 2 1 1 1855 2023 1734 2370
7008 4 2 1 1 2145 1789 2397 1597
7009 4 2 1 1 398 359 343 2231
7010 4 2 1 1 1815 1519 2167 1238
7011 4 2 1 1 1308 2263 1880 2348
7012 4 2 1 1 1271 1591 1927 2132
7013 4 2 1 1 342 873 166 1487
7014 4 2 1 1 1963 2368 1475 1224
7015 4 2 1 1 891 1657 586 1872
7016 4 2 1 1 1503 2082 2043 2136
7017 4 2 1 1 2179 1645 2371 1145
7018 4 2 1 1 190 845 97 1548
7019 4 2 1 1 1733 1410 1320 2241
7020 4 2 1 1 1271 1703 2186 2228
7021 4 2 1 1 1708 2103 1406 2389
7022 4 2 1 1 1528 2049 1740 2411
7023 4 2 1 1 1477 2075 1823 2160
7024 4 2 1 1 1549 1856 168 2252
7025 4 2 1 1 1353 1680 2014 2150
7026 4 2 1 1 71 77 78 2210
7027 4 2 1 1 1237 1480 1840 2079
7028 4 2 1 1 265 348 267 1924
7029 4 2 1 1 480 1676 1755 1356
7030 4 2 1 1 1241 1794 1614 1941
7031 4 2 1 1 1973 2146 1871 1339
7032 4 2 1 1 1644 1793 1219 2273
7033 4 2 1 1 532 1496 1123 2140
7034 4 2 1 1 479 1676 480 1356
7035 4 2 1 1 136 349 1499 2363
7036 4 2 1 1 815 1909 1599 2357
7037 4 2 1 1 1497 2044 1401 2204
7038 4 2 1 1 1580 2263 2146 2320
7039 4 2 1 1 1452 1868 1328 2224
7040 4 2 1 1 892 890 1066 2132
7041 4 2 1 1 1154 1751 1705 1341
7042 4 2 1 1 1320 1733 1605 2354
7043 4 2 1 1 1947 2268 2221 1239
7044 4 2 1 1 1261 1608 1477 2075
7045 4 2 1 1 1148 1511 1671 2217
7046 4 2 1 1 1220 1569 1996 2083
7047 4 2 1 1 585 448 2147 2281
7048 4 2 1 1 1534 1328 1675 2141
7049 4 2 1 1 1145 2179 1404 2371
7050 4 2 1 1 2336 960 1756 556
7051 4 2 1 1 237 239 238 2207
7052 4 2 1 1 1385 2003 1749 2059
7053 4 2 1 1 1163 1646 1640 2289
7054 4 2 1 1 810 1995 1628 2357
7055 4 2 1 1 1398 2135 1981 2156
7056 4 2 1 1 1721 1894 1249 2166
7057 4 2 1 1 1033 360 176 1509
7058 4 2 1 1 28 1474 1021 1896
7059 4 2 1 1 1199 1639 2194 2311
7060 4 2 1 1 1835 1854 1247 2009
7061 4 2 1 1 1419 2041 404 2174
7062 4 2 1 1 166 1487 873 2341
7063 4 2 1 1 956 1722 1111 2216
7064 4 2 1 1 1982 1682 1636 1299
7065 4 2 1 1 79 771 88 1553
7066 4 2 1 1 877 1600 276 1884
7067 4 2 1 1 1504 2015 1227 2417
7068 4 2 1 1 1287 2056 1888 2333
7069 4 2 1 1 1367 1771 1555 2257
7070 4 2 1 1 1647 1846 1293 1925
7071 4 2 1 1 1036 273 723 2245
7072 4 2 1 1 1270 2185 1962 2377
7073 4 2 1 1 1185 1983 2286 2315
7074 4 2 1 1 1294 1695 1477 2112
7075 4 2 1 1 623 1371 1071 966
7076 4 2 1 1 1223 1528 1740 2411
7077 4 2 1 1 1580 1880 1189 2263
7078 4 2 1 1 174 94 1068 2250
7079 4 2 1 1 1265 1686 1581 1850
7080 4 2 1 1 1871 2054 655 2265
7081 4 2 1 1 623 1775 966 863
7082 4 2 1 1 385 388 386 1561
7083 4 2 1 1 1415 2130 2058 1833
7084 4 2 1 1 653 744 1055 1515
7085 4 2 1 1 1625 1805 1228 2064
7086 4 2 1 1 377 183 184 2303
7087 4 2 1 1 961 1845 1338 1782
7088 4 2 1 1 1147 1934 1750 1508
7089 4 2 1 1 1158 1543 1956 2109
7090 4 2 1 1 1141 1773 1439 2388
7091 4 2 1 1 1704 2197 1191 1346
7092 4 2 1 1 1561 2011 386 2216
7093 4 2 1 1 1328 2145 2088 2397
7094 4 2 1 1 443 397 444 1878
7095 4 2 1 1 1338 1845 961 1668
7096 4 2 1 1 2146 2263 1492 2320
7097 4 2 1 1 1511 2310 1779 1604
7098 4 2 1 1 1317 1888 1428 2084
7099 4 2 1 1 1728 656 635 2018
7100 4 2 1 1 1876 2019 1489 2411
7101 4 2 1 1 1158 1581 1956 1986
7102 4 2 1 1 1479 456 645 2066
7103 4 2 1 1 1531 2345 1818 1571
7104 4 2 1 1 2179 1645 1145 1340
7105 4 2 1 1 847 626 127 1534
7106 4 2 1 1 93 1383 2226 2250
7107 4 2 1 1 1145 2008 1427 1340
7108 4 2 1 1 347 1799 887 2424
7109 4 2 1 1 1367 1560 2101 2261
7110 4 2 1 1 1184 2014 1680 2150
7111 4 2 1 1 2310 2351 1671 1511
7112 4 2 1 1 1413 2060 355 2249
7113 4 2 1 1 1196 1689 1490 2405
7114 4 2 1 1 207 1642 203 210
7115 4 2 1 1 1218 2108 1737 1326
7116 4 2 1 1 895 348 265 1924
7117 4 2 1 1 395 445 1435 396
7118 4 2 1 1 643 644 682 1906
7119 4 2 1 1 398 1627 2117 2231
7120 4 2 1 1 1377 1589 1145 2113
7121 4 2 1 1 1007 697 2104 2154
7122 4 2 1 1 1277 2234 1448 2290
7123 4 2 1 1 1420 2027 2301 2408
7124 4 2 1 1 1399 1928 1873 2362
7125 4 2 1 1 1877 1787 1141 1704
7126 4 2 1 1 226 224 225 1827
7127 4 2 1 1 1940 1993 1265 2284
7128 4 2 1 1 1630 1677 1352 1852
7129 4 2 1 1 1366 1874 1832 2297
7130 4 2 1 1 1295 1600 1983 2382
7131 4 2 1 1 1787 1849 1412 2099
7132 4 2 1 1 151 153 150 2238
7133 4 2 1 1 781 1996 2207 1512
7134 4 2 1 1 1259 1690 1619 1928
7135 4 2 1 1 490 2012 1566 2294
7136 4 2 1 1 489 876 485 1520
7137 4 2 1 1 2301 2408 1390 1707
7138 4 2 1 1 1191 2197 1946 2400
7139 4 2 1 1 1634 2090 2030 2173
7140 4 2 1 1 1148 1999 1465 2422
7141 4 2 1 1 1165 1883 1537 2283
7142 4 2 1 1 87 994 885 2161
7143 4 2 1 1 1597 2145 1328 2397
7144 4 2 1 1 1260 1476 1684 2192
7145 4 2 1 1 1048 40 728 1708
7146 4 2 1 1 1428 2104 1557 2110
7147 4 2 1 1 1398 2220 1981 2323
7148 4 2 1 1 1350 1945 1838 1204
7149 4 2 1 1 1618 1203 1457 2135
7150 4 2 1 1 712 1426 594 1834
7151 4 2 1 1 1232 1978 1560 2101
7152 4 2 1 1 1184 1908 1680 2014
7153 4 2 1 1 89 311 985 1575
7154 4 2 1 1 745 610 918 2187
7155 4 2 1 1 395 1435 445 1608
7156 4 2 1 1 1270 1962 1713 2377
7157 4 2 1 1 766 1053 590 1476
7158 4 2 1 1 1355 1982 1636 2386
7159 4 2 1 1 1422 2089 797 2280
7160 4 2 1 1 1212 1804 1406 2103
7161 4 2 1 1 2261 2106 2269 1485
7162 4 2 1 1 290 896 207 2137
7163 4 2 1 1 831 1076 1936 2161
7164 4 2 1 1 1404 2071 1256 2371
7165 4 2 1 1 713 1732 570 2158
7166 4 2 1 1 1221 1850 1577 2241
7167 4 2 1 1 2000 1435 445 396
7168 4 2 1 1 1247 1835 1579 1854
7169 4 2 1 1 1242 1450 1688 2032
7170 4 2 1 1 1052 730 1563 1839
7171 4 2 1 1 1175 2086 1572 2232
7172 4 2 1 1 32 2257 1455 2267
7173 4 2 1 1 1962 2185 1403 2377
7174 4 2 1 1 1777 1902 1183 2326
7175 4 2 1 1 2171 2286 1584 2315
7176 4 2 1 1 2122 189 2154 984
7177 4 2 1 1 296 394 1822 2288
7178 4 2 1 1 1705 1652 1751 1333
7179 4 2 1 1 2000 445 1435 1608
7180 4 2 1 1 1154 1757 1495 1863
7181 4 2 1 1 1146 1689 1941 2028
7182 4 2 1 1 1286 1801 1484 1495
7183 4 2 1 1 1369 1995 1628 2137
7184 4 2 1 1 1147 1735 1925 1481
7185 4 2 1 1 1270 1797 1510 2048
7186 4 2 1 1 1551 2127 1009 2367
7187 4 2 1 1 1237 1861 1782 2159
7188 4 2 1 1 1513 1960 1355 2386
7189 4 2 1 1 1648 2098 1332 1738
7190 4 2 1 1 1611 1727 1465 1281
7191 4 2 1 1 2068 2111 1306 2168
7192 4 2 1 1 1741 392 407 431
7193 4 2 1 1 234 312 235 1791
7194 4 2 1 1 566 1923 1592 2039
7195 4 2 1 1 1242 1928 1619 2142
7196 4 2 1 1 974 1675 466 2287
7197 4 2 1 1 1391 2207 1791 2301
7198 4 2 1 1 867 1769 336 1644
7199 4 2 1 1 368 187 186 1654
7200 4 2 1 1 1391 2301 2027 2308
7201 4 2 1 1 1027 1087 1743 31
7202 4 2 1 1 1225 1698 1452 1887
7203 4 2 1 1 69 2331 2134 2402
7204 4 2 1 1 202 154 1942 1943
7205 4 2 1 1 1102 938 566 1923
7206 4 2 1 1 15 1743 16 2077
7207 4 2 1 1 566 1592 1137 2039
7208 4 2 1 1 1154 1863 1655 1470
7209 4 2 1 1 1184 1645 1816 2014
7210 4 2 1 1 737 1752 738 1786
7211 4 2 1 1 21 2095 1555 2267
7212 4 2 1 1 1302 1475 1979 2360
7213 4 2 1 1 2043 2082 1546 2136
7214 4 2 1 1 811 1133 810 1628
7215 4 2 1 1 777 1809 264 2275
7216 4 2 1 1 2177 2086 1457 1313
7217 4 2 1 1 1338 1815 1609 1268
7218 4 2 1 1 1192 1495 1665 2071
7219 4 2 1 1 2400 2197 1735 1191
7220 4 2 1 1 1543 1730 1277 2214
7221 4 2 1 1 1125 961 609 1845
7222 4 2 1 1 342 1487 166 2419
7223 4 2 1 1 511 910 1677 1916
7224 4 2 1 1 67 764 722 2174
7225 4 2 1 1 839 466 974 1675
7226 4 2 1 1 1522 2217 1999 2319
7227 4 2 1 1 1335 1817 2025 2080
7228 4 2 1 1 2420 1236 1839 2046
7229 4 2 1 1 1515 2411 2222 1223
7230 4 2 1 1 187 1981 1654 2220
7231 4 2 1 1 1396 1650 1436 2159
7232 4 2 1 1 644 454 846 1822
7233 4 2 1 1 118 817 116 1920
7234 4 2 1 1 1625 1383 1192 2250
7235 4 2 1 1 1353 1796 1587 2189
7236 4 2 1 1 50 1859 1431 2176
7237 4 2 1 1 352 993 1770 2401
7238 4 2 1 1 781 1996 1512 1062
7239 4 2 1 1 1422 1872 1359 2200
7240 4 2 1 1 665 666 1111 1881
7241 4 2 1 1 1332 1756 1509 2258
7242 4 2 1 1 1405 2093 1926 2228
7243 4 2 1 1 1199 1561 2280 1769
7244 4 2 1 1 1522 2217 1511 2384
7245 4 2 1 1 5 6 729 1839
7246 4 2 1 1 1247 1471 1929 2009
7247 4 2 1 1 2328 1747 2160 1413
7248 4 2 1 1 1248 1777 2302 2312
7249 4 2 1 1 1462 2171 1584 2315
7250 4 2 1 1 1380 1533 2120 2169
7251 4 2 1 1 1543 1594 1181 2020
7252 4 2 1 1 1540 2121 1613 2237
7253 4 2 1 1 12 45 2128 2253
7254 4 2 1 1 225 224 223 1535
7255 4 2 1 1 997 350 1042 1578
7256 4 2 1 1 1741 407 392 1368
7257 4 2 1 1 2133 2172 1277 2214
7258 4 2 1 1 1676 2107 1778 2279
7259 4 2 1 1 1713 475 472 474
7260 4 2 1 1 1340 1638 1760 2387
7261 4 2 1 1 1557 1428 2333 2104
7262 4 2 1 1 2120 2131 1177 2318
7263 4 2 1 1 1613 1733 1221 1246
7264 4 2 1 1 1432 1798 1326 2033
7265 4 2 1 1 1203 2086 1654 2156
7266 4 2 1 1 703 944 526 2061
7267 4 2 1 1 1966 2038 1772 2116
7268 4 2 1 1 1343 1894 1502 2327
7269 4 2 1 1 133 410 897 1913
7270 4 2 1 1 2413 1186 1704 1353
7271 4 2 1 1 2384 1795 1234 1511
7272 4 2 1 1 802 1590 607 1499
7273 4 2 1 1 880 2176 1005 2390
7274 4 2 1 1 1241 1730 1543 2214
7275 4 2 1 1 571 1009 2127 2367
7276 4 2 1 1 1226 1551 2021 2367
7277 4 2 1 1 1559 1882 1077 2313
7278 4 2 1 1 752 754 1024 2244
7279 4 2 1 1 1520 1901 485 2294
7280 4 2 1 1 1347 1662 1568 2057
7281 4 2 1 1 982 1118 616 1722
7282 4 2 1 1 1555 2257 21 2267
7283 4 2 1 1 410 1733 897 1913
7284 4 2 1 1 192 191 158 2242
7285 4 2 1 1 1162 2145 1674 2163
7286 4 2 1 1 671 556 1039 2336
7287 4 2 1 1 1289 1881 1442 2246
7288 4 2 1 1 674 455 961 1782
7289 4 2 1 1 195 197 1597 2132
7290 4 2 1 1 220 826 217 1547
7291 4 2 1 1 1220 1996 1612 2083
7292 4 2 1 1 912 1861 955 2159
7293 4 2 1 1 554 1854 592 2009
7294 4 2 1 1 1252 1545 1783 1384
7295 4 2 1 1 1639 1745 1292 2304
7296 4 2 1 1 1291 1892 1781 2164
7297 4 2 1 1 1974 651 649 1099
7298 4 2 1 1 601 1472 151 2238
7299 4 2 1 1 768 72 541 2134
7300 4 2 1 1 1410 2115 591 2354
7301 4 2 1 1 407 863 950 1775
7302 4 2 1 1 2299 1962 472 1713
7303 4 2 1 1 1235 1689 1897 2300
7304 4 2 1 1 1590 1920 1461 1182
7305 4 2 1 1 1411 1696 2035 1726
7306 4 2 1 1 362 386 390 2216
7307 4 2 1 1 1772 1966 1341 2038
7308 4 2 1 1 1302 1877 1818 2152
7309 4 2 1 1 664 667 582 2389
7310 4 2 1 1 288 289 370 1982
7311 4 2 1 1 1634 1858 1195 2173
7312 4 2 1 1 1744 1951 1345 2079
7313 4 2 1 1 126 128 127 1606
7314 4 2 1 1 1534 2088 1298 129
7315 4 2 1 1 1066 1761 411 2132
7316 4 2 1 1 2384 1234 1795 2196
7317 4 2 1 1 1339 1876 2049 2411
7318 4 2 1 1 1193 1966 1705 2379
7319 4 2 1 1 1431 2046 2034 2420
7320 4 2 1 1 702 391 714 2208
7321 4 2 1 1 1258 1711 1964 2182
7322 4 2 1 1 1147 1925 1890 2414
7323 4 2 1 1 1838 1945 1239 1947
7324 4 2 1 1 1151 1802 1469 1918
7325 4 2 1 1 1292 1745 1738 2304
7326 4 2 1 1 42 1020 730 1563
7327 4 2 1 1 489 1520 485 2294
7328 4 2 1 1 1250 1484 1801 1495
7329 4 2 1 1 691 995 561 1541
7330 4 2 1 1 2110 530 1666 528
7331 4 2 1 1 1876 1936 719 2161
7332 4 2 1 1 1536 1205 1694 2365
7333 4 2 1 1 1302 1659 1877 2120
7334 4 2 1 1 2034 2233 2046 1431
7335 4 2 1 1 1080 2138 1474 2356
7336 4 2 1 1 1462 1185 2171 2315
7337 4 2 1 1 1335 1763 1505 1810
7338 4 2 1 1 1959 2362 1399 2405
7339 4 2 1 1 873 2231 1487 342
7340 4 2 1 1 1151 1738 1802 2338
7341 4 2 1 1 125 626 1050 1700
7342 4 2 1 1 468 2022 1456 2180
7343 4 2 1 1 270 1884 275 2127
7344 4 2 1 1 1162 2292 2145 2393
7345 4 2 1 1 212 1703 893 2186
7346 4 2 1 1 1152 1742 1533 1447
7347 4 2 1 1 1101 681 1440 2363
7348 4 2 1 1 126 886 1606 2223
7349 4 2 1 1 1048 578 1708 2147
7350 4 2 1 1 1934 1243 1188 2361
7351 4 2 1 1 1254 2219 1586 2421
7352 4 2 1 1 860 2016 435 2117
7353 4 2 1 1 1280 1914 1467 2297
7354 4 2 1 1 65 2174 1865 2402
7355 4 2 1 1 1408 1457 1589 1145
7356 4 2 1 1 811 810 808 1995
7357 4 2 1 1 1104 1867 700 1461
7358 4 2 1 1 7 1563 1701 1348
7359 4 2 1 1 7 1701 1563 730
7360 4 2 1 1 1216 2229 1615 2374
7361 4 2 1 1 1990 1647 1863 1735
7362 4 2 1 1 1516 1263 1735 2209
7363 4 2 1 1 361 336 867 1769
7364 4 2 1 1 111 1060 109 1540
7365 4 2 1 1 128 127 1606 129
7366 4 2 1 1 1361 1895 1772 1182
7367 4 2 1 1 1657 1745 1217 2272
7368 4 2 1 1 1308 2096 1664 2244
7369 4 2 1 1 848 849 901 2380
7370 4 2 1 1 1540 1766 1285 2121
7371 4 2 1 1 1785 2196 1305 2352
7372 4 2 1 1 1925 2229 1890 2414
7373 4 2 1 1 625 1007 859 2104
7374 4 2 1 1 2060 306 840 308
7375 4 2 1 1 1787 2113 1186 1412
7376 4 2 1 1 893 408 929 1703
7377 4 2 1 1 1538 1314 2002 2131
7378 4 2 1 1 1379 1589 1586 2421
7379 4 2 1 1 2328 1747 1413 2079
7380 4 2 1 1 1820 2094 1431 2233
7381 4 2 1 1 1839 1701 1563 1348
7382 4 2 1 1 313 901 315 1544
7383 4 2 1 1 1202 1631 1773 2107
7384 4 2 1 1 1615 2374 2229 2414
7385 4 2 1 1 1533 1742 1302 1447
7386 4 2 1 1 1191 1647 1564 1735
7387 4 2 1 1 1550 1239 1838 1945
7388 4 2 1 1 1216 1899 2229 2374
7389 4 2 1 1 2014 1468 1816 1184
7390 4 2 1 1 1060 694 409 1540
7391 4 2 1 1 464 465 462 1898
7392 4 2 1 1 1435 1814 1179 2165
7393 4 2 1 1 1793 901 2380 1544
7394 4 2 1 1 1839 1563 1701 730
7395 4 2 1 1 696 717 167 1888
7396 4 2 1 1 138 1605 158 1444
7397 4 2 1 1 1359 1422 1692 2194
7398 4 2 1 1 2261 2269 2106 1198
7399 4 2 1 1 66 64 68 1865
7400 4 2 1 1 1147 1574 2206 2414
7401 4 2 1 1 1555 2095 925 2398
7402 4 2 1 1 960 2336 619 1039
7403 4 2 1 1 1489 1876 1231 1936
7404 4 2 1 1 1375 1643 1969 2326
7405 4 2 1 1 1033 1509 176 2282
7406 4 2 1 1 1147 1508 1750 2206
7407 4 2 1 1 847 1534 127 129
7408 4 2 1 1 1419 1313 1865 2402
7409 4 2 1 1 1933 2140 45 747
7410 4 2 1 1 771 79 770 2396
7411 4 2 1 1 1150 1643 1542 2188
7412 4 2 1 1 536 517 1095 2180
7413 4 2 1 1 1307 2125 1867 2289
7414 4 2 1 1 864 975 841 2075
7415 4 2 1 1 362 390 1952 2216
7416 4 2 1 1 911 1894 954 1502
7417 4 2 1 1 1665 1987 1156 1830
7418 4 2 1 1 954 1894 911 613
7419 4 2 1 1 1435 1261 1748 1814
7420 4 2 1 1 1929 1269 1507 1726
7421 4 2 1 1 1193 1966 1617 2310
7422 4 2 1 1 1749 992 710 2003
7423 4 2 1 1 1227 1427 2008 2155
7424 4 2 1 1 1253 1594 1832 2109
7425 4 2 1 1 1435 1748 1261 1608
7426 4 2 1 1 1278 1727 1465 2029
7427 4 2 1 1 376 315 901 1544
7428 4 2 1 1 859 1007 697 2104
7429 4 2 1 1 1181 1594 1543 2416
7430 4 2 1 1 319 333 324 1644
7431 4 2 1 1 810 808 1995 2357
7432 4 2 1 1 1355 2325 1982 2386
7433 4 2 1 1 247 1374 2204 1892
7434 4 2 1 1 1291 1781 1497 2178
7435 4 2 1 1 1050 1700 626 2287
7436 4 2 1 1 2204 1374 249 1725
7437 4 2 1 1 1251 1938 1564 2081
7438 4 2 1 1 2347 2374 1899 1216
7439 4 2 1 1 1713 475 474 2070
7440 4 2 1 1 1375 1813 1643 2326
7441 4 2 1 1 1469 2118 1937 2304
7442 4 2 1 1 2016 1333 1583 2415
7443 4 2 1 1 387 963 965 2280
7444 4 2 1 1 2299 472 1962 470
7445 4 2 1 1 1159 1930 1530 2062
7446 4 2 1 1 352 104 827 2314
7447 4 2 1 1 1651 1156 1893 1346
7448 4 2 1 1 1590 2038 1283 2116
7449 4 2 1 1 1440 1230 1961 2363
7450 4 2 1 1 1441 949 1981 2396
7451 4 2 1 1 1745 1957 1249 1738
7452 4 2 1 1 1393 1930 1469 2118
7453 4 2 1 1 1308 2096 2244 2348
7454 4 2 1 1 1221 1246 1733 2241
7455 4 2 1 1 1490 1196 1959 2330
7456 4 2 1 1 1169 1926 2093 2228
7457 4 2 1 1 1789 146 194 147
7458 4 2 1 1 858 1604 182 2282
7459 4 2 1 1 1313 1419 1865 2264
7460 4 2 1 1 500 511 910 1677
7461 4 2 1 1 1876 2019 2411 1339
7462 4 2 1 1 2148 2172 2133 2214
7463 4 2 1 1 1196 1689 2087 2330
7464 4 2 1 1 1002 978 772 2236
7465 4 2 1 1 513 512 444 1878
7466 4 2 1 1 1584 2278 1274 2286
7467 4 2 1 1 1893 1156 1651 1812
7468 4 2 1 1 2330 1767 1673 1314
7469 4 2 1 1 456 758 645 2066
7470 4 2 1 1 192 1886 198 2242
7471 4 2 1 1 39 1554 2213 2095
7472 4 2 1 1 1118 1722 982 2218
7473 4 2 1 1 2330 1673 1767 2063
7474 4 2 1 1 1385 2059 1638 1197
7475 4 2 1 1 1196 1490 1689 2330
7476 4 2 1 1 1241 1539 1844 1596
7477 4 2 1 1 1449 1719 1243 2332
7478 4 2 1 1 256 783 791 1989
7479 4 2 1 1 875 592 804 1835
7480 4 2 1 1 1534 125 626 127
7481 4 2 1 1 16 2077 1743 2353
7482 4 2 1 1 362 385 386 1561
7483 4 2 1 1 784 657 660 1996
7484 4 2 1 1 1242 2027 1928 2142
7485 4 2 1 1 1026 786 1129 2037
7486 4 2 1 1 1440 2123 2116 2363
7487 4 2 1 1 1550 1902 1296 2326
7488 4 2 1 1 619 1758 1991 2329
7489 4 2 1 1 1553 1203 1622 2177
7490 4 2 1 1 1713 1962 1403 2377
7491 4 2 1 1 1265 1850 1581 2006
7492 4 2 1 1 1201 1606 2074 2351
7493 4 2 1 1 2106 2147 1524 2281
7494 4 2 1 1 324 1644 333 1386
7495 4 2 1 1 236 1791 235 2207
7496 4 2 1 1 1208 1685 1478 2382
7497 4 2 1 1 492 491 495 1582
7498 4 2 1 1 1164 1873 1928 2362
7499 4 2 1 1 1479 1856 1549 2252
7500 4 2 1 1 1534 125 127 1606
7501 4 2 1 1 1164 1768 1853 1917
7502 4 2 1 1 1397 1463 1946 2400
7503 4 2 1 1 938 488 566 1923
7504 4 2 1 1 1154 1757 1470 1831
7505 4 2 1 1 1147 1687 1574 1890
7506 4 2 1 1 1079 677 676 1656
7507 4 2 1 1 1538 2184 1314 1204
7508 4 2 1 1 2171 2278 1584 2286
7509 4 2 1 1 1000 732 907 1948
7510 4 2 1 1 756 758 1041 2066
7511 4 2 1 1 1417 2096 1290 2298
7512 4 2 1 1 598 1037 969 2030
7513 4 2 1 1 1890 2229 1470 1342
7514 4 2 1 1 1141 1439 1773 2378
7515 4 2 1 1 159 284 1059 1943
7516 4 2 1 1 465 650 649 1974
7517 4 2 1 1 1280 1874 2256 2297
7518 4 2 1 1 626 1534 974 2287
7519 4 2 1 1 1388 2108 2007 2124
7520 4 2 1 1 1280 1467 1914 2144
7521 4 2 1 1 1553 2143 1836 2177
7522 4 2 1 1 1438 1274 2278 2286
7523 4 2 1 1 109 1540 409 2365
7524 4 2 1 1 2360 2388 1571 1310
7525 4 2 1 1 1470 2229 1890 1293
7526 4 2 1 1 1232 1871 2146 2222
7527 4 2 1 1 703 1097 425 2061
7528 4 2 1 1 1227 1504 1806 2015
7529 4 2 1 1 1498 1953 1599 2286
7530 4 2 1 1 1539 1478 2340 1295
7531 4 2 1 1 776 777 264 2275
7532 4 2 1 1 140 158 191 1993
7533 4 2 1 1 1236 1563 1839 2274
7534 4 2 1 1 99 774 190 1716
7535 4 2 1 1 1946 2388 2197 1704
7536 4 2 1 1 1515 2411 1339 2222
7537 4 2 1 1 229 228 227 1765
7538 4 2 1 1 975 633 1608 2112
7539 4 2 1 1 1152 1533 1815 2167
7540 4 2 1 1 1437 1971 1455 2267
7541 4 2 1 1 1184 1680 1846 2150
7542 4 2 1 1 7 8 2153 2187
7543 4 2 1 1 417 1861 912 2159
7544 4 2 1 1 921 860 828 2016
7545 4 2 1 1 1252 1997 1542 2165
7546 4 2 1 1 1032 1675 466 443
7547 4 2 1 1 689 1497 1892 2204
7548 4 2 1 1 1377 1684 2192 2296
7549 4 2 1 1 1139 1796 2002 2189
7550 4 2 1 1 662 1649 661 702
7551 4 2 1 1 1411 1947 1754 1149
7552 4 2 1 1 875 1569 502 2009
7553 4 2 1 1 1047 698 1108 1805
7554 4 2 1 1 1348 1475 1224 1963
7555 4 2 1 1 2034 2046 2233 1236
7556 4 2 1 1 289 1982 1526 2325
7557 4 2 1 1 423 1636 1982 2386
7558 4 2 1 1 52 732 5 1948
7559 4 2 1 1 1544 1746 1242 1954
7560 4 2 1 1 1619 2055 1709 1166
7561 4 2 1 1 24 1978 1560 2265
7562 4 2 1 1 278 277 1642 2230
7563 4 2 1 1 891 213 1091 1872
7564 4 2 1 1 1791 2142 1512 2207
7565 4 2 1 1 1192 1421 2059 2071
7566 4 2 1 1 1193 1487 1697 2394
7567 4 2 1 1 1216 2026 2050 2347
7568 4 2 1 1 1881 2023 1406 2246
7569 4 2 1 1 478 1676 477 2070
7570 4 2 1 1 1542 1997 1507 2165
7571 4 2 1 1 1862 1907 1448 2317
7572 4 2 1 1 721 2253 1131 12
7573 4 2 1 1 928 1935 1579 2358
7574 4 2 1 1 1744 1840 1480 2079
7575 4 2 1 1 1189 1910 1549 2263
7576 4 2 1 1 89 1575 2064 2226
7577 4 2 1 1 1141 2360 1877 2388
7578 4 2 1 1 1619 1709 2055 1955
7579 4 2 1 1 1309 2110 1666 2387
7580 4 2 1 1 1666 2110 1428 2387
7581 4 2 1 1 2254 1645 2191 1340
7582 4 2 1 1 2306 369 1498 820
7583 4 2 1 1 538 464 1898 1936
7584 4 2 1 1 228 935 391 1663
7585 4 2 1 1 157 1466 155 156
7586 4 2 1 1 1388 2007 1669 2124
7587 4 2 1 1 189 84 2122 1856
7588 4 2 1 1 1241 2078 1794 2416
7589 4 2 1 1 1810 1887 1505 1900
7590 4 2 1 1 157 1466 156 1808
7591 4 2 1 1 21 2257 22 2267
7592 4 2 1 1 1271 1763 2163 2423
7593 4 2 1 1 1793 901 1544 376
7594 4 2 1 1 1503 1222 2082 2136
7595 4 2 1 1 537 501 495 1634
7596 4 2 1 1 1350 1838 1494 2184
7597 4 2 1 1 801 1698 1051 2349
7598 4 2 1 1 718 1559 1136 2295
7599 4 2 1 1 1889 1968 1437 2198
7600 4 2 1 1 1990 1647 1735 1564
7601 4 2 1 1 219 1451 209 2119
7602 4 2 1 1 1232 1560 1978 2265
7603 4 2 1 1 874 2011 616 2216
7604 4 2 1 1 1762 1899 1361 1182
7605 4 2 1 1 1342 1899 1762 1182
7606 4 2 1 1 494 567 1778 2199
7607 4 2 1 1 1060 1540 111 2237
7608 4 2 1 1 50 923 701 1431
7609 4 2 1 1 571 570 1096 2367
7610 4 2 1 1 1520 1820 1566 2294
7611 4 2 1 1 1367 2147 2106 2281
7612 4 2 1 1 26 2369 40 2389
7613 4 2 1 1 2068 2111 1881 2246
7614 4 2 1 1 1157 1885 1468 2254
7615 4 2 1 1 1381 1814 1542 2221
7616 4 2 1 1 1467 1886 1265 2242
7617 4 2 1 1 1497 1781 1291 1892
7618 4 2 1 1 995 1867 544 2125
7619 4 2 1 1 43 655 759 2265
7620 4 2 1 1 46 20 21 2095
7621 4 2 1 1 1198 1734 2103 2269
7622 4 2 1 1 1005 968 588 1820
7623 4 2 1 1 1423 2007 2124 1950
7624 4 2 1 1 623 1775 863 1741
7625 4 2 1 1 988 1113 2235 2322
7626 4 2 1 1 931 1414 1063 1064
7627 4 2 1 1 1662 1842 1196 2087
7628 4 2 1 1 1259 1767 1490 1959
7629 4 2 1 1 1463 2002 1796 2189
7630 4 2 1 1 1698 1870 1051 2349
7631 4 2 1 1 1297 1768 1906 2178
7632 4 2 1 1 2229 2374 1899 2414
7633 4 2 1 1 1417 2096 1968 2348
7634 4 2 1 1 2347 2374 1216 2026
7635 4 2 1 1 1672 741 2128 2253
7636 4 2 1 1 1332 1648 1721 2098
7637 4 2 1 1 439 438 758 2066
7638 4 2 1 1 815 1599 1909 2306
7639 4 2 1 1 1337 1809 1547 2093
7640 4 2 1 1 527 1824 690 2001
7641 4 2 1 1 1157 1660 1632 1885
7642 4 2 1 1 1238 1667 1609 1268
7643 4 2 1 1 963 1098 796 1692
7644 4 2 1 1 858 182 1022 2282
7645 4 2 1 1 1025 258 1872 2200
7646 4 2 1 1 1238 1980 1824 2001
7647 4 2 1 1 508 679 509 2162
7648 4 2 1 1 1309 1638 1514 2387
7649 4 2 1 1 2220 368 2307 1654
7650 4 2 1 1 192 287 198 1886
7651 4 2 1 1 1688 1873 1399 1928
7652 4 2 1 1 2080 1810 1900 1143
7653 4 2 1 1 1559 1657 1292 2295
7654 4 2 1 1 1723 2002 1314 2131
7655 4 2 1 1 1207 1686 1832 2297
7656 4 2 1 1 1507 2108 1635 1326
7657 4 2 1 1 1175 1572 2086 2219
7658 4 2 1 1 432 740 1003 1826
7659 4 2 1 1 1141 1877 1704 2388
7660 4 2 1 1 586 2089 1657 2295
7661 4 2 1 1 398 860 435 2117
7662 4 2 1 1 189 2122 84 86
7663 4 2 1 1 1410 1867 1541 2289
7664 4 2 1 1 1145 1645 2008 1340
7665 4 2 1 1 1275 1442 1386 2403
7666 4 2 1 1 38 1672 741 2128
7667 4 2 1 1 842 1758 1697 2271
7668 4 2 1 1 70 73 1653 2134
7669 4 2 1 1 14 746 1933 2128
7670 4 2 1 1 1558 1214 1887 1900
7671 4 2 1 1 757 168 82 1856
7672 4 2 1 1 1417 1968 2096 2298
7673 4 2 1 1 974 626 847 1534
7674 4 2 1 1 827 1107 352 2401
7675 4 2 1 1 2353 1857 2302 1300
7676 4 2 1 1 197 196 195 1597
7677 4 2 1 1 1217 1745 1639 2366
7678 4 2 1 1 921 435 860 2016
7679 4 2 1 1 1771 2149 854 2281
7680 4 2 1 1 1421 1256 2071 2371
7681 4 2 1 1 1507 2053 1542 2165
7682 4 2 1 1 1148 1999 1610 2384
7683 4 2 1 1 1387 2004 1659 1967
7684 4 2 1 1 1334 1806 1504 2015
7685 4 2 1 1 1805 164 1047 772
7686 4 2 1 1 2225 2080 1810 1900
7687 4 2 1 1 83 84 82 1856
7688 4 2 1 1 647 646 715 1904
7689 4 2 1 1 1871 1232 2054 2265
7690 4 2 1 1 219 260 209 1451
7691 4 2 1 1 1585 1984 1504 1318
7692 4 2 1 1 1756 2258 1332 2303
7693 4 2 1 1 1504 1984 1585 1144
7694 4 2 1 1 1256 1645 1655 2150
7695 4 2 1 1 105 106 1694 2314
7696 4 2 1 1 1238 1667 2130 1415
7697 4 2 1 1 1696 1149 1411 1951
7698 4 2 1 1 1484 1250 1801 2227
7699 4 2 1 1 1276 1758 1697 1785
7700 4 2 1 1 928 1579 1074 2358
7701 4 2 1 1 390 956 1111 2216
7702 4 2 1 1 1275 1623 1866 2406
7703 4 2 1 1 61 59 924 2054
7704 4 2 1 1 1981 187 380 2220
7705 4 2 1 1 597 1056 1097 2091
7706 4 2 1 1 1626 2231 852 2415
7707 4 2 1 1 1686 1467 1914 2297
7708 4 2 1 1 417 510 1782 2159
7709 4 2 1 1 1279 1641 1975 2004
7710 4 2 1 1 1249 1721 1648 2098
7711 4 2 1 1 605 1559 1077 718
7712 4 2 1 1 1256 1421 2071 1751
7713 4 2 1 1 1518 1963 1348 2013
7714 4 2 1 1 1330 1480 1754 1951
7715 4 2 1 1 1348 1567 2013 2153
7716 4 2 1 1 424 944 703 2061
7717 4 2 1 1 1375 1529 1521 2326
7718 4 2 1 1 1148 1610 1999 2422
7719 4 2 1 1 566 525 636 1592
7720 4 2 1 1 2372 723 2245 1513
7721 4 2 1 1 560 514 513 2115
7722 4 2 1 1 1139 1568 2057 2409
7723 4 2 1 1 1666 720 530 2139
7724 4 2 1 1 1335 1727 1611 2225
7725 4 2 1 1 1251 1510 1938 2081
7726 4 2 1 1 1538 2002 1314 2184
7727 4 2 1 1 1905 2410 2130 1519
7728 4 2 1 1 1203 1441 1514 2135
7729 4 2 1 1 1233 1753 1535 1358
7730 4 2 1 1 1786 2183 1248 2302
7731 4 2 1 1 1800 353 2022 2262
7732 4 2 1 1 1155 1618 1572 1254
7733 4 2 1 1 1628 1301 1158 2375
7734 4 2 1 1 940 1706 662 2391
7735 4 2 1 1 189 1138 1856 2154
7736 4 2 1 1 1423 2124 1720 1950
7737 4 2 1 1 1452 1887 1505 1763
7738 4 2 1 1 1540 1776 1246 2202
7739 4 2 1 1 1276 2352 2056 1607
7740 4 2 1 1 1607 2196 1370 2350
7741 4 2 1 1 2328 1747 2079 1168
7742 4 2 1 1 1677 2381 519 2390
7743 4 2 1 1 784 1612 1996 2083
7744 4 2 1 1 2130 2410 1905 1401
7745 4 2 1 1 1033 618 1120 1991
7746 4 2 1 1 1104 691 700 1867
7747 4 2 1 1 55 2198 973 1889
7748 4 2 1 1 1280 1596 1158 2297
7749 4 2 1 1 13 12 45 2128
7750 4 2 1 1 1124 688 967 2044
7751 4 2 1 1 1062 657 241 1996
7752 4 2 1 1 1324 1629 1837 2278
7753 4 2 1 1 376 315 1544 2273
7754 4 2 1 1 7 8 42 2153
7755 4 2 1 1 1417 2244 2096 2348
7756 4 2 1 1 374 523 397 2151
7757 4 2 1 1 963 796 965 1692
7758 4 2 1 1 474 476 477 2070
7759 4 2 1 1 1263 1661 1875 1934
7760 4 2 1 1 1594 2374 2026 1615
7761 4 2 1 1 952 1977 769 2143
7762 4 2 1 1 132 130 1613 2121
7763 4 2 1 1 1618 1203 2135 2156
7764 4 2 1 1 1406 2068 1881 2246
7765 4 2 1 1 307 308 306 2060
7766 4 2 1 1 1009 1551 351 2127
7767 4 2 1 1 1515 1871 1339 2019
7768 4 2 1 1 5 1839 37 2420
7769 4 2 1 1 1323 2213 2162 2335
7770 4 2 1 1 1490 1959 1767 2330
7771 4 2 1 1 648 522 647 1630
7772 4 2 1 1 663 507 1110 1811
7773 4 2 1 1 1335 2025 1810 2080
7774 4 2 1 1 2026 2374 1594 1434
7775 4 2 1 1 1868 2224 205 2397
7776 4 2 1 1 1185 2286 2171 2315
7777 4 2 1 1 967 689 1112 2204
7778 4 2 1 1 1478 1208 1983 2028
7779 4 2 1 1 2346 1912 1067 1365
7780 4 2 1 1 409 1540 1766 2365
7781 4 2 1 1 956 616 1118 1722
7782 4 2 1 1 1102 914 548 2085
7783 4 2 1 1 681 2123 1440 2363
7784 4 2 1 1 1084 181 83 1973
7785 4 2 1 1 1705 1652 1193 2379
7786 4 2 1 1 1727 2343 1465 1281
7787 4 2 1 1 1557 2110 1309 2387
7788 4 2 1 1 2346 1067 1912 496
7789 4 2 1 1 348 1924 807 2102
7790 4 2 1 1 1618 2086 1572 2219
7791 4 2 1 1 1079 677 1656 2332
7792 4 2 1 1 608 1616 1034 1960
7793 4 2 1 1 1852 1875 1571 2355
7794 4 2 1 1 1253 1832 1686 2109
7795 4 2 1 1 757 168 1856 2252
7796 4 2 1 1 4 1443 52 5
7797 4 2 1 1 440 921 627 2016
7798 4 2 1 1 480 479 478 1676
7799 4 2 1 1 478 477 476 2070
7800 4 2 1 1 1375 1969 1550 2326
7801 4 2 1 1 1790 1865 1319 2175
7802 4 2 1 1 1760 2056 1660 2333
7803 4 2 1 1 552 594 903 2372
7804 4 2 1 1 1171 1893 1812 1994
7805 4 2 1 1 1327 1934 1750 1481
7806 4 2 1 1 1728 635 656 721
7807 4 2 1 1 188 752 2198 2244
7808 4 2 1 1 917 957 559 2091
7809 4 2 1 1 1462 2067 1185 2315
7810 4 2 1 1 1640 1646 1307 2289
7811 4 2 1 1 2133 2214 1277 2290
7812 4 2 1 1 110 1694 109 108
7813 4 2 1 1 1340 1816 1645 2008
7814 4 2 1 1 1247 1929 1471 2035
7815 4 2 1 1 303 1695 304 1935
7816 4 2 1 1 1089 908 1733 1410
7817 4 2 1 1 1713 2048 1985 2299
7818 4 2 1 1 1219 1530 1847 2024
7819 4 2 1 1 635 1728 2018 2140
7820 4 2 1 1 1505 1887 1810 1763
7821 4 2 1 1 1578 2181 1829 2406
7822 4 2 1 1 961 1125 573 1845
7823 4 2 1 1 1726 2053 1269 1507
7824 4 2 1 1 1392 2129 1759 2425
7825 4 2 1 1 860 614 1532 2117
7826 4 2 1 1 20 46 749 2095
7827 4 2 1 1 540 473 542 1985
7828 4 2 1 1 1386 2248 1275 2403
7829 4 2 1 1 1162 2225 1674 1281
7830 4 2 1 1 1262 1172 1691 1903
7831 4 2 1 1 1540 1246 1776 2237
7832 4 2 1 1 1672 2253 2136 1209
7833 4 2 1 1 945 467 1070 1940
7834 4 2 1 1 1956 1986 1581 2266
7835 4 2 1 1 1235 1325 1897 2318
7836 4 2 1 1 1997 2211 1482 2335
7837 4 2 1 1 672 1708 578 2068
7838 4 2 1 1 2008 2155 1427 1340
7839 4 2 1 1 914 946 845 2039
7840 4 2 1 1 735 16 2077 48
7841 4 2 1 1 349 2005 1499 2363
7842 4 2 1 1 1412 1849 1510 2099
7843 4 2 1 1 790 1693 139 2412
7844 4 2 1 1 1495 1990 1665 2071
7845 4 2 1 1 1753 2385 1535 1358
7846 4 2 1 1 116 300 114 1461
7847 4 2 1 1 690 944 904 1824
7848 4 2 1 1 290 810 1133 1628
7849 4 2 1 1 423 1982 372 2386
7850 4 2 1 1 636 937 1116 2065
7851 4 2 1 1 1174 1473 1788 2029
7852 4 2 1 1 812 809 810 1909
7853 4 2 1 1 1303 1984 1869 2418
7854 4 2 1 1 253 1663 391 2208
7855 4 2 1 1 110 1694 108 798
7856 4 2 1 1 437 455 674 1782
7857 4 2 1 1 768 432 186 1826
7858 4 2 1 1 1798 2165 1252 2170
7859 4 2 1 1 161 939 165 2271
7860 4 2 1 1 1937 2023 1930 1469
7861 4 2 1 1 2162 2213 1323 2398
7862 4 2 1 1 1162 1595 2292 2393
7863 4 2 1 1 1248 1437 1968 2312
7864 4 2 1 1 823 205 2224 2397
7865 4 2 1 1 1896 26 744 27
7866 4 2 1 1 1488 1947 1673 1204
7867 4 2 1 1 44 7 1701 2187
7868 4 2 1 1 2045 2015 1227 1806
7869 4 2 1 1 145 147 146 1789
7870 4 2 1 1 1382 1836 1653 2177
7871 4 2 1 1 1142 1372 1718 2193
7872 4 2 1 1 1609 1815 1338 2061
7873 4 2 1 1 669 670 1123 1496
7874 4 2 1 1 161 157 156 1808
7875 4 2 1 1 2011 2089 389 2295
7876 4 2 1 1 35 735 17 2353
7877 4 2 1 1 26 40 1023 2389
7878 4 2 1 1 1463 1397 2148 2400
7879 4 2 1 1 1778 2199 2046 2233
7880 4 2 1 1 1252 1545 1384 2335
7881 4 2 1 1 1571 1875 1153 1972
7882 4 2 1 1 1759 2129 1394 2425
7883 4 2 1 1 1148 1915 1445 2422
7884 4 2 1 1 544 817 121 1867
7885 4 2 1 1 177 176 360 1509
7886 4 2 1 1 1841 1954 1512 2285
7887 4 2 1 1 1275 1386 1644 2248
7888 4 2 1 1 2136 1743 1503 1222
7889 4 2 1 1 985 311 1053 2065
7890 4 2 1 1 1042 1578 350 2403
7891 4 2 1 1 589 1566 588 1820
7892 4 2 1 1 1219 1847 1450 2024
7893 4 2 1 1 1915 2050 1465 2347
7894 4 2 1 1 532 669 1496 2075
7895 4 2 1 1 1736 1848 1404 1192
7896 4 2 1 1 25 24 1560 2265
7897 4 2 1 1 1577 1715 1253 2374
7898 4 2 1 1 1330 1754 1480 1493
7899 4 2 1 1 685 1027 574 2334
7900 4 2 1 1 635 1728 2140 1131
7901 4 2 1 1 1251 1787 1849 2113
7902 4 2 1 1 1146 2028 1941 2315
7903 4 2 1 1 490 497 498 2012
7904 4 2 1 1 899 1759 779 2425
7905 4 2 1 1 1240 1919 1624 1929
7906 4 2 1 1 1141 1631 1773 2099
7907 4 2 1 1 1185 2315 2067 1295
7908 4 2 1 1 38 979 741 1672
7909 4 2 1 1 2306 369 815 1599
7910 4 2 1 1 1671 1772 1361 1895
7911 4 2 1 1 946 1923 566 2039
7912 4 2 1 1 1542 1239 1921 2188
7913 4 2 1 1 1578 1911 1218 2392
7914 4 2 1 1 1609 1824 1815 2061
7915 4 2 1 1 1318 1984 1740 2399
7916 4 2 1 1 1935 1294 1951 1579
7917 4 2 1 1 1336 1699 1883 2247
7918 4 2 1 1 1471 1854 1247 2035
7919 4 2 1 1 706 181 1084 1973
7920 4 2 1 1 202 154 838 1942
7921 4 2 1 1 744 1896 1515 2369
7922 4 2 1 1 1371 2182 1741 2340
7923 4 2 1 1 247 249 250 2204
7924 4 2 1 1 613 606 638 1894
7925 4 2 1 1 449 580 579 2068
7926 4 2 1 1 1637 1833 1409 2255
7927 4 2 1 1 1689 1941 1316 2405
7928 4 2 1 1 945 601 884 1940
7929 4 2 1 1 1153 1691 1565 1958
7930 4 2 1 1 576 1027 1087 1860
7931 4 2 1 1 2101 2054 2320 1232
7932 4 2 1 1 1568 1724 1347 2057
7933 4 2 1 1 1321 1680 1908 2014
7934 4 2 1 1 1259 1928 1450 1142
7935 4 2 1 1 1383 1848 1736 1192
7936 4 2 1 1 1798 366 345 2170
7937 4 2 1 1 437 559 416 1601
7938 4 2 1 1 475 476 474 2070
7939 4 2 1 1 1890 2229 1342 2414
7940 4 2 1 1 1577 1850 1715 2241
7941 4 2 1 1 1010 21 925 1555
7942 4 2 1 1 887 347 855 1799
7943 4 2 1 1 1549 2210 1492 2263
7944 4 2 1 1 278 2037 787 2230
7945 4 2 1 1 1588 1869 1424 2103
7946 4 2 1 1 544 1867 121 2125
7947 4 2 1 1 1946 1972 1397 2197
7948 4 2 1 1 1578 2168 1911 2392
7949 4 2 1 1 1219 1847 1530 1275
7950 4 2 1 1 1145 2113 1589 1408
7951 4 2 1 1 2372 723 1513 551
7952 4 2 1 1 1865 1313 2331 2402
7953 4 2 1 1 1932 2105 1273 2366
7954 4 2 1 1 1655 1863 1293 1470
7955 4 2 1 1 1104 817 544 1867
7956 4 2 1 1 937 767 590 1962
7957 4 2 1 1 1405 2186 1703 2228
7958 4 2 1 1 1937 1930 2023 1289
7959 4 2 1 1 960 1756 360 1991
7960 4 2 1 1 1961 427 565 987
7961 4 2 1 1 1323 2211 1643 2335
7962 4 2 1 1 314 1954 315 2285
7963 4 2 1 1 1381 2082 1857 1261
7964 4 2 1 1 1462 1277 1730 2234
7965 4 2 1 1 1146 1730 1941 2290
7966 4 2 1 1 722 2174 1593 2243
7967 4 2 1 1 1468 1885 1816 2254
7968 4 2 1 1 2047 2133 1380 2152
7969 4 2 1 1 1697 2271 1276 2394
7970 4 2 1 1 383 608 1960 2325
7971 4 2 1 1 1163 1577 1715 2241
7972 4 2 1 1 363 2293 699 1103
7973 4 2 1 1 1572 2086 1290 2232
7974 4 2 1 1 805 815 1599 2102
7975 4 2 1 1 494 568 567 2199
7976 4 2 1 1 1632 1885 1318 2195
7977 4 2 1 1 1625 2064 1228 2226
7978 4 2 1 1 1017 721 11 1728
7979 4 2 1 1 2405 2040 2362 1399
7980 4 2 1 1 1186 1589 2113 1408
7981 4 2 1 1 282 597 1609 2091
7982 4 2 1 1 1162 2292 1595 2343
7983 4 2 1 1 254 250 252 1725
7984 4 2 1 1 575 1783 1075 2334
7985 4 2 1 1 1391 1803 2301 2308
7986 4 2 1 1 1550 1969 1902 2326
7987 4 2 1 1 1332 1795 2100 2260
7988 4 2 1 1 1674 1361 1407 1281
7989 4 2 1 1 896 199 207 2137
7990 4 2 1 1 1638 2191 1421 1340
7991 4 2 1 1 105 106 107 1694
7992 4 2 1 1 1745 2304 1639 2366
7993 4 2 1 1 1215 1593 1985 2048
7994 4 2 1 1 154 159 153 1943
7995 4 2 1 1 221 245 223 2114
7996 4 2 1 1 1974 650 651 2019
7997 4 2 1 1 1327 1956 1581 2266
7998 4 2 1 1 1157 1468 1992 2254
7999 4 2 1 1 428 1783 575 2334
8000 4 2 1 1 1424 2103 1734 2269
8001 4 2 1 1 1805 2139 1309 2236
8002 4 2 1 1 1422 795 1692 2280
8003 4 2 1 1 152 144 2052 2259
8004 4 2 1 1 1102 566 946 1923
8005 4 2 1 1 1227 1885 1504 2417
8006 4 2 1 1 210 278 277 1642
8007 4 2 1 1 1521 1529 1296 2326
8008 4 2 1 1 1168 1754 1480 1951
8009 4 2 1 1 1568 1794 1360 2087
8010 4 2 1 1 1800 353 2262 293
8011 4 2 1 1 1544 1793 1219 2032
8012 4 2 1 1 33 1 731 2218
8013 4 2 1 1 1622 2177 1457 2296
8014 4 2 1 1 1342 2017 1640 1182
8015 4 2 1 1 142 1548 95 845
8016 4 2 1 1 1522 1999 1278 2319
8017 4 2 1 1 1366 2256 1874 2297
8018 4 2 1 1 1586 2219 1254 2239
8019 4 2 1 1 1463 2189 1796 2413
8020 4 2 1 1 1220 1690 1891 2164
8021 4 2 1 1 1127 1417 1024 2307
8022 4 2 1 1 561 1410 1541 2115
8023 4 2 1 1 1 2218 33 2356
8024 4 2 1 1 1252 1384 1643 2335
8025 4 2 1 1 1221 1733 1613 1913
8026 4 2 1 1 285 2144 1045 248
8027 4 2 1 1 1304 1801 1536 2314
8028 4 2 1 1 1820 2199 1356 2233
8029 4 2 1 1 60 188 2198 2210
8030 4 2 1 1 398 1627 2231 343
8031 4 2 1 1 1330 1744 1480 1951
8032 4 2 1 1 2050 2057 1724 2212
8033 4 2 1 1 2328 1747 1168 2160
8034 4 2 1 1 897 824 1605 2354
8035 4 2 1 1 1245 2324 2138 2356
8036 4 2 1 1 1062 1996 1512 1344
8037 4 2 1 1 1148 1465 1915 2422
8038 4 2 1 1 1196 1490 1959 2405
8039 4 2 1 1 2405 2362 2040 1316
8040 4 2 1 1 303 1935 928 2358
8041 4 2 1 1 1123 532 669 1496
8042 4 2 1 1 1485 1588 1144 2269
8043 4 2 1 1 775 488 938 1923
8044 4 2 1 1 1088 1753 872 2385
8045 4 2 1 1 961 573 425 1668
8046 4 2 1 1 582 667 672 2389
8047 4 2 1 1 833 311 91 2065
8048 4 2 1 1 1318 1885 1468 2195
8049 4 2 1 1 83 181 85 1483
8050 4 2 1 1 1220 1825 1690 2164
8051 4 2 1 1 1462 1584 1730 2315
8052 4 2 1 1 188 2198 1774 2244
8053 4 2 1 1 1328 1597 1868 2163
8054 4 2 1 1 1433 1292 2011 2313
8055 4 2 1 1 1262 1904 1630 1960
8056 4 2 1 1 1223 1974 2019 2411
8057 4 2 1 1 1240 1598 2033 1326
8058 4 2 1 1 1154 1863 1495 1751
8059 4 2 1 1 1320 2241 1410 2395
8060 4 2 1 1 1419 1977 1653 2402
8061 4 2 1 1 1873 1928 1688 2027
8062 4 2 1 1 2333 1317 1760 2056
8063 4 2 1 1 951 1667 1415 280
8064 4 2 1 1 1238 1980 2058 2167
8065 4 2 1 1 1226 2021 1834 2367
8066 4 2 1 1 107 105 1694 2365
8067 4 2 1 1 795 965 1692 2280
8068 4 2 1 1 528 1001 530 1666
8069 4 2 1 1 97 845 95 1548
8070 4 2 1 1 233 231 234 1791
8071 4 2 1 1 540 471 473 2299
8072 4 2 1 1 1116 833 636 2065
8073 4 2 1 1 757 1479 1138 645
8074 4 2 1 1 1668 1224 1845 1948
8075 4 2 1 1 1363 2057 1139 1662
8076 4 2 1 1 1184 1645 2014 2150
8077 4 2 1 1 70 72 73 2134
8078 4 2 1 1 1657 1761 1217 1872
8079 4 2 1 1 849 948 901 2380
8080 4 2 1 1 737 738 736 1786
8081 4 2 1 1 771 1553 79 2396
8082 4 2 1 1 640 1974 1021 2138
8083 4 2 1 1 1105 774 1064 1716
8084 4 2 1 1 1637 2028 1208 2255
8085 4 2 1 1 1016 843 565 2073
8086 4 2 1 1 1469 1802 1212 2370
8087 4 2 1 1 764 915 722 1593
8088 4 2 1 1 1260 2177 1622 2296
8089 4 2 1 1 1303 2097 1918 2338
8090 4 2 1 1 1798 345 366 603
8091 4 2 1 1 1243 1875 1852 2355
8092 4 2 1 1 1494 2184 1838 2337
8093 4 2 1 1 384 563 427 2329
8094 4 2 1 1 398 1627 343 399
8095 4 2 1 1 1425 1681 1585 1788
8096 4 2 1 1 867 963 387 1769
8097 4 2 1 1 1146 1730 1584 2315
8098 4 2 1 1 1259 1709 1955 2376
8099 4 2 1 1 1741 2182 2126 2340
8100 4 2 1 1 1231 1876 1483 2161
8101 4 2 1 1 287 788 198 1886
8102 4 2 1 1 1325 2169 1907 2317
8103 4 2 1 1 1462 1730 1584 2234
8104 4 2 1 1 1179 1608 1748 1435
8105 4 2 1 1 1214 1675 1878 2151
8106 4 2 1 1 1285 2090 1687 2173
8107 4 2 1 1 1598 1240 2033 2424
8108 4 2 1 1 1356 2199 1778 2233
8109 4 2 1 1 1825 2027 1391 2142
8110 4 2 1 1 85 87 2122 2161
8111 4 2 1 1 1314 1767 1488 2337
8112 4 2 1 1 1265 1993 1940 2242
8113 4 2 1 1 1296 1902 1550 1140
8114 4 2 1 1 1095 1031 777 1809
8115 4 2 1 1 1591 1217 1761 1872
8116 4 2 1 1 1534 1700 1201 2141
8117 4 2 1 1 1171 2094 1571 2355
8118 4 2 1 1 957 840 559 2277
8119 4 2 1 1 1551 1324 1837 1862
8120 4 2 1 1 1444 1188 2006 2284
8121 4 2 1 1 1474 2138 2324 2356
8122 4 2 1 1 1760 2191 1340 2254
8123 4 2 1 1 163 166 873 2341
8124 4 2 1 1 475 488 476 2070
8125 4 2 1 1 1796 2002 1538 2184
8126 4 2 1 1 974 466 1073 2287
8127 4 2 1 1 1777 1857 1300 2302
8128 4 2 1 1 1331 1680 1846 2212
8129 4 2 1 1 297 1057 716 1904
8130 4 2 1 1 840 1601 559 2277
8131 4 2 1 1 1275 1866 1578 2406
8132 4 2 1 1 1179 1608 1435 1843
8133 4 2 1 1 999 684 683 1707
8134 4 2 1 1 538 539 464 1936
8135 4 2 1 1 131 1970 1613 2237
8136 4 2 1 1 1136 420 2295 2313
8137 4 2 1 1 528 459 529 2110
8138 4 2 1 1 1316 2362 1917 2405
8139 4 2 1 1 2283 2013 1537 1165
8140 4 2 1 1 796 795 965 1692
8141 4 2 1 1 1217 1639 2344 2366
8142 4 2 1 1 1569 1835 1247 2009
8143 4 2 1 1 1165 1963 1447 2283
8144 4 2 1 1 1488 1838 1239 1947
8145 4 2 1 1 1470 1757 1205 2240
8146 4 2 1 1 1715 1850 1320 2241
8147 4 2 1 1 1312 2057 2050 2212
8148 4 2 1 1 1308 1774 1549 2263
8149 4 2 1 1 1778 1356 479 494
8150 4 2 1 1 106 352 932 2314
8151 4 2 1 1 55 973 2198 751
8152 4 2 1 1 2306 369 820 964
8153 4 2 1 1 1151 2304 1745 2366
8154 4 2 1 1 1701 1845 1224 1948
8155 4 2 1 1 1778 479 1356 1676
8156 4 2 1 1 1259 1450 1939 1142
8157 4 2 1 1 1051 801 1013 1698
8158 4 2 1 1 2122 189 984 86
8159 4 2 1 1 839 299 381 2224
8160 4 2 1 1 1875 1994 1571 2355
8161 4 2 1 1 1170 1497 1781 2178
8162 4 2 1 1 595 2021 593 2245
8163 4 2 1 1 1664 2096 1417 2244
8164 4 2 1 1 910 711 1117 1916
8165 4 2 1 1 1247 1854 1471 2009
8166 4 2 1 1 1656 1661 1373 1243
8167 4 2 1 1 1703 214 216 1359
8168 4 2 1 1 1314 1842 1767 2337
8169 4 2 1 1 1331 1680 2212 2409
8170 4 2 1 1 332 1919 331 2033
8171 4 2 1 1 242 1612 784 2083
8172 4 2 1 1 1239 1542 2053 2221
8173 4 2 1 1 1703 216 214 215
8174 4 2 1 1 562 1710 972 2115
8175 4 2 1 1 1985 2048 1593 2299
8176 4 2 1 1 1179 1929 1726 2035
8177 4 2 1 1 1238 1815 1609 1824
8178 4 2 1 1 722 1593 915 2243
8179 4 2 1 1 120 121 118 2201
8180 4 2 1 1 1335 1505 1763 2423
8181 4 2 1 1 1652 1760 1626 1317
8182 4 2 1 1 91 311 89 1575
8183 4 2 1 1 1310 1893 2197 2388
8184 4 2 1 1 1544 1793 376 2273
8185 4 2 1 1 1168 2160 1477 2328
8186 4 2 1 1 428 1435 367 1783
8187 4 2 1 1 1478 1983 1208 2382
8188 4 2 1 1 1367 1978 1560 2147
8189 4 2 1 1 1391 2027 1825 2308
8190 4 2 1 1 688 687 689 1497
8191 4 2 1 1 1265 2006 1581 2284
8192 4 2 1 1 1349 1831 1470 2240
8193 4 2 1 1 92 2226 1625 2250
8194 4 2 1 1 1157 1885 1632 2195
8195 4 2 1 1 388 2280 797 2089
8196 4 2 1 1 1666 530 720 1001
8197 4 2 1 1 1339 2146 1871 2222
8198 4 2 1 1 1626 1760 1652 1197
8199 4 2 1 1 733 58 971 1567
8200 4 2 1 1 837 571 1009 2127
8201 4 2 1 1 889 268 270 1953
8202 4 2 1 1 268 267 269 1953
8203 4 2 1 1 2336 960 556 1039
8204 4 2 1 1 1888 2122 1287 2154
8205 4 2 1 1 124 546 126 2223
8206 4 2 1 1 1704 1564 1251 1346
8207 4 2 1 1 1554 2095 1323 2213
8208 4 2 1 1 941 1911 602 2168
8209 4 2 1 1 1499 2005 1230 2363
8210 4 2 1 1 1195 2173 1661 2209
8211 4 2 1 1 1453 1247 1891 1726
8212 4 2 1 1 1387 1946 1463 2413
8213 4 2 1 1 1219 1450 1847 2364
8214 4 2 1 1 1189 2146 1580 2263
8215 4 2 1 1 251 246 990 2083
8216 4 2 1 1 1292 1738 1559 2313
8217 4 2 1 1 460 2110 530 2139
8218 4 2 1 1 1249 1957 1595 2098
8219 4 2 1 1 1676 1755 775 478
8220 4 2 1 1 1553 1260 2143 2177
8221 4 2 1 1 189 1138 757 1856
8222 4 2 1 1 1743 16 962 31
8223 4 2 1 1 28 1080 1021 1474
8224 4 2 1 1 1163 1577 1899 2374
8225 4 2 1 1 500 498 511 2012
8226 4 2 1 1 1676 775 1755 1400
8227 4 2 1 1 585 1048 728 2147
8228 4 2 1 1 1103 2293 2112 2358
8229 4 2 1 1 1141 1439 2360 2388
8230 4 2 1 1 2228 1225 1405 1679
8231 4 2 1 1 1070 1940 467 2137
8232 4 2 1 1 326 329 1598 2270
8233 4 2 1 1 1864 1967 2283 1447
8234 4 2 1 1 1616 1960 608 2325
8235 4 2 1 1 1536 1801 1250 2227
8236 4 2 1 1 1724 2057 1568 2409
8237 4 2 1 1 1159 1855 2042 2205
8238 4 2 1 1 885 831 162 1731
8239 4 2 1 1 1624 1929 1471 2009
8240 4 2 1 1 1153 1571 1852 1875
8241 4 2 1 1 899 779 1759 989
8242 4 2 1 1 1249 1595 1957 2031
8243 4 2 1 1 1302 1967 1659 1447
8244 4 2 1 1 1371 1775 1741 2182
8245 4 2 1 1 1303 1918 1681 2418
8246 4 2 1 1 1267 1614 1729 2040
8247 4 2 1 1 986 1779 943 2005
8248 4 2 1 1 288 1526 1948 2342
8249 4 2 1 1 1291 1906 1768 2178
8250 4 2 1 1 1159 1855 1734 2042
8251 4 2 1 1 1167 1828 2100 2260
8252 4 2 1 1 1151 1473 1918 1932
8253 4 2 1 1 1307 2125 1700 2201
8254 4 2 1 1 1409 1833 1637 2317
8255 4 2 1 1 1263 2197 1735 1481
8256 4 2 1 1 1626 2231 1487 2341
8257 4 2 1 1 589 490 499 1566
8258 4 2 1 1 251 990 1090 2083
8259 4 2 1 1 1214 1878 1678 2151
8260 4 2 1 1 280 272 281 1667
8261 4 2 1 1 1286 1197 1333 1751
8262 4 2 1 1 379 1128 438 1664
8263 4 2 1 1 1827 2114 2051 1337
8264 4 2 1 1 1316 1685 1853 2362
8265 4 2 1 1 1438 2278 2171 2286
8266 4 2 1 1 1233 2051 1552 1358
8267 4 2 1 1 242 239 784 1612
8268 4 2 1 1 304 303 305 1695
8269 4 2 1 1 2311 2011 2089 1561
8270 4 2 1 1 1182 1772 2038 2116
8271 4 2 1 1 1618 2135 1308 2156
8272 4 2 1 1 1321 1227 1806 2045
8273 4 2 1 1 1204 1864 1641 1754
8274 4 2 1 1 1231 2161 1483 2251
8275 4 2 1 1 404 469 1977 599
8276 4 2 1 1 1248 1437 2312 2183
8277 4 2 1 1 1692 794 795 2200
8278 4 2 1 1 1656 1916 1243 2332
8279 4 2 1 1 1294 2035 1854 2293
8280 4 2 1 1 1151 1469 1802 2304
8281 4 2 1 1 440 435 921 2016
8282 4 2 1 1 1298 2088 1789 2259
8283 4 2 1 1 1367 1560 1978 2101
8284 4 2 1 1 1870 2230 1065 2349
8285 4 2 1 1 1712 1887 1284 1456
8286 4 2 1 1 781 1996 1062 241
8287 4 2 1 1 2088 2259 1298 129
8288 4 2 1 1 897 824 158 1605
8289 4 2 1 1 1273 1639 2118 2366
8290 4 2 1 1 1343 1761 1927 2031
8291 4 2 1 1 1164 1928 1917 2362
8292 4 2 1 1 2232 1786 740 1752
8293 4 2 1 1 1463 1796 1387 2413
8294 4 2 1 1 663 1110 617 1882
8295 4 2 1 1 2232 740 1786 1523
8296 4 2 1 1 723 551 905 1513
8297 4 2 1 1 1716 914 612 1105
8298 4 2 1 1 1222 1857 1743 1503
8299 4 2 1 1 241 1996 239 2207
8300 4 2 1 1 1427 1155 2015 1529
8301 4 2 1 1 2054 2210 1971 2320
8302 4 2 1 1 1236 1778 2046 2233
8303 4 2 1 1 1141 1773 1631 2378
8304 4 2 1 1 1217 1927 1761 2031
8305 4 2 1 1 1211 2051 1535 1358
8306 4 2 1 1 276 1884 1600 2288
8307 4 2 1 1 1583 2003 1286 2016
8308 4 2 1 1 1014 1119 1093 1871
8309 4 2 1 1 1339 1871 1515 2222
8310 4 2 1 1 1497 1892 1291 1906
8311 4 2 1 1 244 1906 1803 2383
8312 4 2 1 1 930 1626 555 2084
8313 4 2 1 1 251 1090 1835 2083
8314 4 2 1 1 1720 2124 1282 1950
8315 4 2 1 1 1688 1928 1242 2027
8316 4 2 1 1 413 185 605 2166
8317 4 2 1 1 900 1753 1088 2385
8318 4 2 1 1 645 1138 625 1479
8319 4 2 1 1 1733 1246 1410 2241
8320 4 2 1 1 828 1532 614 2401
8321 4 2 1 1 39 1554 2095 19
8322 4 2 1 1 139 790 137 1693
8323 4 2 1 1 1453 1344 2055 1619
8324 4 2 1 1 734 1431 1859 2420
8325 4 2 1 1 1557 2236 458 2323
8326 4 2 1 1 1431 2199 1820 2233
8327 4 2 1 1 1611 1143 2026 1347
8328 4 2 1 1 2363 681 607 453
8329 4 2 1 1 1253 2020 1594 2109
8330 4 2 1 1 836 953 835 1843
8331 4 2 1 1 1064 1716 774 2227
8332 4 2 1 1 1745 1957 1458 2031
8333 4 2 1 1 384 375 172 1697
8334 4 2 1 1 1328 1868 1597 2397
8335 4 2 1 1 1851 1160 2182 2340
8336 4 2 1 1 1431 2034 1859 2420
8337 4 2 1 1 898 1629 273 263
8338 4 2 1 1 1825 2027 1164 2308
8339 4 2 1 1 1225 1810 1887 1763
8340 4 2 1 1 1155 1618 1308 2096
8341 4 2 1 1 1406 2068 1708 2389
8342 4 2 1 1 1292 1937 1433 2011
8343 4 2 1 1 749 936 748 2183
8344 4 2 1 1 1207 1710 1642 2037
8345 4 2 1 1 1614 1941 1316 1478
8346 4 2 1 1 1310 1972 1946 2197
8347 4 2 1 1 302 306 888 2277
8348 4 2 1 1 535 1741 534 2322
8349 4 2 1 1 951 1667 280 281
8350 4 2 1 1 898 1629 263 1837
8351 4 2 1 1 1684 1849 1377 2081
8352 4 2 1 1 196 1597 1868 2397
8353 4 2 1 1 1278 2105 1957 1458
8354 4 2 1 1 105 104 106 2314
8355 4 2 1 1 817 1867 1104 1461
8356 4 2 1 1 1507 1179 2053 2165
8357 4 2 1 1 1220 2207 1512 2142
8358 4 2 1 1 1957 2105 1278 1473
8359 4 2 1 1 1593 1797 1270 2048
8360 4 2 1 1 730 729 6 1839
8361 4 2 1 1 1438 1953 1274 2286
8362 4 2 1 1 89 2064 90 2226
8363 4 2 1 1 1186 1589 1975 1412
8364 4 2 1 1 648 608 1034 1960
8365 4 2 1 1 1438 1599 1953 2286
8366 4 2 1 1 2350 2336 1756 1370
8367 4 2 1 1 1983 2235 1498 1884
8368 4 2 1 1 1303 2370 1918 2418
8369 4 2 1 1 1350 2184 1538 1204
8370 4 2 1 1 412 450 502 2009
8371 4 2 1 1 1658 2134 541 2331
8372 4 2 1 1 1204 1493 1864 1754
8373 4 2 1 1 569 1820 701 2199
8374 4 2 1 1 252 249 803 1725
8375 4 2 1 1 1290 2156 1664 2220
8376 4 2 1 1 1212 2103 2023 2370
8377 4 2 1 1 2238 2412 141 1444
8378 4 2 1 1 161 165 1808 2271
8379 4 2 1 1 1157 1992 1468 2195
8380 4 2 1 1 1468 1992 1305 2195
8381 4 2 1 1 309 802 115 1590
8382 4 2 1 1 1290 2220 1664 2307
8383 4 2 1 1 1525 1704 1251 2113
8384 4 2 1 1 1785 2350 2196 2352
8385 4 2 1 1 1972 2152 2047 2345
8386 4 2 1 1 50 880 2 2176
8387 4 2 1 1 1343 1761 2031 2272
8388 4 2 1 1 1222 1496 1261 2373
8389 4 2 1 1 313 314 312 1954
8390 4 2 1 1 1532 2016 860 2117
8391 4 2 1 1 1272 1812 1651 1156
8392 4 2 1 1 379 1664 438 2220
8393 4 2 1 1 2012 677 676 511
8394 4 2 1 1 490 1566 589 2294
8395 4 2 1 1 1167 2100 1795 2260
8396 4 2 1 1 814 1909 812 1988
8397 4 2 1 1 790 1373 969 1693
8398 4 2 1 1 1549 1774 1308 2252
8399 4 2 1 1 1 1080 28 1474
8400 4 2 1 1 1389 2100 1828 2260
8401 4 2 1 1 1571 1972 1153 2345
8402 4 2 1 1 414 517 536 2180
8403 4 2 1 1 1280 1874 1527 2256
8404 4 2 1 1 904 423 1636 1982
8405 4 2 1 1 1441 1398 1981 2323
8406 4 2 1 1 1146 1941 1730 2315
8407 4 2 1 1 1279 2004 1975 1412
8408 4 2 1 1 179 830 184 2258
8409 4 2 1 1 1257 2106 1524 2281
8410 4 2 1 1 1168 1480 2079 1951
8411 4 2 1 1 1438 1301 1599 2171
8412 4 2 1 1 132 130 131 1613
8413 4 2 1 1 169 1693 969 2030
8414 4 2 1 1 1155 1880 1459 2015
8415 4 2 1 1 1000 44 1701 1845
8416 4 2 1 1 296 394 846 1822
8417 4 2 1 1 1275 1386 1442 2062
8418 4 2 1 1 1489 2019 1974 2411
8419 4 2 1 1 51 28 27 1804
8420 4 2 1 1 398 359 2231 2415
8421 4 2 1 1 2265 759 24 1978
8422 4 2 1 1 709 1069 1551 2021
8423 4 2 1 1 177 178 171 2258
8424 4 2 1 1 1172 1448 1907 2169
8425 4 2 1 1 616 615 982 1433
8426 4 2 1 1 1187 1660 1910 2333
8427 4 2 1 1 721 2253 12 11
8428 4 2 1 1 1158 1956 1764 1986
8429 4 2 1 1 1310 1972 1571 2345
8430 4 2 1 1 1422 1692 795 2200
8431 4 2 1 1 1263 1875 1661 1994
8432 4 2 1 1 755 1549 168 2252
8433 4 2 1 1 1164 1928 1873 2027
8434 4 2 1 1 1269 1921 2053 2268
8435 4 2 1 1 325 1911 819 2181
8436 4 2 1 1 790 969 169 1693
8437 4 2 1 1 860 614 828 1532
8438 4 2 1 1 864 553 975 2075
8439 4 2 1 1 4 29 52 2342
8440 4 2 1 1 539 1076 719 1936
8441 4 2 1 1 495 2346 491 496
8442 4 2 1 1 997 2111 580 2168
8443 4 2 1 1 781 1996 241 2207
8444 4 2 1 1 819 1911 941 2270
8445 4 2 1 1 56 11 47 1790
8446 4 2 1 1 858 1029 986 1779
8447 4 2 1 1 890 1789 310 2327
8448 4 2 1 1 535 2215 623 1741
8449 4 2 1 1 161 165 163 1808
8450 4 2 1 1 586 401 2089 2295
8451 4 2 1 1 1060 409 109 1540
8452 4 2 1 1 1242 1746 1544 2032
8453 4 2 1 1 2012 2355 1677 2390
8454 4 2 1 1 807 1995 808 2357
8455 4 2 1 1 380 438 439 2220
8456 4 2 1 1 640 465 649 1974
8457 4 2 1 1 1420 1873 1688 2027
8458 4 2 1 1 1774 2198 188 2210
8459 4 2 1 1 1137 566 636 1592
8460 4 2 1 1 1249 1745 1559 2272
8461 4 2 1 1 325 819 326 2181
8462 4 2 1 1 5 729 37 1839
8463 4 2 1 1 1215 1797 1593 2048
8464 4 2 1 1 1157 1468 1885 2195
8465 4 2 1 1 1774 2210 1549 2263
8466 4 2 1 1 1306 2111 1578 2168
8467 4 2 1 1 1183 1384 1643 1969
8468 4 2 1 1 1282 1425 1950 2036
8469 4 2 1 1 1203 1654 1981 2156
8470 4 2 1 1 1066 1115 411 1761
8471 4 2 1 1 1695 1935 303 2358
8472 4 2 1 1 1227 2155 1885 2417
8473 4 2 1 1 1184 1846 1655 2150
8474 4 2 1 1 123 112 1970 2237
8475 4 2 1 1 1286 1801 1532 2016
8476 4 2 1 1 409 692 693 1766
8477 4 2 1 1 1686 2109 1832 2297
8478 4 2 1 1 7 6 44 1701
8479 4 2 1 1 369 805 815 1599
8480 4 2 1 1 1811 1245 2138 2356
8481 4 2 1 1 712 2001 1834 1415
8482 4 2 1 1 1297 1500 1822 2255
8483 4 2 1 1 1734 1855 1159 2023
8484 4 2 1 1 581 879 1881 2111
8485 4 2 1 1 1289 2023 1881 2246
8486 4 2 1 1 1771 1323 1555 2398
8487 4 2 1 1 1668 424 371 425
8488 4 2 1 1 1482 1252 1997 2335
8489 4 2 1 1 1654 2220 1290 2307
8490 4 2 1 1 15 16 48 2077
8491 4 2 1 1 1310 1877 2360 2388
8492 4 2 1 1 1246 1776 2017 2202
8493 4 2 1 1 1349 2017 1776 2202
8494 4 2 1 1 1010 1555 925 2398
8495 4 2 1 1 1430 1926 1711 2025
8496 4 2 1 1 1651 1773 1202 1938
8497 4 2 1 1 520 880 518 2381
8498 4 2 1 1 1523 1786 2232 1300
8499 4 2 1 1 1530 1930 1386 2062
8500 4 2 1 1 1503 1140 2043 2082
8501 4 2 1 1 456 625 457 2104
8502 4 2 1 1 1700 2125 122 2201
8503 4 2 1 1 1695 1345 1935 1951
8504 4 2 1 1 1458 1957 1745 2366
8505 4 2 1 1 765 1658 541 2331
8506 4 2 1 1 1218 1866 1623 2406
8507 4 2 1 1 550 870 868 1644
8508 4 2 1 1 1546 2160 1244 2373
8509 4 2 1 1 1345 1935 1620 2277
8510 4 2 1 1 635 1728 1131 721
8511 4 2 1 1 1375 1529 1720 1334
8512 4 2 1 1 707 1032 512 1878
8513 4 2 1 1 828 1801 1532 2401
8514 4 2 1 1 1379 1586 1739 2421
8515 4 2 1 1 1387 1796 1538 2004
8516 4 2 1 1 1865 2174 1419 2402
8517 4 2 1 1 1290 1654 2156 2220
8518 4 2 1 1 1249 2098 1648 1738
8519 4 2 1 1 1314 2131 1538 1204
8520 4 2 1 1 349 558 2005 2363
8521 4 2 1 1 1100 906 607 2123
8522 4 2 1 1 2184 1204 1838 2337
8523 4 2 1 1 1515 2411 1223 2019
8524 4 2 1 1 567 1109 916 2274
8525 4 2 1 1 176 170 182 2282
8526 4 2 1 1 1838 2184 1350 1204
8527 4 2 1 1 1479 1856 1287 1910
8528 4 2 1 1 1304 1831 1770 2240
8529 4 2 1 1 1005 880 50 2176
8530 4 2 1 1 1331 2189 1463 2400
8531 4 2 1 1 693 135 724 2365
8532 4 2 1 1 1331 1481 1925 2400
8533 4 2 1 1 305 825 1695 2112
8534 4 2 1 1 1276 1731 1758 2350
8535 4 2 1 1 2396 175 782 1981
8536 4 2 1 1 1309 2110 1557 2236
8537 4 2 1 1 173 342 166 2419
8538 4 2 1 1 1416 1985 1713 2048
8539 4 2 1 1 282 917 597 2091
8540 4 2 1 1 1216 2026 1724 2050
8541 4 2 1 1 24 728 25 1560
8542 4 2 1 1 1815 1519 1268 1152
8543 4 2 1 1 2163 1763 1505 2423
8544 4 2 1 1 1234 1991 1758 2329
8545 4 2 1 1 1273 2118 1932 2366
8546 4 2 1 1 1217 2031 1761 2272
8547 4 2 1 1 1232 2101 1560 2261
8548 4 2 1 1 1276 1808 1466 2056
8549 4 2 1 1 1249 1957 2098 1738
8550 4 2 1 1 546 1029 886 2223
8551 4 2 1 1 231 848 234 1746
8552 4 2 1 1 619 564 1758 2329
8553 4 2 1 1 877 276 274 1884
8554 4 2 1 1 2243 30 2305 1567
8555 4 2 1 1 4 29 1859 3
8556 4 2 1 1 1139 2002 1796 2184
8557 4 2 1 1 1188 1444 2006 2361
8558 4 2 1 1 524 1882 615 2313
8559 4 2 1 1 1264 1880 1968 2069
8560 4 2 1 1 1009 351 889 2127
8561 4 2 1 1 382 202 1942 2119
8562 4 2 1 1 969 1693 1373 2030
8563 4 2 1 1 452 457 458 1557
8564 4 2 1 1 433 1879 365 2149
8565 4 2 1 1 1444 1993 2238 2284
8566 4 2 1 1 988 821 2215 2235
8567 4 2 1 1 880 2 2176 2381
8568 4 2 1 1 682 1803 244 1906
8569 4 2 1 1 807 348 895 1924
8570 4 2 1 1 633 445 975 1608
8571 4 2 1 1 1533 1980 1815 2167
8572 4 2 1 1 1450 2024 1939 1142
8573 4 2 1 1 1251 1938 1510 2099
8574 4 2 1 1 618 563 564 2329
8575 4 2 1 1 1255 1942 1472 1943
8576 4 2 1 1 860 504 614 2117
8577 4 2 1 1 1141 2360 1439 2378
8578 4 2 1 1 1135 523 801 2349
8579 4 2 1 1 1440 1961 1418 2073
8580 4 2 1 1 956 665 1111 1722
8581 4 2 1 1 1576 2266 1565 2404
8582 4 2 1 1 238 1019 364 1803
8583 4 2 1 1 1225 1887 1452 1763
8584 4 2 1 1 2082 1261 1501 2373
8585 4 2 1 1 943 1779 1029 2223
8586 4 2 1 1 517 468 628 2180
8587 4 2 1 1 1800 353 293 354
8588 4 2 1 1 33 2218 982 2356
8589 4 2 1 1 1260 1313 1653 2177
8590 4 2 1 1 78 168 755 1549
8591 4 2 1 1 354 866 293 1800
8592 4 2 1 1 449 579 578 2068
8593 4 2 1 1 446 854 2149 2281
8594 4 2 1 1 1276 1758 1731 2271
8595 4 2 1 1 1252 1783 1545 1949
8596 4 2 1 1 1219 2032 1450 2364
8597 4 2 1 1 1407 1201 2074 1671
8598 4 2 1 1 640 1021 639 2138
8599 4 2 1 1 560 591 561 2115
8600 4 2 1 1 1399 1928 1959 1142
8601 4 2 1 1 1577 1342 1899 2414
8602 4 2 1 1 653 744 1515 2369
8603 4 2 1 1 1242 1512 1841 1954
8604 4 2 1 1 1734 2023 1406 2103
8605 4 2 1 1 1302 1979 1475 2368
8606 4 2 1 1 187 175 186 1654
8607 4 2 1 1 1219 1544 1394 2273
8608 4 2 1 1 1083 939 162 1731
8609 4 2 1 1 1657 1217 1761 2272
8610 4 2 1 1 1243 1994 1875 2355
8611 4 2 1 1 1346 1773 1651 1938
8612 4 2 1 1 1244 1728 1506 2140
8613 4 2 1 1 795 258 1025 2200
8614 4 2 1 1 1638 1421 2179 1340
8615 4 2 1 1 1220 1512 2207 1996
8616 4 2 1 1 1299 1815 1824 2061
8617 4 2 1 1 1246 1970 1776 2237
8618 4 2 1 1 1972 2047 2152 1397
8619 4 2 1 1 1248 1968 1889 2298
8620 4 2 1 1 1381 1902 1857 2082
8621 4 2 1 1 2322 2340 2215 1741
8622 4 2 1 1 460 530 577 2139
8623 4 2 1 1 1224 1742 1702 2368
8624 4 2 1 1 48 920 743 2077
8625 4 2 1 1 1222 1857 1503 2082
8626 4 2 1 1 1728 656 2018 2316
8627 4 2 1 1 1746 2032 1358 2380
8628 4 2 1 1 452 1557 458 2323
8629 4 2 1 1 1151 1918 1473 2097
8630 4 2 1 1 451 439 452 2323
8631 4 2 1 1 1649 1706 1288 2391
8632 4 2 1 1 1034 520 522 2381
8633 4 2 1 1 1070 467 896 2137
8634 4 2 1 1 1206 1999 1610 2276
8635 4 2 1 1 1446 1230 2005 2351
8636 4 2 1 1 521 608 648 1960
8637 4 2 1 1 1399 1959 1729 1142
8638 4 2 1 1 1678 2037 1284 2349
8639 4 2 1 1 1898 2100 1389 2303
8640 4 2 1 1 1203 1618 2086 2156
8641 4 2 1 1 2223 881 943 2005
8642 4 2 1 1 920 740 1121 1523
8643 4 2 1 1 510 455 417 1782
8644 4 2 1 1 305 1695 303 2358
8645 4 2 1 1 1162 1927 2163 2423
8646 4 2 1 1 5 732 6 1701
8647 4 2 1 1 1401 1667 2044 2130
8648 4 2 1 1 524 1077 1882 2313
8649 4 2 1 1 382 208 202 2119
8650 4 2 1 1 185 183 663 1648
8651 4 2 1 1 1433 1937 1722 2216
8652 4 2 1 1 685 575 1054 2334
8653 4 2 1 1 1468 2072 1318 2195
8654 4 2 1 1 1305 2072 1468 2195
8655 4 2 1 1 923 734 37 2420
8656 4 2 1 1 220 1821 221 2114
8657 4 2 1 1 1194 1818 2360 1571
8658 4 2 1 1 1241 1998 1614 2078
8659 4 2 1 1 1690 2063 1351 1928
8660 4 2 1 1 102 104 103 1801
8661 4 2 1 1 1154 1655 1863 1751
8662 4 2 1 1 1106 610 632 2159
8663 4 2 1 1 470 2041 1962 2299
8664 4 2 1 1 1071 624 866 2215
8665 4 2 1 1 373 296 1822 2288
8666 4 2 1 1 535 431 534 1741
8667 4 2 1 1 1241 1614 1794 2078
8668 4 2 1 1 502 875 660 1569
8669 4 2 1 1 1483 1876 1231 2049
8670 4 2 1 1 1417 1889 1968 2298
8671 4 2 1 1 943 2005 1779 2223
8672 4 2 1 1 684 1058 232 1707
8673 4 2 1 1 1704 1787 1251 2113
8674 4 2 1 1 1300 1743 1857 1503
8675 4 2 1 1 1470 1205 2202 2240
8676 4 2 1 1 1349 1470 2202 2240
8677 4 2 1 1 85 87 86 2122
8678 4 2 1 1 1506 2136 1546 2373
8679 4 2 1 1 288 52 29 2342
8680 4 2 1 1 303 301 928 1935
8681 4 2 1 1 2 880 1034 2381
8682 4 2 1 1 2243 30 1567 58
8683 4 2 1 1 2187 8 918 745
8684 4 2 1 1 793 1059 711 1916
8685 4 2 1 1 1079 1656 675 2332
8686 4 2 1 1 1470 2017 1349 2202
8687 4 2 1 1 2050 2212 1216 2422
8688 4 2 1 1 1382 1826 1654 2086
8689 4 2 1 1 1440 1283 2116 2123
8690 4 2 1 1 936 55 973 1889
8691 4 2 1 1 1757 1495 1304 2157
8692 4 2 1 1 1519 1905 1170 2130
8693 4 2 1 1 1490 1351 2063 1928
8694 4 2 1 1 1240 1799 1624 1919
8695 4 2 1 1 1583 1333 1626 2415
8696 4 2 1 1 1692 2194 1422 2280
8697 4 2 1 1 1302 1967 1447 2368
8698 4 2 1 1 335 344 1879 2270
8699 4 2 1 1 14 13 746 2128
8700 4 2 1 1 1304 1831 1757 2157
8701 4 2 1 1 535 623 2215 624
8702 4 2 1 1 37 734 4 2420
8703 4 2 1 1 890 310 1789 147
8704 4 2 1 1 535 634 988 2322
8705 4 2 1 1 1459 1189 1910 2417
8706 4 2 1 1 1231 1466 2251 1607
8707 4 2 1 1 1249 1957 1745 2031
8708 4 2 1 1 1160 1711 1964 2040
8709 4 2 1 1 1591 1761 1217 1927
8710 4 2 1 1 1619 1242 1512 1841
8711 4 2 1 1 1177 1562 2120 2318
8712 4 2 1 1 1071 623 624 2215
8713 4 2 1 1 160 1373 545 2412
8714 4 2 1 1 86 155 984 2122
8715 4 2 1 1 1160 1539 1851 1998
8716 4 2 1 1 1899 1646 1361 1182
8717 4 2 1 1 1150 1507 1997 2108
8718 4 2 1 1 635 533 531 2018
8719 4 2 1 1 516 1843 1608 2293
8720 4 2 1 1 2267 59 54 1971
8721 4 2 1 1 1278 2097 1473 1206
8722 4 2 1 1 918 1650 9 2153
8723 4 2 1 1 1544 2032 1746 2380
8724 4 2 1 1 119 1920 117 1499
8725 4 2 1 1 421 420 401 2295
8726 4 2 1 1 1066 890 1004 2327
8727 4 2 1 1 1533 2167 1325 2169
8728 4 2 1 1 1160 1964 1792 2040
8729 4 2 1 1 821 820 1683 2235
8730 4 2 1 1 614 1770 993 2401
8731 4 2 1 1 158 824 192 1605
8732 4 2 1 1 577 698 1047 1805
8733 4 2 1 1 1094 615 1882 2356
8734 4 2 1 1 1255 2266 1576 2407
8735 4 2 1 1 355 1861 356 2060
8736 4 2 1 1 1915 2050 1216 2422
8737 4 2 1 1 591 1410 561 2115
8738 4 2 1 1 114 112 113 1776
8739 4 2 1 1 2322 2340 1741 2126
8740 4 2 1 1 1407 1201 1671 1361
8741 4 2 1 1 1478 1941 1316 2028
8742 4 2 1 1 2177 2086 1313 1382
8743 4 2 1 1 45 1506 1131 2140
8744 4 2 1 1 1605 1733 1221 1913
8745 4 2 1 1 190 1105 914 1716
8746 4 2 1 1 107 108 109 1694
8747 4 2 1 1 238 240 1019 2383
8748 4 2 1 1 1322 1751 1652 2191
8749 4 2 1 1 1974 651 1099 1896
8750 4 2 1 1 1314 2184 1842 2337
8751 4 2 1 1 63 2174 722 2243
8752 4 2 1 1 1301 1995 1628 1158
8753 4 2 1 1 1701 1845 44 2187
8754 4 2 1 1 1599 1301 2357 2375
8755 4 2 1 1 1258 1711 1926 2093
8756 4 2 1 1 449 942 580 2168
8757 4 2 1 1 387 385 1769 2280
8758 4 2 1 1 342 2231 1487 2419
8759 4 2 1 1 518 519 2381 2390
8760 4 2 1 1 1290 1826 1654 2307
8761 4 2 1 1 873 2231 342 852
8762 4 2 1 1 1189 1492 2146 2263
8763 4 2 1 1 1323 2095 1555 2398
8764 4 2 1 1 776 224 778 1827
8765 4 2 1 1 787 786 844 2037
8766 4 2 1 1 2239 2043 1503 1140
8767 4 2 1 1 2265 24 759 43
8768 4 2 1 1 1271 1927 1670 2423
8769 4 2 1 1 68 1672 750 979
8770 4 2 1 1 1080 639 1021 2138
8771 4 2 1 1 480 478 481 1755
8772 4 2 1 1 1274 1500 1884 2127
8773 4 2 1 1 2014 1468 1184 1908
8774 4 2 1 1 1274 1884 1498 1953
8775 4 2 1 1 195 892 197 2132
8776 4 2 1 1 1834 2021 596 2367
8777 4 2 1 1 1191 1564 1346 1735
8778 4 2 1 1 168 645 756 2252
8779 4 2 1 1 91 1575 89 2226
8780 4 2 1 1 1510 1849 1251 2099
8781 4 2 1 1 327 887 1799 2424
8782 4 2 1 1 69 765 541 2331
8783 4 2 1 1 2111 1866 1306 1578
8784 4 2 1 1 294 280 951 1415
8785 4 2 1 1 1644 2248 319 2273
8786 4 2 1 1 2411 1389 1974 1489
8787 4 2 1 1 877 341 276 1600
8788 4 2 1 1 1108 92 90 2226
8789 4 2 1 1 1544 1219 1793 2273
8790 4 2 1 1 1584 1862 1274 2278
8791 4 2 1 1 1002 458 2236 2323
8792 4 2 1 1 1613 2121 130 2237
8793 4 2 1 1 818 152 171 1717
8794 4 2 1 1 1483 1856 1287 2122
8795 4 2 1 1 1171 1571 1893 1994
8796 4 2 1 1 1230 1772 1966 2310
8797 4 2 1 1 760 710 1749 1114
8798 4 2 1 1 195 1597 196 2397
8799 4 2 1 1 617 1040 663 1882
8800 4 2 1 1 798 113 1776 1590
8801 4 2 1 1 440 2016 1583 2415
8802 4 2 1 1 1128 1664 379 2307
8803 4 2 1 1 1349 1770 1831 2240
8804 4 2 1 1 358 365 433 1879
8805 4 2 1 1 148 545 790 2412
8806 4 2 1 1 1654 1826 1290 2086
8807 4 2 1 1 1136 420 421 2295
8808 4 2 1 1 1649 1706 1600 2382
8809 4 2 1 1 1186 2004 1787 1412
8810 4 2 1 1 1579 1696 1213 1891
8811 4 2 1 1 69 541 2134 2331
8812 4 2 1 1 571 1096 709 2367
8813 4 2 1 1 1094 982 615 2356
8814 4 2 1 1 1758 384 564 842
8815 4 2 1 1 416 308 356 2060
8816 4 2 1 1 326 819 329 2270
8817 4 2 1 1 2322 2382 1649 1600
8818 4 2 1 1 714 702 2208 2391
8819 4 2 1 1 1704 1946 1191 2197
8820 4 2 1 1 1171 1571 1994 2355
8821 4 2 1 1 1343 1894 1761 2272
8822 4 2 1 1 85 994 87 2161
8823 4 2 1 1 561 995 514 1541
8824 4 2 1 1 2332 150 2412 160
8825 4 2 1 1 344 358 335 1879
8826 4 2 1 1 1282 1425 2036 1144
8827 4 2 1 1 225 223 900 1535
8828 4 2 1 1 642 1779 986 1961
8829 4 2 1 1 1259 1959 1490 1928
8830 4 2 1 1 1151 1738 1745 2304
8831 4 2 1 1 1628 1369 1914 1158
8832 4 2 1 1 166 172 173 2419
8833 4 2 1 1 569 701 1820 968
8834 4 2 1 1 1063 496 865 2346
8835 4 2 1 1 58 733 30 1567
8836 4 2 1 1 1877 1787 1704 1387
8837 4 2 1 1 421 637 981 1657
8838 4 2 1 1 1475 1518 1236 2378
8839 4 2 1 1 1933 2128 1506 2136
8840 4 2 1 1 2134 2331 1313 2402
8841 4 2 1 1 1648 1721 1249 2166
8842 4 2 1 1 1278 1465 1999 2029
8843 4 2 1 1 1295 2076 1683 2215
8844 4 2 1 1 1859 50 2 2176
8845 4 2 1 1 1591 1271 1927 2321
8846 4 2 1 1 1643 1384 1542 1969
8847 4 2 1 1 1877 1787 1387 1967
8848 4 2 1 1 1447 1165 1702 1963
8849 4 2 1 1 1588 1232 1485 2203
8850 4 2 1 1 1256 1495 1863 1751
8851 4 2 1 1 1095 629 1031 1809
8852 4 2 1 1 570 415 442 1732
8853 4 2 1 1 1270 1510 2185 2377
8854 4 2 1 1 1360 2148 2133 2214
8855 4 2 1 1 1572 1254 1618 2219
8856 4 2 1 1 1652 1992 1322 2254
8857 4 2 1 1 1247 1696 1579 1891
8858 4 2 1 1 806 815 2102 2357
8859 4 2 1 1 574 428 575 2334
8860 4 2 1 1 2223 943 881 546
8861 4 2 1 1 1567 2243 1319 2305
8862 4 2 1 1 184 1756 830 829
8863 4 2 1 1 1972 2047 1397 2404
8864 4 2 1 1 426 1870 861 2262
8865 4 2 1 1 1264 1455 1971 2320
8866 4 2 1 1 625 1138 1007 2154
8867 4 2 1 1 227 882 230 1765
8868 4 2 1 1 2220 368 1654 187
8869 4 2 1 1 486 484 491 1901
8870 4 2 1 1 978 1047 772 1805
8871 4 2 1 1 375 172 1697 2419
8872 4 2 1 1 1673 2131 1314 1204
8873 4 2 1 1 712 1834 294 1415
8874 4 2 1 1 1424 1869 1588 2418
8875 4 2 1 1 1454 2098 1957 1738
8876 4 2 1 1 2045 2015 1806 1529
8877 4 2 1 1 1045 290 248 2144
8878 4 2 1 1 131 1613 130 2237
8879 4 2 1 1 1302 2120 1533 1447
8880 4 2 1 1 555 930 852 1626
8881 4 2 1 1 1409 1897 1833 2317
8882 4 2 1 1 1449 1472 1943 2407
8883 4 2 1 1 1314 1767 1842 2330
8884 4 2 1 1 107 409 724 2365
8885 4 2 1 1 106 932 1694 2314
8886 4 2 1 1 87 155 86 2122
8887 4 2 1 1 874 616 956 2216
8888 4 2 1 1 1303 1918 1802 2338
8889 4 2 1 1 495 2346 496 1067
8890 4 2 1 1 1154 1757 1831 2157
8891 4 2 1 1 1566 2355 2012 2390
8892 4 2 1 1 1498 1884 1274 1983
8893 4 2 1 1 655 1871 977 2054
8894 4 2 1 1 558 453 1101 2363
8895 4 2 1 1 461 507 1811 2138
8896 4 2 1 1 557 206 894 1679
8897 4 2 1 1 440 587 441 1583
8898 4 2 1 1 588 880 1005 2390
8899 4 2 1 1 313 312 234 1954
8900 4 2 1 1 1060 2121 1540 2237
8901 4 2 1 1 417 455 437 1782
8902 4 2 1 1 1302 1877 1659 1967
8903 4 2 1 1 1503 2239 1777 1300
8904 4 2 1 1 2068 580 581 2111
8905 4 2 1 1 1200 2217 1522 2319
8906 4 2 1 1 905 1513 551 2386
8907 4 2 1 1 1607 2196 1305 2399
8908 4 2 1 1 1161 1313 2296 2421
8909 4 2 1 1 816 310 2259 2327
8910 4 2 1 1 1280 1158 1914 2297
8911 4 2 1 1 1832 2109 1366 2297
8912 4 2 1 1 1313 1653 2134 2402
8913 4 2 1 1 1758 384 842 1697
8914 4 2 1 1 442 505 1011 2158
8915 4 2 1 1 1208 1600 1706 2382
8916 4 2 1 1 816 954 310 2327
8917 4 2 1 1 1308 2135 1398 2156
8918 4 2 1 1 1221 2006 1508 2206
8919 4 2 1 1 404 2041 405 2174
8920 4 2 1 1 1653 1977 1260 2143
8921 4 2 1 1 295 1884 276 2288
8922 4 2 1 1 880 520 1034 2381
8923 4 2 1 1 1201 2074 1671 2351
8924 4 2 1 1 1775 777 536 950
8925 4 2 1 1 290 207 248 2144
8926 4 2 1 1 1175 2232 1572 1300
8927 4 2 1 1 693 724 409 2365
8928 4 2 1 1 68 1672 979 2331
8929 4 2 1 1 433 365 446 2149
8930 4 2 1 1 2016 2117 1333 2415
8931 4 2 1 1 2117 2231 1333 2415
8932 4 2 1 1 1775 777 950 2275
8933 4 2 1 1 641 1110 2138 2356
8934 4 2 1 1 792 191 884 1993
8935 4 2 1 1 1724 2212 2057 2409
8936 4 2 1 1 256 1620 783 1989
8937 4 2 1 1 1036 262 273 1922
8938 4 2 1 1 598 856 1634 2030
8939 4 2 1 1 1787 2004 1387 1967
8940 4 2 1 1 523 1698 801 2349
8941 4 2 1 1 757 1479 645 2252
8942 4 2 1 1 215 893 212 1703
8943 4 2 1 1 1614 1998 1241 1478
8944 4 2 1 1 1527 1870 1284 2230
8945 4 2 1 1 884 1940 1993 2242
8946 4 2 1 1 1270 2048 1510 2377
8947 4 2 1 1 986 558 1961 2005
8948 4 2 1 1 558 1101 1961 2363
8949 4 2 1 1 1455 2054 1971 2320
8950 4 2 1 1 658 503 657 1344
8951 4 2 1 1 1160 1685 1792 2126
8952 4 2 1 1 1392 1829 2181 2406
8953 4 2 1 1 1151 2118 2304 2366
8954 4 2 1 1 1661 1875 1243 1994
8955 4 2 1 1 1490 1917 1351 1928
8956 4 2 1 1 1771 2162 1323 2398
8957 4 2 1 1 1175 1572 2219 2239
8958 4 2 1 1 1271 2163 1927 2423
8959 4 2 1 1 315 314 313 1954
8960 4 2 1 1 1278 1473 2029 1206
8961 4 2 1 1 653 1515 2265 2369
8962 4 2 1 1 1235 1780 2063 2300
8963 4 2 1 1 142 1137 833 2039
8964 4 2 1 1 67 404 405 2174
8965 4 2 1 1 840 416 559 1601
8966 4 2 1 1 1157 1992 1652 2254
8967 4 2 1 1 1891 2164 1781 1374
8968 4 2 1 1 1360 2214 2133 2290
8969 4 2 1 1 1867 2125 1541 2289
8970 4 2 1 1 1546 2082 1501 2373
8971 4 2 1 1 1741 1775 1368 2182
8972 4 2 1 1 619 618 564 2329
8973 4 2 1 1 771 770 949 2396
8974 4 2 1 1 1473 2029 1174 2105
8975 4 2 1 1 1164 1917 1853 2362
8976 4 2 1 1 1617 1992 1784 2379
8977 4 2 1 1 304 1695 825 2249
8978 4 2 1 1 1259 1959 1928 1142
8979 4 2 1 1 1245 1802 1738 2338
8980 4 2 1 1 958 327 887 1799
8981 4 2 1 1 343 843 399 1627
8982 4 2 1 1 1096 570 934 2367
8983 4 2 1 1 517 629 1095 2180
8984 4 2 1 1 1256 1863 1495 1990
8985 4 2 1 1 871 1088 872 2385
8986 4 2 1 1 1643 1969 1542 2188
8987 4 2 1 1 295 837 275 2127
8988 4 2 1 1 815 1909 813 2306
8989 4 2 1 1 2012 677 511 1916
8990 4 2 1 1 1157 2056 1652 2352
8991 4 2 1 1 1665 1990 1495 1830
8992 4 2 1 1 2373 1933 1506 2136
8993 4 2 1 1 106 932 108 1694
8994 4 2 1 1 781 241 237 2207
8995 4 2 1 1 1073 466 1032 2287
8996 4 2 1 1 276 295 275 1884
8997 4 2 1 1 1521 1813 1375 2326
8998 4 2 1 1 889 270 275 2127
8999 4 2 1 1 375 1697 2073 2419
9000 4 2 1 1 1599 2357 1909 2375
9001 4 2 1 1 2101 2054 1232 1978
9002 4 2 1 1 1248 1968 1521 2312
9003 4 2 1 1 1474 1212 2218 2324
9004 4 2 1 1 1257 1524 2149 2281
9005 4 2 1 1 1161 1739 1379 2309
9006 4 2 1 1 218 794 902 1821
9007 4 2 1 1 1264 1968 1880 2348
9008 4 2 1 1 1238 1609 1815 1268
9009 4 2 1 1 1239 1542 1921 2053
9010 4 2 1 1 420 2011 389 2295
9011 4 2 1 1 1263 1147 1934 1481
9012 4 2 1 1 379 1664 2220 2307
9013 4 2 1 1 11 12 47 2253
9014 4 2 1 1 554 998 592 1854
9015 4 2 1 1 884 1993 191 2242
9016 4 2 1 1 970 541 1082 1658
9017 4 2 1 1 363 2293 1103 2358
9018 4 2 1 1 20 925 21 2095
9019 4 2 1 1 276 1600 341 2288
9020 4 2 1 1 1428 2333 1760 2387
9021 4 2 1 1 1404 1736 1192 2179
9022 4 2 1 1 1449 1243 1916 2332
9023 4 2 1 1 1271 1670 1763 2423
9024 4 2 1 1 1643 2211 1997 2335
9025 4 2 1 1 240 243 244 2383
9026 4 2 1 1 1160 2340 1539 1478
9027 4 2 1 1 2299 472 470 471
9028 4 2 1 1 253 228 391 1663
9029 4 2 1 1 1692 795 794 796
9030 4 2 1 1 1457 2296 1313 2421
9031 4 2 1 1 19 749 748 2183
9032 4 2 1 1 852 1626 930 2341
9033 4 2 1 1 664 583 665 1881
9034 4 2 1 1 1314 1488 1204 2337
9035 4 2 1 1 206 557 393 1679
9036 4 2 1 1 594 552 593 2372
9037 4 2 1 1 2247 2082 2043 1140
9038 4 2 1 1 500 1677 519 2390
9039 4 2 1 1 2299 472 471 473
9040 4 2 1 1 384 427 375 2073
9041 4 2 1 1 1160 1539 1998 1478
9042 4 2 1 1 776 1827 778 2275
9043 4 2 1 1 780 1062 781 1512
9044 4 2 1 1 1026 844 786 2037
9045 4 2 1 1 1394 2248 1644 2273
9046 4 2 1 1 259 301 302 1935
9047 4 2 1 1 1656 1243 1373 2332
9048 4 2 1 1 532 2140 531 1823
9049 4 2 1 1 1219 1530 2092 1275
9050 4 2 1 1 1522 2196 1305 2384
9051 4 2 1 1 1946 2388 1704 1877
9052 4 2 1 1 567 916 1778 2274
9053 4 2 1 1 1648 605 1040 185
9054 4 2 1 1 1654 2086 1290 2156
9055 4 2 1 1 1226 2058 1907 2317
9056 4 2 1 1 289 29 927 2325
9057 4 2 1 1 1670 1927 1271 2321
9058 4 2 1 1 1269 2053 1726 2268
9059 4 2 1 1 1238 2058 2130 2167
9060 4 2 1 1 383 608 521 1960
9061 4 2 1 1 1226 1637 1833 2317
9062 4 2 1 1 1273 1817 1807 2344
9063 4 2 1 1 1312 1908 1788 1139
9064 4 2 1 1 1244 1496 1823 2140
9065 4 2 1 1 1714 2097 1303 2338
9066 4 2 1 1 331 332 339 1919
9067 4 2 1 1 278 787 2037 786
9068 4 2 1 1 1371 2076 1851 2340
9069 4 2 1 1 1011 713 570 2158
9070 4 2 1 1 1465 2276 1312 2422
9071 4 2 1 1 1233 1718 1807 2194
9072 4 2 1 1 1755 876 482 480
9073 4 2 1 1 262 261 263 1629
9074 4 2 1 1 908 591 1092 2354
9075 4 2 1 1 1428 2154 1888 2333
9076 4 2 1 1 1497 1906 1291 2178
9077 4 2 1 1 1312 2050 1465 2422
9078 4 2 1 1 1598 2033 1326 2270
9079 4 2 1 1 128 1606 2052 129
9080 4 2 1 1 664 665 668 1722
9081 4 2 1 1 695 1001 528 1666
9082 4 2 1 1 172 842 384 1697
9083 4 2 1 1 1209 1672 1790 2175
9084 4 2 1 1 1284 1887 1698 1456
9085 4 2 1 1 1526 1982 1355 2325
9086 4 2 1 1 869 1644 319 2273
9087 4 2 1 1 180 1721 178 2258
9088 4 2 1 1 423 2372 1636 2386
9089 4 2 1 1 1226 1833 2058 2317
9090 4 2 1 1 1379 1739 1586 2043
9091 4 2 1 1 2292 2319 1595 2343
9092 4 2 1 1 1361 1646 1895 1182
9093 4 2 1 1 1755 876 480 1356
9094 4 2 1 1 1079 675 160 2332
9095 4 2 1 1 843 1627 343 2419
9096 4 2 1 1 1212 1869 2103 2370
9097 4 2 1 1 2322 2382 2126 1649
9098 4 2 1 1 662 940 394 1706
9099 4 2 1 1 1375 1969 1643 2188
9100 4 2 1 1 1752 1786 1248 2232
9101 4 2 1 1 1497 2178 1170 1833
9102 4 2 1 1 738 1127 1003 1752
9103 4 2 1 1 1424 2103 1869 2370
9104 4 2 1 1 1270 1593 2048 2299
9105 4 2 1 1 862 428 367 1783
9106 4 2 1 1 1607 1305 2195 2399
9107 4 2 1 1 680 508 1771 2162
9108 4 2 1 1 1222 1261 2082 2373
9109 4 2 1 1 1439 1194 1571 2094
9110 4 2 1 1 1296 1902 1777 2326
9111 4 2 1 1 336 333 550 1644
9112 4 2 1 1 1251 1849 1510 2081
9113 4 2 1 1 1946 2388 1877 1310
9114 4 2 1 1 568 983 567 2046
9115 4 2 1 1 898 263 266 1837
9116 4 2 1 1 1271 1868 1679 2186
9117 4 2 1 1 383 521 422 2386
9118 4 2 1 1 1180 1806 1529 2045
9119 4 2 1 1 655 1014 977 1871
9120 4 2 1 1 656 955 533 2018
9121 4 2 1 1 1550 1945 1838 1180
9122 4 2 1 1 1235 2063 1490 2300
9123 4 2 1 1 1297 1497 2158 1833
9124 4 2 1 1 663 183 377 1811
9125 4 2 1 1 1542 1814 1381 1384
9126 4 2 1 1 516 836 395 1843
9127 4 2 1 1 1282 1425 1144 1720
9128 4 2 1 1 477 1676 479 2279
9129 4 2 1 1 1252 1482 1949 2335
9130 4 2 1 1 1594 1366 1832 2109
9131 4 2 1 1 1231 1466 2161 2251
9132 4 2 1 1 32 23 1978 2257
9133 4 2 1 1 535 2215 1741 2322
9134 4 2 1 1 1065 1135 801 2349
9135 4 2 1 1 821 1683 1038 2215
9136 4 2 1 1 1185 2067 1539 1295
9137 4 2 1 1 1475 1302 1967 2360
9138 4 2 1 1 588 499 518 2390
9139 4 2 1 1 487 485 1901 2294
9140 4 2 1 1 1236 2034 1475 2378
9141 4 2 1 1 1376 1606 1298 2052
9142 4 2 1 1 856 501 598 1634
9143 4 2 1 1 1611 2080 1347 2190
9144 4 2 1 1 1763 1810 1335 2025
9145 4 2 1 1 583 581 879 1881
9146 4 2 1 1 896 290 1133 2137
9147 4 2 1 1 401 389 2089 2295
9148 4 2 1 1 398 435 359 2415
9149 4 2 1 1 1139 2057 1312 2409
9150 4 2 1 1 680 2162 1771 2398
9151 4 2 1 1 1212 2324 1869 2370
9152 4 2 1 1 1309 2139 2110 2236
9153 4 2 1 1 1351 1917 1490 2300
9154 4 2 1 1 326 329 328 1598
9155 4 2 1 1 200 201 894 2186
9156 4 2 1 1 423 551 2372 2386
9157 4 2 1 1 686 39 704 2213
9158 4 2 1 1 2302 2183 2312 1554
9159 4 2 1 1 1161 2264 1739 2309
9160 4 2 1 1 1335 1763 1670 2423
9161 4 2 1 1 292 861 353 2262
9162 4 2 1 1 1758 1785 1276 2350
9163 4 2 1 1 780 1954 314 2285
9164 4 2 1 1 1140 1503 1902 2082
9165 4 2 1 1 317 319 2248 2273
9166 4 2 1 1 516 1608 633 2293
9167 4 2 1 1 536 1095 777 1809
9168 4 2 1 1 1778 2107 1416 2279
9169 4 2 1 1 142 93 95 2250
9170 4 2 1 1 1132 1113 634 2322
9171 4 2 1 1 1633 1932 1473 2105
9172 4 2 1 1 1052 1563 622 2274
9173 4 2 1 1 2299 472 473 1713
9174 4 2 1 1 32 22 2257 2267
9175 4 2 1 1 1015 765 979 2331
9176 4 2 1 1 763 123 112 1970
9177 4 2 1 1 1677 2012 1243 2355
9178 4 2 1 1 111 1776 112 2237
9179 4 2 1 1 1226 1862 1637 2317
9180 4 2 1 1 104 352 106 2314
9181 4 2 1 1 119 117 136 1499
9182 4 2 1 1 289 372 370 1982
9183 4 2 1 1 1575 2065 1476 2192
9184 4 2 1 1 659 958 855 1799
9185 4 2 1 1 619 1991 1758 2336
9186 4 2 1 1 1288 1853 1873 2408
9187 4 2 1 1 1298 2259 2052 129
9188 4 2 1 1 606 1559 2272 2166
9189 4 2 1 1 566 488 525 1923
9190 4 2 1 1 2259 2292 2393 1298
9191 4 2 1 1 532 531 2140 1078
9192 4 2 1 1 1838 1947 1488 1204
9193 4 2 1 1 9 918 34 1650
9194 4 2 1 1 662 1649 702 2391
9195 4 2 1 1 799 932 993 1770
9196 4 2 1 1 1274 1862 1637 2291
9197 4 2 1 1 614 572 993 1770
9198 4 2 1 1 1209 1790 1672 2253
9199 4 2 1 1 1150 1542 1921 2188
9200 4 2 1 1 2311 2011 1561 1937
9201 4 2 1 1 1277 2172 1543 2214
9202 4 2 1 1 1212 1802 2324 2370
9203 4 2 1 1 1542 1384 1381 1969
9204 4 2 1 1 1432 2165 1798 2170
9205 4 2 1 1 1463 2400 2189 2413
9206 4 2 1 1 888 783 259 1620
9207 4 2 1 1 1515 1871 1232 2222
9208 4 2 1 1 1526 2325 1859 2342
9209 4 2 1 1 903 527 690 2001
9210 4 2 1 1 1639 2304 2118 2366
9211 4 2 1 1 1239 1488 1947 2268
9212 4 2 1 1 820 822 1683 2306
9213 4 2 1 1 1212 2023 1469 2370
9214 4 2 1 1 1472 1255 1943 2407
9215 4 2 1 1 69 66 68 2331
9216 4 2 1 1 1884 1953 1274 2127
9217 4 2 1 1 2046 2199 1431 2233
9218 4 2 1 1 133 897 138 1913
9219 4 2 1 1 1855 1918 1469 2370
9220 4 2 1 1 1151 1932 2118 2366
9221 4 2 1 1 1868 2163 1271 1763
9222 4 2 1 1 51 731 28 1804
9223 4 2 1 1 1551 2291 2127 2367
9224 4 2 1 1 1578 1866 1306 2392
9225 4 2 1 1 202 204 159 1943
9226 4 2 1 1 1575 1228 2064 2226
9227 4 2 1 1 1235 2131 1493 2318
9228 4 2 1 1 93 2226 92 2250
9229 4 2 1 1 1730 2234 1277 2290
9230 4 2 1 1 1021 1099 1896 1974
9231 4 2 1 1 96 1114 98 1749
9232 4 2 1 1 1010 680 1085 1771
9233 4 2 1 1 1297 1906 1497 2178
9234 4 2 1 1 1284 2230 1870 2349
9235 4 2 1 1 1530 2024 1219 2092
9236 4 2 1 1 63 722 57 2243
9237 4 2 1 1 526 282 597 1609
9238 4 2 1 1 1491 1218 1911 2392
9239 4 2 1 1 39 1554 19 704
9240 4 2 1 1 199 193 198 2242
9241 4 2 1 1 1218 1866 1578 2392
9242 4 2 1 1 588 518 880 2390
9243 4 2 1 1 1106 34 1650 2316
9244 4 2 1 1 809 1909 815 2357
9245 4 2 1 1 493 1778 916 2279
9246 4 2 1 1 1885 2155 1660 2417
9247 4 2 1 1 1561 2280 2089 2311
9248 4 2 1 1 685 1054 1603 2334
9249 4 2 1 1 1310 2152 1972 2345
9250 4 2 1 1 1157 2195 1632 1607
9251 4 2 1 1 1851 2076 1539 2340
9252 4 2 1 1 1578 1306 2168 2392
9253 4 2 1 1 1291 1906 1892 2383
9254 4 2 1 1 1650 2187 1396 2013
9255 4 2 1 1 988 2235 2215 2322
9256 4 2 1 1 461 507 377 1811
9257 4 2 1 1 1438 1599 1301 2102
9258 4 2 1 1 1371 1741 2215 2340
9259 4 2 1 1 891 637 586 1657
9260 4 2 1 1 522 520 519 2381
9261 4 2 1 1 1413 2249 1477 2328
9262 4 2 1 1 251 804 803 1835
9263 4 2 1 1 984 155 717 1888
9264 4 2 1 1 829 378 184 2303
9265 4 2 1 1 684 1707 232 2301
9266 4 2 1 1 1447 1963 1702 2368
9267 4 2 1 1 483 481 543 1944
9268 4 2 1 1 1308 1774 2263 2348
9269 4 2 1 1 280 257 272 1667
9270 4 2 1 1 1256 1990 1495 2071
9271 4 2 1 1 1472 2238 1993 2284
9272 4 2 1 1 1579 1835 1247 1891
9273 4 2 1 1 1566 2012 1357 2294
9274 4 2 1 1 1722 1937 1289 2216
9275 4 2 1 1 1990 1647 1564 1256
9276 4 2 1 1 115 1776 113 1590
9277 4 2 1 1 150 2412 160 148
9278 4 2 1 1 595 596 594 2021
9279 4 2 1 1 1515 2411 2019 1339
9280 4 2 1 1 986 1029 943 1779
9281 4 2 1 1 1547 1931 1337 2093
9282 4 2 1 1 841 396 429 2000
9283 4 2 1 1 567 2046 922 2274
9284 4 2 1 1 1302 1475 1967 2368
9285 4 2 1 1 445 633 516 1608
9286 4 2 1 1 1700 2125 1354 2287
9287 4 2 1 1 220 218 221 1821
9288 4 2 1 1 144 2052 2259 129
9289 4 2 1 1 1599 1301 2102 2357
9290 4 2 1 1 847 2088 1534 129
9291 4 2 1 1 960 830 360 1756
9292 4 2 1 1 1700 2141 1534 2287
9293 4 2 1 1 842 165 939 2271
9294 4 2 1 1 1233 1535 2051 1358
9295 4 2 1 1 1341 1966 1617 2379
9296 4 2 1 1 2068 581 580 579
9297 4 2 1 1 1277 2214 1730 2290
9298 4 2 1 1 632 610 510 2159
9299 4 2 1 1 1280 1628 1914 1158
9300 4 2 1 1 1702 1963 1224 2368
9301 4 2 1 1 1073 708 1050 2287
9302 4 2 1 1 1017 10 34 2316
9303 4 2 1 1 356 912 417 1861
9304 4 2 1 1 821 1683 2215 2235
9305 4 2 1 1 791 783 957 1989
9306 4 2 1 1 523 800 801 1698
9307 4 2 1 1 1500 1637 2255 2291
9308 4 2 1 1 1572 1777 1296 2239
9309 4 2 1 1 1502 2292 1595 2393
9310 4 2 1 1 1265 1886 1605 2242
9311 4 2 1 1 399 843 1016 1627
9312 4 2 1 1 1232 1580 2146 2320
9313 4 2 1 1 63 1865 65 2174
9314 4 2 1 1 1768 1291 1825 2308
9315 4 2 1 1 1351 2063 1780 2300
9316 4 2 1 1 2153 2187 1650 2013
9317 4 2 1 1 1587 2014 1321 2045
9318 4 2 1 1 990 246 242 2083
9319 4 2 1 1 100 102 101 1801
9320 4 2 1 1 577 1805 978 2236
9321 4 2 1 1 1373 1243 1719 2332
9322 4 2 1 1 432 970 740 1826
9323 4 2 1 1 1287 1856 1479 2154
9324 4 2 1 1 231 230 848 1746
9325 4 2 1 1 1312 2057 2212 2409
9326 4 2 1 1 1196 1729 1614 2405
9327 4 2 1 1 1616 1630 1034 1960
9328 4 2 1 1 1491 1911 2168 2392
9329 4 2 1 1 912 850 955 1861
9330 4 2 1 1 1413 2079 2060 2328
9331 4 2 1 1 754 1041 1128 2244
9332 4 2 1 1 1626 2084 930 2341
9333 4 2 1 1 1562 1360 2133 2290
9334 4 2 1 1 394 661 662 1706
9335 4 2 1 1 1264 2198 1968 2348
9336 4 2 1 1 74 175 75 1836
9337 4 2 1 1 2389 664 51 1804
9338 4 2 1 1 1274 1500 2127 2291
9339 4 2 1 1 1236 1518 1631 2378
9340 4 2 1 1 75 175 770 1836
9341 4 2 1 1 1277 1956 1543 2172
9342 4 2 1 1 1112 250 255 2204
9343 4 2 1 1 330 883 332 2033
9344 4 2 1 1 212 211 213 1591
9345 4 2 1 1 305 1035 825 2112
9346 4 2 1 1 1907 2058 1325 2317
9347 4 2 1 1 1479 1910 1287 2333
9348 4 2 1 1 1734 2023 1159 2246
9349 4 2 1 1 1244 1823 2018 2140
9350 4 2 1 1 1273 1807 1817 1372
9351 4 2 1 1 986 642 858 1779
9352 4 2 1 1 1175 1523 2232 1300
9353 4 2 1 1 1019 240 244 2383
9354 4 2 1 1 662 714 999 2391
9355 4 2 1 1 2140 531 1823 2018
9356 4 2 1 1 905 521 1030 1960
9357 4 2 1 1 437 1056 559 2091
9358 4 2 1 1 7 745 8 2187
9359 4 2 1 1 54 46 53 2267
9360 4 2 1 1 541 765 1082 1658
9361 4 2 1 1 1048 585 578 2147
9362 4 2 1 1 1293 1890 1925 2229
9363 4 2 1 1 1814 2053 1542 2221
9364 4 2 1 1 1274 1551 1862 2291
9365 4 2 1 1 1716 1912 1250 2227
9366 4 2 1 1 383 927 608 2325
9367 4 2 1 1 236 235 237 2207
9368 4 2 1 1 1633 2010 1393 2193
9369 4 2 1 1 1946 2400 1463 2413
9370 4 2 1 1 1239 2221 2053 2268
9371 4 2 1 1 1565 1764 1255 1451
9372 4 2 1 1 422 521 905 2386
9373 4 2 1 1 654 1871 655 2265
9374 4 2 1 1 140 1993 792 2238
9375 4 2 1 1 37 1839 922 2046
9376 4 2 1 1 2322 2382 1600 1295
9377 4 2 1 1 341 394 296 2288
9378 4 2 1 1 1256 1863 1655 1751
9379 4 2 1 1 131 123 1970 2237
9380 4 2 1 1 1859 2034 1443 2420
9381 4 2 1 1 1595 2098 1957 2319
9382 4 2 1 1 1231 1483 2049 2251
9383 4 2 1 1 2082 2136 2373 1546
9384 4 2 1 1 1277 2133 2047 2172
9385 4 2 1 1 1248 1889 1752 2298
9386 4 2 1 1 1164 1768 1825 2308
9387 4 2 1 1 1422 2194 1639 2311
9388 4 2 1 1 575 862 1075 1783
9389 4 2 1 1 1034 1630 1616 2381
9390 4 2 1 1 25 43 24 2265
9391 4 2 1 1 414 2022 468 2180
9392 4 2 1 1 1343 1597 1927 2132
9393 4 2 1 1 1420 2027 1791 2301
9394 4 2 1 1 164 88 771 2064
9395 4 2 1 1 356 355 850 1861
9396 4 2 1 1 1833 1325 2058 2317
9397 4 2 1 1 1186 1787 1704 2113
9398 4 2 1 1 512 443 444 1878
9399 4 2 1 1 672 1048 578 1708
9400 4 2 1 1 300 817 1104 1461
9401 4 2 1 1 150 2412 148 141
9402 4 2 1 1 1354 2141 1700 2287
9403 4 2 1 1 2072 2195 1305 2399
9404 4 2 1 1 625 1007 2104 2154
9405 4 2 1 1 1166 1623 1847 2129
9406 4 2 1 1 1218 2181 1578 2406
9407 4 2 1 1 672 578 579 2068
9408 4 2 1 1 1236 2107 1778 2233
9409 4 2 1 1 1255 1764 1621 1451
9410 4 2 1 1 1186 1975 2004 1412
9411 4 2 1 1 1597 1927 1271 2163
9412 4 2 1 1 1295 2076 2215 2340
9413 4 2 1 1 1303 1869 2370 2418
9414 4 2 1 1 1264 1880 1580 2263
9415 4 2 1 1 1837 1862 1324 2278
9416 4 2 1 1 904 372 423 1982
9417 4 2 1 1 1141 1475 1967 2360
9418 4 2 1 1 337 878 338 1952
9419 4 2 1 1 593 723 1046 2245
9420 4 2 1 1 2136 1743 1222 1933
9421 4 2 1 1 1297 2178 1497 1833
9422 4 2 1 1 143 827 102 1801
9423 4 2 1 1 1515 1232 1871 2265
9424 4 2 1 1 1222 1857 2082 1261
9425 4 2 1 1 1265 1605 1993 2242
9426 4 2 1 1 1169 1670 2228 2321
9427 4 2 1 1 1818 2345 1310 1571
9428 4 2 1 1 1179 2053 1814 2221
9429 4 2 1 1 1508 1934 1188 2361
9430 4 2 1 1 581 584 879 2111
9431 4 2 1 1 1632 1885 1660 2417
9432 4 2 1 1 1234 1785 1758 2350
9433 4 2 1 1 1518 1967 1963 2283
9434 4 2 1 1 788 972 562 1710
9435 4 2 1 1 2140 531 2018 635
9436 4 2 1 1 1643 1997 1252 2335
9437 4 2 1 1 691 561 611 1410
9438 4 2 1 1 606 1894 613 2166
9439 4 2 1 1 1617 1784 1341 2379
9440 4 2 1 1 1183 1902 1969 2326
9441 4 2 1 1 1312 2212 1680 2409
9442 4 2 1 1 1544 1242 2032 2364
9443 4 2 1 1 1466 1287 2122 2251
9444 4 2 1 1 627 760 710 2003
9445 4 2 1 1 814 813 812 1909
9446 4 2 1 1 1219 2024 1552 2092
9447 4 2 1 1 1677 1916 1243 2012
9448 4 2 1 1 595 593 1046 2245
9449 4 2 1 1 60 2198 1971 2210
9450 4 2 1 1 1634 1365 1766 2090
9451 4 2 1 1 1773 2233 2107 2378
9452 4 2 1 1 1963 1967 1447 2283
9453 4 2 1 1 1268 1620 1401 1989
9454 4 2 1 1 343 1627 2231 2419
9455 4 2 1 1 1162 2163 1505 2423
9456 4 2 1 1 1774 1264 2263 2348
9457 4 2 1 1 1592 1923 1266 2039
9458 4 2 1 1 1752 1889 1417 2298
9459 4 2 1 1 70 1653 769 2402
9460 4 2 1 1 1569 1996 657 1344
9461 4 2 1 1 1218 1578 2181 1911
9462 4 2 1 1 1649 1288 2208 2391
9463 4 2 1 1 946 566 1137 2039
9464 4 2 1 1 1351 1825 1690 1928
9465 4 2 1 1 1157 1652 1992 2352
9466 4 2 1 1 469 599 766 1977
9467 4 2 1 1 1191 2400 1946 2413
9468 4 2 1 1 807 976 808 1995
9469 4 2 1 1 1552 2051 1965 1358
9470 4 2 1 1 811 808 976 1995
9471 4 2 1 1 1150 1921 2124 2188
9472 4 2 1 1 567 916 493 1778
9473 4 2 1 1 1621 2119 1255 1451
9474 4 2 1 1 63 67 722 2174
9475 4 2 1 1 1350 1838 1945 1180
9476 4 2 1 1 1811 2100 1389 2260
9477 4 2 1 1 1287 1888 2154 2333
9478 4 2 1 1 1227 1885 1816 1585
9479 4 2 1 1 1816 1885 1468 1585
9480 4 2 1 1 1074 1854 363 2358
9481 4 2 1 1 392 253 391 2208
9482 4 2 1 1 1089 611 908 1410
9483 4 2 1 1 110 112 111 1776
9484 4 2 1 1 1145 1514 2179 1340
9485 4 2 1 1 174 710 1114 1749
9486 4 2 1 1 1616 927 2 1859
9487 4 2 1 1 1793 901 376 948
9488 4 2 1 1 1711 1372 1964 2040
9489 4 2 1 1 1256 2071 1495 1751
9490 4 2 1 1 2175 2331 1313 1175
9491 4 2 1 1 1248 1437 2183 1889
9492 4 2 1 1 1506 2136 2128 2253
9493 4 2 1 1 515 504 399 2117
9494 4 2 1 1 1030 1036 905 1922
9495 4 2 1 1 2302 2312 2183 1248
9496 4 2 1 1 61 60 59 1971
9497 4 2 1 1 1235 1493 1325 2318
9498 4 2 1 1 1243 1916 1656 2012
9499 4 2 1 1 1572 1248 2232 2298
9500 4 2 1 1 418 379 368 2307
9501 4 2 1 1 1258 1851 1711 2182
9502 4 2 1 1 61 60 1971 2210
9503 4 2 1 1 1322 1992 1652 2379
9504 4 2 1 1 80 985 952 2143
9505 4 2 1 1 1621 1942 1255 2119
9506 4 2 1 1 1719 2361 1373 2412
9507 4 2 1 1 1645 1655 1184 1322
9508 4 2 1 1 891 214 213 1872
9509 4 2 1 1 310 147 145 1789
9510 4 2 1 1 243 246 247 1892
9511 4 2 1 1 101 1122 774 2227
9512 4 2 1 1 405 2041 470 2299
9513 4 2 1 1 806 808 809 2357
9514 4 2 1 1 1188 2284 1472 2407
9515 4 2 1 1 349 453 558 2363
9516 4 2 1 1 1483 2122 1287 2251
9517 4 2 1 1 1332 1795 1756 2100
9518 4 2 1 1 1196 1959 1729 2405
9519 4 2 1 1 1968 2198 1417 2348
9520 4 2 1 1 1218 1635 2108 1326
9521 4 2 1 1 2034 2094 1439 2233
9522 4 2 1 1 1221 1577 1246 2241
9523 4 2 1 1 900 245 1088 1753
9524 4 2 1 1 846 454 373 1822
9525 4 2 1 1 1778 2107 1356 2233
9526 4 2 1 1 1162 1505 2225 2423
9527 4 2 1 1 1397 2133 2047 2152
9528 4 2 1 1 202 1943 1942 2119
9529 4 2 1 1 1058 1707 999 2391
9530 4 2 1 1 1728 2018 1436 2316
9531 4 2 1 1 906 572 515 2123
9532 4 2 1 1 1234 2196 1785 2350
9533 4 2 1 1 310 1789 145 2259
9534 4 2 1 1 1052 729 730 1839
9535 4 2 1 1 180 911 178 1721
9536 4 2 1 1 1041 1664 1128 2244
9537 4 2 1 1 753 1041 754 2244
9538 4 2 1 1 461 639 507 2138
9539 4 2 1 1 749 55 936 1889
9540 4 2 1 1 1312 1788 1908 2276
9541 4 2 1 1 1316 1941 1614 2405
9542 4 2 1 1 645 1479 2066 2252
9543 4 2 1 1 1311 1852 1571 2355
9544 4 2 1 1 1085 1771 854 2281
9545 4 2 1 1 1303 1869 1828 2324
9546 4 2 1 1 1274 1953 1498 2286
9547 4 2 1 1 802 309 1100 1590
9548 4 2 1 1 123 130 111 2237
9549 4 2 1 1 1729 2040 1614 2405
9550 4 2 1 1 320 319 324 2248
9551 4 2 1 1 1741 1368 2126 2182
9552 4 2 1 1 1622 1228 1736 2179
9553 4 2 1 1 1209 2043 1546 2136
9554 4 2 1 1 1612 240 243 242
9555 4 2 1 1 2372 723 551 593
9556 4 2 1 1 952 769 76 2143
9557 4 2 1 1 1017 1072 656 2316
9558 4 2 1 1 705 575 1075 2334
9559 4 2 1 1 871 1028 1088 2385
9560 4 2 1 1 1248 1437 1889 1968
9561 4 2 1 1 277 248 210 2144
9562 4 2 1 1 85 86 84 2122
9563 4 2 1 1 2140 531 635 1078
9564 4 2 1 1 2322 2340 2126 1295
9565 4 2 1 1 1734 1406 2023 2246
9566 4 2 1 1 1382 2134 1658 1313
9567 4 2 1 1 1532 1801 1304 2401
9568 4 2 1 1 12 741 47 2253
9569 4 2 1 1 927 29 1859 2325
9570 4 2 1 1 1502 1343 2327 2393
9571 4 2 1 1 1290 1618 2096 2156
9572 4 2 1 1 1328 2145 1597 2163
9573 4 2 1 1 2047 2133 1397 2172
9574 4 2 1 1 1600 1295 2235 2322
9575 4 2 1 1 1417 1968 1889 2198
9576 4 2 1 1 653 26 744 2369
9577 4 2 1 1 1423 2124 1921 2188
9578 4 2 1 1 1292 2304 1937 2311
9579 4 2 1 1 1264 2263 1580 2320
9580 4 2 1 1 144 145 129 2259
9581 4 2 1 1 1217 1745 2031 2272
9582 4 2 1 1 567 493 494 1778
9583 4 2 1 1 1280 2256 1596 2297
9584 4 2 1 1 970 432 768 1826
9585 4 2 1 1 376 1793 870 2273
9586 4 2 1 1 2267 54 59 53
9587 4 2 1 1 2228 2025 1670 1169
9588 4 2 1 1 1154 1655 1751 1341
9589 4 2 1 1 638 2272 1761 1894
9590 4 2 1 1 1160 1964 1711 2182
9591 4 2 1 1 307 304 825 2249
9592 4 2 1 1 1649 1741 2126 2322
9593 4 2 1 1 1941 2028 1478 2315
9594 4 2 1 1 1160 1614 1998 2040
9595 4 2 1 1 1411 1149 1754 1951
9596 4 2 1 1 1553 2064 1228 2359
9597 4 2 1 1 1596 2256 1366 2297
9598 4 2 1 1 784 660 990 2083
9599 4 2 1 1 2060 2079 1345 2328
9600 4 2 1 1 1304 2314 1770 2401
9601 4 2 1 1 1206 1908 1788 2276
9602 4 2 1 1 1768 1853 1390 2308
9603 4 2 1 1 1164 1853 1768 2308
9604 4 2 1 1 2060 1695 2328 1345
9605 4 2 1 1 1760 1638 1340 2191
9606 4 2 1 1 1197 1638 1760 2191
9607 4 2 1 1 1490 2063 1351 2300
9608 4 2 1 1 458 459 460 2236
9609 4 2 1 1 551 1513 2372 2386
9610 4 2 1 1 766 599 952 1977
9611 4 2 1 1 1286 1304 2157 1532
9612 4 2 1 1 1273 1817 1570 1372
9613 4 2 1 1 1264 1580 1880 2069
9614 4 2 1 1 778 226 253 1827
9615 4 2 1 1 1844 1998 1241 2078
9616 4 2 1 1 373 296 846 1822
9617 4 2 1 1 2372 723 593 2245
9618 4 2 1 1 1254 2219 1572 2239
9619 4 2 1 1 461 640 639 2138
9620 4 2 1 1 207 1642 210 2144
9621 4 2 1 1 167 1808 163 2341
9622 4 2 1 1 1477 2160 1413 2328
9623 4 2 1 1 122 2125 121 2201
9624 4 2 1 1 1668 424 425 2061
9625 4 2 1 1 891 1025 258 1872
9626 4 2 1 1 784 239 241 1996
9627 4 2 1 1 1408 2014 1587 2045
9628 4 2 1 1 1160 1998 1614 1478
9629 4 2 1 1 386 2011 874 2216
9630 4 2 1 1 2320 2210 2263 1492
9631 4 2 1 1 413 606 613 2166
9632 4 2 1 1 709 595 1069 2021
9633 4 2 1 1 1431 2094 2034 2233
9634 4 2 1 1 618 1604 857 2329
9635 4 2 1 1 763 700 1970 1461
9636 4 2 1 1 181 678 719 1876
9637 4 2 1 1 370 904 424 1982
9638 4 2 1 1 70 761 66 2402
9639 4 2 1 1 1245 1882 1648 1738
9640 4 2 1 1 1711 1998 1267 2040
9641 4 2 1 1 1181 1543 2214 2416
9642 4 2 1 1 1271 1868 1597 2163
9643 4 2 1 1 527 526 944 1824
9644 4 2 1 1 1441 1981 949 2323
9645 4 2 1 1 1498 1983 1274 2286
9646 4 2 1 1 1698 1887 1225 1456
9647 4 2 1 1 9 733 8 2153
9648 4 2 1 1 753 188 1774 2244
9649 4 2 1 1 1230 2005 1961 2363
9650 4 2 1 1 823 2224 600 2397
9651 4 2 1 1 1744 2079 1480 1951
9652 4 2 1 1 779 1759 406 2285
9653 4 2 1 1 1179 1814 1748 2221
9654 4 2 1 1 1929 1269 1726 1453
9655 4 2 1 1 632 912 955 2159
9656 4 2 1 1 1241 2214 1543 2416
9657 4 2 1 1 873 852 930 2341
9658 4 2 1 1 1411 2053 2221 2268
9659 4 2 1 1 1815 1824 1238 1980
9660 4 2 1 1 1357 1901 1520 2294
9661 4 2 1 1 352 1107 993 2401
9662 4 2 1 1 292 353 293 2262
9663 4 2 1 1 1078 532 1123 2140
9664 4 2 1 1 37 729 922 1839
9665 4 2 1 1 897 1733 908 2354
9666 4 2 1 1 16 15 31 1743
9667 4 2 1 1 1271 1763 1670 2228
9668 4 2 1 1 1009 709 1551 2367
9669 4 2 1 1 884 191 193 2242
9670 4 2 1 1 205 200 206 1868
9671 4 2 1 1 1479 1308 2066 2252
9672 4 2 1 1 589 588 968 1820
9673 4 2 1 1 763 300 700 1461
9674 4 2 1 1 1561 1952 1289 2216
9675 4 2 1 1 1319 2264 1797 2309
9676 4 2 1 1 1227 2008 1816 2155
9677 4 2 1 1 1062 657 1996 1344
9678 4 2 1 1 397 523 844 1678
9679 4 2 1 1 988 821 624 2215
9680 4 2 1 1 1444 1693 2361 2412
9681 4 2 1 1 1978 2101 1455 2257
9682 4 2 1 1 671 1039 620 2336
9683 4 2 1 1 1238 2130 1519 2167
9684 4 2 1 1 2120 2131 2318 1493
9685 4 2 1 1 351 266 268 1837
9686 4 2 1 1 969 1373 545 856
9687 4 2 1 1 1195 2090 1634 2173
9688 4 2 1 1 1311 1571 2094 2355
9689 4 2 1 1 2320 2263 2210 1264
9690 4 2 1 1 1232 1485 2101 2261
9691 4 2 1 1 1264 1971 2210 2320
9692 4 2 1 1 2196 2350 1607 2352
9693 4 2 1 1 2311 2011 1937 1292
9694 4 2 1 1 344 819 941 2270
9695 4 2 1 1 1108 90 2064 2226
9696 4 2 1 1 1033 182 1604 2282
9697 4 2 1 1 2283 2013 1165 1963
9698 4 2 1 1 1275 2129 1829 2248
9699 4 2 1 1 1160 1851 1539 2340
9700 4 2 1 1 44 732 1000 1701
9701 4 2 1 1 863 431 623 1741
9702 4 2 1 1 1778 2046 567 2274
9703 4 2 1 1 1506 1209 2136 2253
9704 4 2 1 1 236 233 1791 2301
9705 4 2 1 1 807 806 2102 2357
9706 4 2 1 1 1333 2231 1626 2415
9707 4 2 1 1 71 1774 188 2210
9708 4 2 1 1 146 2088 847 129
9709 4 2 1 1 1981 380 187 782
9710 4 2 1 1 1141 1475 2360 2378
9711 4 2 1 1 210 785 278 1642
9712 4 2 1 1 1550 1969 1375 2188
9713 4 2 1 1 1199 2118 1639 2311
9714 4 2 1 1 12 2128 741 2253
9715 4 2 1 1 922 1839 1052 2274
9716 4 2 1 1 709 1069 351 1551
9717 4 2 1 1 110 798 113 1776
9718 4 2 1 1 1608 2112 633 2293
9719 4 2 1 1 1738 1882 1559 2313
9720 4 2 1 1 879 584 1126 2111
9721 4 2 1 1 2228 2025 1169 1926
9722 4 2 1 1 1739 1313 2175 2264
9723 4 2 1 1 2222 2049 2146 1528
9724 4 2 1 1 1033 176 182 2282
9725 4 2 1 1 568 923 983 2046
9726 4 2 1 1 1188 2006 1508 2361
9727 4 2 1 1 622 621 542 1985
9728 4 2 1 1 582 579 581 2068
9729 4 2 1 1 619 1758 620 2336
9730 4 2 1 1 825 553 357 2249
9731 4 2 1 1 1482 1323 2162 2335
9732 4 2 1 1 1158 2109 1686 2297
9733 4 2 1 1 1594 2020 1543 2109
9734 4 2 1 1 103 105 135 1536
9735 4 2 1 1 1061 44 1845 2187
9736 4 2 1 1 347 331 339 1919
9737 4 2 1 1 1386 1530 2062 1275
9738 4 2 1 1 348 805 267 2102
9739 4 2 1 1 1443 1948 1701 1224
9740 4 2 1 1 1394 1841 1759 2285
9741 4 2 1 1 877 1132 341 1600
9742 4 2 1 1 1577 1899 2374 2414
9743 4 2 1 1 274 275 270 1884
9744 4 2 1 1 2011 2295 420 2313
9745 4 2 1 1 753 752 188 2244
9746 4 2 1 1 1956 2020 1543 2172
9747 4 2 1 1 32 53 22 2267
9748 4 2 1 1 727 1134 1087 1933
9749 4 2 1 1 1290 2086 1826 2232
9750 4 2 1 1 923 2046 568 2199
9751 4 2 1 1 1395 1728 1699 2339
9752 4 2 1 1 227 230 229 1765
9753 4 2 1 1 1299 1824 1815 1980
9754 4 2 1 1 1488 2337 1767 2376
9755 4 2 1 1 883 913 603 1798
9756 4 2 1 1 1286 1304 1532 1801
9757 4 2 1 1 477 474 2070 2279
9758 4 2 1 1 1759 2285 779 2425
9759 4 2 1 1 2106 2211 1323 1257
9760 4 2 1 1 1990 1647 1256 1863
9761 4 2 1 1 596 2021 709 2367
9762 4 2 1 1 814 1045 285 1988
9763 4 2 1 1 858 1022 1029 1779
9764 4 2 1 1 473 472 474 1713
9765 4 2 1 1 359 852 2231 2415
9766 4 2 1 1 493 477 479 2279
9767 4 2 1 1 548 612 547 2085
9768 4 2 1 1 984 1888 697 2154
9769 4 2 1 1 884 193 1940 2242
9770 4 2 1 1 622 1052 730 1563
9771 4 2 1 1 47 750 62 1790
9772 4 2 1 1 181 706 678 1876
9773 4 2 1 1 2373 1933 2136 1222
9774 4 2 1 1 633 2112 1103 2293
9775 4 2 1 1 542 621 540 1985
9776 4 2 1 1 1367 2101 1978 2257
9777 4 2 1 1 922 729 1052 1839
9778 4 2 1 1 212 893 201 2186
9779 4 2 1 1 637 421 586 1657
9780 4 2 1 1 331 887 328 2424
9781 4 2 1 1 969 1373 856 2030
9782 4 2 1 1 1457 1313 2219 2421
9783 4 2 1 1 1539 2067 1241 1478
9784 4 2 1 1 240 239 242 1612
9785 4 2 1 1 1328 2224 1868 2397
9786 4 2 1 1 1728 2316 1436 2339
9787 4 2 1 1 516 953 1843 2293
9788 4 2 1 1 1816 2008 1340 2155
9789 4 2 1 1 1193 1617 1966 2379
9790 4 2 1 1 1408 1457 1145 1427
9791 4 2 1 1 513 562 560 2115
9792 4 2 1 1 534 702 661 1649
9793 4 2 1 1 2259 2292 1298 1717
9794 4 2 1 1 70 73 769 1653
9795 4 2 1 1 1017 34 1072 2316
9796 4 2 1 1 1181 1543 2020 2172
9797 4 2 1 1 823 205 299 2224
9798 4 2 1 1 1688 1928 1399 1142
9799 4 2 1 1 1379 1975 1589 1412
9800 4 2 1 1 759 655 924 2054
9801 4 2 1 1 2254 1645 1340 1816
9802 4 2 1 1 1157 2056 2352 1607
9803 4 2 1 1 1286 2157 1751 1333
9804 4 2 1 1 1799 1919 1240 2424
9805 4 2 1 1 152 816 144 2259
9806 4 2 1 1 1645 1184 1655 2150
9807 4 2 1 1 1614 1267 1998 2040
9808 4 2 1 1 446 853 854 2281
9809 4 2 1 1 537 693 692 1766
9810 4 2 1 1 93 92 94 2250
9811 4 2 1 1 459 2110 460 2236
9812 4 2 1 1 702 1649 534 2208
9813 4 2 1 1 196 1868 205 2397
9814 4 2 1 1 1260 1313 2177 2296
9815 4 2 1 1 1074 998 363 1854
9816 4 2 1 1 960 829 830 1756
9817 4 2 1 1 973 739 936 1889
9818 4 2 1 1 1697 1758 1276 2271
9819 4 2 1 1 934 294 712 1834
9820 4 2 1 1 2373 2140 1244 1506
9821 4 2 1 1 1287 2122 1856 2154
9822 4 2 1 1 1226 1637 1862 2291
9823 4 2 1 1 709 2021 1551 2367
9824 4 2 1 1 828 614 1107 2401
9825 4 2 1 1 421 718 1136 2295
9826 4 2 1 1 1441 2236 1557 2323
9827 4 2 1 1 1068 92 698 1625
9828 4 2 1 1 82 168 78 1549
9829 4 2 1 1 1299 1636 1824 1980
9830 4 2 1 1 584 580 997 2111
9831 4 2 1 1 1208 1983 1600 2382
9832 4 2 1 1 320 1829 2248 2403
9833 4 2 1 1 2222 2049 1528 2411
9834 4 2 1 1 1240 1929 2055 1507
9835 4 2 1 1 1981 2156 1654 2220
9836 4 2 1 1 1701 1839 1443 1224
9837 4 2 1 1 1779 2005 1230 2351
9838 4 2 1 1 295 296 373 2288
9839 4 2 1 1 1433 1882 1738 2313
9840 4 2 1 1 738 739 1127 1752
9841 4 2 1 1 1238 2130 1667 1268
9842 4 2 1 1 1314 2002 1723 2087
9843 4 2 1 1 1694 2202 1205 2240
9844 4 2 1 1 1276 1785 1697 2394
9845 4 2 1 1 62 56 1790 2305
9846 4 2 1 1 1120 619 960 1991
9847 4 2 1 1 171 1717 170 2282
9848 4 2 1 1 577 1047 978 1805
9849 4 2 1 1 962 1603 49 2353
9850 4 2 1 1 1433 2011 1937 2216
9851 4 2 1 1 1919 2033 1240 2424
9852 4 2 1 1 1157 2352 2195 1607
9853 4 2 1 1 690 904 423 1636
9854 4 2 1 1 387 385 361 1769
9855 4 2 1 1 741 979 750 1672
9856 4 2 1 1 1794 2078 1347 2416
9857 4 2 1 1 2047 2172 1397 2404
9858 4 2 1 1 390 386 874 2216
9859 4 2 1 1 2086 2219 1457 1313
9860 4 2 1 1 1957 2098 1454 2319
9861 4 2 1 1 1142 1570 1372 2193
9862 4 2 1 1 1083 831 671 1731
9863 4 2 1 1 1314 2087 1723 2330
9864 4 2 1 1 1454 2097 1714 2338
9865 4 2 1 1 1150 1997 1737 2108
9866 4 2 1 1 710 992 587 2003
9867 4 2 1 1 1439 2360 2034 2378
9868 4 2 1 1 323 1829 322 2181
9869 4 2 1 1 1333 2016 1532 2117
9870 4 2 1 1 347 331 1919 2424
9871 4 2 1 1 1241 1941 1614 1478
9872 4 2 1 1 908 1092 824 2354
9873 4 2 1 1 438 1128 1041 1664
9874 4 2 1 1 1401 1725 1781 2204
9875 4 2 1 1 36 744 27 1896
9876 4 2 1 1 1224 1979 1742 2368
9877 4 2 1 1 1859 2325 29 2342
9878 4 2 1 1 500 519 518 2390
9879 4 2 1 1 1526 1443 1948 2342
9880 4 2 1 1 842 1697 172 2271
9881 4 2 1 1 1677 1852 1311 2355
9882 4 2 1 1 672 40 1708 2389
9883 4 2 1 1 1450 1928 1688 1142
9884 4 2 1 1 1731 2336 1758 2350
9885 4 2 1 1 1277 1565 1956 2404
9886 4 2 1 1 53 21 22 2267
9887 4 2 1 1 1802 1469 1918 2370
9888 4 2 1 1 554 592 450 2009
9889 4 2 1 1 755 188 71 1774
9890 4 2 1 1 1439 2233 1773 2378
9891 4 2 1 1 1482 2162 1949 2335
9892 4 2 1 1 567 922 2046 983
9893 4 2 1 1 534 661 634 1649
9894 4 2 1 1 702 534 392 2208
9895 4 2 1 1 383 422 372 2386
9896 4 2 1 1 1364 1743 1300 1503
9897 4 2 1 1 815 813 964 2306
9898 4 2 1 1 1263 1661 1934 2209
9899 4 2 1 1 1743 1860 1222 1933
9900 4 2 1 1 1010 925 680 2398
9901 4 2 1 1 1241 2067 1539 1596
9902 4 2 1 1 250 249 252 1725
9903 4 2 1 1 152 170 171 1717
9904 4 2 1 1 1696 1411 1149 1726
9905 4 2 1 1 1310 1877 1818 2360
9906 4 2 1 1 1779 1961 1230 2005
9907 4 2 1 1 1000 1061 44 1845
9908 4 2 1 1 376 870 869 2273
9909 4 2 1 1 185 663 1040 1648
9910 4 2 1 1 1416 2048 1713 2377
9911 4 2 1 1 604 603 980 1949
9912 4 2 1 1 1387 1704 1877 1946
9913 4 2 1 1 1308 2096 1618 2156
9914 4 2 1 1 1176 1767 2337 2376
9915 4 2 1 1 1289 1937 1561 2216
9916 4 2 1 1 1284 1698 1870 1456
9917 4 2 1 1 1605 1886 1320 2354
9918 4 2 1 1 1312 1680 1908 1139
9919 4 2 1 1 236 233 235 1791
9920 4 2 1 1 1739 2175 1209 2309
9921 4 2 1 1 1393 1932 1633 2193
9922 4 2 1 1 520 518 519 2381
9923 4 2 1 1 1151 1802 1738 2304
9924 4 2 1 1 37 1839 2046 2420
9925 4 2 1 1 682 683 364 1803
9926 4 2 1 1 1257 2149 1771 2281
9927 4 2 1 1 49 685 1054 1603
9928 4 2 1 1 1323 2213 2095 2398
9929 4 2 1 1 999 940 662 2391
9930 4 2 1 1 2034 2360 1475 2378
9931 4 2 1 1 25 2265 1560 2369
9932 4 2 1 1 1271 2228 1670 2321
9933 4 2 1 1 1528 1588 2203 2222
9934 4 2 1 1 1613 1970 1246 2237
9935 4 2 1 1 1136 2295 1559 2313
9936 4 2 1 1 28 1021 36 1896
9937 4 2 1 1 1089 908 410 1733
9938 4 2 1 1 617 524 1077 1882
9939 4 2 1 1 1226 1834 1732 2367
9940 4 2 1 1 1292 2295 2011 2313
9941 4 2 1 1 524 617 615 1882
9942 4 2 1 1 1332 2100 1811 2260
9943 4 2 1 1 120 124 122 2201
9944 4 2 1 1 2133 2148 1397 2172
9945 4 2 1 1 1342 2229 1899 2414
9946 4 2 1 1 400 347 339 1919
9947 4 2 1 1 1228 1514 1622 2359
9948 4 2 1 1 749 1889 936 2183
9949 4 2 1 1 136 802 607 1499
9950 4 2 1 1 1009 709 351 1551
9951 4 2 1 1 866 624 1038 2215
9952 4 2 1 1 1223 2222 1528 2411
9953 4 2 1 1 1515 1896 1362 2369
9954 4 2 1 1 854 680 508 1771
9955 4 2 1 1 1804 2103 1362 2389
9956 4 2 1 1 1406 2103 1804 2389
9957 4 2 1 1 1226 1862 1551 2291
9958 4 2 1 1 869 333 319 1644
9959 4 2 1 1 80 76 79 2143
9960 4 2 1 1 1175 2239 1503 1300
9961 4 2 1 1 448 853 446 2281
9962 4 2 1 1 57 30 56 2305
9963 4 2 1 1 289 29 2325 2342
9964 4 2 1 1 620 671 1731 1083
9965 4 2 1 1 16 962 17 2353
9966 4 2 1 1 1727 2225 1335 2423
9967 4 2 1 1 1580 1232 2146 2203
9968 4 2 1 1 1150 1997 1643 2211
9969 4 2 1 1 507 641 1110 2138
9970 4 2 1 1 843 2073 1627 2419
9971 4 2 1 1 643 687 505 1906
9972 4 2 1 1 1946 2388 1310 2197
9973 4 2 1 1 822 821 820 1683
9974 4 2 1 1 2311 2011 1292 2089
9975 4 2 1 1 1545 1252 1949 2335
9976 4 2 1 1 1226 1907 1862 2317
9977 4 2 1 1 1106 1072 34 2316
9978 4 2 1 1 805 806 815 2102
9979 4 2 1 1 1853 2308 1164 2408
9980 4 2 1 1 1444 2361 1719 2412
9981 4 2 1 1 1438 2171 1599 2286
9982 4 2 1 1 2095 749 19 2183
9983 4 2 1 1 756 1041 753 2244
9984 4 2 1 1 1321 1788 1908 1139
9985 4 2 1 1 320 1829 321 2248
9986 4 2 1 1 994 1876 719 2161
9987 4 2 1 1 637 1091 1115 1761
9988 4 2 1 1 1773 2107 1631 2378
9989 4 2 1 1 1657 2089 1292 2295
9990 4 2 1 1 2247 2082 1140 1501
9991 4 2 1 1 2106 2211 1257 1486
9992 4 2 1 1 118 116 117 1920
9993 4 2 1 1 1728 656 2316 1017
9994 4 2 1 1 859 459 457 2104
9995 4 2 1 1 954 1004 1894 613
9996 4 2 1 1 69 2134 70 2402
9997 4 2 1 1 1267 1614 1998 2078
9998 4 2 1 1 919 24 23 1978
9999 4 2 1 1 285 2144 248 277
10000 4 2 1 1 531 402 403 1823
10001 4 2 1 1 699 633 1103 2293
10002 4 2 1 1 1505 1335 2225 2423
10003 4 2 1 1 1105 190 774 1716
10004 4 2 1 1 1188 2266 1581 2284
10005 4 2 1 1 1551 1226 2291 2367
10006 4 2 1 1 1873 2027 1420 2408
10007 4 2 1 1 686 2162 679 2213
10008 4 2 1 1 486 487 485 1901
10009 4 2 1 1 1217 1591 1927 2321
10010 4 2 1 1 746 747 1134 1933
10011 4 2 1 1 1242 1791 2027 2142
10012 4 2 1 1 1343 1927 1761 2132
10013 4 2 1 1 2254 1645 1816 1322
10014 4 2 1 1 224 222 223 2114
10015 4 2 1 1 1296 1586 1140 1464
10016 4 2 1 1 880 518 2381 2390
10017 4 2 1 1 292 426 861 2262
10018 4 2 1 1 1693 1373 2361 2412
10019 4 2 1 1 1184 1816 1645 1322
10020 4 2 1 1 1217 1872 1591 2321
10021 4 2 1 1 989 406 779 1759
10022 4 2 1 1 1419 1653 1313 2402
10023 4 2 1 1 1590 2116 1283 2123
10024 4 2 1 1 1452 1868 1679 1763
10025 4 2 1 1 1144 1984 1681 2418
10026 4 2 1 1 986 943 558 2005
10027 4 2 1 1 1390 2308 1853 2408
10028 4 2 1 1 2259 2327 1789 2393
10029 4 2 1 1 2118 2304 1639 2311
10030 4 2 1 1 1181 1543 2172 2214
10031 4 2 1 1 1243 1852 1677 2355
10032 4 2 1 1 1320 2115 1410 2354
10033 4 2 1 1 1554 2095 19 2183
10034 4 2 1 1 2060 1695 1345 306
10035 4 2 1 1 1290 2096 1664 2156
10036 4 2 1 1 1236 1631 2107 2378
10037 4 2 1 1 1287 2154 1479 2333
10038 4 2 1 1 2228 2025 1926 1763
10039 4 2 1 1 1302 1447 1742 2368
10040 4 2 1 1 2335 1554 2213 1545
10041 4 2 1 1 83 81 1084 1973
10042 4 2 1 1 1578 1866 1218 2406
10043 4 2 1 1 380 451 782 1981
10044 4 2 1 1 1893 1972 1310 2197
10045 4 2 1 1 1298 2052 1606 129
10046 4 2 1 1 2175 2331 1175 1672
10047 4 2 1 1 503 1569 502 657
10048 4 2 1 1 137 790 169 1693
10049 4 2 1 1 516 953 836 1843
10050 4 2 1 1 1294 1854 1579 2358
10051 4 2 1 1 839 600 823 2224
10052 4 2 1 1 1424 2370 1869 2418
10053 4 2 1 1 1158 1686 1914 2297
10054 4 2 1 1 49 962 685 1603
10055 4 2 1 1 1779 2223 2005 2351
10056 4 2 1 1 1077 1136 1559 2313
10057 4 2 1 1 1156 1990 1665 1830
10058 4 2 1 1 2071 2179 1421 2371
10059 4 2 1 1 1447 1967 1963 2368
10060 4 2 1 1 619 564 620 1758
10061 4 2 1 1 140 792 141 2238
10062 4 2 1 1 1430 1711 1851 1998
10063 4 2 1 1 1376 1606 2223 2351
10064 4 2 1 1 1292 2089 2011 2295
10065 4 2 1 1 707 134 708 2125
10066 4 2 1 1 344 365 358 1879
10067 4 2 1 1 1398 2156 1981 2220
10068 4 2 1 1 1607 1305 2196 2352
10069 4 2 1 1 1680 1331 2189 2409
10070 4 2 1 1 1650 2316 1395 2339
10071 4 2 1 1 1239 2053 1921 2268
10072 4 2 1 1 316 406 314 2285
10073 4 2 1 1 2245 595 1069 1046
10074 4 2 1 1 1162 1727 2225 1281
10075 4 2 1 1 679 2213 2162 2398
10076 4 2 1 1 869 319 317 2273
10077 4 2 1 1 576 574 1027 1860
10078 4 2 1 1 585 853 448 2281
10079 4 2 1 1 180 178 179 2258
10080 4 2 1 1 689 1892 247 2204
10081 4 2 1 1 601 151 792 2238
10082 4 2 1 1 1066 411 892 2132
10083 4 2 1 1 1902 2239 1503 1140
10084 4 2 1 1 1160 1851 1711 1998
10085 4 2 1 1 1130 585 2147 2281
10086 4 2 1 1 1502 2327 2259 2393
10087 4 2 1 1 1160 1711 1851 2182
10088 4 2 1 1 506 2011 420 2313
10089 4 2 1 1 322 323 321 1829
10090 4 2 1 1 1162 2343 1727 1281
10091 4 2 1 1 1263 1972 1893 2197
10092 4 2 1 1 1391 2027 1791 2142
10093 4 2 1 1 367 346 366 2170
10094 4 2 1 1 1411 1726 2053 2268
10095 4 2 1 1 1271 1679 1868 1763
10096 4 2 1 1 575 428 862 1783
10097 4 2 1 1 2082 2373 2136 1222
10098 4 2 1 1 1415 2044 1667 2130
10099 4 2 1 1 628 1008 996 1819
10100 4 2 1 1 827 1801 828 2401
10101 4 2 1 1 1829 2248 2129 2425
10102 4 2 1 1 322 1829 320 2403
10103 4 2 1 1 1410 2115 1320 2395
10104 4 2 1 1 1664 2156 1398 2220
10105 4 2 1 1 1345 2079 1951 2328
10106 4 2 1 1 2243 30 58 57
10107 4 2 1 1 1151 1745 1957 2366
10108 4 2 1 1 1148 1511 2217 2384
10109 4 2 1 1 800 1013 801 1698
10110 4 2 1 1 1462 1730 2067 2315
10111 4 2 1 1 715 209 716 1904
10112 4 2 1 1 1951 2079 1168 2328
10113 4 2 1 1 440 435 2016 2415
10114 4 2 1 1 122 134 121 2125
10115 4 2 1 1 668 665 1118 1722
10116 4 2 1 1 1541 2115 1410 2395
10117 4 2 1 1 726 1912 1064 2227
10118 4 2 1 1 2129 2248 1394 2425
10119 4 2 1 1 1601 2060 1345 2277
10120 4 2 1 1 951 281 527 2001
10121 4 2 1 1 194 196 823 2397
10122 4 2 1 1 1287 1910 1660 2333
10123 4 2 1 1 534 1649 634 2322
10124 4 2 1 1 2215 535 988 2322
10125 4 2 1 1 1254 1457 1618 2219
10126 4 2 1 1 1423 2007 1921 2124
10127 4 2 1 1 1327 2020 1956 2172
10128 4 2 1 1 707 995 544 2125
10129 4 2 1 1 897 908 824 2354
10130 4 2 1 1 793 1916 677 2332
10131 4 2 1 1 1761 1927 1591 2132
10132 4 2 1 1 1409 2028 1637 2255
10133 4 2 1 1 302 303 304 1935
10134 4 2 1 1 1197 1652 1751 2191
10135 4 2 1 1 799 993 572 1770
10136 4 2 1 1 676 498 497 2012
10137 4 2 1 1 51 668 731 1804
10138 4 2 1 1 1724 1331 2212 2409
10139 4 2 1 1 420 506 389 2011
10140 4 2 1 1 1196 2087 1842 2330
10141 4 2 1 1 1758 939 842 620
10142 4 2 1 1 619 1991 618 2329
10143 4 2 1 1 241 239 237 2207
10144 4 2 1 1 582 672 579 2068
10145 4 2 1 1 2389 51 664 667
10146 4 2 1 1 853 1085 854 2281
10147 4 2 1 1 1680 1321 1908 1139
10148 4 2 1 1 1857 1902 1503 2082
10149 4 2 1 1 1929 1269 1453 2055
10150 4 2 1 1 922 2046 1839 2274
10151 4 2 1 1 15 727 31 1743
10152 4 2 1 1 1153 2047 1972 2404
10153 4 2 1 1 547 865 1944 2346
10154 4 2 1 1 844 444 397 1678
10155 4 2 1 1 1470 1831 1757 2240
10156 4 2 1 1 417 912 510 2159
10157 4 2 1 1 695 529 696 2084
10158 4 2 1 1 2021 2245 1426 2372
10159 4 2 1 1 330 2033 331 2424
10160 4 2 1 1 678 909 719 1876
10161 4 2 1 1 135 725 726 1912
10162 4 2 1 1 1908 2276 1610 2422
10163 4 2 1 1 122 125 1050 1700
10164 4 2 1 1 1021 649 1099 1974
10165 4 2 1 1 304 305 825 1695
10166 4 2 1 1 908 1733 1410 2354
10167 4 2 1 1 149 128 886 2052
10168 4 2 1 1 730 1020 622 1563
10169 4 2 1 1 1249 2031 1745 2272
10170 4 2 1 1 527 944 690 1824
10171 4 2 1 1 515 681 906 2123
10172 4 2 1 1 794 258 795 2200
10173 4 2 1 1 1019 244 1803 2383
10174 4 2 1 1 1732 2291 1226 2367
10175 4 2 1 1 1789 2259 310 2327
10176 4 2 1 1 477 478 479 1676
10177 4 2 1 1 1296 2239 1902 1140
10178 4 2 1 1 71 188 60 2210
10179 4 2 1 1 1269 1709 2007 2376
10180 4 2 1 1 18 704 19 1554
10181 4 2 1 1 194 195 196 2397
10182 4 2 1 1 682 244 643 1906
10183 4 2 1 1 477 2070 1676 2279
10184 4 2 1 1 36 27 28 1896
10185 4 2 1 1 1188 1581 2006 2284
10186 4 2 1 1 981 637 1115 1761
10187 4 2 1 1 588 589 499 1566
10188 4 2 1 1 1000 573 1125 1845
10189 4 2 1 1 355 2060 307 2249
10190 4 2 1 1 1877 1967 1302 2360
10191 4 2 1 1 1616 927 1859 2325
10192 4 2 1 1 330 331 328 2424
10193 4 2 1 1 477 773 474 2279
10194 4 2 1 1 975 1035 633 2112
10195 4 2 1 1 500 910 519 1677
10196 4 2 1 1 1073 626 974 2287
10197 4 2 1 1 19 18 1554 2183
10198 4 2 1 1 1098 872 245 1753
10199 4 2 1 1 1555 2095 1437 2267
10200 4 2 1 1 2239 2043 1140 1586
10201 4 2 1 1 1238 1519 2130 1268
10202 4 2 1 1 160 150 793 2332
10203 4 2 1 1 419 706 1084 1973
10204 4 2 1 1 1818 1877 1310 2152
10205 4 2 1 1 1228 1638 1192 2179
10206 4 2 1 1 897 410 908 1733
10207 4 2 1 1 293 1800 291 2262
10208 4 2 1 1 560 562 972 2115
10209 4 2 1 1 788 1129 785 1710
10210 4 2 1 1 1217 1927 1670 2321
10211 4 2 1 1 2037 2230 1284 2349
10212 4 2 1 1 952 599 769 1977
10213 4 2 1 1 208 219 209 2119
10214 4 2 1 1 1593 2174 1319 2243
10215 4 2 1 1 1815 1519 1238 1268
10216 4 2 1 1 1249 1559 2166 2272
10217 4 2 1 1 321 2248 1829 2425
10218 4 2 1 1 1276 2350 1785 2352
10219 4 2 1 1 1659 1877 1387 1967
10220 4 2 1 1 902 221 218 1821
10221 4 2 1 1 1148 2217 1999 2384
10222 4 2 1 1 194 600 2088 2397
10223 4 2 1 1 1718 1807 1273 1372
10224 4 2 1 1 654 1119 1014 1871
10225 4 2 1 1 1844 2078 1241 2416
10226 4 2 1 1 714 1058 999 2391
10227 4 2 1 1 656 1072 955 2316
10228 4 2 1 1 1752 2232 1248 2298
10229 4 2 1 1 1320 1410 1733 2354
10230 4 2 1 1 1240 1635 1326 1507
10231 4 2 1 1 1389 2100 1811 2303
10232 4 2 1 1 922 1109 567 2274
10233 4 2 1 1 1255 1986 2266 2407
10234 4 2 1 1 316 779 2285 2425
10235 4 2 1 1 942 941 602 2168
10236 4 2 1 1 1 641 1080 2356
10237 4 2 1 1 327 323 326 2181
10238 4 2 1 1 1303 1681 1984 2418
10239 4 2 1 1 1514 1638 2179 1340
10240 4 2 1 1 1399 1965 1688 1142
10241 4 2 1 1 763 700 959 1970
10242 4 2 1 1 2066 756 645 2252
10243 4 2 1 1 39 925 2095 2398
10244 4 2 1 1 1312 2212 2050 2422
10245 4 2 1 1 1087 670 576 1860
10246 4 2 1 1 1986 1472 2284 2407
10247 4 2 1 1 1244 2018 1728 2140
10248 4 2 1 1 1245 1828 2324 2338
10249 4 2 1 1 1457 2177 1313 2296
10250 4 2 1 1 258 214 891 1872
10251 4 2 1 1 2222 2049 2411 1339
10252 4 2 1 1 948 871 870 1793
10253 4 2 1 1 2292 2098 2319 1200
10254 4 2 1 1 755 753 188 1774
10255 4 2 1 1 511 498 676 2012
10256 4 2 1 1 1039 619 620 2336
10257 4 2 1 1 1259 1939 1959 1142
10258 4 2 1 1 1206 1610 1908 2276
10259 4 2 1 1 1509 1604 1200 2282
10260 4 2 1 1 757 645 168 2252
10261 4 2 1 1 261 895 265 1924
10262 4 2 1 1 1391 2142 1791 2207
10263 4 2 1 1 1292 1639 2304 2311
10264 4 2 1 1 1002 452 458 2323
10265 4 2 1 1 658 659 503 1344
10266 4 2 1 1 1483 2161 2122 2251
10267 4 2 1 1 107 109 409 2365
10268 4 2 1 1 1313 1739 2175 1175
10269 4 2 1 1 509 991 980 1949
10270 4 2 1 1 347 887 331 2424
10271 4 2 1 1 2343 1957 1458 1278
10272 4 2 1 1 1722 1804 1212 2218
10273 4 2 1 1 1094 1882 1110 2356
10274 4 2 1 1 1236 2107 2233 2378
10275 4 2 1 1 63 64 65 1865
10276 4 2 1 1 871 1793 948 2385
10277 4 2 1 1 1036 1030 297 1922
10278 4 2 1 1 1713 1962 1270 2299
10279 4 2 1 1 215 408 893 1703
10280 4 2 1 1 1290 2086 1618 2156
10281 4 2 1 1 630 1008 628 1819
10282 4 2 1 1 1838 1204 1488 2337
10283 4 2 1 1 941 819 602 1911
10284 4 2 1 1 660 657 502 1569
10285 4 2 1 1 1282 1425 1720 1950
10286 4 2 1 1 1301 1628 1995 2357
10287 4 2 1 1 1319 1865 2174 2264
10288 4 2 1 1 1096 596 709 2367
10289 4 2 1 1 719 994 181 1876
10290 4 2 1 1 2243 30 57 2305
10291 4 2 1 1 2198 2244 2348 1774
10292 4 2 1 1 1178 1684 2081 2185
10293 4 2 1 1 70 769 761 2402
10294 4 2 1 1 39 2095 2213 2398
10295 4 2 1 1 1162 2225 1727 2423
10296 4 2 1 1 451 452 1002 2323
10297 4 2 1 1 1304 1757 1831 2240
10298 4 2 1 1 1628 1914 1369 2137
10299 4 2 1 1 1648 605 185 2166
10300 4 2 1 1 1101 453 681 2363
10301 4 2 1 1 1402 2306 1909 2375
10302 4 2 1 1 1188 2266 2284 2407
10303 4 2 1 1 609 1061 1125 1845
10304 4 2 1 1 893 929 894 2186
10305 4 2 1 1 1077 1040 617 1882
10306 4 2 1 1 1578 1829 1275 2406
10307 4 2 1 1 1270 2048 1713 2299
10308 4 2 1 1 598 501 537 1634
10309 4 2 1 1 1144 1681 2036 2418
10310 4 2 1 1 1147 1615 1925 2414
10311 4 2 1 1 1754 1149 1330 1951
10312 4 2 1 1 2222 2049 1339 2146
10313 4 2 1 1 1599 2171 1185 2286
10314 4 2 1 1 407 950 778 2275
10315 4 2 1 1 2 29 3 1859
10316 4 2 1 1 1802 1918 1303 2370
10317 4 2 1 1 624 821 1038 2215
10318 4 2 1 1 381 299 374 2151
10319 4 2 1 1 1160 1998 1711 2040
10320 4 2 1 1 918 1106 34 1650
10321 4 2 1 1 196 205 823 2397
10322 4 2 1 1 689 1006 247 1892
10323 4 2 1 1 1284 1870 1698 2349
10324 4 2 1 1 157 163 167 1808
10325 4 2 1 1 305 2112 1695 2358
10326 4 2 1 1 1565 2266 1956 2404
10327 4 2 1 1 821 1113 279 2235
10328 4 2 1 1 136 453 349 2363
10329 4 2 1 1 1493 2120 1659 1447
10330 4 2 1 1 883 603 345 1798
10331 4 2 1 1 69 70 66 2402
10332 4 2 1 1 37 983 923 2046
10333 4 2 1 1 821 279 820 2235
10334 4 2 1 1 967 255 257 2044
10335 4 2 1 1 1666 2110 1309 2139
10336 4 2 1 1 811 976 1012 1995
10337 4 2 1 1 2322 2340 1295 2215
10338 4 2 1 1 39 925 20 2095
10339 4 2 1 1 1141 1967 1877 2360
10340 4 2 1 1 8 733 42 2153
10341 4 2 1 1 1302 1659 2120 1447
10342 4 2 1 1 1298 1789 2088 2145
10343 4 2 1 1 1580 2069 1264 2320
10344 4 2 1 1 930 2084 167 2341
10345 4 2 1 1 854 433 446 2149
10346 4 2 1 1 1606 1446 2223 2351
10347 4 2 1 1 764 405 471 2299
10348 4 2 1 1 1065 1051 1870 2349
10349 4 2 1 1 1680 1139 1312 2409
10350 4 2 1 1 1793 901 948 2380
10351 4 2 1 1 736 735 35 1786
10352 4 2 1 1 1286 1583 2016 1333
10353 4 2 1 1 1459 1660 2155 2417
10354 4 2 1 1 32 23 759 1978
10355 4 2 1 1 1302 1742 1979 2368
10356 4 2 1 1 451 949 1981 2323
10357 4 2 1 1 1604 1376 1200 2282
10358 4 2 1 1 1231 1936 1876 2161
10359 4 2 1 1 426 1051 861 1870
10360 4 2 1 1 1459 1910 1660 2417
10361 4 2 1 1 460 528 530 2110
10362 4 2 1 1 489 490 589 2294
10363 4 2 1 1 1221 1246 1577 2206
10364 4 2 1 1 117 119 118 1920
10365 4 2 1 1 1333 2117 1627 2231
10366 4 2 1 1 1743 2077 1300 2353
10367 4 2 1 1 1245 2260 1828 2338
10368 4 2 1 1 2104 2154 1428 2333
10369 4 2 1 1 2056 2251 1466 1607
10370 4 2 1 1 1000 1125 1061 1845
10371 4 2 1 1 123 131 130 2237
10372 4 2 1 1 1312 2276 1908 2422
10373 4 2 1 1 388 797 2280 851
10374 4 2 1 1 1231 2049 1632 2251
10375 4 2 1 1 1219 1544 2032 2364
10376 4 2 1 1 2220 368 187 379
10377 4 2 1 1 1291 1803 1906 2383
10378 4 2 1 1 641 2138 1080 2356
10379 4 2 1 1 793 711 677 1916
10380 4 2 1 1 422 551 423 2386
10381 4 2 1 1 809 813 815 1909
10382 4 2 1 1 1572 2232 1290 2298
10383 4 2 1 1 1113 877 279 2235
10384 4 2 1 1 89 88 90 2064
10385 4 2 1 1 103 101 102 1801
10386 4 2 1 1 1986 2284 2266 2407
10387 4 2 1 1 1829 1275 2248 2403
10388 4 2 1 1 1399 1873 1792 2362
10389 4 2 1 1 13 741 12 2128
10390 4 2 1 1 1347 2080 2078 2190
10391 4 2 1 1 1301 1599 2171 2375
10392 4 2 1 1 1314 1842 2087 2330
10393 4 2 1 1 858 857 182 1604
10394 4 2 1 1 1286 1304 1801 1495
10395 4 2 1 1 1408 1457 1427 1254
10396 4 2 1 1 1240 2055 1635 1507
10397 4 2 1 1 1274 2127 1551 2291
10398 4 2 1 1 1896 26 27 1362
10399 4 2 1 1 70 2134 1653 2402
10400 4 2 1 1 40 26 25 2369
10401 4 2 1 1 15 48 742 2077
10402 4 2 1 1 1235 1723 2131 2318
10403 4 2 1 1 589 968 926 1820
10404 4 2 1 1 618 1033 182 1604
10405 4 2 1 1 1195 1687 2173 2209
10406 4 2 1 1 2367 934 596 1834
10407 4 2 1 1 62 57 56 2305
10408 4 2 1 1 1275 2129 1623 2406
10409 4 2 1 1 1581 2266 1986 2284
10410 4 2 1 1 91 89 90 2226
10411 4 2 1 1 1188 1576 2266 2407
10412 4 2 1 1 39 1554 704 2213
10413 4 2 1 1 1154 1470 1655 1341
10414 4 2 1 1 2198 2348 2244 1417
10415 4 2 1 1 17 962 49 2353
10416 4 2 1 1 401 420 389 2295
10417 4 2 1 1 1228 1192 1736 2179
10418 4 2 1 1 547 483 543 1944
10419 4 2 1 1 973 751 752 2198
10420 4 2 1 1 600 146 194 2088
10421 4 2 1 1 588 1566 499 2390
10422 4 2 1 1 907 288 371 1948
10423 4 2 1 1 1774 1264 2198 2210
10424 4 2 1 1 204 1943 202 2119
10425 4 2 1 1 1264 2210 1774 2263
10426 4 2 1 1 1303 2324 1828 2338
10427 4 2 1 1 266 351 898 1837
10428 4 2 1 1 1378 2115 1541 2395
10429 4 2 1 1 199 896 467 2137
10430 4 2 1 1 359 342 343 2231
10431 4 2 1 1 107 106 108 1694
10432 4 2 1 1 1181 2172 2148 2214
10433 4 2 1 1 334 338 631 1386
10434 4 2 1 1 731 1118 33 2218
10435 4 2 1 1 737 739 738 1752
10436 4 2 1 1 532 864 669 2075
10437 4 2 1 1 1791 2027 1391 2301
10438 4 2 1 1 1616 1859 2 2176
10439 4 2 1 1 1180 1806 2045 1321
10440 4 2 1 1 714 662 702 2391
10441 4 2 1 1 318 320 321 2248
10442 4 2 1 1 616 874 506 2011
10443 4 2 1 1 1153 1972 2047 2345
10444 4 2 1 1 680 679 2162 2398
10445 4 2 1 1 1873 1853 1164 2408
10446 4 2 1 1 355 308 307 2060
10447 4 2 1 1 744 36 1099 1896
10448 4 2 1 1 196 200 205 1868
10449 4 2 1 1 257 283 967 2044
10450 4 2 1 1 1415 1732 2158 1833
10451 4 2 1 1 540 764 471 2299
10452 4 2 1 1 1019 244 682 1803
10453 4 2 1 1 863 966 536 1775
10454 4 2 1 1 653 43 25 2265
10455 4 2 1 1 684 232 1081 2301
10456 4 2 1 1 1829 2129 1392 2425
10457 4 2 1 1 827 352 2314 2401
10458 4 2 1 1 1492 2210 2054 2320
10459 4 2 1 1 1474 2324 2218 2356
10460 4 2 1 1 299 2151 381 2224
10461 4 2 1 1 1175 2219 1586 2239
10462 4 2 1 1 790 139 148 2412
10463 4 2 1 1 39 686 679 2213
10464 4 2 1 1 1818 1877 1302 2360
10465 4 2 1 1 1079 676 947 1656
10466 4 2 1 1 1263 1147 1481 1735
10467 4 2 1 1 99 101 774 2227
10468 4 2 1 1 1971 2198 1264 2210
10469 4 2 1 1 872 1088 245 1753
10470 4 2 1 1 672 40 1048 1708
10471 4 2 1 1 1234 1758 1991 2350
10472 4 2 1 1 1298 2145 2292 2393
10473 4 2 1 1 8 918 9 2153
10474 4 2 1 1 1277 2172 2047 2404
10475 4 2 1 1 1395 2316 1728 2339
10476 4 2 1 1 1306 2111 2068 2246
10477 4 2 1 1 132 1044 130 2121
10478 4 2 1 1 406 989 1043 1759
10479 4 2 1 1 1717 1200 1376 2282
10480 4 2 1 1 2215 988 535 624
10481 4 2 1 1 232 233 1081 2301
10482 4 2 1 1 1315 1669 2010 2205
10483 4 2 1 1 443 381 397 2151
10484 4 2 1 1 1446 2005 2223 2351
10485 4 2 1 1 1107 614 993 2401
10486 4 2 1 1 1273 1372 1570 2193
10487 4 2 1 1 1136 718 1077 1559
10488 4 2 1 1 169 969 1037 2030
10489 4 2 1 1 1311 2381 1677 2390
10490 4 2 1 1 1157 1992 2195 2352
10491 4 2 1 1 1718 1372 1273 2193
10492 4 2 1 1 65 64 66 1865
10493 4 2 1 1 1161 1797 2264 2309
10494 4 2 1 1 1297 2158 1732 1833
10495 4 2 1 1 1937 2011 1561 2216
10496 4 2 1 1 47 62 56 1790
10497 4 2 1 1 604 991 1075 1949
10498 4 2 1 1 1607 2350 1276 2352
10499 4 2 1 1 321 318 2248 2425
10500 4 2 1 1 765 68 979 2331
10501 4 2 1 1 647 716 1057 1904
10502 4 2 1 1 928 1074 363 2358
10503 4 2 1 1 960 360 1120 1991
10504 4 2 1 1 359 852 342 2231
10505 4 2 1 1 1999 2217 1522 2384
10506 4 2 1 1 586 1657 421 2295
10507 4 2 1 1 1286 1304 1495 2157
10508 4 2 1 1 1625 2226 1383 2250
10509 4 2 1 1 1465 1999 2029 2276
10510 4 2 1 1 322 762 350 2403
10511 4 2 1 1 1376 2223 1779 2351
10512 4 2 1 1 430 291 293 1800
10513 4 2 1 1 2367 596 934 1096
10514 4 2 1 1 406 780 314 2285
10515 4 2 1 1 618 182 857 1604
10516 4 2 1 1 736 35 737 1786
10517 4 2 1 1 1788 2029 1473 1206
10518 4 2 1 1 1675 2141 1354 2287
10519 4 2 1 1 316 318 779 2425
10520 4 2 1 1 256 791 272 1989
10521 4 2 1 1 687 643 244 1906
10522 4 2 1 1 1270 1713 2048 2377
10523 4 2 1 1 6 732 44 1701
10524 4 2 1 1 681 607 906 2123
10525 4 2 1 1 2322 2382 1295 2126
10526 4 2 1 1 556 829 960 1756
10527 4 2 1 1 66 65 1865 2402
10528 4 2 1 1 1286 1197 1751 2059
10529 4 2 1 1 84 757 82 1856
10530 4 2 1 1 1572 1296 1254 2239
10531 4 2 1 1 1116 937 1053 2065
10532 4 2 1 1 278 789 277 2230
10533 4 2 1 1 50 3 734 1859
10534 4 2 1 1 1962 2041 1270 2299
10535 4 2 1 1 1032 708 1073 2287
10536 4 2 1 1 1818 2152 1310 2345
10537 4 2 1 1 144 149 152 2052
10538 4 2 1 1 1399 1729 1959 2405
10539 4 2 1 1 320 324 762 2403
10540 4 2 1 1 1300 1786 2302 2353
10541 4 2 1 1 342 2419 343 2231
10542 4 2 1 1 1376 2074 1606 2351
10543 4 2 1 1 131 123 959 1970
10544 4 2 1 1 2292 2098 1200 1502
10545 4 2 1 1 999 1058 684 1707
10546 4 2 1 1 411 211 892 2132
10547 4 2 1 1 1031 264 777 1809
10548 4 2 1 1 1232 2203 1588 2222
10549 4 2 1 1 1042 350 762 2403
10550 4 2 1 1 1124 967 283 2044
10551 4 2 1 1 1317 2084 1626 2341
10552 4 2 1 1 968 569 926 1820
10553 4 2 1 1 1349 2202 1694 2240
10554 4 2 1 1 1277 1956 2172 2404
10555 4 2 1 1 43 654 655 2265
10556 4 2 1 1 1610 2276 1999 2422
10557 4 2 1 1 235 233 234 1791
10558 4 2 1 1 471 405 470 2299
10559 4 2 1 1 1305 1607 2195 2352
10560 4 2 1 1 1074 592 998 1854
10561 4 2 1 1 1216 2050 1724 2212
10562 4 2 1 1 763 114 300 1461
10563 4 2 1 1 334 324 333 1386
10564 4 2 1 1 1292 1559 2295 2313
10565 4 2 1 1 1313 1658 1175 2331
10566 4 2 1 1 362 337 361 1952
10567 4 2 1 1 65 404 67 2174
10568 4 2 1 1 743 742 48 2077
10569 4 2 1 1 1877 1946 1310 2152
10570 4 2 1 1 202 159 154 1943
10571 4 2 1 1 33 982 1094 2356
10572 4 2 1 1 130 2121 1060 2237
10573 4 2 1 1 948 870 376 1793
10574 4 2 1 1 1815 1980 1238 2167
10575 4 2 1 1 1216 2050 1915 2347
10576 4 2 1 1 126 546 886 2223
10577 4 2 1 1 242 784 990 2083
10578 4 2 1 1 1245 2324 1802 2338
10579 4 2 1 1 1781 1892 1497 2204
10580 4 2 1 1 487 489 485 2294
10581 4 2 1 1 2176 2381 1311 2390
10582 4 2 1 1 414 353 468 2022
10583 4 2 1 1 143 1086 828 1801
10584 4 2 1 1 1260 2192 1684 2296
10585 4 2 1 1 620 564 842 1758
10586 4 2 1 1 1188 1243 1719 2361
10587 4 2 1 1 1758 939 620 1731
10588 4 2 1 1 305 1103 2112 2358
10589 4 2 1 1 1241 1794 2214 2416
10590 4 2 1 1 1696 1247 2035 1726
10591 4 2 1 1 331 2033 1919 2424
10592 4 2 1 1 586 401 797 2089
10593 4 2 1 1 77 71 61 2210
10594 4 2 1 1 58 722 915 2243
10595 4 2 1 1 1278 2029 1999 1206
10596 4 2 1 1 1660 2056 1287 2333
10597 4 2 1 1 342 343 2419 173
10598 4 2 1 1 1327 1956 2266 2404
10599 4 2 1 1 1269 1955 1709 2376
10600 4 2 1 1 654 1014 655 1871
10601 4 2 1 1 1130 853 585 2281
10602 4 2 1 1 4 1443 5 2420
10603 4 2 1 1 1050 626 1073 2287
10604 4 2 1 1 1469 2023 1855 2370
10605 4 2 1 1 378 829 463 2303
10606 4 2 1 1 892 211 197 2132
10607 4 2 1 1 314 780 312 1954
10608 4 2 1 1 426 292 286 2262
10609 4 2 1 1 751 60 188 2198
10610 4 2 1 1 1185 2171 1599 2375
10611 4 2 1 1 1061 610 745 2187
10612 4 2 1 1 2146 2203 1232 2222
10613 4 2 1 1 1319 2175 1865 2264
10614 4 2 1 1 1318 2195 2072 2399
10615 4 2 1 1 371 425 573 1668
10616 4 2 1 1 1314 1204 2184 2337
10617 4 2 1 1 1477 2249 1695 2328
10618 4 2 1 1 560 972 591 2115
10619 4 2 1 1 1236 2233 2034 2378
10620 4 2 1 1 1999 2276 1465 2422
10621 4 2 1 1 641 639 1080 2138
10622 4 2 1 1 1833 1897 1325 2317
10623 4 2 1 1 983 37 922 2046
10624 4 2 1 1 1329 1990 1863 1735
10625 4 2 1 1 1083 162 831 1731
10626 4 2 1 1 428 574 429 2000
10627 4 2 1 1 1175 1572 2239 1300
10628 4 2 1 1 1616 2176 2 2381
10629 4 2 1 1 827 828 1107 2401
10630 4 2 1 1 665 583 666 1881
10631 4 2 1 1 330 332 331 2033
10632 4 2 1 1 1419 2174 1865 2264
10633 4 2 1 1 547 865 483 1944
10634 4 2 1 1 1687 2090 1195 2173
10635 4 2 1 1 1751 1652 1197 1333
10636 4 2 1 1 22 1010 41 2257
10637 4 2 1 1 538 831 539 1936
10638 4 2 1 1 949 782 451 1981
10639 4 2 1 1 1739 2264 2175 2309
10640 4 2 1 1 355 356 308 2060
10641 4 2 1 1 434 508 509 2162
10642 4 2 1 1 184 1756 829 2303
10643 4 2 1 1 1267 2078 2080 2190
10644 4 2 1 1 1811 2100 1332 2303
10645 4 2 1 1 1090 875 804 1835
10646 4 2 1 1 1150 1737 1997 2211
10647 4 2 1 1 1796 2189 1353 2413
10648 4 2 1 1 389 388 401 2089
10649 4 2 1 1 792 140 191 1993
10650 4 2 1 1 389 874 386 2011
10651 4 2 1 1 618 857 563 2329
10652 4 2 1 1 486 485 484 1901
10653 4 2 1 1 365 447 446 2149
10654 4 2 1 1 1116 311 833 2065
10655 4 2 1 1 1282 1424 1144 2036
10656 4 2 1 1 1057 1030 648 1960
10657 4 2 1 1 693 409 1766 2365
10658 4 2 1 1 316 314 315 2285
10659 4 2 1 1 747 45 1131 2140
10660 4 2 1 1 1800 353 354 2022
10661 4 2 1 1 1731 1370 2336 2350
10662 4 2 1 1 322 320 762 2403
10663 4 2 1 1 414 966 354 2022
10664 4 2 1 1 820 964 822 2306
10665 4 2 1 1 63 65 67 2174
10666 4 2 1 1 288 29 289 2342
10667 4 2 1 1 323 322 325 2181
10668 4 2 1 1 32 22 23 2257
10669 4 2 1 1 204 284 159 1943
10670 4 2 1 1 1677 2355 1311 2390
10671 4 2 1 1 795 797 851 2280
10672 4 2 1 1 1228 1622 1514 2179
10673 4 2 1 1 1308 2244 1774 2348
10674 4 2 1 1 1608 1294 2112 2293
10675 4 2 1 1 1774 2198 1264 2348
10676 4 2 1 1 875 502 450 2009
10677 4 2 1 1 1466 2122 2161 2251
10678 4 2 1 1 524 615 506 2313
10679 4 2 1 1 1044 1037 694 2121
10680 4 2 1 1 1784 1992 1322 2379
10681 4 2 1 1 2034 2233 1439 2378
10682 4 2 1 1 1719 1243 1373 2361
10683 4 2 1 1 943 1029 546 2223
10684 4 2 1 1 1191 2197 1735 1346
10685 4 2 1 1 1294 2293 1854 2358
10686 4 2 1 1 1758 2336 1991 2350
10687 4 2 1 1 39 679 925 2398
10688 4 2 1 1 1249 2166 1894 2272
10689 4 2 1 1 1615 2229 1925 2414
10690 4 2 1 1 1348 2187 2153 2013
10691 4 2 1 1 949 782 1981 2396
10692 4 2 1 1 1115 1091 411 1761
10693 4 2 1 1 1859 2 50 3
10694 4 2 1 1 822 1038 821 1683
10695 4 2 1 1 1006 243 1892 2383
10696 4 2 1 1 137 133 138 1913
10697 4 2 1 1 1130 1085 853 2281
10698 4 2 1 1 1345 1951 1695 2328
10699 4 2 1 1 479 480 832 1356
10700 4 2 1 1 905 551 422 2386
10701 4 2 1 1 439 758 456 2066
10702 4 2 1 1 663 377 507 1811
10703 4 2 1 1 2343 1957 1278 2319
10704 4 2 1 1 423 551 552 2372
10705 4 2 1 1 695 930 555 2084
10706 4 2 1 1 697 717 696 1888
10707 4 2 1 1 726 1064 774 2227
10708 4 2 1 1 1756 1332 2100 2303
10709 4 2 1 1 1076 994 719 2161
10710 4 2 1 1 1788 2276 2029 1206
10711 4 2 1 1 1273 2344 1639 2366
10712 4 2 1 1 1099 36 1021 1896
10713 4 2 1 1 321 320 322 1829
10714 4 2 1 1 426 1065 1051 1870
10715 4 2 1 1 1294 2112 2293 2358
10716 4 2 1 1 271 270 269 1953
10717 4 2 1 1 470 767 472 1962
10718 4 2 1 1 325 602 819 1911
10719 4 2 1 1 1422 2089 2280 2311
10720 4 2 1 1 678 652 650 2019
10721 4 2 1 1 1163 1715 1976 2395
10722 4 2 1 1 4 1859 2420 734
10723 4 2 1 1 653 2265 25 2369
10724 4 2 1 1 4 1859 734 3
10725 4 2 1 1 51 1023 667 2389
10726 4 2 1 1 1109 622 916 2274
10727 4 2 1 1 1371 2215 2076 2340
10728 4 2 1 1 788 562 1129 1710
10729 4 2 1 1 956 1118 665 1722
10730 4 2 1 1 51 664 668 1804
10731 4 2 1 1 660 1090 990 2083
10732 4 2 1 1 2353 1857 1300 1743
10733 4 2 1 1 505 688 1011 2158
10734 4 2 1 1 481 482 480 1755
10735 4 2 1 1 1042 762 631 2403
10736 4 2 1 1 224 226 778 1827
10737 4 2 1 1 842 172 165 2271
10738 4 2 1 1 807 808 806 2357
10739 4 2 1 1 143 828 827 1801
10740 4 2 1 1 1465 2050 1915 2422
10741 4 2 1 1 1961 2005 558 2363
10742 4 2 1 1 863 536 950 1775
10743 4 2 1 1 462 463 464 1898
10744 4 2 1 1 1313 2134 1658 2331
10745 4 2 1 1 1079 947 675 1656
10746 4 2 1 1 613 638 1004 1894
10747 4 2 1 1 91 90 92 2226
10748 4 2 1 1 470 405 469 2041
10749 4 2 1 1 1578 1275 1829 2403
10750 4 2 1 1 1065 801 1051 2349
10751 4 2 1 1 1298 2259 1789 2393
10752 4 2 1 1 348 807 806 2102
10753 4 2 1 1 887 855 958 1799
10754 4 2 1 1 14 746 727 1933
10755 4 2 1 1 1403 2070 1713 2377
10756 4 2 1 1 900 1088 1028 2385
10757 4 2 1 1 324 1386 631 2403
10758 4 2 1 1 1245 1738 2260 2338
10759 4 2 1 1 1873 1164 1853 2362
10760 4 2 1 1 460 577 978 2236
10761 4 2 1 1 115 1590 802 1499
10762 4 2 1 1 509 679 686 2162
10763 4 2 1 1 1509 1200 1717 2282
10764 4 2 1 1 1247 1696 1891 1726
10765 4 2 1 1 585 919 1130 2147
10766 4 2 1 1 1045 814 812 1988
10767 4 2 1 1 691 544 995 1867
10768 4 2 1 1 511 711 910 1916
10769 4 2 1 1 1231 2251 1632 1607
10770 4 2 1 1 875 450 592 2009
10771 4 2 1 1 188 752 751 2198
10772 4 2 1 1 709 596 595 2021
10773 4 2 1 1 2029 2276 1999 1206
10774 4 2 1 1 866 430 293 1800
10775 4 2 1 1 340 345 346 2170
10776 4 2 1 1 680 679 508 2162
10777 4 2 1 1 1777 2239 1572 1300
10778 4 2 1 1 375 173 172 2419
10779 4 2 1 1 1303 1802 2324 2338
10780 4 2 1 1 2260 1738 1454 2338
10781 4 2 1 1 868 867 550 1644
10782 4 2 1 1 292 293 291 2262
10783 4 2 1 1 1002 458 978 2236
10784 4 2 1 1 1437 2183 2095 2312
10785 4 2 1 1 847 146 600 2088
10786 4 2 1 1 2095 19 749 20
10787 4 2 1 1 538 464 463 1898
10788 4 2 1 1 163 157 161 1808
10789 4 2 1 1 440 436 435 2415
10790 4 2 1 1 984 697 1007 2154
10791 4 2 1 1 39 2213 679 2398
10792 4 2 1 1 2066 645 756 758
10793 4 2 1 1 1311 2176 1616 2381
10794 4 2 1 1 2220 368 379 2307
10795 4 2 1 1 1793 2380 948 2385
10796 4 2 1 1 653 25 26 2369
10797 4 2 1 1 349 943 881 2005
10798 4 2 1 1 717 697 984 1888
10799 4 2 1 1 387 851 385 2280
10800 4 2 1 1 112 110 113 1776
10801 4 2 1 1 951 2001 712 1415
10802 4 2 1 1 193 467 884 1940
10803 4 2 1 1 1534 2141 1675 2287
10804 4 2 1 1 38 13 14 2128
10805 4 2 1 1 926 832 876 1356
10806 4 2 1 1 806 809 815 2357
10807 4 2 1 1 1164 2027 1873 2408
10808 4 2 1 1 531 403 532 1823
10809 4 2 1 1 1094 641 33 2356
10810 4 2 1 1 414 468 517 2180
10811 4 2 1 1 831 1076 539 1936
10812 4 2 1 1 762 324 631 2403
10813 4 2 1 1 1036 297 262 1922
10814 4 2 1 1 798 309 113 1590
10815 4 2 1 1 924 977 61 2054
10816 4 2 1 1 274 276 275 1884
10817 4 2 1 1 1413 2060 2249 2328
10818 4 2 1 1 2047 2152 1380 2345
$EndElements
