"time","INTERNAL ENERGY","KINETIC ENERGY","X-MOMENTUM","Y-MOMENTUM","Z-MOMENTUM","MASS","TIME STEP","ROTATION ENERGY","EXTERNAL WORK","SPRING ENERGY","CONTACT ENERGY","HOURGLASS ENERGY","ELASTIC CONTACT ENERGY","FRICTIONAL CONTACT ENERGY","DAMPING CONTACT ENERGY ","PLASTIC WORK","Hyperelastic_ball                         IE ","Hyperelastic_ball                         KE ","Hyperelastic_ball                         ZMOM ","Hyperelastic_ball                         MASS ","Hyperelastic_ball                         HE ","Hyperelastic_ball                         ZCG ","Floor_normal_force                       1 Rigid_floor                              var 29","Floor_normal_force                       1 Rigid_floor                              var 30","Floor_normal_force                       1 Rigid_floor                              var 31"
0.000000e+00,0.000000e+00,8.955037e+02,0.000000e+00,0.000000e+00,-3.582015e-01,7.164029e-05,4.954510e-06,0.000000e+00,0.000000e+00,0.000000e+00,0.000000e+00,0.000000e+00,0.000000e+00,0.000000e+00,0.000000e+00,0.000000e+00,-2.981556e-19,-4.161842e-13,0.000000e+00,0.000000e+00,0.000000e+00,0.000000e+00,0.000000e+00,8.955037e+02,-3.582015e-01,7.164029e-05,0.000000e+00,2.550062e+01,0.000000e+00,0.000000e+00,0.000000e+00
1.486353e-05,4.391133e-25,8.955037e+02,5.483202e-32,-1.884402e-32,-3.582015e-01,7.164029e-05,4.954510e-06,0.000000e+00,0.000000e+00,0.000000e+00,0.000000e+00,0.000000e+00,0.000000e+00,0.000000e+00,0.000000e+00,0.000000e+00,-2.981556e-19,-4.161842e-13,0.000000e+00,0.000000e+00,0.000000e+00,0.000000e+00,4.391133e-25,8.955037e+02,-3.582015e-01,7.164029e-05,0.000000e+00,2.542630e+01,0.000000e+00,0.000000e+00,0.000000e+00
2.477255e-05,6.903056e-25,8.955037e+02,3.604498e-32,3.299058e-32,-3.582015e-01,7.164029e-05,4.954510e-06,0.000000e+00,0.000000e+00,0.000000e+00,0.000000e+00,0.000000e+00,0.000000e+00,0.000000e+00,0.000000e+00,0.000000e+00,-2.981556e-19,-4.161842e-13,0.000000e+00,0.000000e+00,0.000000e+00,0.000000e+00,6.903056e-25,8.955037e+02,-3.582015e-01,7.164029e-05,0.000000e+00,2.537675e+01,0.000000e+00,0.000000e+00,0.000000e+00
3.468157e-05,9.363285e-25,8.955037e+02,5.492511e-32,2.162819e-31,-3.582015e-01,7.164029e-05,4.954510e-06,0.000000e+00,0.000000e+00,0.000000e+00,0.000000e+00,0.000000e+00,0.000000e+00,0.000000e+00,0.000000e+00,0.000000e+00,-2.981556e-19,-4.161842e-13,0.000000e+00,0.000000e+00,0.000000e+00,0.000000e+00,9.363285e-25,8.955037e+02,-3.582015e-01,7.164029e-05,0.000000e+00,2.532721e+01,0.000000e+00,0.000000e+00,0.000000e+00
4.459059e-05,8.472623e-25,8.955037e+02,7.299274e-32,1.155558e-33,-3.582015e-01,7.164029e-05,4.954510e-06,0.000000e+00,0.000000e+00,0.000000e+00,0.000000e+00,0.000000e+00,0.000000e+00,0.000000e+00,0.000000e+00,0.000000e+00,-2.981556e-19,-4.161842e-13,0.000000e+00,0.000000e+00,0.000000e+00,0.000000e+00,8.472623e-25,8.955037e+02,-3.582015e-01,7.164029e-05,0.000000e+00,2.527766e+01,0.000000e+00,0.000000e+00,0.000000e+00
5.449961e-05,7.392781e-25,8.955037e+02,2.506598e-31,1.500299e-31,-3.582015e-01,7.164029e-05,4.954510e-06,0.000000e+00,0.000000e+00,0.000000e+00,0.000000e+00,0.000000e+00,0.000000e+00,0.000000e+00,0.000000e+00,0.000000e+00,-2.981556e-19,-4.161842e-13,0.000000e+00,0.000000e+00,0.000000e+00,0.000000e+00,7.392781e-25,8.955037e+02,-3.582015e-01,7.164029e-05,0.000000e+00,2.522812e+01,0.000000e+00,0.000000e+00,0.000000e+00
6.440863e-05,6.926908e-25,8.955037e+02,-3.139266e-31,4.319861e-31,-3.582015e-01,7.164029e-05,4.954510e-06,0.000000e+00,0.000000e+00,0.000000e+00,0.000000e+00,0.000000e+00,0.000000e+00,0.000000e+00,0.000000e+00,0.000000e+00,-2.981556e-19,-4.161842e-13,0.000000e+00,0.000000e+00,0.000000e+00,0.000000e+00,6.926908e-25,8.955037e+02,-3.582015e-01,7.164029e-05,0.000000e+00,2.517857e+01,0.000000e+00,0.000000e+00,0.000000e+00
7.431765e-05,5.615226e-25,8.955037e+02,1.473336e-32,9.191501e-32,-3.582015e-01,7.164029e-05,4.954510e-06,0.000000e+00,0.000000e+00,0.000000e+00,0.000000e+00,0.000000e+00,0.000000e+00,0.000000e+00,0.000000e+00,0.000000e+00,-2.981556e-19,-4.161842e-13,0.000000e+00,0.000000e+00,0.000000e+00,0.000000e+00,5.615226e-25,8.955037e+02,-3.582015e-01,7.164029e-05,0.000000e+00,2.512903e+01,0.000000e+00,0.000000e+00,0.000000e+00
8.422667e-05,4.946311e-25,8.955037e+02,1.253780e-31,-1.390521e-31,-3.582015e-01,7.164029e-05,4.954510e-06,0.000000e+00,0.000000e+00,0.000000e+00,0.000000e+00,0.000000e+00,0.000000e+00,0.000000e+00,0.000000e+00,0.000000e+00,-2.981556e-19,-4.161842e-13,0.000000e+00,0.000000e+00,0.000000e+00,0.000000e+00,4.946311e-25,8.955037e+02,-3.582015e-01,7.164029e-05,0.000000e+00,2.507948e+01,0.000000e+00,0.000000e+00,0.000000e+00
9.413569e-05,5.741560e-25,8.955037e+02,-1.190225e-31,1.440596e-31,-3.582015e-01,7.164029e-05,4.954510e-06,0.000000e+00,0.000000e+00,0.000000e+00,0.000000e+00,0.000000e+00,0.000000e+00,0.000000e+00,0.000000e+00,0.000000e+00,-2.981556e-19,-4.161842e-13,0.000000e+00,0.000000e+00,0.000000e+00,0.000000e+00,5.741560e-25,8.955037e+02,-3.582015e-01,7.164029e-05,0.000000e+00,2.502994e+01,0.000000e+00,0.000000e+00,0.000000e+00
1.040447e-04,7.297728e-03,8.952207e+02,-2.379094e-21,1.112797e-20,-3.580937e-01,7.164029e-05,4.954510e-06,0.000000e+00,-2.676340e-01,0.000000e+00,0.000000e+00,0.000000e+00,0.000000e+00,0.000000e+00,0.000000e+00,0.000000e+00,-2.981556e-19,-4.161842e-13,0.000000e+00,0.000000e+00,0.000000e+00,0.000000e+00,7.297728e-03,8.952361e+02,-3.580944e-01,7.164029e-05,0.000000e+00,2.498040e+01,0.000000e+00,0.000000e+00,-1.070536e-04
1.139537e-04,4.049293e-02,8.951332e+02,-3.041212e-08,4.186685e-08,-3.580703e-01,7.164029e-05,4.954510e-06,0.000000e+00,-2.751092e-01,0.000000e+00,0.000000e+00,0.000000e+00,0.000000e+00,0.000000e+00,0.000000e+00,0.000000e+00,-2.981556e-19,-4.161842e-13,0.000000e+00,0.000000e+00,0.000000e+00,0.000000e+00,4.049293e-02,8.951625e+02,-3.580903e-01,7.164029e-05,0.000000e+00,2.493087e+01,0.000000e+00,0.000000e+00,-1.312027e-04
1.238627e-04,7.234969e-02,8.950366e+02,-1.698227e-07,2.656058e-07,-3.580378e-01,7.164029e-05,4.954510e-06,0.000000e+00,-2.751092e-01,0.000000e+00,0.000000e+00,0.000000e+00,0.000000e+00,0.000000e+00,0.000000e+00,0.000000e+00,-2.981556e-19,-4.161842e-13,0.000000e+00,0.000000e+00,0.000000e+00,0.000000e+00,7.234969e-02,8.950603e+02,-3.580467e-01,7.164029e-05,0.000000e+00,2.488135e+01,0.000000e+00,0.000000e+00,-1.583517e-04
1.337718e-04,1.013640e-01,8.944780e+02,-4.473225e-07,7.853029e-07,-3.578357e-01,7.164029e-05,4.954510e-06,0.000000e+00,-7.530857e-01,0.000000e+00,0.000000e+00,0.000000e+00,0.000000e+00,0.000000e+00,0.000000e+00,0.000000e+00,-2.981556e-19,-4.161842e-13,0.000000e+00,0.000000e+00,0.000000e+00,0.000000e+00,1.013640e-01,8.948963e+02,-3.579837e-01,7.164029e-05,0.000000e+00,2.483183e+01,0.000000e+00,0.000000e+00,-3.538008e-04
1.436808e-04,2.021015e-01,8.943409e+02,-8.765167e-07,1.424201e-06,-3.577855e-01,7.164029e-05,4.954510e-06,0.000000e+00,-7.552799e-01,0.000000e+00,0.000000e+00,0.000000e+00,0.000000e+00,0.000000e+00,0.000000e+00,0.000000e+00,-2.981556e-19,-4.161842e-13,0.000000e+00,0.000000e+00,0.000000e+00,0.000000e+00,2.021015e-01,8.943818e+02,-3.577991e-01,7.164029e-05,0.000000e+00,2.478234e+01,0.000000e+00,0.000000e+00,-4.054096e-04
1.535898e-04,3.269482e-01,8.939130e+02,-9.657015e-07,1.581890e-06,-3.576251e-01,7.164029e-05,4.954510e-06,0.000000e+00,-1.024090e+00,0.000000e+00,0.000000e+00,0.000000e+00,0.000000e+00,0.000000e+00,0.000000e+00,0.000000e+00,-2.981556e-19,-4.161842e-13,0.000000e+00,0.000000e+00,0.000000e+00,0.000000e+00,3.269482e-01,8.939678e+02,-3.576403e-01,7.164029e-05,0.000000e+00,2.473286e+01,0.000000e+00,0.000000e+00,-5.674592e-04
1.634988e-04,4.690033e-01,8.934148e+02,-9.657015e-07,1.581890e-06,-3.574087e-01,7.164029e-05,4.954510e-06,0.000000e+00,-1.332070e+00,0.000000e+00,0.000000e+00,0.000000e+00,0.000000e+00,0.000000e+00,0.000000e+00,0.000000e+00,-2.981556e-19,-4.161842e-13,0.000000e+00,0.000000e+00,0.000000e+00,0.000000e+00,4.690033e-01,8.937465e+02,-3.575144e-01,7.164029e-05,0.000000e+00,2.468340e+01,0.000000e+00,0.000000e+00,-7.961748e-04
1.734079e-04,6.603068e-01,8.931249e+02,-9.657015e-07,1.581890e-06,-3.572500e-01,7.164029e-05,4.954510e-06,0.000000e+00,-1.411026e+00,0.000000e+00,0.000000e+00,0.000000e+00,0.000000e+00,0.000000e+00,0.000000e+00,0.000000e+00,-2.981556e-19,-4.161842e-13,0.000000e+00,0.000000e+00,0.000000e+00,0.000000e+00,6.603068e-01,8.932615e+02,-3.573239e-01,7.164029e-05,0.000000e+00,2.463398e+01,0.000000e+00,0.000000e+00,-9.609701e-04
1.833169e-04,8.831152e-01,8.919280e+02,-9.657015e-07,1.581890e-06,-3.567907e-01,7.164029e-05,4.954510e-06,0.000000e+00,-2.370378e+00,0.000000e+00,0.000000e+00,0.000000e+00,0.000000e+00,0.000000e+00,0.000000e+00,0.000000e+00,-2.981556e-19,-4.161842e-13,0.000000e+00,0.000000e+00,0.000000e+00,0.000000e+00,8.831152e-01,8.929629e+02,-3.571437e-01,7.164029e-05,0.000000e+00,2.458457e+01,0.000000e+00,0.000000e+00,-1.420143e-03
1.932259e-04,1.234959e+00,8.915377e+02,-9.657015e-07,1.581890e-06,-3.566048e-01,7.164029e-05,4.954510e-06,0.000000e+00,-2.393120e+00,0.000000e+00,0.000000e+00,0.000000e+00,0.000000e+00,0.000000e+00,0.000000e+00,0.000000e+00,-2.981556e-19,-4.161842e-13,0.000000e+00,0.000000e+00,0.000000e+00,0.000000e+00,1.234959e+00,8.916731e+02,-3.566663e-01,7.164029e-05,0.000000e+00,2.453523e+01,0.000000e+00,0.000000e+00,-1.624639e-03
2.031349e-04,1.671610e+00,8.909991e+02,-1.057977e-06,1.560845e-06,-3.563856e-01,7.164029e-05,4.954510e-06,0.000000e+00,-2.393120e+00,0.000000e+00,0.000000e+00,0.000000e+00,0.000000e+00,0.000000e+00,0.000000e+00,0.000000e+00,-2.981556e-19,-4.161842e-13,0.000000e+00,0.000000e+00,0.000000e+00,0.000000e+00,1.671610e+00,8.911494e+02,-3.564415e-01,7.164029e-05,0.000000e+00,2.448592e+01,0.000000e+00,0.000000e+00,-1.847418e-03
2.130439e-04,2.102036e+00,8.898597e+02,-1.433378e-06,1.525393e-06,-3.559723e-01,7.164029e-05,4.954510e-06,0.000000e+00,-2.992849e+00,0.000000e+00,0.000000e+00,0.000000e+00,0.000000e+00,0.000000e+00,0.000000e+00,0.000000e+00,-2.981556e-19,-4.161842e-13,0.000000e+00,0.000000e+00,0.000000e+00,0.000000e+00,2.102036e+00,8.905997e+02,-3.562149e-01,7.164029e-05,0.000000e+00,2.443665e+01,0.000000e+00,0.000000e+00,-2.252667e-03
2.229529e-04,2.572753e+00,8.890867e+02,-1.460601e-06,1.605239e-06,-3.556803e-01,7.164029e-05,4.954510e-06,0.000000e+00,-3.268663e+00,0.000000e+00,0.000000e+00,0.000000e+00,0.000000e+00,0.000000e+00,0.000000e+00,0.000000e+00,-2.981556e-19,-4.161842e-13,0.000000e+00,0.000000e+00,0.000000e+00,0.000000e+00,2.572753e+00,8.892373e+02,-3.557397e-01,7.164029e-05,0.000000e+00,2.438743e+01,0.000000e+00,0.000000e+00,-2.546725e-03
2.328620e-04,3.097357e+00,8.882334e+02,-1.750463e-06,2.553485e-06,-3.553537e-01,7.164029e-05,4.954510e-06,0.000000e+00,-3.583008e+00,0.000000e+00,0.000000e+00,0.000000e+00,0.000000e+00,0.000000e+00,0.000000e+00,0.000000e+00,-2.981556e-19,-4.161842e-13,0.000000e+00,0.000000e+00,0.000000e+00,0.000000e+00,3.097357e+00,8.885630e+02,-3.554830e-01,7.164029e-05,0.000000e+00,2.433825e+01,0.000000e+00,0.000000e+00,-2.875494e-03
2.427710e-04,3.676507e+00,8.876182e+02,-2.168620e-06,1.911637e-06,-3.551272e-01,7.164029e-05,4.954510e-06,0.000000e+00,-3.592468e+00,0.000000e+00,0.000000e+00,0.000000e+00,0.000000e+00,0.000000e+00,0.000000e+00,0.000000e+00,-2.981556e-19,-4.161842e-13,0.000000e+00,0.000000e+00,0.000000e+00,0.000000e+00,3.676507e+00,8.878098e+02,-3.552001e-01,7.164029e-05,0.000000e+00,2.428911e+01,0.000000e+00,0.000000e+00,-3.102502e-03
2.526800e-04,4.348057e+00,8.866376e+02,-3.181288e-06,2.651337e-07,-3.547829e-01,7.164029e-05,4.954510e-06,0.000000e+00,-3.824575e+00,0.000000e+00,0.000000e+00,0.000000e+00,0.000000e+00,0.000000e+00,0.000000e+00,0.000000e+00,-2.981556e-19,-4.161842e-13,0.000000e+00,0.000000e+00,0.000000e+00,0.000000e+00,4.348057e+00,8.868532e+02,-3.548493e-01,7.164029e-05,0.000000e+00,2.424002e+01,0.000000e+00,0.000000e+00,-3.447145e-03
2.625890e-04,5.080078e+00,8.857407e+02,-4.318835e-06,9.146409e-08,-3.544450e-01,7.164029e-05,4.954510e-06,0.000000e+00,-3.932485e+00,0.000000e+00,0.000000e+00,0.000000e+00,0.000000e+00,0.000000e+00,0.000000e+00,0.000000e+00,-2.981556e-19,-4.161842e-13,0.000000e+00,0.000000e+00,0.000000e+00,0.000000e+00,5.080078e+00,8.860507e+02,-3.545867e-01,7.164029e-05,0.000000e+00,2.419096e+01,0.000000e+00,0.000000e+00,-3.792650e-03
2.724981e-04,5.869391e+00,8.844632e+02,-4.939038e-06,4.150138e-07,-3.539700e-01,7.164029e-05,4.954510e-06,0.000000e+00,-4.378969e+00,0.000000e+00,0.000000e+00,0.000000e+00,0.000000e+00,0.000000e+00,0.000000e+00,0.000000e+00,-2.981556e-19,-4.161842e-13,0.000000e+00,0.000000e+00,0.000000e+00,0.000000e+00,5.869391e+00,8.848021e+02,-3.541134e-01,7.164029e-05,0.000000e+00,2.414196e+01,0.000000e+00,0.000000e+00,-4.272103e-03
2.824071e-04,6.742111e+00,8.835047e+02,-3.692117e-06,-1.345488e-07,-3.536318e-01,7.164029e-05,4.954510e-06,0.000000e+00,-4.389758e+00,0.000000e+00,0.000000e+00,0.000000e+00,0.000000e+00,0.000000e+00,0.000000e+00,0.000000e+00,-2.981556e-19,-4.161842e-13,0.000000e+00,0.000000e+00,0.000000e+00,0.000000e+00,6.742111e+00,8.837779e+02,-3.537194e-01,7.164029e-05,0.000000e+00,2.409303e+01,0.000000e+00,0.000000e+00,-4.616729e-03
2.922769e-04,7.682312e+00,8.824537e+02,-2.026505e-06,-1.072542e-06,-3.532723e-01,7.164029e-05,4.948279e-06,0.000000e+00,-4.404250e+00,0.000000e+00,0.000000e+00,0.000000e+00,0.000000e+00,0.000000e+00,0.000000e+00,0.000000e+00,-2.981556e-19,-4.161842e-13,0.000000e+00,0.000000e+00,0.000000e+00,0.000000e+00,7.682312e+00,8.827365e+02,-3.533710e-01,7.164029e-05,0.000000e+00,2.404433e+01,0.000000e+00,0.000000e+00,-4.979846e-03
3.021797e-04,8.690078e+00,8.812410e+02,-3.646284e-07,-8.930884e-07,-3.528475e-01,7.164029e-05,4.954510e-06,0.000000e+00,-4.547062e+00,0.000000e+00,0.000000e+00,0.000000e+00,0.000000e+00,0.000000e+00,0.000000e+00,0.000000e+00,-2.981556e-19,-4.161842e-13,0.000000e+00,0.000000e+00,0.000000e+00,0.000000e+00,8.690078e+00,8.816447e+02,-3.529858e-01,7.164029e-05,0.000000e+00,2.399552e+01,0.000000e+00,0.000000e+00,-5.395595e-03
3.120887e-04,9.745426e+00,8.798489e+02,6.022471e-07,-1.052809e-08,-3.523695e-01,7.164029e-05,4.954510e-06,0.000000e+00,-4.867362e+00,0.000000e+00,0.000000e+00,0.000000e+00,0.000000e+00,0.000000e+00,0.000000e+00,0.000000e+00,-2.981556e-19,-4.161842e-13,0.000000e+00,0.000000e+00,0.000000e+00,0.000000e+00,9.745426e+00,8.804526e+02,-3.525809e-01,7.164029e-05,0.000000e+00,2.394674e+01,0.000000e+00,0.000000e+00,-5.872377e-03
3.219966e-04,1.087676e+01,8.787249e+02,1.125888e-06,2.146288e-07,-3.520032e-01,7.164029e-05,4.954510e-06,0.000000e+00,-4.870606e+00,0.000000e+00,0.000000e+00,0.000000e+00,0.000000e+00,0.000000e+00,0.000000e+00,0.000000e+00,-2.981556e-19,-4.161842e-13,0.000000e+00,0.000000e+00,0.000000e+00,0.000000e+00,1.087676e+01,8.790352e+02,-3.520986e-01,7.164029e-05,0.000000e+00,2.389804e+01,0.000000e+00,0.000000e+00,-6.244803e-03
3.319056e-04,1.206495e+01,8.774536e+02,-1.163294e-07,-1.064315e-06,-3.515465e-01,7.164029e-05,4.954511e-06,0.000000e+00,-4.907812e+00,0.000000e+00,0.000000e+00,0.000000e+00,0.000000e+00,0.000000e+00,0.000000e+00,0.000000e+00,-2.981556e-19,-4.161842e-13,0.000000e+00,0.000000e+00,0.000000e+00,0.000000e+00,1.206495e+01,8.778070e+02,-3.516781e-01,7.164029e-05,0.000000e+00,2.384938e+01,0.000000e+00,0.000000e+00,-6.712782e-03
3.415844e-04,1.326593e+01,8.760999e+02,-2.983008e-06,-3.488927e-06,-3.510617e-01,7.164029e-05,4.709258e-06,0.000000e+00,-4.972373e+00,0.000000e+00,0.000000e+00,0.000000e+00,0.000000e+00,0.000000e+00,0.000000e+00,0.000000e+00,-2.981556e-19,-4.161842e-13,0.000000e+00,0.000000e+00,0.000000e+00,0.000000e+00,1.326593e+01,8.764917e+02,-3.512082e-01,7.164029e-05,0.000000e+00,2.380191e+01,0.000000e+00,0.000000e+00,-7.193632e-03
3.509889e-04,1.447254e+01,8.747766e+02,-4.290318e-06,-4.851143e-06,-3.505702e-01,7.164029e-05,4.683203e-06,0.000000e+00,-5.030090e+00,0.000000e+00,0.000000e+00,0.000000e+00,0.000000e+00,0.000000e+00,0.000000e+00,0.000000e+00,-2.981556e-19,-4.161842e-13,0.000000e+00,0.000000e+00,0.000000e+00,0.000000e+00,1.447254e+01,8.751124e+02,-3.506858e-01,7.164029e-05,0.000000e+00,2.375586e+01,0.000000e+00,0.000000e+00,-7.688012e-03
3.603449e-04,1.572058e+01,8.734769e+02,-4.841826e-06,-5.265625e-06,-3.500988e-01,7.164029e-05,4.662620e-06,0.000000e+00,-5.030217e+00,0.000000e+00,0.000000e+00,0.000000e+00,0.000000e+00,0.000000e+00,0.000000e+00,0.000000e+00,-2.981556e-19,-4.161842e-13,0.000000e+00,0.000000e+00,0.000000e+00,0.000000e+00,1.572058e+01,8.738215e+02,-3.502197e-01,7.164029e-05,0.000000e+00,2.371010e+01,0.000000e+00,0.000000e+00,-8.157670e-03
3.746142e-04,1.767154e+01,8.713717e+02,-4.060032e-06,-5.606815e-06,-3.492913e-01,7.164029e-05,4.954537e-06,0.000000e+00,-5.154861e+00,0.000000e+00,0.000000e+00,0.000000e+00,0.000000e+00,0.000000e+00,0.000000e+00,0.000000e+00,-2.981556e-19,-4.161842e-13,0.000000e+00,0.000000e+00,0.000000e+00,0.000000e+00,1.767154e+01,8.717275e+02,-3.494231e-01,7.164029e-05,0.000000e+00,2.364045e+01,0.000000e+00,0.000000e+00,-8.971272e-03
3.845233e-04,1.906021e+01,8.698885e+02,-4.274575e-06,-5.026528e-06,-3.486991e-01,7.164029e-05,4.954554e-06,0.000000e+00,-5.279595e+00,0.000000e+00,0.000000e+00,0.000000e+00,0.000000e+00,0.000000e+00,0.000000e+00,0.000000e+00,-2.981556e-19,-4.161842e-13,0.000000e+00,0.000000e+00,0.000000e+00,0.000000e+00,1.906021e+01,8.702559e+02,-3.488362e-01,7.164029e-05,0.000000e+00,2.359218e+01,0.000000e+00,0.000000e+00,-9.564317e-03
3.944324e-04,2.051888e+01,8.683580e+02,-3.636782e-06,-5.017858e-06,-3.481418e-01,7.164029e-05,4.954577e-06,0.000000e+00,-5.310860e+00,0.000000e+00,0.000000e+00,0.000000e+00,0.000000e+00,0.000000e+00,0.000000e+00,0.000000e+00,-2.981556e-19,-4.161842e-13,0.000000e+00,0.000000e+00,0.000000e+00,0.000000e+00,2.051888e+01,8.687743e+02,-3.482772e-01,7.164029e-05,0.000000e+00,2.354399e+01,0.000000e+00,0.000000e+00,-1.012141e-02
4.040996e-04,2.204054e+01,8.665762e+02,-3.665893e-06,-4.845286e-06,-3.475006e-01,7.164029e-05,4.728815e-06,0.000000e+00,-5.468175e+00,0.000000e+00,0.000000e+00,0.000000e+00,0.000000e+00,0.000000e+00,0.000000e+00,0.000000e+00,-2.981556e-19,-4.161842e-13,0.000000e+00,0.000000e+00,0.000000e+00,0.000000e+00,2.204054e+01,8.670037e+02,-3.476315e-01,7.164029e-05,0.000000e+00,2.349705e+01,0.000000e+00,0.000000e+00,-1.075146e-02
4.135756e-04,2.359604e+01,8.648569e+02,-4.820166e-06,-4.174569e-06,-3.469070e-01,7.164029e-05,4.767203e-06,0.000000e+00,-5.523653e+00,0.000000e+00,0.000000e+00,0.000000e+00,0.000000e+00,0.000000e+00,0.000000e+00,0.000000e+00,-2.981556e-19,-4.161842e-13,0.000000e+00,0.000000e+00,0.000000e+00,0.000000e+00,2.359604e+01,8.652924e+02,-3.470474e-01,7.164029e-05,0.000000e+00,2.345112e+01,0.000000e+00,0.000000e+00,-1.134745e-02
4.231297e-04,2.520160e+01,8.631411e+02,-6.305391e-06,-4.086302e-06,-3.462983e-01,7.164029e-05,4.954687e-06,0.000000e+00,-5.568318e+00,0.000000e+00,0.000000e+00,0.000000e+00,0.000000e+00,0.000000e+00,0.000000e+00,0.000000e+00,-2.981556e-19,-4.161842e-13,0.000000e+00,0.000000e+00,0.000000e+00,0.000000e+00,2.520160e+01,8.635783e+02,-3.464491e-01,7.164029e-05,0.000000e+00,2.340490e+01,0.000000e+00,0.000000e+00,-1.196184e-02
4.330392e-04,2.691849e+01,8.613528e+02,-6.428038e-06,-3.704669e-06,-3.456340e-01,7.164029e-05,4.954736e-06,0.000000e+00,-5.592708e+00,0.000000e+00,0.000000e+00,0.000000e+00,0.000000e+00,0.000000e+00,0.000000e+00,0.000000e+00,-2.981556e-19,-4.161842e-13,0.000000e+00,0.000000e+00,0.000000e+00,0.000000e+00,2.691849e+01,8.618400e+02,-3.458248e-01,7.164029e-05,0.000000e+00,2.335704e+01,0.000000e+00,0.000000e+00,-1.263239e-02
4.429486e-04,2.873905e+01,8.594635e+02,-7.340374e-06,-3.149696e-06,-3.449584e-01,7.164029e-05,4.954786e-06,0.000000e+00,-5.597737e+00,0.000000e+00,0.000000e+00,0.000000e+00,0.000000e+00,0.000000e+00,0.000000e+00,0.000000e+00,-2.981556e-19,-4.161842e-13,0.000000e+00,0.000000e+00,0.000000e+00,0.000000e+00,2.873905e+01,8.599736e+02,-3.451412e-01,7.164029e-05,0.000000e+00,2.330928e+01,0.000000e+00,0.000000e+00,-1.330726e-02
4.528583e-04,3.064821e+01,8.574739e+02,-9.517695e-06,-3.509460e-06,-3.442768e-01,7.164029e-05,4.954829e-06,0.000000e+00,-5.602684e+00,0.000000e+00,0.000000e+00,0.000000e+00,0.000000e+00,0.000000e+00,0.000000e+00,0.000000e+00,-2.981556e-19,-4.161842e-13,0.000000e+00,0.000000e+00,0.000000e+00,0.000000e+00,3.064821e+01,8.579982e+02,-3.444538e-01,7.164029e-05,0.000000e+00,2.326161e+01,0.000000e+00,0.000000e+00,-1.398159e-02
4.626451e-04,3.258603e+01,8.554629e+02,-1.076547e-05,-5.185923e-06,-3.435977e-01,7.164029e-05,4.824654e-06,0.000000e+00,-5.627854e+00,0.000000e+00,0.000000e+00,0.000000e+00,0.000000e+00,0.000000e+00,0.000000e+00,0.000000e+00,-2.981556e-19,-4.161842e-13,0.000000e+00,0.000000e+00,0.000000e+00,0.000000e+00,3.258603e+01,8.559690e+02,-3.437581e-01,7.164029e-05,0.000000e+00,2.321462e+01,0.000000e+00,0.000000e+00,-1.464615e-02
4.721523e-04,3.448668e+01,8.535180e+02,-1.138114e-05,-7.228767e-06,-3.429483e-01,7.164029e-05,4.672683e-06,0.000000e+00,-5.675402e+00,0.000000e+00,0.000000e+00,0.000000e+00,0.000000e+00,0.000000e+00,0.000000e+00,0.000000e+00,-2.981556e-19,-4.161842e-13,0.000000e+00,0.000000e+00,0.000000e+00,0.000000e+00,3.448668e+01,8.540024e+02,-3.431043e-01,7.164029e-05,0.000000e+00,2.316907e+01,0.000000e+00,0.000000e+00,-1.528304e-02
4.817798e-04,3.644221e+01,8.515792e+02,-1.228930e-05,-9.281274e-06,-3.423075e-01,7.164029e-05,4.954853e-06,0.000000e+00,-5.680974e+00,0.000000e+00,0.000000e+00,0.000000e+00,0.000000e+00,0.000000e+00,0.000000e+00,0.000000e+00,-2.981556e-19,-4.161842e-13,0.000000e+00,0.000000e+00,0.000000e+00,0.000000e+00,3.644221e+01,8.521072e+02,-3.424843e-01,7.164029e-05,0.000000e+00,2.312302e+01,0.000000e+00,0.000000e+00,-1.592967e-02
4.916895e-04,3.854142e+01,8.494196e+02,-1.300566e-05,-1.071320e-05,-3.416026e-01,7.164029e-05,4.954806e-06,0.000000e+00,-5.735072e+00,0.000000e+00,0.000000e+00,0.000000e+00,0.000000e+00,0.000000e+00,0.000000e+00,0.000000e+00,-2.981556e-19,-4.161842e-13,0.000000e+00,0.000000e+00,0.000000e+00,0.000000e+00,3.854142e+01,8.500292e+02,-3.418069e-01,7.164029e-05,0.000000e+00,2.307572e+01,0.000000e+00,0.000000e+00,-1.663609e-02
5.015991e-04,4.073743e+01,8.471224e+02,-1.224750e-05,-1.115954e-05,-3.408808e-01,7.164029e-05,4.954728e-06,0.000000e+00,-5.779377e+00,0.000000e+00,0.000000e+00,0.000000e+00,0.000000e+00,0.000000e+00,0.000000e+00,0.000000e+00,-2.981556e-19,-4.161842e-13,0.000000e+00,0.000000e+00,0.000000e+00,0.000000e+00,4.073743e+01,8.477573e+02,-3.410919e-01,7.164029e-05,0.000000e+00,2.302851e+01,0.000000e+00,0.000000e+00,-1.736342e-02
5.115085e-04,4.296656e+01,8.448033e+02,-1.128334e-05,-1.072208e-05,-3.401333e-01,7.164029e-05,4.951930e-06,0.000000e+00,-5.808404e+00,0.000000e+00,0.000000e+00,0.000000e+00,0.000000e+00,0.000000e+00,0.000000e+00,0.000000e+00,-2.981556e-19,-4.161842e-13,0.000000e+00,0.000000e+00,0.000000e+00,0.000000e+00,4.296656e+01,8.453948e+02,-3.403280e-01,7.164029e-05,0.000000e+00,2.298141e+01,0.000000e+00,0.000000e+00,-1.812155e-02
5.213921e-04,4.520562e+01,8.425369e+02,-1.125950e-05,-1.038972e-05,-3.393584e-01,7.164029e-05,4.918370e-06,0.000000e+00,-5.808404e+00,0.000000e+00,0.000000e+00,0.000000e+00,0.000000e+00,0.000000e+00,0.000000e+00,0.000000e+00,-2.981556e-19,-4.161842e-13,0.000000e+00,0.000000e+00,0.000000e+00,0.000000e+00,4.520562e+01,8.431234e+02,-3.395573e-01,7.164029e-05,0.000000e+00,2.293454e+01,0.000000e+00,0.000000e+00,-1.890556e-02
5.312265e-04,4.748108e+01,8.402313e+02,-1.215178e-05,-1.035416e-05,-3.385354e-01,7.164029e-05,4.926444e-06,0.000000e+00,-5.818507e+00,0.000000e+00,0.000000e+00,0.000000e+00,0.000000e+00,0.000000e+00,0.000000e+00,0.000000e+00,-2.981556e-19,-4.161842e-13,0.000000e+00,0.000000e+00,0.000000e+00,0.000000e+00,4.748108e+01,8.408323e+02,-3.387435e-01,7.164029e-05,0.000000e+00,2.288801e+01,0.000000e+00,0.000000e+00,-1.973770e-02
5.410980e-04,4.984103e+01,8.378493e+02,-1.147496e-05,-9.831149e-06,-3.376916e-01,7.164029e-05,4.954383e-06,0.000000e+00,-5.818507e+00,0.000000e+00,0.000000e+00,0.000000e+00,0.000000e+00,0.000000e+00,0.000000e+00,0.000000e+00,-2.981556e-19,-4.161842e-13,0.000000e+00,0.000000e+00,0.000000e+00,0.000000e+00,4.984103e+01,8.384733e+02,-3.379037e-01,7.164029e-05,0.000000e+00,2.284142e+01,0.000000e+00,0.000000e+00,-2.058421e-02
5.510067e-04,5.226779e+01,8.353967e+02,-1.103267e-05,-9.492258e-06,-3.368438e-01,7.164029e-05,4.954412e-06,0.000000e+00,-5.818657e+00,0.000000e+00,0.000000e+00,0.000000e+00,0.000000e+00,0.000000e+00,0.000000e+00,0.000000e+00,-2.981556e-19,-4.161842e-13,0.000000e+00,0.000000e+00,0.000000e+00,0.000000e+00,5.226779e+01,8.360330e+02,-3.370544e-01,7.164029e-05,0.000000e+00,2.279477e+01,0.000000e+00,0.000000e+00,-2.142905e-02
5.609156e-04,5.472026e+01,8.329247e+02,-1.133681e-05,-8.741067e-06,-3.360170e-01,7.164029e-05,4.954535e-06,0.000000e+00,-5.818657e+00,0.000000e+00,0.000000e+00,0.000000e+00,0.000000e+00,0.000000e+00,0.000000e+00,0.000000e+00,-2.981556e-19,-4.161842e-13,0.000000e+00,0.000000e+00,0.000000e+00,0.000000e+00,5.472026e+01,8.335632e+02,-3.362204e-01,7.164029e-05,0.000000e+00,2.274824e+01,0.000000e+00,0.000000e+00,-2.224675e-02
5.708247e-04,5.720190e+01,8.303931e+02,-1.156065e-05,-8.175134e-06,-3.351991e-01,7.164029e-05,4.954759e-06,0.000000e+00,-5.856956e+00,0.000000e+00,0.000000e+00,0.000000e+00,0.000000e+00,0.000000e+00,0.000000e+00,0.000000e+00,-2.981556e-19,-4.161842e-13,0.000000e+00,0.000000e+00,0.000000e+00,0.000000e+00,5.720190e+01,8.310450e+02,-3.353969e-01,7.164029e-05,0.000000e+00,2.270182e+01,0.000000e+00,0.000000e+00,-2.305377e-02
5.807344e-04,5.974483e+01,8.277735e+02,-1.105221e-05,-7.690071e-06,-3.343630e-01,7.164029e-05,4.955074e-06,0.000000e+00,-5.899535e+00,0.000000e+00,0.000000e+00,0.000000e+00,0.000000e+00,0.000000e+00,0.000000e+00,0.000000e+00,-2.981556e-19,-4.161842e-13,0.000000e+00,0.000000e+00,0.000000e+00,0.000000e+00,5.974483e+01,8.284763e+02,-3.345895e-01,7.164029e-05,0.000000e+00,2.265551e+01,0.000000e+00,0.000000e+00,-2.388219e-02
5.906447e-04,6.234603e+01,8.250779e+02,-1.037113e-05,-6.270935e-06,-3.335249e-01,7.164029e-05,4.955452e-06,0.000000e+00,-5.947063e+00,0.000000e+00,0.000000e+00,0.000000e+00,0.000000e+00,0.000000e+00,0.000000e+00,0.000000e+00,-2.981556e-19,-4.161842e-13,0.000000e+00,0.000000e+00,0.000000e+00,0.000000e+00,6.234603e+01,8.258092e+02,-3.337623e-01,7.164029e-05,0.000000e+00,2.260931e+01,0.000000e+00,0.000000e+00,-2.471977e-02
6.005559e-04,6.498914e+01,8.223885e+02,-9.863670e-06,-4.998362e-06,-3.326965e-01,7.164029e-05,4.955837e-06,0.000000e+00,-5.948694e+00,0.000000e+00,0.000000e+00,0.000000e+00,0.000000e+00,0.000000e+00,0.000000e+00,0.000000e+00,-2.981556e-19,-4.161842e-13,0.000000e+00,0.000000e+00,0.000000e+00,0.000000e+00,6.498914e+01,8.230849e+02,-3.329113e-01,7.164029e-05,0.000000e+00,2.256322e+01,0.000000e+00,0.000000e+00,-2.555176e-02
6.104648e-04,6.767183e+01,8.196396e+02,-9.615608e-06,-4.330395e-06,-3.318220e-01,7.164029e-05,4.949322e-06,0.000000e+00,-5.977643e+00,0.000000e+00,0.000000e+00,0.000000e+00,0.000000e+00,0.000000e+00,0.000000e+00,0.000000e+00,-2.981556e-19,-4.161842e-13,0.000000e+00,0.000000e+00,0.000000e+00,0.000000e+00,6.767183e+01,8.203727e+02,-3.320639e-01,7.164029e-05,0.000000e+00,2.251727e+01,0.000000e+00,0.000000e+00,-2.643094e-02
6.203594e-04,7.042797e+01,8.168257e+02,-9.679862e-06,-3.251621e-06,-3.308885e-01,7.164029e-05,4.942009e-06,0.000000e+00,-5.990673e+00,0.000000e+00,0.000000e+00,0.000000e+00,0.000000e+00,0.000000e+00,0.000000e+00,0.000000e+00,-2.981556e-19,-4.161842e-13,0.000000e+00,0.000000e+00,0.000000e+00,0.000000e+00,7.042797e+01,8.175676e+02,-3.311403e-01,7.164029e-05,0.000000e+00,2.247150e+01,0.000000e+00,0.000000e+00,-2.737560e-02
6.302403e-04,7.327579e+01,8.139131e+02,-9.689805e-06,-3.087354e-06,-3.299299e-01,7.164029e-05,4.935112e-06,0.000000e+00,-5.991212e+00,0.000000e+00,0.000000e+00,0.000000e+00,0.000000e+00,0.000000e+00,0.000000e+00,0.000000e+00,-2.981556e-19,-4.161842e-13,0.000000e+00,0.000000e+00,0.000000e+00,0.000000e+00,7.327579e+01,8.146708e+02,-3.301767e-01,7.164029e-05,0.000000e+00,2.242593e+01,0.000000e+00,0.000000e+00,-2.833978e-02
6.401052e-04,7.619036e+01,8.109040e+02,-1.100559e-05,-2.799199e-06,-3.289173e-01,7.164029e-05,4.921560e-06,0.000000e+00,-6.014333e+00,0.000000e+00,0.000000e+00,0.000000e+00,0.000000e+00,0.000000e+00,0.000000e+00,0.000000e+00,-2.981556e-19,-4.161842e-13,0.000000e+00,0.000000e+00,0.000000e+00,0.000000e+00,7.619036e+01,8.116778e+02,-3.291647e-01,7.164029e-05,0.000000e+00,2.238056e+01,0.000000e+00,0.000000e+00,-2.935066e-02
6.548342e-04,8.064793e+01,8.063441e+02,-1.674590e-05,-2.156227e-07,-3.274181e-01,7.164029e-05,4.594232e-06,0.000000e+00,-6.031981e+00,0.000000e+00,0.000000e+00,0.000000e+00,0.000000e+00,0.000000e+00,0.000000e+00,0.000000e+00,-2.981556e-19,-4.161842e-13,0.000000e+00,0.000000e+00,0.000000e+00,0.000000e+00,8.064793e+01,8.071229e+02,-3.276578e-01,7.164029e-05,0.000000e+00,2.231310e+01,0.000000e+00,0.000000e+00,-3.081824e-02
6.640192e-04,8.348584e+01,8.034698e+02,-1.770780e-05,1.660868e-06,-3.265110e-01,7.164029e-05,4.871992e-06,0.000000e+00,-6.049654e+00,0.000000e+00,0.000000e+00,0.000000e+00,0.000000e+00,0.000000e+00,0.000000e+00,0.000000e+00,-2.981556e-19,-4.161842e-13,0.000000e+00,0.000000e+00,0.000000e+00,0.000000e+00,8.348584e+01,8.042009e+02,-3.267336e-01,7.164029e-05,0.000000e+00,2.227118e+01,0.000000e+00,0.000000e+00,-3.172689e-02
6.737597e-04,8.656161e+01,8.003884e+02,-1.599221e-05,2.319935e-06,-3.255644e-01,7.164029e-05,4.866499e-06,0.000000e+00,-6.070158e+00,0.000000e+00,0.000000e+00,0.000000e+00,0.000000e+00,0.000000e+00,0.000000e+00,0.000000e+00,-2.981556e-19,-4.161842e-13,0.000000e+00,0.000000e+00,0.000000e+00,0.000000e+00,8.656161e+01,8.011860e+02,-3.258024e-01,7.164029e-05,0.000000e+00,2.222684e+01,0.000000e+00,0.000000e+00,-3.266554e-02
6.834922e-04,8.969412e+01,7.972646e+02,-1.435173e-05,2.970440e-06,-3.246449e-01,7.164029e-05,4.865723e-06,0.000000e+00,-6.072773e+00,0.000000e+00,0.000000e+00,0.000000e+00,0.000000e+00,0.000000e+00,0.000000e+00,0.000000e+00,-2.981556e-19,-4.161842e-13,0.000000e+00,0.000000e+00,0.000000e+00,0.000000e+00,8.969412e+01,7.980704e+02,-3.248840e-01,7.164029e-05,0.000000e+00,2.218268e+01,0.000000e+00,0.000000e+00,-3.358553e-02
6.932255e-04,9.285555e+01,7.941056e+02,-1.328671e-05,3.128446e-06,-3.236988e-01,7.164029e-05,4.871217e-06,0.000000e+00,-6.077138e+00,0.000000e+00,0.000000e+00,0.000000e+00,0.000000e+00,0.000000e+00,0.000000e+00,0.000000e+00,-2.981556e-19,-4.161842e-13,0.000000e+00,0.000000e+00,0.000000e+00,0.000000e+00,9.285555e+01,7.949193e+02,-3.239438e-01,7.164029e-05,0.000000e+00,2.213863e+01,0.000000e+00,0.000000e+00,-3.453811e-02
7.029735e-04,9.605725e+01,7.908532e+02,-1.175672e-05,2.657626e-06,-3.226890e-01,7.164029e-05,4.883563e-06,0.000000e+00,-6.120476e+00,0.000000e+00,0.000000e+00,0.000000e+00,0.000000e+00,0.000000e+00,0.000000e+00,0.000000e+00,-2.981556e-19,-4.161842e-13,0.000000e+00,0.000000e+00,0.000000e+00,0.000000e+00,9.605725e+01,7.917057e+02,-3.229574e-01,7.164029e-05,0.000000e+00,2.209466e+01,0.000000e+00,0.000000e+00,-3.555257e-02
7.127482e-04,9.932234e+01,7.875584e+02,-1.172413e-05,2.407580e-06,-3.216475e-01,7.164029e-05,4.819156e-06,0.000000e+00,-6.149255e+00,0.000000e+00,0.000000e+00,0.000000e+00,0.000000e+00,0.000000e+00,0.000000e+00,0.000000e+00,-2.981556e-19,-4.161842e-13,0.000000e+00,0.000000e+00,0.000000e+00,0.000000e+00,9.932234e+01,7.884289e+02,-3.219315e-01,7.164029e-05,0.000000e+00,2.205070e+01,0.000000e+00,0.000000e+00,-3.660017e-02
7.223491e-04,1.025904e+02,7.842179e+02,-1.223445e-05,1.940199e-06,-3.205531e-01,7.164029e-05,4.571385e-06,0.000000e+00,-6.214167e+00,0.000000e+00,0.000000e+00,0.000000e+00,0.000000e+00,0.000000e+00,0.000000e+00,0.000000e+00,-2.981556e-19,-4.161842e-13,0.000000e+00,0.000000e+00,0.000000e+00,0.000000e+00,1.025904e+02,7.851224e+02,-3.208681e-01,7.164029e-05,0.000000e+00,2.200766e+01,0.000000e+00,0.000000e+00,-3.768999e-02
7.317291e-04,1.058562e+02,7.809290e+02,-1.253085e-05,1.170346e-06,-3.194890e-01,7.164029e-05,4.941515e-06,0.000000e+00,-6.218852e+00,0.000000e+00,0.000000e+00,0.000000e+00,0.000000e+00,0.000000e+00,0.000000e+00,0.000000e+00,-2.981556e-19,-4.161842e-13,0.000000e+00,0.000000e+00,0.000000e+00,0.000000e+00,1.058562e+02,7.817976e+02,-3.197716e-01,7.164029e-05,0.000000e+00,2.196576e+01,0.000000e+00,0.000000e+00,-3.878628e-02
7.416218e-04,1.093463e+02,7.773788e+02,-1.166880e-05,3.343452e-07,-3.183235e-01,7.164029e-05,4.564585e-06,0.000000e+00,-6.258716e+00,0.000000e+00,0.000000e+00,0.000000e+00,0.000000e+00,0.000000e+00,0.000000e+00,0.000000e+00,-2.981556e-19,-4.161842e-13,0.000000e+00,0.000000e+00,0.000000e+00,0.000000e+00,1.093463e+02,7.783187e+02,-3.186394e-01,7.164029e-05,0.000000e+00,2.192172e+01,0.000000e+00,0.000000e+00,-3.992675e-02
7.507604e-04,1.125974e+02,7.741099e+02,-1.163518e-05,-1.527270e-10,-3.172646e-01,7.164029e-05,4.443891e-06,0.000000e+00,-6.261588e+00,0.000000e+00,0.000000e+00,0.000000e+00,0.000000e+00,0.000000e+00,0.000000e+00,0.000000e+00,-2.981556e-19,-4.161842e-13,0.000000e+00,0.000000e+00,0.000000e+00,0.000000e+00,1.125974e+02,7.749537e+02,-3.175324e-01,7.164029e-05,0.000000e+00,2.188118e+01,0.000000e+00,0.000000e+00,-4.097556e-02
7.640963e-04,1.174503e+02,7.692017e+02,-1.405984e-05,-2.985149e-06,-3.157351e-01,7.164029e-05,4.447755e-06,0.000000e+00,-6.267551e+00,0.000000e+00,0.000000e+00,0.000000e+00,0.000000e+00,0.000000e+00,0.000000e+00,0.000000e+00,-2.981556e-19,-4.161842e-13,0.000000e+00,0.000000e+00,0.000000e+00,0.000000e+00,1.174503e+02,7.700521e+02,-3.159935e-01,7.164029e-05,0.000000e+00,2.182226e+01,0.000000e+00,0.000000e+00,-4.249448e-02
7.729929e-04,1.207606e+02,7.658447e+02,-1.520201e-05,-4.841842e-06,-3.147249e-01,7.164029e-05,4.451266e-06,0.000000e+00,-6.267551e+00,0.000000e+00,0.000000e+00,0.000000e+00,0.000000e+00,0.000000e+00,0.000000e+00,0.000000e+00,-2.981556e-19,-4.161842e-13,0.000000e+00,0.000000e+00,0.000000e+00,0.000000e+00,1.207606e+02,7.667077e+02,-3.149765e-01,7.164029e-05,0.000000e+00,2.178312e+01,0.000000e+00,0.000000e+00,-4.349871e-02
7.818986e-04,1.241071e+02,7.624325e+02,-1.597538e-05,-5.359264e-06,-3.137037e-01,7.164029e-05,4.899875e-06,0.000000e+00,-6.269258e+00,0.000000e+00,0.000000e+00,0.000000e+00,0.000000e+00,0.000000e+00,0.000000e+00,0.000000e+00,-2.981556e-19,-4.161842e-13,0.000000e+00,0.000000e+00,0.000000e+00,0.000000e+00,1.241071e+02,7.633057e+02,-3.139596e-01,7.164029e-05,0.000000e+00,2.174405e+01,0.000000e+00,0.000000e+00,-4.454309e-02
7.915536e-04,1.277568e+02,7.586884e+02,-1.732832e-05,-5.939786e-06,-3.125674e-01,7.164029e-05,4.751029e-06,0.000000e+00,-6.281386e+00,0.000000e+00,0.000000e+00,0.000000e+00,0.000000e+00,0.000000e+00,0.000000e+00,0.000000e+00,-2.981556e-19,-4.161842e-13,0.000000e+00,0.000000e+00,0.000000e+00,0.000000e+00,1.277568e+02,7.596356e+02,-3.128542e-01,7.164029e-05,0.000000e+00,2.170185e+01,0.000000e+00,0.000000e+00,-4.566422e-02
8.006687e-04,1.312249e+02,7.551411e+02,-1.744036e-05,-6.383907e-06,-3.114983e-01,7.164029e-05,4.273542e-06,0.000000e+00,-6.281922e+00,0.000000e+00,0.000000e+00,0.000000e+00,0.000000e+00,0.000000e+00,0.000000e+00,0.000000e+00,-2.981556e-19,-4.161842e-13,0.000000e+00,0.000000e+00,0.000000e+00,0.000000e+00,1.312249e+02,7.560099e+02,-3.117583e-01,7.164029e-05,0.000000e+00,2.166215e+01,0.000000e+00,0.000000e+00,-4.669951e-02
8.139287e-04,1.363382e+02,7.498964e+02,-1.544132e-05,-7.019363e-06,-3.099181e-01,7.164029e-05,4.622095e-06,0.000000e+00,-6.282169e+00,0.000000e+00,0.000000e+00,0.000000e+00,0.000000e+00,0.000000e+00,0.000000e+00,0.000000e+00,-2.981556e-19,-4.161842e-13,0.000000e+00,0.000000e+00,0.000000e+00,0.000000e+00,1.363382e+02,7.508375e+02,-3.101964e-01,7.164029e-05,0.000000e+00,2.160464e+01,0.000000e+00,0.000000e+00,-4.828807e-02
8.235070e-04,1.400962e+02,7.460370e+02,-1.206685e-05,-7.325714e-06,-3.087496e-01,7.164029e-05,4.955168e-06,0.000000e+00,-6.282295e+00,0.000000e+00,0.000000e+00,0.000000e+00,0.000000e+00,0.000000e+00,0.000000e+00,0.000000e+00,-2.981556e-19,-4.161842e-13,0.000000e+00,0.000000e+00,0.000000e+00,0.000000e+00,1.400962e+02,7.470584e+02,-3.090550e-01,7.164029e-05,0.000000e+00,2.156328e+01,0.000000e+00,0.000000e+00,-4.946579e-02
8.334162e-04,1.440332e+02,7.420172e+02,-7.918545e-06,-6.715797e-06,-3.075151e-01,7.164029e-05,4.953166e-06,0.000000e+00,-6.282295e+00,0.000000e+00,0.000000e+00,0.000000e+00,0.000000e+00,0.000000e+00,0.000000e+00,0.000000e+00,-2.981556e-19,-4.161842e-13,0.000000e+00,0.000000e+00,0.000000e+00,0.000000e+00,1.440332e+02,7.430452e+02,-3.078270e-01,7.164029e-05,0.000000e+00,2.152066e+01,0.000000e+00,0.000000e+00,-5.068808e-02
8.433218e-04,1.480167e+02,7.379696e+02,-6.651578e-06,-6.719089e-06,-3.062603e-01,7.164029e-05,4.951754e-06,0.000000e+00,-6.282295e+00,0.000000e+00,0.000000e+00,0.000000e+00,0.000000e+00,0.000000e+00,0.000000e+00,0.000000e+00,-2.981556e-19,-4.161842e-13,0.000000e+00,0.000000e+00,0.000000e+00,0.000000e+00,1.480167e+02,7.390046e+02,-3.065754e-01,7.164029e-05,0.000000e+00,2.147823e+01,0.000000e+00,0.000000e+00,-5.192935e-02
8.532249e-04,1.520565e+02,7.338654e+02,-7.741076e-06,-6.842159e-06,-3.050010e-01,7.164029e-05,4.951422e-06,0.000000e+00,-6.282295e+00,0.000000e+00,0.000000e+00,0.000000e+00,0.000000e+00,0.000000e+00,0.000000e+00,0.000000e+00,-2.981556e-19,-4.161842e-13,0.000000e+00,0.000000e+00,0.000000e+00,0.000000e+00,1.520565e+02,7.349200e+02,-3.053149e-01,7.164029e-05,0.000000e+00,2.143598e+01,0.000000e+00,0.000000e+00,-5.317444e-02
8.631282e-04,1.561640e+02,7.296677e+02,-9.359726e-06,-5.705118e-06,-3.037385e-01,7.164029e-05,4.270321e-06,0.000000e+00,-6.285241e+00,0.000000e+00,0.000000e+00,0.000000e+00,0.000000e+00,0.000000e+00,0.000000e+00,0.000000e+00,-2.981556e-19,-4.161842e-13,0.000000e+00,0.000000e+00,0.000000e+00,0.000000e+00,1.561640e+02,7.307448e+02,-3.040514e-01,7.164029e-05,0.000000e+00,2.139391e+01,0.000000e+00,0.000000e+00,-5.438107e-02
8.716681e-04,1.597584e+02,7.259973e+02,-1.110096e-05,-4.072406e-06,-3.026474e-01,7.164029e-05,4.696569e-06,0.000000e+00,-6.290485e+00,0.000000e+00,0.000000e+00,0.000000e+00,0.000000e+00,0.000000e+00,0.000000e+00,0.000000e+00,-2.981556e-19,-4.161842e-13,0.000000e+00,0.000000e+00,0.000000e+00,0.000000e+00,1.597584e+02,7.269296e+02,-3.029223e-01,7.164029e-05,0.000000e+00,2.135776e+01,0.000000e+00,0.000000e+00,-5.549188e-02
8.813170e-04,1.638625e+02,7.218439e+02,-1.343757e-05,-3.242124e-06,-3.014043e-01,7.164029e-05,4.954613e-06,0.000000e+00,-6.296232e+00,0.000000e+00,0.000000e+00,0.000000e+00,0.000000e+00,0.000000e+00,0.000000e+00,0.000000e+00,-2.981556e-19,-4.161842e-13,0.000000e+00,0.000000e+00,0.000000e+00,0.000000e+00,1.638625e+02,7.229329e+02,-3.017361e-01,7.164029e-05,0.000000e+00,2.131708e+01,0.000000e+00,0.000000e+00,-5.674475e-02
8.912301e-04,1.681135e+02,7.175463e+02,-1.589415e-05,-2.474931e-06,-3.001092e-01,7.164029e-05,4.961669e-06,0.000000e+00,-6.310643e+00,0.000000e+00,0.000000e+00,0.000000e+00,0.000000e+00,0.000000e+00,0.000000e+00,0.000000e+00,-2.981556e-19,-4.161842e-13,0.000000e+00,0.000000e+00,0.000000e+00,0.000000e+00,1.681135e+02,7.186425e+02,-3.004336e-01,7.164029e-05,0.000000e+00,2.127547e+01,0.000000e+00,0.000000e+00,-5.803508e-02
9.011552e-04,1.723963e+02,7.131806e+02,-1.877039e-05,-2.316038e-06,-2.987675e-01,7.164029e-05,4.937066e-06,0.000000e+00,-6.343049e+00,0.000000e+00,0.000000e+00,0.000000e+00,0.000000e+00,0.000000e+00,0.000000e+00,0.000000e+00,-2.981556e-19,-4.161842e-13,0.000000e+00,0.000000e+00,0.000000e+00,0.000000e+00,1.723963e+02,7.143170e+02,-2.991323e-01,7.164029e-05,0.000000e+00,2.123398e+01,0.000000e+00,0.000000e+00,-5.937210e-02
9.110301e-04,1.766916e+02,7.088346e+02,-2.002793e-05,-2.920329e-06,-2.974197e-01,7.164029e-05,4.938387e-06,0.000000e+00,-6.348114e+00,0.000000e+00,0.000000e+00,0.000000e+00,0.000000e+00,0.000000e+00,0.000000e+00,0.000000e+00,-2.981556e-19,-4.161842e-13,0.000000e+00,0.000000e+00,0.000000e+00,0.000000e+00,1.766916e+02,7.099420e+02,-2.977653e-01,7.164029e-05,0.000000e+00,2.119289e+01,0.000000e+00,0.000000e+00,-6.071908e-02
9.209072e-04,1.810230e+02,7.044558e+02,-2.017643e-05,-4.581041e-06,-2.960185e-01,7.164029e-05,4.938718e-06,0.000000e+00,-6.360064e+00,0.000000e+00,0.000000e+00,0.000000e+00,0.000000e+00,0.000000e+00,0.000000e+00,0.000000e+00,-2.981556e-19,-4.161842e-13,0.000000e+00,0.000000e+00,0.000000e+00,0.000000e+00,1.810230e+02,7.055811e+02,-2.963859e-01,7.164029e-05,0.000000e+00,2.115198e+01,0.000000e+00,0.000000e+00,-6.211919e-02
9.306031e-04,1.853211e+02,7.001308e+02,-2.011346e-05,-6.265178e-06,-2.946299e-01,7.164029e-05,4.731558e-06,0.000000e+00,-6.360201e+00,0.000000e+00,0.000000e+00,0.000000e+00,0.000000e+00,0.000000e+00,0.000000e+00,0.000000e+00,-2.981556e-19,-4.161842e-13,0.000000e+00,0.000000e+00,0.000000e+00,0.000000e+00,1.853211e+02,7.012126e+02,-2.949746e-01,7.164029e-05,0.000000e+00,2.111201e+01,0.000000e+00,0.000000e+00,-6.348816e-02
9.438802e-04,1.912803e+02,6.941343e+02,-2.100225e-05,-1.041132e-05,-2.926967e-01,7.164029e-05,4.272680e-06,0.000000e+00,-6.360982e+00,0.000000e+00,0.000000e+00,0.000000e+00,0.000000e+00,0.000000e+00,0.000000e+00,0.000000e+00,-2.981556e-19,-4.161842e-13,0.000000e+00,0.000000e+00,0.000000e+00,0.000000e+00,1.912803e+02,6.951202e+02,-2.930083e-01,7.164029e-05,0.000000e+00,2.105758e+01,0.000000e+00,0.000000e+00,-6.537792e-02
9.524255e-04,1.951623e+02,6.902199e+02,-2.183617e-05,-1.353256e-05,-2.914519e-01,7.164029e-05,4.448184e-06,0.000000e+00,-6.361003e+00,0.000000e+00,0.000000e+00,0.000000e+00,0.000000e+00,0.000000e+00,0.000000e+00,0.000000e+00,-2.981556e-19,-4.161842e-13,0.000000e+00,0.000000e+00,0.000000e+00,0.000000e+00,1.951623e+02,6.912184e+02,-2.917631e-01,7.164029e-05,0.000000e+00,2.102274e+01,0.000000e+00,0.000000e+00,-6.662602e-02
9.616056e-04,1.993865e+02,6.859488e+02,-2.287024e-05,-1.633158e-05,-2.901241e-01,7.164029e-05,4.675037e-06,0.000000e+00,-6.361144e+00,0.000000e+00,0.000000e+00,0.000000e+00,0.000000e+00,0.000000e+00,0.000000e+00,0.000000e+00,-2.981556e-19,-4.161842e-13,0.000000e+00,0.000000e+00,0.000000e+00,0.000000e+00,1.993865e+02,6.870753e+02,-2.904653e-01,7.164029e-05,0.000000e+00,2.098548e+01,0.000000e+00,0.000000e+00,-6.795771e-02
9.707365e-04,2.036513e+02,6.816254e+02,-2.500110e-05,-1.896351e-05,-2.888150e-01,7.164029e-05,4.456086e-06,0.000000e+00,-6.361227e+00,0.000000e+00,0.000000e+00,0.000000e+00,0.000000e+00,0.000000e+00,0.000000e+00,0.000000e+00,-2.981556e-19,-4.161842e-13,0.000000e+00,0.000000e+00,0.000000e+00,0.000000e+00,2.036513e+02,6.827013e+02,-2.891330e-01,7.164029e-05,0.000000e+00,2.094859e+01,0.000000e+00,0.000000e+00,-6.923872e-02
9.848125e-04,2.103304e+02,6.748683e+02,-2.954078e-05,-2.092800e-05,-2.868146e-01,7.164029e-05,4.941648e-06,0.000000e+00,-6.361227e+00,0.000000e+00,0.000000e+00,0.000000e+00,0.000000e+00,0.000000e+00,0.000000e+00,0.000000e+00,-2.981556e-19,-4.161842e-13,0.000000e+00,0.000000e+00,0.000000e+00,0.000000e+00,2.103304e+02,6.760778e+02,-2.871648e-01,7.164029e-05,0.000000e+00,2.089204e+01,0.000000e+00,0.000000e+00,-7.125350e-02
9.946945e-04,2.150735e+02,6.700756e+02,-3.196372e-05,-2.291277e-05,-2.853953e-01,7.164029e-05,4.939631e-06,0.000000e+00,-6.377736e+00,0.000000e+00,0.000000e+00,0.000000e+00,0.000000e+00,0.000000e+00,0.000000e+00,0.000000e+00,-2.981556e-19,-4.161842e-13,0.000000e+00,0.000000e+00,0.000000e+00,0.000000e+00,2.150735e+02,6.713060e+02,-2.857640e-01,7.164029e-05,0.000000e+00,2.085257e+01,0.000000e+00,0.000000e+00,-7.266180e-02
1.004574e-03,2.198554e+02,6.652713e+02,-3.412364e-05,-2.575606e-05,-2.839840e-01,7.164029e-05,4.716700e-06,0.000000e+00,-6.377736e+00,0.000000e+00,0.000000e+00,0.000000e+00,0.000000e+00,0.000000e+00,0.000000e+00,0.000000e+00,-2.981556e-19,-4.161842e-13,0.000000e+00,0.000000e+00,0.000000e+00,0.000000e+00,2.198554e+02,6.664960e+02,-2.843392e-01,7.164029e-05,0.000000e+00,2.081331e+01,0.000000e+00,0.000000e+00,-7.405112e-02
1.013959e-03,2.244411e+02,6.606392e+02,-3.507299e-05,-2.913176e-05,-2.826100e-01,7.164029e-05,4.364798e-06,0.000000e+00,-6.390904e+00,0.000000e+00,0.000000e+00,0.000000e+00,0.000000e+00,0.000000e+00,0.000000e+00,0.000000e+00,-2.981556e-19,-4.161842e-13,0.000000e+00,0.000000e+00,0.000000e+00,0.000000e+00,2.244411e+02,6.618105e+02,-2.829517e-01,7.164029e-05,0.000000e+00,2.077620e+01,0.000000e+00,0.000000e+00,-7.539412e-02
1.023125e-03,2.289579e+02,6.560753e+02,-3.413553e-05,-3.152278e-05,-2.812523e-01,7.164029e-05,4.944347e-06,0.000000e+00,-6.392587e+00,0.000000e+00,0.000000e+00,0.000000e+00,0.000000e+00,0.000000e+00,0.000000e+00,0.000000e+00,-2.981556e-19,-4.161842e-13,0.000000e+00,0.000000e+00,0.000000e+00,0.000000e+00,2.289579e+02,6.572906e+02,-2.816089e-01,7.164029e-05,0.000000e+00,2.074012e+01,0.000000e+00,0.000000e+00,-7.678863e-02
1.033016e-03,2.338533e+02,6.511304e+02,-3.253069e-05,-3.392530e-05,-2.797692e-01,7.164029e-05,4.949340e-06,0.000000e+00,-6.393310e+00,0.000000e+00,0.000000e+00,0.000000e+00,0.000000e+00,0.000000e+00,0.000000e+00,0.000000e+00,-2.981556e-19,-4.161842e-13,0.000000e+00,0.000000e+00,0.000000e+00,0.000000e+00,2.338533e+02,6.523854e+02,-2.801440e-01,7.164029e-05,0.000000e+00,2.070140e+01,0.000000e+00,0.000000e+00,-7.826631e-02
1.042918e-03,2.387657e+02,6.461732e+02,-3.160229e-05,-3.540119e-05,-2.782732e-01,7.164029e-05,4.955395e-06,0.000000e+00,-6.393310e+00,0.000000e+00,0.000000e+00,0.000000e+00,0.000000e+00,0.000000e+00,0.000000e+00,0.000000e+00,-2.981556e-19,-4.161842e-13,0.000000e+00,0.000000e+00,0.000000e+00,0.000000e+00,2.387657e+02,6.474330e+02,-2.786483e-01,7.164029e-05,0.000000e+00,2.066283e+01,0.000000e+00,0.000000e+00,-7.975352e-02
1.052832e-03,2.437147e+02,6.411688e+02,-3.129012e-05,-3.638677e-05,-2.767670e-01,7.164029e-05,4.961906e-06,0.000000e+00,-6.393331e+00,0.000000e+00,0.000000e+00,0.000000e+00,0.000000e+00,0.000000e+00,0.000000e+00,0.000000e+00,-2.981556e-19,-4.161842e-13,0.000000e+00,0.000000e+00,0.000000e+00,0.000000e+00,2.437147e+02,6.424448e+02,-2.771444e-01,7.164029e-05,0.000000e+00,2.062443e+01,0.000000e+00,0.000000e+00,-8.124942e-02
1.062759e-03,2.487211e+02,6.360807e+02,-3.001524e-05,-3.745266e-05,-2.752288e-01,7.164029e-05,4.967293e-06,0.000000e+00,-6.406558e+00,0.000000e+00,0.000000e+00,0.000000e+00,0.000000e+00,0.000000e+00,0.000000e+00,0.000000e+00,-2.981556e-19,-4.161842e-13,0.000000e+00,0.000000e+00,0.000000e+00,0.000000e+00,2.487211e+02,6.373795e+02,-2.756226e-01,7.164029e-05,0.000000e+00,2.058618e+01,0.000000e+00,0.000000e+00,-8.277951e-02
1.072684e-03,2.537767e+02,6.309262e+02,-2.919706e-05,-3.725506e-05,-2.736398e-01,7.164029e-05,4.948779e-06,0.000000e+00,-6.437901e+00,0.000000e+00,0.000000e+00,0.000000e+00,0.000000e+00,0.000000e+00,0.000000e+00,0.000000e+00,-2.981556e-19,-4.161842e-13,0.000000e+00,0.000000e+00,0.000000e+00,0.000000e+00,2.537767e+02,6.322439e+02,-2.740559e-01,7.164029e-05,0.000000e+00,2.054816e+01,0.000000e+00,0.000000e+00,-8.436342e-02
1.082574e-03,2.588523e+02,6.257840e+02,-2.816961e-05,-3.616881e-05,-2.720581e-01,7.164029e-05,4.631416e-06,0.000000e+00,-6.439179e+00,0.000000e+00,0.000000e+00,0.000000e+00,0.000000e+00,0.000000e+00,0.000000e+00,0.000000e+00,-2.981556e-19,-4.161842e-13,0.000000e+00,0.000000e+00,0.000000e+00,0.000000e+00,2.588523e+02,6.270902e+02,-2.724648e-01,7.164029e-05,0.000000e+00,2.051049e+01,0.000000e+00,0.000000e+00,-8.591881e-02
1.091835e-03,2.636331e+02,6.209364e+02,-2.645137e-05,-3.500845e-05,-2.705312e-01,7.164029e-05,4.628915e-06,0.000000e+00,-6.440406e+00,0.000000e+00,0.000000e+00,0.000000e+00,0.000000e+00,0.000000e+00,0.000000e+00,0.000000e+00,-2.981556e-19,-4.161842e-13,0.000000e+00,0.000000e+00,0.000000e+00,0.000000e+00,2.636331e+02,6.221666e+02,-2.709200e-01,7.164029e-05,0.000000e+00,2.047542e+01,0.000000e+00,0.000000e+00,-8.744391e-02
1.101390e-03,2.686058e+02,6.158908e+02,-2.391031e-05,-3.449330e-05,-2.689151e-01,7.164029e-05,4.926604e-06,0.000000e+00,-6.447369e+00,0.000000e+00,0.000000e+00,0.000000e+00,0.000000e+00,0.000000e+00,0.000000e+00,0.000000e+00,-2.981556e-19,-4.161842e-13,0.000000e+00,0.000000e+00,0.000000e+00,0.000000e+00,2.686058e+02,6.172120e+02,-2.693339e-01,7.164029e-05,0.000000e+00,2.043945e+01,0.000000e+00,0.000000e+00,-8.908214e-02
1.111246e-03,2.737819e+02,6.106404e+02,-2.048321e-05,-3.422369e-05,-2.672212e-01,7.164029e-05,4.935702e-06,0.000000e+00,-6.451612e+00,0.000000e+00,0.000000e+00,0.000000e+00,0.000000e+00,0.000000e+00,0.000000e+00,0.000000e+00,-2.981556e-19,-4.161842e-13,0.000000e+00,0.000000e+00,0.000000e+00,0.000000e+00,2.737819e+02,6.119786e+02,-2.676529e-01,7.164029e-05,0.000000e+00,2.040256e+01,0.000000e+00,0.000000e+00,-9.077220e-02
1.121125e-03,2.790141e+02,6.053276e+02,-1.601604e-05,-3.349988e-05,-2.654838e-01,7.164029e-05,4.951132e-06,0.000000e+00,-6.464756e+00,0.000000e+00,0.000000e+00,0.000000e+00,0.000000e+00,0.000000e+00,0.000000e+00,0.000000e+00,-2.981556e-19,-4.161842e-13,0.000000e+00,0.000000e+00,0.000000e+00,0.000000e+00,2.790141e+02,6.066863e+02,-2.659394e-01,7.164029e-05,0.000000e+00,2.036583e+01,0.000000e+00,0.000000e+00,-9.250391e-02
1.131036e-03,2.842961e+02,5.999917e+02,-1.117815e-05,-3.270762e-05,-2.637597e-01,7.164029e-05,4.957331e-06,0.000000e+00,-6.465733e+00,0.000000e+00,0.000000e+00,0.000000e+00,0.000000e+00,0.000000e+00,0.000000e+00,0.000000e+00,-2.981556e-19,-4.161842e-13,0.000000e+00,0.000000e+00,0.000000e+00,0.000000e+00,2.842961e+02,6.013446e+02,-2.641951e-01,7.164029e-05,0.000000e+00,2.032922e+01,0.000000e+00,0.000000e+00,-9.421654e-02
1.140947e-03,2.896097e+02,5.946177e+02,-7.843885e-06,-3.165789e-05,-2.620020e-01,7.164029e-05,4.949869e-06,0.000000e+00,-6.492276e+00,0.000000e+00,0.000000e+00,0.000000e+00,0.000000e+00,0.000000e+00,0.000000e+00,0.000000e+00,-2.981556e-19,-4.161842e-13,0.000000e+00,0.000000e+00,0.000000e+00,0.000000e+00,2.896097e+02,5.959974e+02,-2.624586e-01,7.164029e-05,0.000000e+00,2.029285e+01,0.000000e+00,0.000000e+00,-9.596164e-02
1.150843e-03,2.949624e+02,5.892361e+02,-3.875078e-06,-2.919895e-05,-2.602926e-01,7.164029e-05,4.488875e-06,0.000000e+00,-6.492276e+00,0.000000e+00,0.000000e+00,0.000000e+00,0.000000e+00,0.000000e+00,0.000000e+00,0.000000e+00,-2.981556e-19,-4.161842e-13,0.000000e+00,0.000000e+00,0.000000e+00,0.000000e+00,2.949624e+02,5.906051e+02,-2.607194e-01,7.164029e-05,0.000000e+00,2.025678e+01,0.000000e+00,0.000000e+00,-9.762085e-02
1.164333e-03,3.023292e+02,5.817922e+02,2.947583e-06,-2.595536e-05,-2.579266e-01,7.164029e-05,4.510208e-06,0.000000e+00,-6.505482e+00,0.000000e+00,0.000000e+00,0.000000e+00,0.000000e+00,0.000000e+00,0.000000e+00,0.000000e+00,-2.981556e-19,-4.161842e-13,0.000000e+00,0.000000e+00,0.000000e+00,0.000000e+00,3.023292e+02,5.830551e+02,-2.583216e-01,7.164029e-05,0.000000e+00,2.020799e+01,0.000000e+00,0.000000e+00,-9.997555e-02
1.173359e-03,3.072945e+02,5.767755e+02,7.700130e-06,-2.427571e-05,-2.563402e-01,7.164029e-05,4.519759e-06,0.000000e+00,-6.508314e+00,0.000000e+00,0.000000e+00,0.000000e+00,0.000000e+00,0.000000e+00,0.000000e+00,0.000000e+00,-2.981556e-19,-4.161842e-13,0.000000e+00,0.000000e+00,0.000000e+00,0.000000e+00,3.072945e+02,5.780458e+02,-2.567382e-01,7.164029e-05,0.000000e+00,2.017559e+01,0.000000e+00,0.000000e+00,-1.015531e-01
1.182787e-03,3.125029e+02,5.715230e+02,1.115654e-05,-2.291285e-05,-2.546768e-01,7.164029e-05,4.902032e-06,0.000000e+00,-6.508634e+00,0.000000e+00,0.000000e+00,0.000000e+00,0.000000e+00,0.000000e+00,0.000000e+00,0.000000e+00,-2.981556e-19,-4.161842e-13,0.000000e+00,0.000000e+00,0.000000e+00,0.000000e+00,3.125029e+02,5.729080e+02,-2.551102e-01,7.164029e-05,0.000000e+00,2.014197e+01,0.000000e+00,0.000000e+00,-1.032376e-01
1.192585e-03,3.179353e+02,5.660468e+02,1.354663e-05,-2.253510e-05,-2.529303e-01,7.164029e-05,4.891052e-06,0.000000e+00,-6.512074e+00,0.000000e+00,0.000000e+00,0.000000e+00,0.000000e+00,0.000000e+00,0.000000e+00,0.000000e+00,-2.981556e-19,-4.161842e-13,0.000000e+00,0.000000e+00,0.000000e+00,0.000000e+00,3.179353e+02,5.674369e+02,-2.533753e-01,7.164029e-05,0.000000e+00,2.010725e+01,0.000000e+00,0.000000e+00,-1.049678e-01
1.202363e-03,3.233837e+02,5.605417e+02,1.315185e-05,-2.238865e-05,-2.511823e-01,7.164029e-05,4.883168e-06,0.000000e+00,-6.523396e+00,0.000000e+00,0.000000e+00,0.000000e+00,0.000000e+00,0.000000e+00,0.000000e+00,0.000000e+00,-2.981556e-19,-4.161842e-13,0.000000e+00,0.000000e+00,0.000000e+00,0.000000e+00,3.233837e+02,5.619346e+02,-2.516136e-01,7.164029e-05,0.000000e+00,2.007285e+01,0.000000e+00,0.000000e+00,-1.066981e-01
1.212126e-03,3.288525e+02,5.550246e+02,1.211737e-05,-2.159371e-05,-2.494663e-01,7.164029e-05,4.877892e-06,0.000000e+00,-6.523412e+00,0.000000e+00,0.000000e+00,0.000000e+00,0.000000e+00,0.000000e+00,0.000000e+00,0.000000e+00,-2.981556e-19,-4.161842e-13,0.000000e+00,0.000000e+00,0.000000e+00,0.000000e+00,3.288525e+02,5.564218e+02,-2.498942e-01,7.164029e-05,0.000000e+00,2.003874e+01,0.000000e+00,0.000000e+00,-1.083965e-01
1.221880e-03,3.343408e+02,5.494813e+02,1.062158e-05,-2.158151e-05,-2.477461e-01,7.164029e-05,4.875599e-06,0.000000e+00,-6.537026e+00,0.000000e+00,0.000000e+00,0.000000e+00,0.000000e+00,0.000000e+00,0.000000e+00,0.000000e+00,-2.981556e-19,-4.161842e-13,0.000000e+00,0.000000e+00,0.000000e+00,0.000000e+00,3.343408e+02,5.508817e+02,-2.481720e-01,7.164029e-05,0.000000e+00,2.000489e+01,0.000000e+00,0.000000e+00,-1.101034e-01
1.231631e-03,3.398494e+02,5.439313e+02,8.419427e-06,-2.148294e-05,-2.460409e-01,7.164029e-05,4.874859e-06,0.000000e+00,-6.537026e+00,0.000000e+00,0.000000e+00,0.000000e+00,0.000000e+00,0.000000e+00,0.000000e+00,0.000000e+00,-2.981556e-19,-4.161842e-13,0.000000e+00,0.000000e+00,0.000000e+00,0.000000e+00,3.398494e+02,5.453375e+02,-2.464679e-01,7.164029e-05,0.000000e+00,1.997128e+01,0.000000e+00,0.000000e+00,-1.117995e-01
1.241380e-03,3.453831e+02,5.383432e+02,6.666355e-06,-2.169224e-05,-2.443034e-01,7.164029e-05,4.873737e-06,0.000000e+00,-6.549465e+00,0.000000e+00,0.000000e+00,0.000000e+00,0.000000e+00,0.000000e+00,0.000000e+00,0.000000e+00,-2.981556e-19,-4.161842e-13,0.000000e+00,0.000000e+00,0.000000e+00,0.000000e+00,3.453831e+02,5.397582e+02,-2.447389e-01,7.164029e-05,0.000000e+00,1.993792e+01,0.000000e+00,0.000000e+00,-1.135341e-01
1.251126e-03,3.509466e+02,5.327368e+02,4.285679e-06,-2.257760e-05,-2.425582e-01,7.164029e-05,4.870243e-06,0.000000e+00,-6.551594e+00,0.000000e+00,0.000000e+00,0.000000e+00,0.000000e+00,0.000000e+00,0.000000e+00,0.000000e+00,-2.981556e-19,-4.161842e-13,0.000000e+00,0.000000e+00,0.000000e+00,0.000000e+00,3.509466e+02,5.341588e+02,-2.430042e-01,7.164029e-05,0.000000e+00,1.990480e+01,0.000000e+00,0.000000e+00,-1.152817e-01
1.260864e-03,3.565345e+02,5.271094e+02,1.478060e-06,-2.466648e-05,-2.407748e-01,7.164029e-05,4.863785e-06,0.000000e+00,-6.556716e+00,0.000000e+00,0.000000e+00,0.000000e+00,0.000000e+00,0.000000e+00,0.000000e+00,0.000000e+00,-2.981556e-19,-4.161842e-13,0.000000e+00,0.000000e+00,0.000000e+00,0.000000e+00,3.565345e+02,5.285371e+02,-2.412331e-01,7.164029e-05,0.000000e+00,1.987195e+01,0.000000e+00,0.000000e+00,-1.170662e-01
1.270588e-03,3.621483e+02,5.214713e+02,-6.707202e-07,-2.670552e-05,-2.389768e-01,7.164029e-05,4.668537e-06,0.000000e+00,-6.556749e+00,0.000000e+00,0.000000e+00,0.000000e+00,0.000000e+00,0.000000e+00,0.000000e+00,0.000000e+00,-2.981556e-19,-4.161842e-13,0.000000e+00,0.000000e+00,0.000000e+00,0.000000e+00,3.621483e+02,5.228987e+02,-2.394290e-01,7.164029e-05,0.000000e+00,1.983939e+01,0.000000e+00,0.000000e+00,-1.188478e-01
1.284094e-03,3.699920e+02,5.136091e+02,-2.801330e-06,-2.875887e-05,-2.364428e-01,7.164029e-05,4.415519e-06,0.000000e+00,-6.559075e+00,0.000000e+00,0.000000e+00,0.000000e+00,0.000000e+00,0.000000e+00,0.000000e+00,0.000000e+00,-2.981556e-19,-4.161842e-13,0.000000e+00,0.000000e+00,0.000000e+00,0.000000e+00,3.699920e+02,5.149111e+02,-2.368666e-01,7.164029e-05,0.000000e+00,1.979458e+01,0.000000e+00,0.000000e+00,-1.213578e-01
1.292924e-03,3.751493e+02,5.084598e+02,-4.596818e-06,-2.948545e-05,-2.347805e-01,7.164029e-05,4.658299e-06,0.000000e+00,-6.559075e+00,0.000000e+00,0.000000e+00,0.000000e+00,0.000000e+00,0.000000e+00,0.000000e+00,0.000000e+00,-2.981556e-19,-4.161842e-13,0.000000e+00,0.000000e+00,0.000000e+00,0.000000e+00,3.751493e+02,5.097611e+02,-2.351967e-01,7.164029e-05,0.000000e+00,1.976554e+01,0.000000e+00,0.000000e+00,-1.230425e-01
1.302425e-03,3.807263e+02,5.029016e+02,-6.523021e-06,-2.981291e-05,-2.329881e-01,7.164029e-05,4.841185e-06,0.000000e+00,-6.559075e+00,0.000000e+00,0.000000e+00,0.000000e+00,0.000000e+00,0.000000e+00,0.000000e+00,0.000000e+00,-2.981556e-19,-4.161842e-13,0.000000e+00,0.000000e+00,0.000000e+00,0.000000e+00,3.807263e+02,5.043372e+02,-2.334452e-01,7.164029e-05,0.000000e+00,1.973452e+01,0.000000e+00,0.000000e+00,-1.248503e-01
1.312106e-03,3.864396e+02,4.972007e+02,-8.890343e-06,-3.048322e-05,-2.311574e-01,7.164029e-05,4.837579e-06,0.000000e+00,-6.559190e+00,0.000000e+00,0.000000e+00,0.000000e+00,0.000000e+00,0.000000e+00,0.000000e+00,0.000000e+00,-2.981556e-19,-4.161842e-13,0.000000e+00,0.000000e+00,0.000000e+00,0.000000e+00,3.864396e+02,4.986464e+02,-2.316159e-01,7.164029e-05,0.000000e+00,1.970316e+01,0.000000e+00,0.000000e+00,-1.266786e-01
1.321779e-03,3.921792e+02,4.914581e+02,-1.161337e-05,-3.126752e-05,-2.293221e-01,7.164029e-05,4.833915e-06,0.000000e+00,-6.562696e+00,0.000000e+00,0.000000e+00,0.000000e+00,0.000000e+00,0.000000e+00,0.000000e+00,0.000000e+00,-2.981556e-19,-4.161842e-13,0.000000e+00,0.000000e+00,0.000000e+00,0.000000e+00,3.921792e+02,4.929116e+02,-2.297810e-01,7.164029e-05,0.000000e+00,1.967207e+01,0.000000e+00,0.000000e+00,-1.285103e-01
1.331445e-03,3.979352e+02,4.856964e+02,-1.376967e-05,-3.286487e-05,-2.274836e-01,7.164029e-05,4.830292e-06,0.000000e+00,-6.564237e+00,0.000000e+00,0.000000e+00,0.000000e+00,0.000000e+00,0.000000e+00,0.000000e+00,0.000000e+00,-2.981556e-19,-4.161842e-13,0.000000e+00,0.000000e+00,0.000000e+00,0.000000e+00,3.979352e+02,4.871547e+02,-2.279477e-01,7.164029e-05,0.000000e+00,1.964125e+01,0.000000e+00,0.000000e+00,-1.303478e-01
1.341104e-03,4.037035e+02,4.799186e+02,-1.510733e-05,-3.446642e-05,-2.256289e-01,7.164029e-05,4.585600e-06,0.000000e+00,-6.569846e+00,0.000000e+00,0.000000e+00,0.000000e+00,0.000000e+00,0.000000e+00,0.000000e+00,0.000000e+00,-2.981556e-19,-4.161842e-13,0.000000e+00,0.000000e+00,0.000000e+00,0.000000e+00,4.037035e+02,4.813841e+02,-2.261020e-01,7.164029e-05,0.000000e+00,1.961071e+01,0.000000e+00,0.000000e+00,-1.321792e-01
1.350278e-03,4.091972e+02,4.744154e+02,-1.593405e-05,-3.611470e-05,-2.238674e-01,7.164029e-05,4.819932e-06,0.000000e+00,-6.569846e+00,0.000000e+00,0.000000e+00,0.000000e+00,0.000000e+00,0.000000e+00,0.000000e+00,0.000000e+00,-2.981556e-19,-4.161842e-13,0.000000e+00,0.000000e+00,0.000000e+00,0.000000e+00,4.091972e+02,4.758073e+02,-2.243089e-01,7.164029e-05,0.000000e+00,1.958192e+01,0.000000e+00,0.000000e+00,-1.339619e-01
1.364727e-03,4.178792e+02,4.657066e+02,-1.770535e-05,-3.881106e-05,-2.210554e-01,7.164029e-05,4.538227e-06,0.000000e+00,-6.576530e+00,0.000000e+00,0.000000e+00,0.000000e+00,0.000000e+00,0.000000e+00,0.000000e+00,0.000000e+00,-2.981556e-19,-4.161842e-13,0.000000e+00,0.000000e+00,0.000000e+00,0.000000e+00,4.178792e+02,4.671724e+02,-2.215216e-01,7.164029e-05,0.000000e+00,1.953706e+01,0.000000e+00,0.000000e+00,-1.367463e-01
1.373543e-03,4.231878e+02,4.603862e+02,-1.815274e-05,-3.971742e-05,-2.193383e-01,7.164029e-05,4.704847e-06,0.000000e+00,-6.579549e+00,0.000000e+00,0.000000e+00,0.000000e+00,0.000000e+00,0.000000e+00,0.000000e+00,0.000000e+00,-2.981556e-19,-4.161842e-13,0.000000e+00,0.000000e+00,0.000000e+00,0.000000e+00,4.231878e+02,4.616901e+02,-2.197570e-01,7.164029e-05,0.000000e+00,1.950996e+01,0.000000e+00,0.000000e+00,-1.384782e-01
1.383053e-03,4.289250e+02,4.546430e+02,-1.844515e-05,-4.009208e-05,-2.174956e-01,7.164029e-05,4.804297e-06,0.000000e+00,-6.579549e+00,0.000000e+00,0.000000e+00,0.000000e+00,0.000000e+00,0.000000e+00,0.000000e+00,0.000000e+00,-2.981556e-19,-4.161842e-13,0.000000e+00,0.000000e+00,0.000000e+00,0.000000e+00,4.289250e+02,4.561098e+02,-2.179612e-01,7.164029e-05,0.000000e+00,1.948097e+01,0.000000e+00,0.000000e+00,-1.403302e-01
1.392661e-03,4.347306e+02,4.488224e+02,-1.854329e-05,-4.044887e-05,-2.156193e-01,7.164029e-05,4.803944e-06,0.000000e+00,-6.584026e+00,0.000000e+00,0.000000e+00,0.000000e+00,0.000000e+00,0.000000e+00,0.000000e+00,0.000000e+00,-2.981556e-19,-4.161842e-13,0.000000e+00,0.000000e+00,0.000000e+00,0.000000e+00,4.347306e+02,4.502973e+02,-2.160983e-01,7.164029e-05,0.000000e+00,1.945192e+01,0.000000e+00,0.000000e+00,-1.422075e-01
1.402269e-03,4.405478e+02,4.429952e+02,-1.863627e-05,-4.076898e-05,-2.137456e-01,7.164029e-05,4.597653e-06,0.000000e+00,-6.584054e+00,0.000000e+00,0.000000e+00,0.000000e+00,0.000000e+00,0.000000e+00,0.000000e+00,0.000000e+00,-2.981556e-19,-4.161842e-13,0.000000e+00,0.000000e+00,0.000000e+00,0.000000e+00,4.405478e+02,4.444672e+02,-2.142165e-01,7.164029e-05,0.000000e+00,1.942313e+01,0.000000e+00,0.000000e+00,-1.440643e-01
1.411675e-03,4.462420e+02,4.372932e+02,-1.912923e-05,-4.073941e-05,-2.118920e-01,7.164029e-05,4.677958e-06,0.000000e+00,-6.584196e+00,0.000000e+00,0.000000e+00,0.000000e+00,0.000000e+00,0.000000e+00,0.000000e+00,0.000000e+00,-2.981556e-19,-4.161842e-13,0.000000e+00,0.000000e+00,0.000000e+00,0.000000e+00,4.462420e+02,4.387644e+02,-2.123689e-01,7.164029e-05,0.000000e+00,1.939519e+01,0.000000e+00,0.000000e+00,-1.459317e-01
1.421026e-03,4.518993e+02,4.316315e+02,-1.970623e-05,-4.045567e-05,-2.100249e-01,7.164029e-05,4.667005e-06,0.000000e+00,-6.584196e+00,0.000000e+00,0.000000e+00,0.000000e+00,0.000000e+00,0.000000e+00,0.000000e+00,0.000000e+00,-2.981556e-19,-4.161842e-13,0.000000e+00,0.000000e+00,0.000000e+00,0.000000e+00,4.518993e+02,4.330597e+02,-2.104950e-01,7.164029e-05,0.000000e+00,1.936765e+01,0.000000e+00,0.000000e+00,-1.478044e-01
1.430508e-03,4.576385e+02,4.258878e+02,-1.999986e-05,-4.078673e-05,-2.081024e-01,7.164029e-05,4.816749e-06,0.000000e+00,-6.584196e+00,0.000000e+00,0.000000e+00,0.000000e+00,0.000000e+00,0.000000e+00,0.000000e+00,0.000000e+00,-2.981556e-19,-4.161842e-13,0.000000e+00,0.000000e+00,0.000000e+00,0.000000e+00,4.576385e+02,4.273619e+02,-2.085941e-01,7.164029e-05,0.000000e+00,1.933998e+01,0.000000e+00,0.000000e+00,-1.497485e-01
1.440143e-03,4.634807e+02,4.200358e+02,-2.025838e-05,-4.150773e-05,-2.061097e-01,7.164029e-05,4.450984e-06,0.000000e+00,-6.590051e+00,0.000000e+00,0.000000e+00,0.000000e+00,0.000000e+00,0.000000e+00,0.000000e+00,0.000000e+00,-2.981556e-19,-4.161842e-13,0.000000e+00,0.000000e+00,0.000000e+00,0.000000e+00,4.634807e+02,4.215138e+02,-2.066087e-01,7.164029e-05,0.000000e+00,1.931213e+01,0.000000e+00,0.000000e+00,-1.517088e-01
1.453645e-03,4.716864e+02,4.118235e+02,-2.154430e-05,-4.236260e-05,-2.032944e-01,7.164029e-05,4.603143e-06,0.000000e+00,-6.590878e+00,0.000000e+00,0.000000e+00,0.000000e+00,0.000000e+00,0.000000e+00,0.000000e+00,0.000000e+00,-2.981556e-19,-4.161842e-13,0.000000e+00,0.000000e+00,0.000000e+00,0.000000e+00,4.716864e+02,4.132368e+02,-2.037795e-01,7.164029e-05,0.000000e+00,1.927354e+01,0.000000e+00,0.000000e+00,-1.545428e-01
1.462855e-03,4.772892e+02,4.062218e+02,-2.298834e-05,-4.384208e-05,-2.013652e-01,7.164029e-05,4.813623e-06,0.000000e+00,-6.591067e+00,0.000000e+00,0.000000e+00,0.000000e+00,0.000000e+00,0.000000e+00,0.000000e+00,0.000000e+00,-2.981556e-19,-4.161842e-13,0.000000e+00,0.000000e+00,0.000000e+00,0.000000e+00,4.772892e+02,4.076353e+02,-2.018492e-01,7.164029e-05,0.000000e+00,1.924753e+01,0.000000e+00,0.000000e+00,-1.564927e-01
1.472480e-03,4.831452e+02,4.003747e+02,-2.411474e-05,-4.510672e-05,-1.993512e-01,7.164029e-05,4.590099e-06,0.000000e+00,-6.591234e+00,0.000000e+00,0.000000e+00,0.000000e+00,0.000000e+00,0.000000e+00,0.000000e+00,0.000000e+00,-2.981556e-19,-4.161842e-13,0.000000e+00,0.000000e+00,0.000000e+00,0.000000e+00,4.831452e+02,4.018499e+02,-1.998552e-01,7.164029e-05,0.000000e+00,1.922061e+01,0.000000e+00,0.000000e+00,-1.584802e-01
1.481879e-03,4.888652e+02,3.946643e+02,-2.430350e-05,-4.608133e-05,-1.973916e-01,7.164029e-05,4.808094e-06,0.000000e+00,-6.591234e+00,0.000000e+00,0.000000e+00,0.000000e+00,0.000000e+00,0.000000e+00,0.000000e+00,0.000000e+00,-2.981556e-19,-4.161842e-13,0.000000e+00,0.000000e+00,0.000000e+00,0.000000e+00,4.888652e+02,3.961407e+02,-1.978919e-01,7.164029e-05,0.000000e+00,1.919459e+01,0.000000e+00,0.000000e+00,-1.604593e-01
1.491495e-03,4.947231e+02,3.888062e+02,-2.429381e-05,-4.746480e-05,-1.953839e-01,7.164029e-05,4.809159e-06,0.000000e+00,-6.592873e+00,0.000000e+00,0.000000e+00,0.000000e+00,0.000000e+00,0.000000e+00,0.000000e+00,0.000000e+00,-2.981556e-19,-4.161842e-13,0.000000e+00,0.000000e+00,0.000000e+00,0.000000e+00,4.947231e+02,3.902861e+02,-1.958835e-01,7.164029e-05,0.000000e+00,1.916823e+01,0.000000e+00,0.000000e+00,-1.624648e-01
1.501115e-03,5.005867e+02,3.829385e+02,-2.502087e-05,-4.870285e-05,-1.933811e-01,7.164029e-05,4.699676e-06,0.000000e+00,-6.592907e+00,0.000000e+00,0.000000e+00,0.000000e+00,0.000000e+00,0.000000e+00,0.000000e+00,0.000000e+00,-2.981556e-19,-4.161842e-13,0.000000e+00,0.000000e+00,0.000000e+00,0.000000e+00,5.005867e+02,3.844206e+02,-1.938828e-01,7.164029e-05,0.000000e+00,1.914213e+01,0.000000e+00,0.000000e+00,-1.644570e-01
1.510512e-03,5.063142e+02,3.772043e+02,-2.579241e-05,-4.940050e-05,-1.914144e-01,7.164029e-05,4.694763e-06,0.000000e+00,-6.592915e+00,0.000000e+00,0.000000e+00,0.000000e+00,0.000000e+00,0.000000e+00,0.000000e+00,0.000000e+00,-2.981556e-19,-4.161842e-13,0.000000e+00,0.000000e+00,0.000000e+00,0.000000e+00,5.063142e+02,3.786509e+02,-1.919077e-01,7.164029e-05,0.000000e+00,1.911689e+01,0.000000e+00,0.000000e+00,-1.664257e-01
1.524519e-03,5.148514e+02,3.686495e+02,-2.662849e-05,-4.895556e-05,-1.884492e-01,7.164029e-05,4.624500e-06,0.000000e+00,-6.592915e+00,0.000000e+00,0.000000e+00,0.000000e+00,0.000000e+00,0.000000e+00,0.000000e+00,0.000000e+00,-2.981556e-19,-4.161842e-13,0.000000e+00,0.000000e+00,0.000000e+00,0.000000e+00,5.148514e+02,3.700753e+02,-1.889422e-01,7.164029e-05,0.000000e+00,1.907975e+01,0.000000e+00,0.000000e+00,-1.693895e-01
1.533857e-03,5.205428e+02,3.629369e+02,-2.730317e-05,-4.824021e-05,-1.864452e-01,7.164029e-05,4.725275e-06,0.000000e+00,-6.592929e+00,0.000000e+00,0.000000e+00,0.000000e+00,0.000000e+00,0.000000e+00,0.000000e+00,0.000000e+00,-2.981556e-19,-4.161842e-13,0.000000e+00,0.000000e+00,0.000000e+00,0.000000e+00,5.205428e+02,3.643925e+02,-1.869535e-01,7.164029e-05,0.000000e+00,1.905532e+01,0.000000e+00,0.000000e+00,-1.714074e-01
1.543318e-03,5.263058e+02,3.571514e+02,-2.852621e-05,-4.771332e-05,-1.843967e-01,7.164029e-05,4.629799e-06,0.000000e+00,-6.592929e+00,0.000000e+00,0.000000e+00,0.000000e+00,0.000000e+00,0.000000e+00,0.000000e+00,0.000000e+00,-2.981556e-19,-4.161842e-13,0.000000e+00,0.000000e+00,0.000000e+00,0.000000e+00,5.263058e+02,3.586118e+02,-1.849111e-01,7.164029e-05,0.000000e+00,1.903083e+01,0.000000e+00,0.000000e+00,-1.734463e-01
1.552581e-03,5.319414e+02,3.515036e+02,-2.939469e-05,-4.743964e-05,-1.823813e-01,7.164029e-05,4.815773e-06,0.000000e+00,-6.592929e+00,0.000000e+00,0.000000e+00,0.000000e+00,0.000000e+00,0.000000e+00,0.000000e+00,0.000000e+00,-2.981556e-19,-4.161842e-13,0.000000e+00,0.000000e+00,0.000000e+00,0.000000e+00,5.319414e+02,3.529263e+02,-1.828858e-01,7.164029e-05,0.000000e+00,1.900712e+01,0.000000e+00,0.000000e+00,-1.754803e-01
1.562212e-03,5.377882e+02,3.456592e+02,-2.993814e-05,-4.692487e-05,-1.802801e-01,7.164029e-05,4.813899e-06,0.000000e+00,-6.595040e+00,0.000000e+00,0.000000e+00,0.000000e+00,0.000000e+00,0.000000e+00,0.000000e+00,0.000000e+00,-2.981556e-19,-4.161842e-13,0.000000e+00,0.000000e+00,0.000000e+00,0.000000e+00,5.377882e+02,3.471321e+02,-1.808089e-01,7.164029e-05,0.000000e+00,1.898274e+01,0.000000e+00,0.000000e+00,-1.775781e-01
1.571839e-03,5.436199e+02,3.398476e+02,-3.045604e-05,-4.609881e-05,-1.781922e-01,7.164029e-05,4.813880e-06,0.000000e+00,-6.595040e+00,0.000000e+00,0.000000e+00,0.000000e+00,0.000000e+00,0.000000e+00,0.000000e+00,0.000000e+00,-2.981556e-19,-4.161842e-13,0.000000e+00,0.000000e+00,0.000000e+00,0.000000e+00,5.436199e+02,3.413121e+02,-1.787130e-01,7.164029e-05,0.000000e+00,1.895866e+01,0.000000e+00,0.000000e+00,-1.796625e-01
1.581085e-03,5.492074e+02,3.342815e+02,-3.067166e-05,-4.590204e-05,-1.761958e-01,7.164029e-05,4.815942e-06,0.000000e+00,-6.595040e+00,0.000000e+00,0.000000e+00,0.000000e+00,0.000000e+00,0.000000e+00,0.000000e+00,0.000000e+00,-2.981556e-19,-4.161842e-13,0.000000e+00,0.000000e+00,0.000000e+00,0.000000e+00,5.492074e+02,3.356265e+02,-1.766732e-01,7.164029e-05,0.000000e+00,1.893579e+01,0.000000e+00,0.000000e+00,-1.816558e-01
1.590562e-03,5.549231e+02,3.285804e+02,-3.083965e-05,-4.580052e-05,-1.741526e-01,7.164029e-05,4.436412e-06,0.000000e+00,-6.595554e+00,0.000000e+00,0.000000e+00,0.000000e+00,0.000000e+00,0.000000e+00,0.000000e+00,0.000000e+00,-2.981556e-19,-4.161842e-13,0.000000e+00,0.000000e+00,0.000000e+00,0.000000e+00,5.549231e+02,3.299951e+02,-1.746543e-01,7.164029e-05,0.000000e+00,1.891261e+01,0.000000e+00,0.000000e+00,-1.836569e-01
1.603861e-03,5.629108e+02,3.205947e+02,-3.171538e-05,-4.588973e-05,-1.712852e-01,7.164029e-05,4.427580e-06,0.000000e+00,-6.595554e+00,0.000000e+00,0.000000e+00,0.000000e+00,0.000000e+00,0.000000e+00,0.000000e+00,0.000000e+00,-2.981556e-19,-4.161842e-13,0.000000e+00,0.000000e+00,0.000000e+00,0.000000e+00,5.629108e+02,3.219326e+02,-1.717638e-01,7.164029e-05,0.000000e+00,1.888055e+01,0.000000e+00,0.000000e+00,-1.865254e-01
1.612718e-03,5.682033e+02,3.152956e+02,-3.227344e-05,-4.601166e-05,-1.693600e-01,7.164029e-05,4.432669e-06,0.000000e+00,-6.595554e+00,0.000000e+00,0.000000e+00,0.000000e+00,0.000000e+00,0.000000e+00,0.000000e+00,0.000000e+00,-2.981556e-19,-4.161842e-13,0.000000e+00,0.000000e+00,0.000000e+00,0.000000e+00,5.682033e+02,3.166302e+02,-1.698438e-01,7.164029e-05,0.000000e+00,1.885949e+01,0.000000e+00,0.000000e+00,-1.884549e-01
1.621980e-03,5.737107e+02,3.097801e+02,-3.280597e-05,-4.602381e-05,-1.673254e-01,7.164029e-05,4.829874e-06,0.000000e+00,-6.595560e+00,0.000000e+00,0.000000e+00,0.000000e+00,0.000000e+00,0.000000e+00,0.000000e+00,0.000000e+00,-2.981556e-19,-4.161842e-13,0.000000e+00,0.000000e+00,0.000000e+00,0.000000e+00,5.737107e+02,3.112289e+02,-1.678593e-01,7.164029e-05,0.000000e+00,1.883773e+01,0.000000e+00,0.000000e+00,-1.905389e-01
1.631641e-03,5.794271e+02,3.040552e+02,-3.362765e-05,-4.602215e-05,-1.651768e-01,7.164029e-05,4.830384e-06,0.000000e+00,-6.595560e+00,0.000000e+00,0.000000e+00,0.000000e+00,0.000000e+00,0.000000e+00,0.000000e+00,0.000000e+00,-2.981556e-19,-4.161842e-13,0.000000e+00,0.000000e+00,0.000000e+00,0.000000e+00,5.794271e+02,3.054975e+02,-1.657172e-01,7.164029e-05,0.000000e+00,1.881531e+01,0.000000e+00,0.000000e+00,-1.926940e-01
1.641301e-03,5.851197e+02,2.983536e+02,-3.470508e-05,-4.578046e-05,-1.630043e-01,7.164029e-05,4.830524e-06,0.000000e+00,-6.595560e+00,0.000000e+00,0.000000e+00,0.000000e+00,0.000000e+00,0.000000e+00,0.000000e+00,0.000000e+00,-2.981556e-19,-4.161842e-13,0.000000e+00,0.000000e+00,0.000000e+00,0.000000e+00,5.851197e+02,2.997909e+02,-1.635499e-01,7.164029e-05,0.000000e+00,1.879318e+01,0.000000e+00,0.000000e+00,-1.948698e-01
1.650888e-03,5.907496e+02,2.927039e+02,-3.573529e-05,-4.492542e-05,-1.608206e-01,7.164029e-05,4.751733e-06,0.000000e+00,-6.605026e+00,0.000000e+00,0.000000e+00,0.000000e+00,0.000000e+00,0.000000e+00,0.000000e+00,0.000000e+00,-2.981556e-19,-4.161842e-13,0.000000e+00,0.000000e+00,0.000000e+00,0.000000e+00,5.907496e+02,2.941247e+02,-1.613738e-01,7.164029e-05,0.000000e+00,1.877151e+01,0.000000e+00,0.000000e+00,-1.970422e-01
1.660140e-03,5.961724e+02,2.872715e+02,-3.748311e-05,-4.402567e-05,-1.587246e-01,7.164029e-05,4.495831e-06,0.000000e+00,-6.605026e+00,0.000000e+00,0.000000e+00,0.000000e+00,0.000000e+00,0.000000e+00,0.000000e+00,0.000000e+00,-2.981556e-19,-4.161842e-13,0.000000e+00,0.000000e+00,0.000000e+00,0.000000e+00,5.961724e+02,2.886039e+02,-1.592339e-01,7.164029e-05,0.000000e+00,1.875088e+01,0.000000e+00,0.000000e+00,-1.991026e-01
1.673614e-03,6.040513e+02,2.793720e+02,-3.898411e-05,-4.357531e-05,-1.556887e-01,7.164029e-05,4.482243e-06,0.000000e+00,-6.605026e+00,0.000000e+00,0.000000e+00,0.000000e+00,0.000000e+00,0.000000e+00,0.000000e+00,0.000000e+00,-2.981556e-19,-4.161842e-13,0.000000e+00,0.000000e+00,0.000000e+00,0.000000e+00,6.040513e+02,2.806983e+02,-1.561918e-01,7.164029e-05,0.000000e+00,1.872132e+01,0.000000e+00,0.000000e+00,-2.021247e-01
1.682573e-03,6.092816e+02,2.741275e+02,-3.896970e-05,-4.263854e-05,-1.536821e-01,7.164029e-05,4.830244e-06,0.000000e+00,-6.605797e+00,0.000000e+00,0.000000e+00,0.000000e+00,0.000000e+00,0.000000e+00,0.000000e+00,0.000000e+00,-2.981556e-19,-4.161842e-13,0.000000e+00,0.000000e+00,0.000000e+00,0.000000e+00,6.092816e+02,2.754487e+02,-1.541851e-01,7.164029e-05,0.000000e+00,1.870197e+01,0.000000e+00,0.000000e+00,-2.041627e-01
1.692234e-03,6.149116e+02,2.684906e+02,-3.845205e-05,-4.175751e-05,-1.515323e-01,7.164029e-05,4.713894e-06,0.000000e+00,-6.605871e+00,0.000000e+00,0.000000e+00,0.000000e+00,0.000000e+00,0.000000e+00,0.000000e+00,0.000000e+00,-2.981556e-19,-4.161842e-13,0.000000e+00,0.000000e+00,0.000000e+00,0.000000e+00,6.149116e+02,2.699109e+02,-1.520698e-01,7.164029e-05,0.000000e+00,1.868139e+01,0.000000e+00,0.000000e+00,-2.062934e-01
1.701664e-03,6.203853e+02,2.630156e+02,-3.736324e-05,-4.112921e-05,-1.494375e-01,7.164029e-05,4.718063e-06,0.000000e+00,-6.605960e+00,0.000000e+00,0.000000e+00,0.000000e+00,0.000000e+00,0.000000e+00,0.000000e+00,0.000000e+00,-2.981556e-19,-4.161842e-13,0.000000e+00,0.000000e+00,0.000000e+00,0.000000e+00,6.203853e+02,2.643941e+02,-1.499624e-01,7.164029e-05,0.000000e+00,1.866158e+01,0.000000e+00,0.000000e+00,-2.083859e-01
1.711102e-03,6.258351e+02,2.575660e+02,-3.727089e-05,-4.181021e-05,-1.473363e-01,7.164029e-05,4.720705e-06,0.000000e+00,-6.605960e+00,0.000000e+00,0.000000e+00,0.000000e+00,0.000000e+00,0.000000e+00,0.000000e+00,0.000000e+00,-2.981556e-19,-4.161842e-13,0.000000e+00,0.000000e+00,0.000000e+00,0.000000e+00,6.258351e+02,2.589388e+02,-1.478630e-01,7.164029e-05,0.000000e+00,1.864203e+01,0.000000e+00,0.000000e+00,-2.104877e-01
1.720498e-03,6.312344e+02,2.521535e+02,-3.725164e-05,-4.293827e-05,-1.452205e-01,7.164029e-05,4.679029e-06,0.000000e+00,-6.610907e+00,0.000000e+00,0.000000e+00,0.000000e+00,0.000000e+00,0.000000e+00,0.000000e+00,0.000000e+00,-2.981556e-19,-4.161842e-13,0.000000e+00,0.000000e+00,0.000000e+00,0.000000e+00,6.312344e+02,2.535152e+02,-1.457566e-01,7.164029e-05,0.000000e+00,1.862285e+01,0.000000e+00,0.000000e+00,-2.126010e-01
1.734685e-03,6.393460e+02,2.440147e+02,-3.730938e-05,-4.398478e-05,-1.419973e-01,7.164029e-05,4.824268e-06,0.000000e+00,-6.610916e+00,0.000000e+00,0.000000e+00,0.000000e+00,0.000000e+00,0.000000e+00,0.000000e+00,0.000000e+00,-2.981556e-19,-4.161842e-13,0.000000e+00,0.000000e+00,0.000000e+00,0.000000e+00,6.393460e+02,2.454087e+02,-1.425509e-01,7.164029e-05,0.000000e+00,1.859441e+01,0.000000e+00,0.000000e+00,-2.158470e-01
1.744332e-03,6.448298e+02,2.385144e+02,-3.829773e-05,-4.349537e-05,-1.397691e-01,7.164029e-05,4.822283e-06,0.000000e+00,-6.610916e+00,0.000000e+00,0.000000e+00,0.000000e+00,0.000000e+00,0.000000e+00,0.000000e+00,0.000000e+00,-2.981556e-19,-4.161842e-13,0.000000e+00,0.000000e+00,0.000000e+00,0.000000e+00,6.448298e+02,2.398983e+02,-1.403297e-01,7.164029e-05,0.000000e+00,1.857543e+01,0.000000e+00,0.000000e+00,-2.180801e-01
1.753976e-03,6.502766e+02,2.330610e+02,-3.947406e-05,-4.316284e-05,-1.375138e-01,7.164029e-05,4.820441e-06,0.000000e+00,-6.610916e+00,0.000000e+00,0.000000e+00,0.000000e+00,0.000000e+00,0.000000e+00,0.000000e+00,0.000000e+00,-2.981556e-19,-4.161842e-13,0.000000e+00,0.000000e+00,0.000000e+00,0.000000e+00,6.502766e+02,2.344321e+02,-1.380808e-01,7.164029e-05,0.000000e+00,1.855677e+01,0.000000e+00,0.000000e+00,-2.203403e-01
1.763616e-03,6.556793e+02,2.276577e+02,-3.994577e-05,-4.371794e-05,-1.352355e-01,7.164029e-05,4.818750e-06,0.000000e+00,-6.610916e+00,0.000000e+00,0.000000e+00,0.000000e+00,0.000000e+00,0.000000e+00,0.000000e+00,0.000000e+00,-2.981556e-19,-4.161842e-13,0.000000e+00,0.000000e+00,0.000000e+00,0.000000e+00,6.556793e+02,2.290170e+02,-1.358076e-01,7.164029e-05,0.000000e+00,1.853842e+01,0.000000e+00,0.000000e+00,-2.226214e-01
1.773253e-03,6.610356e+02,2.222998e+02,-3.984566e-05,-4.335008e-05,-1.329414e-01,7.164029e-05,4.817079e-06,0.000000e+00,-6.610916e+00,0.000000e+00,0.000000e+00,0.000000e+00,0.000000e+00,0.000000e+00,0.000000e+00,0.000000e+00,-2.981556e-19,-4.161842e-13,0.000000e+00,0.000000e+00,0.000000e+00,0.000000e+00,6.610356e+02,2.236478e+02,-1.335162e-01,7.164029e-05,0.000000e+00,1.852038e+01,0.000000e+00,0.000000e+00,-2.249148e-01
1.782886e-03,6.663466e+02,2.169817e+02,-3.991072e-05,-4.298796e-05,-1.306372e-01,7.164029e-05,4.816185e-06,0.000000e+00,-6.611528e+00,0.000000e+00,0.000000e+00,0.000000e+00,0.000000e+00,0.000000e+00,0.000000e+00,0.000000e+00,-2.981556e-19,-4.161842e-13,0.000000e+00,0.000000e+00,0.000000e+00,0.000000e+00,6.663466e+02,2.183201e+02,-1.312128e-01,7.164029e-05,0.000000e+00,1.850266e+01,0.000000e+00,0.000000e+00,-2.272169e-01
1.792519e-03,6.716125e+02,2.117028e+02,-3.992676e-05,-4.318208e-05,-1.283328e-01,7.164029e-05,4.816248e-06,0.000000e+00,-6.611568e+00,0.000000e+00,0.000000e+00,0.000000e+00,0.000000e+00,0.000000e+00,0.000000e+00,0.000000e+00,-2.981556e-19,-4.161842e-13,0.000000e+00,0.000000e+00,0.000000e+00,0.000000e+00,6.716125e+02,2.130315e+02,-1.289091e-01,7.164029e-05,0.000000e+00,1.848525e+01,0.000000e+00,0.000000e+00,-2.295205e-01
1.802151e-03,6.768316e+02,2.064619e+02,-3.997702e-05,-4.338904e-05,-1.260254e-01,7.164029e-05,4.816924e-06,0.000000e+00,-6.611568e+00,0.000000e+00,0.000000e+00,0.000000e+00,0.000000e+00,0.000000e+00,0.000000e+00,0.000000e+00,-2.981556e-19,-4.161842e-13,0.000000e+00,0.000000e+00,0.000000e+00,0.000000e+00,6.768316e+02,2.077810e+02,-1.266029e-01,7.164029e-05,0.000000e+00,1.846815e+01,0.000000e+00,0.000000e+00,-2.318271e-01
1.811786e-03,6.820015e+02,2.012640e+02,-4.037689e-05,-4.413780e-05,-1.237131e-01,7.164029e-05,4.817712e-06,0.000000e+00,-6.611568e+00,0.000000e+00,0.000000e+00,0.000000e+00,0.000000e+00,0.000000e+00,0.000000e+00,0.000000e+00,-2.981556e-19,-4.161842e-13,0.000000e+00,0.000000e+00,0.000000e+00,0.000000e+00,6.820015e+02,2.025713e+02,-1.242920e-01,7.164029e-05,0.000000e+00,1.845136e+01,0.000000e+00,0.000000e+00,-2.341382e-01
1.821028e-03,6.869111e+02,1.963283e+02,-4.061330e-05,-4.549358e-05,-1.214894e-01,7.164029e-05,4.426096e-06,0.000000e+00,-6.611568e+00,0.000000e+00,0.000000e+00,0.000000e+00,0.000000e+00,0.000000e+00,0.000000e+00,0.000000e+00,-2.981556e-19,-4.161842e-13,0.000000e+00,0.000000e+00,0.000000e+00,0.000000e+00,6.869111e+02,1.975152e+02,-1.220223e-01,7.164029e-05,0.000000e+00,1.843554e+01,0.000000e+00,0.000000e+00,-2.363127e-01
1.834702e-03,6.940874e+02,1.891255e+02,-4.021977e-05,-4.836759e-05,-1.181921e-01,7.164029e-05,4.821432e-06,0.000000e+00,-6.611568e+00,0.000000e+00,0.000000e+00,0.000000e+00,0.000000e+00,0.000000e+00,0.000000e+00,0.000000e+00,-2.981556e-19,-4.161842e-13,0.000000e+00,0.000000e+00,0.000000e+00,0.000000e+00,6.940874e+02,1.903986e+02,-1.187737e-01,7.164029e-05,0.000000e+00,1.841267e+01,0.000000e+00,0.000000e+00,-2.396541e-01
1.844346e-03,6.990883e+02,1.841156e+02,-4.055133e-05,-5.024331e-05,-1.158641e-01,7.164029e-05,4.822946e-06,0.000000e+00,-6.611568e+00,0.000000e+00,0.000000e+00,0.000000e+00,0.000000e+00,0.000000e+00,0.000000e+00,0.000000e+00,-2.981556e-19,-4.161842e-13,0.000000e+00,0.000000e+00,0.000000e+00,0.000000e+00,6.990883e+02,1.853747e+02,-1.164462e-01,7.164029e-05,0.000000e+00,1.839691e+01,0.000000e+00,0.000000e+00,-2.419793e-01
1.853993e-03,7.040386e+02,1.791668e+02,-4.090493e-05,-5.163622e-05,-1.135370e-01,7.164029e-05,4.823780e-06,0.000000e+00,-6.611568e+00,0.000000e+00,0.000000e+00,0.000000e+00,0.000000e+00,0.000000e+00,0.000000e+00,0.000000e+00,-2.981556e-19,-4.161842e-13,0.000000e+00,0.000000e+00,0.000000e+00,0.000000e+00,7.040386e+02,1.804096e+02,-1.141182e-01,7.164029e-05,0.000000e+00,1.838147e+01,0.000000e+00,0.000000e+00,-2.443028e-01
1.863264e-03,7.087455e+02,1.744707e+02,-4.137431e-05,-5.314463e-05,-1.113053e-01,7.164029e-05,4.449965e-06,0.000000e+00,-6.611568e+00,0.000000e+00,0.000000e+00,0.000000e+00,0.000000e+00,0.000000e+00,0.000000e+00,0.000000e+00,-2.981556e-19,-4.161842e-13,0.000000e+00,0.000000e+00,0.000000e+00,0.000000e+00,7.087455e+02,1.756027e+02,-1.118398e-01,7.164029e-05,0.000000e+00,1.836692e+01,0.000000e+00,0.000000e+00,-2.464855e-01
1.872538e-03,7.134062e+02,1.698205e+02,-4.204682e-05,-5.458177e-05,-1.090804e-01,7.164029e-05,4.824572e-06,0.000000e+00,-6.611568e+00,0.000000e+00,0.000000e+00,0.000000e+00,0.000000e+00,0.000000e+00,0.000000e+00,0.000000e+00,-2.981556e-19,-4.161842e-13,0.000000e+00,0.000000e+00,0.000000e+00,0.000000e+00,7.134062e+02,1.710383e+02,-1.096578e-01,7.164029e-05,0.000000e+00,1.835265e+01,0.000000e+00,0.000000e+00,-2.487505e-01
1.882188e-03,7.182086e+02,1.650234e+02,-4.298010e-05,-5.465145e-05,-1.067753e-01,7.164029e-05,4.824697e-06,0.000000e+00,-6.611568e+00,0.000000e+00,0.000000e+00,0.000000e+00,0.000000e+00,0.000000e+00,0.000000e+00,0.000000e+00,-2.981556e-19,-4.161842e-13,0.000000e+00,0.000000e+00,0.000000e+00,0.000000e+00,7.182086e+02,1.662313e+02,-1.073505e-01,7.164029e-05,0.000000e+00,1.833812e+01,0.000000e+00,0.000000e+00,-2.510501e-01
1.891837e-03,7.229628e+02,1.602674e+02,-4.346293e-05,-5.398912e-05,-1.044783e-01,7.164029e-05,4.824369e-06,0.000000e+00,-6.611568e+00,0.000000e+00,0.000000e+00,0.000000e+00,0.000000e+00,0.000000e+00,0.000000e+00,0.000000e+00,-2.981556e-19,-4.161842e-13,0.000000e+00,0.000000e+00,0.000000e+00,0.000000e+00,7.229628e+02,1.614643e+02,-1.050518e-01,7.164029e-05,0.000000e+00,1.832389e+01,0.000000e+00,0.000000e+00,-2.533417e-01
1.901485e-03,7.276630e+02,1.555635e+02,-4.334048e-05,-5.241506e-05,-1.021854e-01,7.164029e-05,4.793622e-06,0.000000e+00,-6.611568e+00,0.000000e+00,0.000000e+00,0.000000e+00,0.000000e+00,0.000000e+00,0.000000e+00,0.000000e+00,-2.981556e-19,-4.161842e-13,0.000000e+00,0.000000e+00,0.000000e+00,0.000000e+00,7.276630e+02,1.567458e+02,-1.027586e-01,7.164029e-05,0.000000e+00,1.830997e+01,0.000000e+00,0.000000e+00,-2.556268e-01
1.911101e-03,7.322888e+02,1.509365e+02,-4.340052e-05,-5.158334e-05,-9.989804e-02,7.164029e-05,4.821793e-06,0.000000e+00,-6.611568e+00,0.000000e+00,0.000000e+00,0.000000e+00,0.000000e+00,0.000000e+00,0.000000e+00,0.000000e+00,-2.981556e-19,-4.161842e-13,0.000000e+00,0.000000e+00,0.000000e+00,0.000000e+00,7.322888e+02,1.521025e+02,-1.004722e-01,7.164029e-05,0.000000e+00,1.829641e+01,0.000000e+00,0.000000e+00,-2.579145e-01
1.920744e-03,7.368643e+02,1.463618e+02,-4.458195e-05,-5.154920e-05,-9.759799e-02,7.164029e-05,4.821173e-06,0.000000e+00,-6.611568e+00,0.000000e+00,0.000000e+00,0.000000e+00,0.000000e+00,0.000000e+00,0.000000e+00,0.000000e+00,-2.981556e-19,-4.161842e-13,0.000000e+00,0.000000e+00,0.000000e+00,0.000000e+00,7.368643e+02,1.475106e+02,-9.817392e-02,7.164029e-05,0.000000e+00,1.828312e+01,0.000000e+00,0.000000e+00,-2.602125e-01
1.930386e-03,7.413734e+02,1.418548e+02,-4.611967e-05,-5.140560e-05,-9.529011e-02,7.164029e-05,4.821095e-06,0.000000e+00,-6.611568e+00,0.000000e+00,0.000000e+00,0.000000e+00,0.000000e+00,0.000000e+00,0.000000e+00,0.000000e+00,-2.981556e-19,-4.161842e-13,0.000000e+00,0.000000e+00,0.000000e+00,0.000000e+00,7.413734e+02,1.429874e+02,-9.586818e-02,7.164029e-05,0.000000e+00,1.827014e+01,0.000000e+00,0.000000e+00,-2.625182e-01
1.940029e-03,7.458180e+02,1.374094e+02,-4.780443e-05,-5.128210e-05,-9.297472e-02,7.164029e-05,4.278647e-06,0.000000e+00,-6.611568e+00,0.000000e+00,0.000000e+00,0.000000e+00,0.000000e+00,0.000000e+00,0.000000e+00,0.000000e+00,-2.981556e-19,-4.161842e-13,0.000000e+00,0.000000e+00,0.000000e+00,0.000000e+00,7.458180e+02,1.385270e+02,-9.355432e-02,7.164029e-05,0.000000e+00,1.825747e+01,0.000000e+00,0.000000e+00,-2.647653e-01
1.952864e-03,7.516394e+02,1.315766e+02,-5.032305e-05,-5.177646e-05,-8.988355e-02,7.164029e-05,4.278395e-06,0.000000e+00,-6.611568e+00,0.000000e+00,0.000000e+00,0.000000e+00,0.000000e+00,0.000000e+00,0.000000e+00,0.000000e+00,-2.981556e-19,-4.161842e-13,0.000000e+00,0.000000e+00,0.000000e+00,0.000000e+00,7.516394e+02,1.325522e+02,-9.039950e-02,7.164029e-05,0.000000e+00,1.824109e+01,0.000000e+00,0.000000e+00,-2.678500e-01
1.961778e-03,7.556204e+02,1.275793e+02,-5.166182e-05,-5.128597e-05,-8.773236e-02,7.164029e-05,4.820156e-06,0.000000e+00,-6.611568e+00,0.000000e+00,0.000000e+00,0.000000e+00,0.000000e+00,0.000000e+00,0.000000e+00,0.000000e+00,-2.981556e-19,-4.161842e-13,0.000000e+00,0.000000e+00,0.000000e+00,0.000000e+00,7.556204e+02,1.286248e+02,-8.829208e-02,7.164029e-05,0.000000e+00,1.823004e+01,0.000000e+00,0.000000e+00,-2.700613e-01
1.971418e-03,7.598653e+02,1.233144e+02,-5.292144e-05,-5.088183e-05,-8.540220e-02,7.164029e-05,4.819264e-06,0.000000e+00,-6.611568e+00,0.000000e+00,0.000000e+00,0.000000e+00,0.000000e+00,0.000000e+00,0.000000e+00,0.000000e+00,-2.981556e-19,-4.161842e-13,0.000000e+00,0.000000e+00,0.000000e+00,0.000000e+00,7.598653e+02,1.243860e+02,-8.598550e-02,7.164029e-05,0.000000e+00,1.821839e+01,0.000000e+00,0.000000e+00,-2.723871e-01
1.981056e-03,7.640391e+02,1.191170e+02,-5.391154e-05,-5.046641e-05,-8.306429e-02,7.164029e-05,4.636876e-06,0.000000e+00,-6.611568e+00,0.000000e+00,0.000000e+00,0.000000e+00,0.000000e+00,0.000000e+00,0.000000e+00,0.000000e+00,-2.981556e-19,-4.161842e-13,0.000000e+00,0.000000e+00,0.000000e+00,0.000000e+00,7.640391e+02,1.201705e+02,-8.364993e-02,7.164029e-05,0.000000e+00,1.820706e+01,0.000000e+00,0.000000e+00,-2.746986e-01
1.990139e-03,7.679017e+02,1.152343e+02,-5.468462e-05,-5.014567e-05,-8.085138e-02,7.164029e-05,4.636715e-06,0.000000e+00,-6.611568e+00,0.000000e+00,0.000000e+00,0.000000e+00,0.000000e+00,0.000000e+00,0.000000e+00,0.000000e+00,-2.981556e-19,-4.161842e-13,0.000000e+00,0.000000e+00,0.000000e+00,0.000000e+00,7.679017e+02,1.161870e+02,-8.139428e-02,7.164029e-05,0.000000e+00,1.819666e+01,0.000000e+00,0.000000e+00,-2.769084e-01
2.003721e-03,7.735446e+02,1.095688e+02,-5.533189e-05,-4.953067e-05,-7.751695e-02,7.164029e-05,4.573199e-06,0.000000e+00,-6.611885e+00,0.000000e+00,0.000000e+00,0.000000e+00,0.000000e+00,0.000000e+00,0.000000e+00,0.000000e+00,-2.981556e-19,-4.161842e-13,0.000000e+00,0.000000e+00,0.000000e+00,0.000000e+00,7.735446e+02,1.105215e+02,-7.808059e-02,7.164029e-05,0.000000e+00,1.818165e+01,0.000000e+00,0.000000e+00,-2.802323e-01
2.013110e-03,7.773518e+02,1.057469e+02,-5.446100e-05,-4.861485e-05,-7.519539e-02,7.164029e-05,4.814800e-06,0.000000e+00,-6.612257e+00,0.000000e+00,0.000000e+00,0.000000e+00,0.000000e+00,0.000000e+00,0.000000e+00,0.000000e+00,-2.981556e-19,-4.161842e-13,0.000000e+00,0.000000e+00,0.000000e+00,0.000000e+00,7.773518e+02,1.067314e+02,-7.579359e-02,7.164029e-05,0.000000e+00,1.817165e+01,0.000000e+00,0.000000e+00,-2.825815e-01
2.022738e-03,7.811788e+02,1.019023e+02,-5.312735e-05,-4.850510e-05,-7.280503e-02,7.164029e-05,4.624154e-06,0.000000e+00,-6.612257e+00,0.000000e+00,0.000000e+00,0.000000e+00,0.000000e+00,0.000000e+00,0.000000e+00,0.000000e+00,-2.981556e-19,-4.161842e-13,0.000000e+00,0.000000e+00,0.000000e+00,0.000000e+00,7.811788e+02,1.028678e+02,-7.340358e-02,7.164029e-05,0.000000e+00,1.816170e+01,0.000000e+00,0.000000e+00,-2.849445e-01
2.031991e-03,7.847817e+02,9.827853e+01,-5.201960e-05,-4.846956e-05,-7.050208e-02,7.164029e-05,4.632514e-06,0.000000e+00,-6.612412e+00,0.000000e+00,0.000000e+00,0.000000e+00,0.000000e+00,0.000000e+00,0.000000e+00,0.000000e+00,-2.981556e-19,-4.161842e-13,0.000000e+00,0.000000e+00,0.000000e+00,0.000000e+00,7.847817e+02,9.918806e+01,-7.107780e-02,7.164029e-05,0.000000e+00,1.815244e+01,0.000000e+00,0.000000e+00,-2.872429e-01
2.040902e-03,7.881823e+02,9.486234e+01,-5.098515e-05,-4.864336e-05,-6.828896e-02,7.164029e-05,4.278898e-06,0.000000e+00,-6.612412e+00,0.000000e+00,0.000000e+00,0.000000e+00,0.000000e+00,0.000000e+00,0.000000e+00,0.000000e+00,-2.981556e-19,-4.161842e-13,0.000000e+00,0.000000e+00,0.000000e+00,0.000000e+00,7.881823e+02,9.568388e+01,-6.881914e-02,7.164029e-05,0.000000e+00,1.814381e+01,0.000000e+00,0.000000e+00,-2.894054e-01
2.054193e-03,7.931186e+02,8.991752e+01,-4.966970e-05,-5.076747e-05,-6.501047e-02,7.164029e-05,4.527164e-06,0.000000e+00,-6.612412e+00,0.000000e+00,0.000000e+00,0.000000e+00,0.000000e+00,0.000000e+00,0.000000e+00,0.000000e+00,-2.981556e-19,-4.161842e-13,0.000000e+00,0.000000e+00,0.000000e+00,0.000000e+00,7.931186e+02,9.075217e+01,-6.556336e-02,7.164029e-05,0.000000e+00,1.813145e+01,0.000000e+00,0.000000e+00,-2.927036e-01
2.063243e-03,7.963822e+02,8.665254e+01,-4.858738e-05,-5.217331e-05,-6.279607e-02,7.164029e-05,4.807279e-06,0.000000e+00,-6.612412e+00,0.000000e+00,0.000000e+00,0.000000e+00,0.000000e+00,0.000000e+00,0.000000e+00,0.000000e+00,-2.981556e-19,-4.161842e-13,0.000000e+00,0.000000e+00,0.000000e+00,0.000000e+00,7.963822e+02,8.747070e+01,-6.334786e-02,7.164029e-05,0.000000e+00,1.812338e+01,0.000000e+00,0.000000e+00,-2.949449e-01
2.072858e-03,7.997617e+02,8.326630e+01,-4.703891e-05,-5.301489e-05,-6.045537e-02,7.164029e-05,4.807981e-06,0.000000e+00,-6.612412e+00,0.000000e+00,0.000000e+00,0.000000e+00,0.000000e+00,0.000000e+00,0.000000e+00,0.000000e+00,-2.981556e-19,-4.161842e-13,0.000000e+00,0.000000e+00,0.000000e+00,0.000000e+00,7.997617e+02,8.411639e+01,-6.103953e-02,7.164029e-05,0.000000e+00,1.811511e+01,0.000000e+00,0.000000e+00,-2.972793e-01
2.082475e-03,8.030544e+02,7.995297e+01,-4.614376e-05,-5.241360e-05,-5.811806e-02,7.164029e-05,4.810413e-06,0.000000e+00,-6.612412e+00,0.000000e+00,0.000000e+00,0.000000e+00,0.000000e+00,0.000000e+00,0.000000e+00,0.000000e+00,-2.981556e-19,-4.161842e-13,0.000000e+00,0.000000e+00,0.000000e+00,0.000000e+00,8.030544e+02,8.078617e+01,-5.870288e-02,7.164029e-05,0.000000e+00,1.810715e+01,0.000000e+00,0.000000e+00,-2.996138e-01
2.092097e-03,8.062630e+02,7.670973e+01,-4.588763e-05,-5.190807e-05,-5.577081e-02,7.164029e-05,4.814384e-06,0.000000e+00,-6.612412e+00,0.000000e+00,0.000000e+00,0.000000e+00,0.000000e+00,0.000000e+00,0.000000e+00,0.000000e+00,-2.981556e-19,-4.161842e-13,0.000000e+00,0.000000e+00,0.000000e+00,0.000000e+00,8.062630e+02,7.752436e+01,-5.635989e-02,7.164029e-05,0.000000e+00,1.809950e+01,0.000000e+00,0.000000e+00,-3.019616e-01
2.101728e-03,8.093868e+02,7.354718e+01,-4.651527e-05,-5.138695e-05,-5.340092e-02,7.164029e-05,4.819333e-06,0.000000e+00,-6.612412e+00,0.000000e+00,0.000000e+00,0.000000e+00,0.000000e+00,0.000000e+00,0.000000e+00,0.000000e+00,-2.981556e-19,-4.161842e-13,0.000000e+00,0.000000e+00,0.000000e+00,0.000000e+00,8.093868e+02,7.433975e+01,-5.399668e-02,7.164029e-05,0.000000e+00,1.809216e+01,0.000000e+00,0.000000e+00,-3.043336e-01
2.111294e-03,8.123994e+02,7.050412e+01,-4.698513e-05,-5.044956e-05,-5.101287e-02,7.164029e-05,4.824652e-06,0.000000e+00,-6.615294e+00,0.000000e+00,0.000000e+00,0.000000e+00,0.000000e+00,0.000000e+00,0.000000e+00,0.000000e+00,-2.981556e-19,-4.161842e-13,0.000000e+00,0.000000e+00,0.000000e+00,0.000000e+00,8.123994e+02,7.126148e+01,-5.161571e-02,7.164029e-05,0.000000e+00,1.808519e+01,0.000000e+00,0.000000e+00,-3.067259e-01
2.120946e-03,8.153500e+02,6.753594e+01,-4.751255e-05,-4.977595e-05,-4.858181e-02,7.164029e-05,4.829541e-06,0.000000e+00,-6.617214e+00,0.000000e+00,0.000000e+00,0.000000e+00,0.000000e+00,0.000000e+00,0.000000e+00,0.000000e+00,-2.981556e-19,-4.161842e-13,0.000000e+00,0.000000e+00,0.000000e+00,0.000000e+00,8.153500e+02,6.828053e+01,-4.919688e-02,7.164029e-05,0.000000e+00,1.807848e+01,0.000000e+00,0.000000e+00,-3.091592e-01
2.130054e-03,8.180512e+02,6.482777e+01,-4.770023e-05,-4.951101e-05,-4.627313e-02,7.164029e-05,4.278042e-06,0.000000e+00,-6.617581e+00,0.000000e+00,0.000000e+00,0.000000e+00,0.000000e+00,0.000000e+00,0.000000e+00,0.000000e+00,-2.981556e-19,-4.161842e-13,0.000000e+00,0.000000e+00,0.000000e+00,0.000000e+00,8.180512e+02,6.546432e+01,-4.681580e-02,7.164029e-05,0.000000e+00,1.807245e+01,0.000000e+00,0.000000e+00,-3.113992e-01
2.142888e-03,8.217148e+02,6.116272e+01,-4.837920e-05,-4.974241e-05,-4.300678e-02,7.164029e-05,4.278122e-06,0.000000e+00,-6.618105e+00,0.000000e+00,0.000000e+00,0.000000e+00,0.000000e+00,0.000000e+00,0.000000e+00,0.000000e+00,-2.981556e-19,-4.161842e-13,0.000000e+00,0.000000e+00,0.000000e+00,0.000000e+00,8.217148e+02,6.176875e+01,-4.355309e-02,7.164029e-05,0.000000e+00,1.806445e+01,0.000000e+00,0.000000e+00,-3.146643e-01
2.151744e-03,8.241420e+02,5.874413e+01,-4.877419e-05,-5.070062e-05,-4.075540e-02,7.164029e-05,4.577390e-06,0.000000e+00,-6.618161e+00,0.000000e+00,0.000000e+00,0.000000e+00,0.000000e+00,0.000000e+00,0.000000e+00,0.000000e+00,-2.981556e-19,-4.161842e-13,0.000000e+00,0.000000e+00,0.000000e+00,0.000000e+00,8.241420e+02,5.936964e+01,-4.133631e-02,7.164029e-05,0.000000e+00,1.805927e+01,0.000000e+00,0.000000e+00,-3.169504e-01
2.160899e-03,8.265632e+02,5.633577e+01,-4.887614e-05,-5.227841e-05,-3.843487e-02,7.164029e-05,4.578892e-06,0.000000e+00,-6.618235e+00,0.000000e+00,0.000000e+00,0.000000e+00,0.000000e+00,0.000000e+00,0.000000e+00,0.000000e+00,-2.981556e-19,-4.161842e-13,0.000000e+00,0.000000e+00,0.000000e+00,0.000000e+00,8.265632e+02,5.693922e+01,-3.901382e-02,7.164029e-05,0.000000e+00,1.805421e+01,0.000000e+00,0.000000e+00,-3.192666e-01
2.170058e-03,8.288994e+02,5.400874e+01,-4.869819e-05,-5.395358e-05,-3.612341e-02,7.164029e-05,4.581361e-06,0.000000e+00,-6.618235e+00,0.000000e+00,0.000000e+00,0.000000e+00,0.000000e+00,0.000000e+00,0.000000e+00,0.000000e+00,-2.981556e-19,-4.161842e-13,0.000000e+00,0.000000e+00,0.000000e+00,0.000000e+00,8.288994e+02,5.459313e+01,-3.670011e-02,7.164029e-05,0.000000e+00,1.804945e+01,0.000000e+00,0.000000e+00,-3.215741e-01
2.183798e-03,8.322467e+02,5.065742e+01,-4.878891e-05,-5.529131e-05,-3.267284e-02,7.164029e-05,4.586195e-06,0.000000e+00,-6.618235e+00,0.000000e+00,0.000000e+00,0.000000e+00,0.000000e+00,0.000000e+00,0.000000e+00,0.000000e+00,-2.981556e-19,-4.161842e-13,0.000000e+00,0.000000e+00,0.000000e+00,0.000000e+00,8.322467e+02,5.121322e+01,-3.324647e-02,7.164029e-05,0.000000e+00,1.804285e+01,0.000000e+00,0.000000e+00,-3.250203e-01
2.193221e-03,8.344262e+02,4.846836e+01,-4.972409e-05,-5.422105e-05,-3.031451e-02,7.164029e-05,4.836152e-06,0.000000e+00,-6.618252e+00,0.000000e+00,0.000000e+00,0.000000e+00,0.000000e+00,0.000000e+00,0.000000e+00,0.000000e+00,-2.981556e-19,-4.161842e-13,0.000000e+00,0.000000e+00,0.000000e+00,0.000000e+00,8.344262e+02,4.903083e+01,-3.091911e-02,7.164029e-05,0.000000e+00,1.803871e+01,0.000000e+00,0.000000e+00,-3.274078e-01
2.202892e-03,8.365571e+02,4.633195e+01,-5.195642e-05,-5.188478e-05,-2.789821e-02,7.164029e-05,4.834113e-06,0.000000e+00,-6.618252e+00,0.000000e+00,0.000000e+00,0.000000e+00,0.000000e+00,0.000000e+00,0.000000e+00,0.000000e+00,-2.981556e-19,-4.161842e-13,0.000000e+00,0.000000e+00,0.000000e+00,0.000000e+00,8.365571e+02,4.686469e+01,-2.850189e-02,7.164029e-05,0.000000e+00,1.803478e+01,0.000000e+00,0.000000e+00,-3.298216e-01
2.212559e-03,8.385762e+02,4.431610e+01,-5.379018e-05,-5.028052e-05,-2.548570e-02,7.164029e-05,4.830251e-06,0.000000e+00,-6.618252e+00,0.000000e+00,0.000000e+00,0.000000e+00,0.000000e+00,0.000000e+00,0.000000e+00,0.000000e+00,-2.981556e-19,-4.161842e-13,0.000000e+00,0.000000e+00,0.000000e+00,0.000000e+00,8.385762e+02,4.481898e+01,-2.608844e-02,7.164029e-05,0.000000e+00,1.803118e+01,0.000000e+00,0.000000e+00,-3.322321e-01
2.222217e-03,8.404827e+02,4.241422e+01,-5.524177e-05,-4.954669e-05,-2.307729e-02,7.164029e-05,4.825402e-06,0.000000e+00,-6.618252e+00,0.000000e+00,0.000000e+00,0.000000e+00,0.000000e+00,0.000000e+00,0.000000e+00,0.000000e+00,-2.981556e-19,-4.161842e-13,0.000000e+00,0.000000e+00,0.000000e+00,0.000000e+00,8.404827e+02,4.288962e+01,-2.367900e-02,7.164029e-05,0.000000e+00,1.802790e+01,0.000000e+00,0.000000e+00,-3.346390e-01
2.231865e-03,8.422744e+02,4.062130e+01,-5.663722e-05,-4.944425e-05,-2.067296e-02,7.164029e-05,4.820917e-06,0.000000e+00,-6.618252e+00,0.000000e+00,0.000000e+00,0.000000e+00,0.000000e+00,0.000000e+00,0.000000e+00,0.000000e+00,-2.981556e-19,-4.161842e-13,0.000000e+00,0.000000e+00,0.000000e+00,0.000000e+00,8.422744e+02,4.106953e+01,-2.127367e-02,7.164029e-05,0.000000e+00,1.802496e+01,0.000000e+00,0.000000e+00,-3.370415e-01
2.241506e-03,8.439493e+02,3.893873e+01,-5.697219e-05,-4.945178e-05,-1.827370e-02,7.164029e-05,4.817966e-06,0.000000e+00,-6.618252e+00,0.000000e+00,0.000000e+00,0.000000e+00,0.000000e+00,0.000000e+00,0.000000e+00,0.000000e+00,-2.981556e-19,-4.161842e-13,0.000000e+00,0.000000e+00,0.000000e+00,0.000000e+00,8.439493e+02,3.935847e+01,-1.887292e-02,7.164029e-05,0.000000e+00,1.802234e+01,0.000000e+00,0.000000e+00,-3.394392e-01
2.250703e-03,8.454385e+02,3.744041e+01,-5.625049e-05,-4.914527e-05,-1.598735e-02,7.164029e-05,4.625459e-06,0.000000e+00,-6.618258e+00,0.000000e+00,0.000000e+00,0.000000e+00,0.000000e+00,0.000000e+00,0.000000e+00,0.000000e+00,-2.981556e-19,-4.161842e-13,0.000000e+00,0.000000e+00,0.000000e+00,0.000000e+00,8.454385e+02,3.779556e+01,-1.653149e-02,7.164029e-05,0.000000e+00,1.802014e+01,0.000000e+00,0.000000e+00,-3.417013e-01
2.264474e-03,8.474712e+02,3.539638e+01,-5.551676e-05,-4.790434e-05,-1.256693e-02,7.164029e-05,4.533442e-06,0.000000e+00,-6.618258e+00,0.000000e+00,0.000000e+00,0.000000e+00,0.000000e+00,0.000000e+00,0.000000e+00,0.000000e+00,-2.981556e-19,-4.161842e-13,0.000000e+00,0.000000e+00,0.000000e+00,0.000000e+00,8.474712e+02,3.572464e+01,-1.312967e-02,7.164029e-05,0.000000e+00,1.801740e+01,0.000000e+00,0.000000e+00,-3.451103e-01
2.273828e-03,8.487159e+02,3.414853e+01,-5.653261e-05,-4.750610e-05,-1.024241e-02,7.164029e-05,4.810421e-06,0.000000e+00,-6.618393e+00,0.000000e+00,0.000000e+00,0.000000e+00,0.000000e+00,0.000000e+00,0.000000e+00,0.000000e+00,-2.981556e-19,-4.161842e-13,0.000000e+00,0.000000e+00,0.000000e+00,0.000000e+00,8.487159e+02,3.446843e+01,-1.084292e-02,7.164029e-05,0.000000e+00,1.801591e+01,0.000000e+00,0.000000e+00,-3.474706e-01
2.283446e-03,8.498795e+02,3.299016e+01,-5.823636e-05,-4.766653e-05,-7.853399e-03,7.164029e-05,4.786998e-06,0.000000e+00,-6.618393e+00,0.000000e+00,0.000000e+00,0.000000e+00,0.000000e+00,0.000000e+00,0.000000e+00,0.000000e+00,-2.981556e-19,-4.161842e-13,0.000000e+00,0.000000e+00,0.000000e+00,0.000000e+00,8.498795e+02,3.327744e+01,-8.450587e-03,7.164029e-05,0.000000e+00,1.801469e+01,0.000000e+00,0.000000e+00,-3.498586e-01
2.292512e-03,8.508682e+02,3.201035e+01,-5.970713e-05,-4.762538e-05,-5.600740e-03,7.164029e-05,4.278405e-06,0.000000e+00,-6.618393e+00,0.000000e+00,0.000000e+00,0.000000e+00,0.000000e+00,0.000000e+00,0.000000e+00,0.000000e+00,-2.981556e-19,-4.161842e-13,0.000000e+00,0.000000e+00,0.000000e+00,0.000000e+00,8.508682e+02,3.223996e+01,-6.132437e-03,7.164029e-05,0.000000e+00,1.801384e+01,0.000000e+00,0.000000e+00,-3.520502e-01
2.301068e-03,8.517093e+02,3.117618e+01,-6.098906e-05,-4.797673e-05,-3.473883e-03,7.164029e-05,4.278088e-06,0.000000e+00,-6.618393e+00,0.000000e+00,0.000000e+00,0.000000e+00,0.000000e+00,0.000000e+00,0.000000e+00,0.000000e+00,-2.981556e-19,-4.161842e-13,0.000000e+00,0.000000e+00,0.000000e+00,0.000000e+00,8.517093e+02,3.138456e+01,-4.005605e-03,7.164029e-05,0.000000e+00,1.801330e+01,0.000000e+00,0.000000e+00,-3.541790e-01
2.310052e-03,8.525002e+02,3.038934e+01,-6.198520e-05,-4.825574e-05,-1.241116e-03,7.164029e-05,4.793175e-06,0.000000e+00,-6.618393e+00,0.000000e+00,0.000000e+00,0.000000e+00,0.000000e+00,0.000000e+00,0.000000e+00,0.000000e+00,-2.981556e-19,-4.161842e-13,0.000000e+00,0.000000e+00,0.000000e+00,0.000000e+00,8.525002e+02,3.059625e+01,-1.825685e-03,7.164029e-05,0.000000e+00,1.801300e+01,0.000000e+00,0.000000e+00,-3.564782e-01
2.324428e-03,8.535678e+02,2.932459e+01,-6.215921e-05,-4.839468e-05,2.332032e-03,7.164029e-05,4.790315e-06,0.000000e+00,-6.618586e+00,0.000000e+00,0.000000e+00,0.000000e+00,0.000000e+00,0.000000e+00,0.000000e+00,0.000000e+00,-2.981556e-19,-4.161842e-13,0.000000e+00,0.000000e+00,0.000000e+00,0.000000e+00,8.535678e+02,2.949387e+01,1.736435e-03,7.164029e-05,0.000000e+00,1.801311e+01,0.000000e+00,0.000000e+00,-3.600547e-01
2.334008e-03,8.541364e+02,2.875880e+01,-6.164138e-05,-4.842445e-05,4.712719e-03,7.164029e-05,4.819629e-06,0.000000e+00,-6.618586e+00,0.000000e+00,0.000000e+00,0.000000e+00,0.000000e+00,0.000000e+00,0.000000e+00,0.000000e+00,-2.981556e-19,-4.161842e-13,0.000000e+00,0.000000e+00,0.000000e+00,0.000000e+00,8.541364e+02,2.889844e+01,4.117630e-03,7.164029e-05,0.000000e+00,1.801358e+01,0.000000e+00,0.000000e+00,-3.624408e-01
2.343493e-03,8.545820e+02,2.831523e+01,-6.156073e-05,-4.820185e-05,7.069134e-03,7.164029e-05,4.836393e-06,0.000000e+00,-6.618586e+00,0.000000e+00,0.000000e+00,0.000000e+00,0.000000e+00,0.000000e+00,0.000000e+00,0.000000e+00,-2.981556e-19,-4.161842e-13,0.000000e+00,0.000000e+00,0.000000e+00,0.000000e+00,8.545820e+02,2.842277e+01,6.489767e-03,7.164029e-05,0.000000e+00,1.801436e+01,0.000000e+00,0.000000e+00,-3.648009e-01
2.352985e-03,8.549109e+02,2.798276e+01,-6.185565e-05,-4.864562e-05,9.426136e-03,7.164029e-05,4.655576e-06,0.000000e+00,-6.618586e+00,0.000000e+00,0.000000e+00,0.000000e+00,0.000000e+00,0.000000e+00,0.000000e+00,0.000000e+00,-2.981556e-19,-4.161842e-13,0.000000e+00,0.000000e+00,0.000000e+00,0.000000e+00,8.549109e+02,2.806290e+01,8.848272e-03,7.164029e-05,0.000000e+00,1.801546e+01,0.000000e+00,0.000000e+00,-3.671372e-01
2.362296e-03,8.551193e+02,2.776530e+01,-6.169623e-05,-4.895789e-05,1.173719e-02,7.164029e-05,4.655632e-06,0.000000e+00,-6.618586e+00,0.000000e+00,0.000000e+00,0.000000e+00,0.000000e+00,0.000000e+00,0.000000e+00,0.000000e+00,-2.981556e-19,-4.161842e-13,0.000000e+00,0.000000e+00,0.000000e+00,0.000000e+00,8.551193e+02,2.781808e+01,1.115952e-02,7.164029e-05,0.000000e+00,1.801683e+01,0.000000e+00,0.000000e+00,-3.694498e-01
2.371608e-03,8.552103e+02,2.766403e+01,-6.209139e-05,-4.986788e-05,1.404763e-02,7.164029e-05,4.655679e-06,0.000000e+00,-6.618586e+00,0.000000e+00,0.000000e+00,0.000000e+00,0.000000e+00,0.000000e+00,0.000000e+00,0.000000e+00,-2.981556e-19,-4.161842e-13,0.000000e+00,0.000000e+00,0.000000e+00,0.000000e+00,8.552103e+02,2.768635e+01,1.347015e-02,7.164029e-05,0.000000e+00,1.801851e+01,0.000000e+00,0.000000e+00,-3.717613e-01
2.380919e-03,8.551785e+02,2.769014e+01,-6.238637e-05,-5.043485e-05,1.635745e-02,7.164029e-05,4.655690e-06,0.000000e+00,-6.618586e+00,0.000000e+00,0.000000e+00,0.000000e+00,0.000000e+00,0.000000e+00,0.000000e+00,0.000000e+00,-2.981556e-19,-4.161842e-13,0.000000e+00,0.000000e+00,0.000000e+00,0.000000e+00,8.551785e+02,2.767962e+01,1.577993e-02,7.164029e-05,0.000000e+00,1.802048e+01,0.000000e+00,0.000000e+00,-3.740724e-01
2.390230e-03,8.550220e+02,2.784797e+01,-6.208325e-05,-5.074399e-05,1.866796e-02,7.164029e-05,4.655649e-06,0.000000e+00,-6.618586e+00,0.000000e+00,0.000000e+00,0.000000e+00,0.000000e+00,0.000000e+00,0.000000e+00,0.000000e+00,-2.981556e-19,-4.161842e-13,0.000000e+00,0.000000e+00,0.000000e+00,0.000000e+00,8.550220e+02,2.780484e+01,1.809010e-02,7.164029e-05,0.000000e+00,1.802276e+01,0.000000e+00,0.000000e+00,-3.763847e-01
2.404409e-03,8.545488e+02,2.832649e+01,-6.147609e-05,-5.059753e-05,2.219259e-02,7.164029e-05,4.608252e-06,0.000000e+00,-6.618586e+00,0.000000e+00,0.000000e+00,0.000000e+00,0.000000e+00,0.000000e+00,0.000000e+00,0.000000e+00,-2.981556e-19,-4.161842e-13,0.000000e+00,0.000000e+00,0.000000e+00,0.000000e+00,8.545488e+02,2.823721e+01,2.160821e-02,7.164029e-05,0.000000e+00,1.802680e+01,0.000000e+00,0.000000e+00,-3.799060e-01
2.413716e-03,8.540856e+02,2.878839e+01,-6.135098e-05,-5.044610e-05,2.451227e-02,7.164029e-05,4.819758e-06,0.000000e+00,-6.618586e+00,0.000000e+00,0.000000e+00,0.000000e+00,0.000000e+00,0.000000e+00,0.000000e+00,0.000000e+00,-2.981556e-19,-4.161842e-13,0.000000e+00,0.000000e+00,0.000000e+00,0.000000e+00,8.540856e+02,2.866949e+01,2.392609e-02,7.164029e-05,0.000000e+00,1.802983e+01,0.000000e+00,0.000000e+00,-3.822540e-01
2.423353e-03,8.534767e+02,2.939176e+01,-6.121225e-05,-5.067740e-05,2.692010e-02,7.164029e-05,4.814842e-06,0.000000e+00,-6.618586e+00,0.000000e+00,0.000000e+00,0.000000e+00,0.000000e+00,0.000000e+00,0.000000e+00,0.000000e+00,-2.981556e-19,-4.161842e-13,0.000000e+00,0.000000e+00,0.000000e+00,0.000000e+00,8.534767e+02,2.923796e+01,2.631751e-02,7.164029e-05,0.000000e+00,1.803329e+01,0.000000e+00,0.000000e+00,-3.846642e-01
2.432980e-03,8.527355e+02,3.012628e+01,-6.027638e-05,-5.127788e-05,2.933552e-02,7.164029e-05,4.810633e-06,0.000000e+00,-6.618924e+00,0.000000e+00,0.000000e+00,0.000000e+00,0.000000e+00,0.000000e+00,0.000000e+00,0.000000e+00,-2.981556e-19,-4.161842e-13,0.000000e+00,0.000000e+00,0.000000e+00,0.000000e+00,8.527355e+02,2.993910e+01,2.873188e-02,7.164029e-05,0.000000e+00,1.803708e+01,0.000000e+00,0.000000e+00,-3.870822e-01
2.442600e-03,8.518631e+02,3.099224e+01,-5.977497e-05,-5.152839e-05,3.175094e-02,7.164029e-05,4.807555e-06,0.000000e+00,-6.618924e+00,0.000000e+00,0.000000e+00,0.000000e+00,0.000000e+00,0.000000e+00,0.000000e+00,0.000000e+00,-2.981556e-19,-4.161842e-13,0.000000e+00,0.000000e+00,0.000000e+00,0.000000e+00,8.518631e+02,3.077284e+01,3.114681e-02,7.164029e-05,0.000000e+00,1.804118e+01,0.000000e+00,0.000000e+00,-3.894997e-01
2.452214e-03,8.508616e+02,3.198213e+01,-5.950743e-05,-5.190457e-05,3.416862e-02,7.164029e-05,4.805758e-06,0.000000e+00,-6.618990e+00,0.000000e+00,0.000000e+00,0.000000e+00,0.000000e+00,0.000000e+00,0.000000e+00,0.000000e+00,-2.981556e-19,-4.161842e-13,0.000000e+00,0.000000e+00,0.000000e+00,0.000000e+00,8.508616e+02,3.173234e+01,3.356309e-02,7.164029e-05,0.000000e+00,1.804560e+01,0.000000e+00,0.000000e+00,-3.919192e-01
2.461825e-03,8.497339e+02,3.309348e+01,-5.995216e-05,-5.259253e-05,3.658372e-02,7.164029e-05,4.804971e-06,0.000000e+00,-6.618990e+00,0.000000e+00,0.000000e+00,0.000000e+00,0.000000e+00,0.000000e+00,0.000000e+00,0.000000e+00,-2.981556e-19,-4.161842e-13,0.000000e+00,0.000000e+00,0.000000e+00,0.000000e+00,8.497339e+02,3.281317e+01,3.598045e-02,7.164029e-05,0.000000e+00,1.805034e+01,0.000000e+00,0.000000e+00,-3.943349e-01
2.471435e-03,8.484792e+02,3.433124e+01,-6.029627e-05,-5.271254e-05,3.899487e-02,7.164029e-05,4.805173e-06,0.000000e+00,-6.618992e+00,0.000000e+00,0.000000e+00,0.000000e+00,0.000000e+00,0.000000e+00,0.000000e+00,0.000000e+00,-2.981556e-19,-4.161842e-13,0.000000e+00,0.000000e+00,0.000000e+00,0.000000e+00,8.484792e+02,3.401840e+01,3.839263e-02,7.164029e-05,0.000000e+00,1.805541e+01,0.000000e+00,0.000000e+00,-3.967468e-01
2.481045e-03,8.470972e+02,3.570267e+01,-6.030086e-05,-5.288907e-05,4.140277e-02,7.164029e-05,4.806210e-06,0.000000e+00,-6.619063e+00,0.000000e+00,0.000000e+00,0.000000e+00,0.000000e+00,0.000000e+00,0.000000e+00,0.000000e+00,-2.981556e-19,-4.161842e-13,0.000000e+00,0.000000e+00,0.000000e+00,0.000000e+00,8.470972e+02,3.535588e+01,4.080153e-02,7.164029e-05,0.000000e+00,1.806081e+01,0.000000e+00,0.000000e+00,-3.991547e-01
2.490659e-03,8.455886e+02,3.720991e+01,-6.007455e-05,-5.320977e-05,4.380613e-02,7.164029e-05,4.807806e-06,0.000000e+00,-6.619074e+00,0.000000e+00,0.000000e+00,0.000000e+00,0.000000e+00,0.000000e+00,0.000000e+00,0.000000e+00,-2.981556e-19,-4.161842e-13,0.000000e+00,0.000000e+00,0.000000e+00,0.000000e+00,8.455886e+02,3.682941e+01,4.320605e-02,7.164029e-05,0.000000e+00,1.806652e+01,0.000000e+00,0.000000e+00,-4.015575e-01
2.504179e-03,8.432542e+02,3.955305e+01,-5.980979e-05,-5.317702e-05,4.717540e-02,7.164029e-05,4.278328e-06,0.000000e+00,-6.619094e+00,0.000000e+00,0.000000e+00,0.000000e+00,0.000000e+00,0.000000e+00,0.000000e+00,0.000000e+00,-2.981556e-19,-4.161842e-13,0.000000e+00,0.000000e+00,0.000000e+00,0.000000e+00,8.432542e+02,3.917197e+01,4.664347e-02,7.164029e-05,0.000000e+00,1.807511e+01,0.000000e+00,0.000000e+00,-4.048592e-01
2.512736e-03,8.416472e+02,4.117088e+01,-5.945294e-05,-5.287044e-05,4.929835e-02,7.164029e-05,4.278318e-06,0.000000e+00,-6.619094e+00,0.000000e+00,0.000000e+00,0.000000e+00,0.000000e+00,0.000000e+00,0.000000e+00,0.000000e+00,-2.981556e-19,-4.161842e-13,0.000000e+00,0.000000e+00,0.000000e+00,0.000000e+00,8.416472e+02,4.076363e+01,4.876870e-02,7.164029e-05,0.000000e+00,1.808087e+01,0.000000e+00,0.000000e+00,-4.069807e-01
2.521292e-03,8.399388e+02,4.289313e+01,-5.908573e-05,-5.284667e-05,5.141189e-02,7.164029e-05,4.278291e-06,0.000000e+00,-6.619094e+00,0.000000e+00,0.000000e+00,0.000000e+00,0.000000e+00,0.000000e+00,0.000000e+00,0.000000e+00,-2.981556e-19,-4.161842e-13,0.000000e+00,0.000000e+00,0.000000e+00,0.000000e+00,8.399388e+02,4.245968e+01,5.088478e-02,7.164029e-05,0.000000e+00,1.808689e+01,0.000000e+00,0.000000e+00,-4.090922e-01
2.534531e-03,8.371005e+02,4.575665e+01,-5.892470e-05,-5.321783e-05,5.466020e-02,7.164029e-05,4.680443e-06,0.000000e+00,-6.619094e+00,0.000000e+00,0.000000e+00,0.000000e+00,0.000000e+00,0.000000e+00,0.000000e+00,0.000000e+00,-2.981556e-19,-4.161842e-13,0.000000e+00,0.000000e+00,0.000000e+00,0.000000e+00,8.371005e+02,4.524242e+01,5.408826e-02,7.164029e-05,0.000000e+00,1.809669e+01,0.000000e+00,0.000000e+00,-4.123858e-01
2.544027e-03,8.349255e+02,4.794300e+01,-5.827872e-05,-5.356937e-05,5.697283e-02,7.164029e-05,4.815919e-06,0.000000e+00,-6.619094e+00,0.000000e+00,0.000000e+00,0.000000e+00,0.000000e+00,0.000000e+00,0.000000e+00,0.000000e+00,-2.981556e-19,-4.161842e-13,0.000000e+00,0.000000e+00,0.000000e+00,0.000000e+00,8.349255e+02,4.738809e+01,5.638823e-02,7.164029e-05,0.000000e+00,1.810409e+01,0.000000e+00,0.000000e+00,-4.147121e-01
2.553591e-03,8.326216e+02,5.024715e+01,-5.730667e-05,-5.374530e-05,5.928866e-02,7.164029e-05,4.752741e-06,0.000000e+00,-6.619094e+00,0.000000e+00,0.000000e+00,0.000000e+00,0.000000e+00,0.000000e+00,0.000000e+00,0.000000e+00,-2.981556e-19,-4.161842e-13,0.000000e+00,0.000000e+00,0.000000e+00,0.000000e+00,8.326216e+02,4.967459e+01,5.871532e-02,7.164029e-05,0.000000e+00,1.811185e+01,0.000000e+00,0.000000e+00,-4.170183e-01
2.563101e-03,8.302164e+02,5.264470e+01,-5.640127e-05,-5.418080e-05,6.158065e-02,7.164029e-05,4.760611e-06,0.000000e+00,-6.619094e+00,0.000000e+00,0.000000e+00,0.000000e+00,0.000000e+00,0.000000e+00,0.000000e+00,0.000000e+00,-2.981556e-19,-4.161842e-13,0.000000e+00,0.000000e+00,0.000000e+00,0.000000e+00,8.302164e+02,5.204305e+01,6.100841e-02,7.164029e-05,0.000000e+00,1.811987e+01,0.000000e+00,0.000000e+00,-4.193107e-01
2.572625e-03,8.276882e+02,5.516618e+01,-5.508495e-05,-5.439653e-05,6.386930e-02,7.164029e-05,4.765923e-06,0.000000e+00,-6.619094e+00,0.000000e+00,0.000000e+00,0.000000e+00,0.000000e+00,0.000000e+00,0.000000e+00,0.000000e+00,-2.981556e-19,-4.161842e-13,0.000000e+00,0.000000e+00,0.000000e+00,0.000000e+00,8.276882e+02,5.453217e+01,6.329764e-02,7.164029e-05,0.000000e+00,1.812821e+01,0.000000e+00,0.000000e+00,-4.216005e-01
2.582158e-03,8.250343e+02,5.782082e+01,-5.358777e-05,-5.431467e-05,6.615505e-02,7.164029e-05,4.278283e-06,0.000000e+00,-6.619106e+00,0.000000e+00,0.000000e+00,0.000000e+00,0.000000e+00,0.000000e+00,0.000000e+00,0.000000e+00,-2.981556e-19,-4.161842e-13,0.000000e+00,0.000000e+00,0.000000e+00,0.000000e+00,8.250343e+02,5.715290e+01,6.558370e-02,7.164029e-05,0.000000e+00,1.813686e+01,0.000000e+00,0.000000e+00,-4.238291e-01
2.591143e-03,8.224186e+02,6.044680e+01,-5.302569e-05,-5.421863e-05,6.830533e-02,7.164029e-05,4.819678e-06,0.000000e+00,-6.619106e+00,0.000000e+00,0.000000e+00,0.000000e+00,0.000000e+00,0.000000e+00,0.000000e+00,0.000000e+00,-2.981556e-19,-4.161842e-13,0.000000e+00,0.000000e+00,0.000000e+00,0.000000e+00,8.224186e+02,5.975546e+01,6.774265e-02,7.164029e-05,0.000000e+00,1.814529e+01,0.000000e+00,0.000000e+00,-4.260451e-01
2.600783e-03,8.194878e+02,6.339791e+01,-5.310086e-05,-5.488907e-05,7.060756e-02,7.164029e-05,4.821722e-06,0.000000e+00,-6.619106e+00,0.000000e+00,0.000000e+00,0.000000e+00,0.000000e+00,0.000000e+00,0.000000e+00,0.000000e+00,-2.981556e-19,-4.161842e-13,0.000000e+00,0.000000e+00,0.000000e+00,0.000000e+00,8.194878e+02,6.265588e+01,7.003293e-02,7.164029e-05,0.000000e+00,1.815464e+01,0.000000e+00,0.000000e+00,-4.283473e-01
2.610428e-03,8.164256e+02,6.648592e+01,-5.320020e-05,-5.651621e-05,7.290207e-02,7.164029e-05,4.824033e-06,0.000000e+00,-6.619106e+00,0.000000e+00,0.000000e+00,0.000000e+00,0.000000e+00,0.000000e+00,0.000000e+00,0.000000e+00,-2.981556e-19,-4.161842e-13,0.000000e+00,0.000000e+00,0.000000e+00,0.000000e+00,8.164256e+02,6.570985e+01,7.232955e-02,7.164029e-05,0.000000e+00,1.816430e+01,0.000000e+00,0.000000e+00,-4.306414e-01
2.620076e-03,8.132339e+02,6.970445e+01,-5.315309e-05,-5.772239e-05,7.518776e-02,7.164029e-05,4.707241e-06,0.000000e+00,-6.619106e+00,0.000000e+00,0.000000e+00,0.000000e+00,0.000000e+00,0.000000e+00,0.000000e+00,0.000000e+00,-2.981556e-19,-4.161842e-13,0.000000e+00,0.000000e+00,0.000000e+00,0.000000e+00,8.132339e+02,6.889727e+01,7.461756e-02,7.164029e-05,0.000000e+00,1.817427e+01,0.000000e+00,0.000000e+00,-4.329117e-01
2.633844e-03,8.084664e+02,7.449462e+01,-5.289612e-05,-5.863473e-05,7.843415e-02,7.164029e-05,4.346185e-06,0.000000e+00,-6.619133e+00,0.000000e+00,0.000000e+00,0.000000e+00,0.000000e+00,0.000000e+00,0.000000e+00,0.000000e+00,-2.981556e-19,-4.161842e-13,0.000000e+00,0.000000e+00,0.000000e+00,0.000000e+00,8.084664e+02,7.373056e+01,7.792260e-02,7.164029e-05,0.000000e+00,1.818903e+01,0.000000e+00,0.000000e+00,-4.361151e-01
2.642534e-03,8.053309e+02,7.763327e+01,-5.255511e-05,-5.869914e-05,8.047699e-02,7.164029e-05,4.625056e-06,0.000000e+00,-6.619133e+00,0.000000e+00,0.000000e+00,0.000000e+00,0.000000e+00,0.000000e+00,0.000000e+00,0.000000e+00,-2.981556e-19,-4.161842e-13,0.000000e+00,0.000000e+00,0.000000e+00,0.000000e+00,8.053309e+02,7.684725e+01,7.996660e-02,7.164029e-05,0.000000e+00,1.819867e+01,0.000000e+00,0.000000e+00,-4.381919e-01
2.651985e-03,8.018101e+02,8.115278e+01,-5.190853e-05,-5.858637e-05,8.269893e-02,7.164029e-05,4.826009e-06,0.000000e+00,-6.619133e+00,0.000000e+00,0.000000e+00,0.000000e+00,0.000000e+00,0.000000e+00,0.000000e+00,0.000000e+00,-2.981556e-19,-4.161842e-13,0.000000e+00,0.000000e+00,0.000000e+00,0.000000e+00,8.018101e+02,8.025220e+01,8.213132e-02,7.164029e-05,0.000000e+00,1.820943e+01,0.000000e+00,0.000000e+00,-4.404398e-01
2.661636e-03,7.980964e+02,8.486412e+01,-5.090055e-05,-5.826119e-05,8.497213e-02,7.164029e-05,4.823345e-06,0.000000e+00,-6.619133e+00,0.000000e+00,0.000000e+00,0.000000e+00,0.000000e+00,0.000000e+00,0.000000e+00,0.000000e+00,-2.981556e-19,-4.161842e-13,0.000000e+00,0.000000e+00,0.000000e+00,0.000000e+00,7.980964e+02,8.393382e+01,8.440311e-02,7.164029e-05,0.000000e+00,1.822073e+01,0.000000e+00,0.000000e+00,-4.427155e-01
2.671281e-03,7.942682e+02,8.869125e+01,-4.962882e-05,-5.817616e-05,8.725133e-02,7.164029e-05,4.820116e-06,0.000000e+00,-6.619139e+00,0.000000e+00,0.000000e+00,0.000000e+00,0.000000e+00,0.000000e+00,0.000000e+00,0.000000e+00,-2.981556e-19,-4.161842e-13,0.000000e+00,0.000000e+00,0.000000e+00,0.000000e+00,7.942682e+02,8.773258e+01,8.668074e-02,7.164029e-05,0.000000e+00,1.823232e+01,0.000000e+00,0.000000e+00,-4.449971e-01
2.680656e-03,7.904402e+02,9.251781e+01,-4.861659e-05,-5.845121e-05,8.947266e-02,7.164029e-05,4.554522e-06,0.000000e+00,-6.619139e+00,0.000000e+00,0.000000e+00,0.000000e+00,0.000000e+00,0.000000e+00,0.000000e+00,0.000000e+00,-2.981556e-19,-4.161842e-13,0.000000e+00,0.000000e+00,0.000000e+00,0.000000e+00,7.904402e+02,9.158695e+01,8.893261e-02,7.164029e-05,0.000000e+00,1.824388e+01,0.000000e+00,0.000000e+00,-4.471895e-01
2.693768e-03,7.849152e+02,9.803723e+01,-4.781407e-05,-5.789700e-05,9.258265e-02,7.164029e-05,4.278870e-06,0.000000e+00,-6.619139e+00,0.000000e+00,0.000000e+00,0.000000e+00,0.000000e+00,0.000000e+00,0.000000e+00,0.000000e+00,-2.981556e-19,-4.161842e-13,0.000000e+00,0.000000e+00,0.000000e+00,0.000000e+00,7.849152e+02,9.713019e+01,9.207553e-02,7.164029e-05,0.000000e+00,1.826054e+01,0.000000e+00,0.000000e+00,-4.502684e-01
2.702326e-03,7.812018e+02,1.017458e+02,-4.766908e-05,-5.758553e-05,9.460812e-02,7.164029e-05,4.278923e-06,0.000000e+00,-6.619139e+00,0.000000e+00,0.000000e+00,0.000000e+00,0.000000e+00,0.000000e+00,0.000000e+00,0.000000e+00,-2.981556e-19,-4.161842e-13,0.000000e+00,0.000000e+00,0.000000e+00,0.000000e+00,7.812018e+02,1.008176e+02,9.410267e-02,7.164029e-05,0.000000e+00,1.827172e+01,0.000000e+00,0.000000e+00,-4.522932e-01
2.710884e-03,7.774027e+02,1.055413e+02,-4.774987e-05,-5.751250e-05,9.662499e-02,7.164029e-05,4.278810e-06,0.000000e+00,-6.619185e+00,0.000000e+00,0.000000e+00,0.000000e+00,0.000000e+00,0.000000e+00,0.000000e+00,0.000000e+00,-2.981556e-19,-4.161842e-13,0.000000e+00,0.000000e+00,0.000000e+00,0.000000e+00,7.774027e+02,1.045910e+02,9.612141e-02,7.164029e-05,0.000000e+00,1.828315e+01,0.000000e+00,0.000000e+00,-4.543079e-01
2.723720e-03,7.715426e+02,1.113983e+02,-4.810836e-05,-5.779982e-05,9.962652e-02,7.164029e-05,4.706430e-06,0.000000e+00,-6.619194e+00,0.000000e+00,0.000000e+00,0.000000e+00,0.000000e+00,0.000000e+00,0.000000e+00,0.000000e+00,-2.981556e-19,-4.161842e-13,0.000000e+00,0.000000e+00,0.000000e+00,0.000000e+00,7.715426e+02,1.104152e+02,9.912849e-02,7.164029e-05,0.000000e+00,1.830073e+01,0.000000e+00,0.000000e+00,-4.573556e-01
2.733245e-03,7.670681e+02,1.158749e+02,-4.836243e-05,-5.777468e-05,1.018353e-01,7.164029e-05,4.819488e-06,0.000000e+00,-6.619194e+00,0.000000e+00,0.000000e+00,0.000000e+00,0.000000e+00,0.000000e+00,0.000000e+00,0.000000e+00,-2.981556e-19,-4.161842e-13,0.000000e+00,0.000000e+00,0.000000e+00,0.000000e+00,7.670681e+02,1.147403e+02,1.012783e-01,7.164029e-05,0.000000e+00,1.831412e+01,0.000000e+00,0.000000e+00,-4.595751e-01
2.742885e-03,7.624293e+02,1.205226e+02,-4.884160e-05,-5.774571e-05,1.040584e-01,7.164029e-05,4.820949e-06,0.000000e+00,-6.619194e+00,0.000000e+00,0.000000e+00,0.000000e+00,0.000000e+00,0.000000e+00,0.000000e+00,0.000000e+00,-2.981556e-19,-4.161842e-13,0.000000e+00,0.000000e+00,0.000000e+00,0.000000e+00,7.624293e+02,1.193580e+02,1.035038e-01,7.164029e-05,0.000000e+00,1.832797e+01,0.000000e+00,0.000000e+00,-4.617965e-01
2.752527e-03,7.576783e+02,1.252885e+02,-4.919375e-05,-5.795046e-05,1.062744e-01,7.164029e-05,4.822413e-06,0.000000e+00,-6.619194e+00,0.000000e+00,0.000000e+00,0.000000e+00,0.000000e+00,0.000000e+00,0.000000e+00,0.000000e+00,-2.981556e-19,-4.161842e-13,0.000000e+00,0.000000e+00,0.000000e+00,0.000000e+00,7.576783e+02,1.240951e+02,1.057210e-01,7.164029e-05,0.000000e+00,1.834213e+01,0.000000e+00,0.000000e+00,-4.640118e-01
2.762173e-03,7.528190e+02,1.301642e+02,-4.955991e-05,-5.831941e-05,1.084869e-01,7.164029e-05,4.823542e-06,0.000000e+00,-6.619194e+00,0.000000e+00,0.000000e+00,0.000000e+00,0.000000e+00,0.000000e+00,0.000000e+00,0.000000e+00,-2.981556e-19,-4.161842e-13,0.000000e+00,0.000000e+00,0.000000e+00,0.000000e+00,7.528190e+02,1.289444e+02,1.079340e-01,7.164029e-05,0.000000e+00,1.835659e+01,0.000000e+00,0.000000e+00,-4.662244e-01
2.771820e-03,7.478575e+02,1.351374e+02,-4.981041e-05,-5.843250e-05,1.106982e-01,7.164029e-05,4.701567e-06,0.000000e+00,-6.619194e+00,0.000000e+00,0.000000e+00,0.000000e+00,0.000000e+00,0.000000e+00,0.000000e+00,0.000000e+00,-2.981556e-19,-4.161842e-13,0.000000e+00,0.000000e+00,0.000000e+00,0.000000e+00,7.478575e+02,1.338947e+02,1.101456e-01,7.164029e-05,0.000000e+00,1.837135e+01,0.000000e+00,0.000000e+00,-4.684216e-01
2.781221e-03,7.429309e+02,1.400674e+02,-4.962206e-05,-5.850096e-05,1.128502e-01,7.164029e-05,4.696917e-06,0.000000e+00,-6.619194e+00,0.000000e+00,0.000000e+00,0.000000e+00,0.000000e+00,0.000000e+00,0.000000e+00,0.000000e+00,-2.981556e-19,-4.161842e-13,0.000000e+00,0.000000e+00,0.000000e+00,0.000000e+00,7.429309e+02,1.388358e+02,1.123129e-01,7.164029e-05,0.000000e+00,1.838601e+01,0.000000e+00,0.000000e+00,-4.705726e-01
2.790485e-03,7.379880e+02,1.450080e+02,-4.894598e-05,-5.921400e-05,1.149656e-01,7.164029e-05,4.629629e-06,0.000000e+00,-6.619194e+00,0.000000e+00,0.000000e+00,0.000000e+00,0.000000e+00,0.000000e+00,0.000000e+00,0.000000e+00,-2.981556e-19,-4.161842e-13,0.000000e+00,0.000000e+00,0.000000e+00,0.000000e+00,7.379880e+02,1.437901e+02,1.144451e-01,7.164029e-05,0.000000e+00,1.840074e+01,0.000000e+00,0.000000e+00,-4.726796e-01
2.804634e-03,7.302634e+02,1.527320e+02,-4.860818e-05,-6.041978e-05,1.181815e-01,7.164029e-05,4.829504e-06,0.000000e+00,-6.619194e+00,0.000000e+00,0.000000e+00,0.000000e+00,0.000000e+00,0.000000e+00,0.000000e+00,0.000000e+00,-2.981556e-19,-4.161842e-13,0.000000e+00,0.000000e+00,0.000000e+00,0.000000e+00,7.302634e+02,1.514065e+02,1.176345e-01,7.164029e-05,0.000000e+00,1.842377e+01,0.000000e+00,0.000000e+00,-4.759167e-01
2.813910e-03,7.250817e+02,1.579175e+02,-4.886708e-05,-6.139553e-05,1.202773e-01,7.164029e-05,4.444165e-06,0.000000e+00,-6.619194e+00,0.000000e+00,0.000000e+00,0.000000e+00,0.000000e+00,0.000000e+00,0.000000e+00,0.000000e+00,-2.981556e-19,-4.161842e-13,0.000000e+00,0.000000e+00,0.000000e+00,0.000000e+00,7.250817e+02,1.566734e+02,1.197762e-01,7.164029e-05,0.000000e+00,1.843920e+01,0.000000e+00,0.000000e+00,-4.779685e-01
2.822796e-03,7.200312e+02,1.629714e+02,-4.913810e-05,-6.248652e-05,1.222761e-01,7.164029e-05,4.439564e-06,0.000000e+00,-6.619194e+00,0.000000e+00,0.000000e+00,0.000000e+00,0.000000e+00,0.000000e+00,0.000000e+00,0.000000e+00,-2.981556e-19,-4.161842e-13,0.000000e+00,0.000000e+00,0.000000e+00,0.000000e+00,7.200312e+02,1.617080e+02,1.217774e-01,7.164029e-05,0.000000e+00,1.845425e+01,0.000000e+00,0.000000e+00,-4.799667e-01
2.831595e-03,7.149492e+02,1.680542e+02,-5.006629e-05,-6.274105e-05,1.242482e-01,7.164029e-05,4.795485e-06,0.000000e+00,-6.619194e+00,0.000000e+00,0.000000e+00,0.000000e+00,0.000000e+00,0.000000e+00,0.000000e+00,0.000000e+00,-2.981556e-19,-4.161842e-13,0.000000e+00,0.000000e+00,0.000000e+00,0.000000e+00,7.149492e+02,1.667950e+02,1.237605e-01,7.164029e-05,0.000000e+00,1.846939e+01,0.000000e+00,0.000000e+00,-4.819787e-01
2.840959e-03,7.094553e+02,1.735462e+02,-5.128100e-05,-6.264522e-05,1.263407e-01,7.164029e-05,4.563379e-06,0.000000e+00,-6.619194e+00,0.000000e+00,0.000000e+00,0.000000e+00,0.000000e+00,0.000000e+00,0.000000e+00,0.000000e+00,-2.981556e-19,-4.161842e-13,0.000000e+00,0.000000e+00,0.000000e+00,0.000000e+00,7.094553e+02,1.722065e+02,1.258309e-01,7.164029e-05,0.000000e+00,1.848576e+01,0.000000e+00,0.000000e+00,-4.840454e-01
2.850081e-03,7.040186e+02,1.789792e+02,-5.222641e-05,-6.253245e-05,1.283748e-01,7.164029e-05,4.554280e-06,0.000000e+00,-6.619194e+00,0.000000e+00,0.000000e+00,0.000000e+00,0.000000e+00,0.000000e+00,0.000000e+00,0.000000e+00,-2.981556e-19,-4.161842e-13,0.000000e+00,0.000000e+00,0.000000e+00,0.000000e+00,7.040186e+02,1.776216e+02,1.278670e-01,7.164029e-05,0.000000e+00,1.850198e+01,0.000000e+00,0.000000e+00,-4.860789e-01
2.864273e-03,6.953994e+02,1.875956e+02,-5.327546e-05,-6.280917e-05,1.315347e-01,7.164029e-05,4.815922e-06,0.000000e+00,-6.619194e+00,0.000000e+00,0.000000e+00,0.000000e+00,0.000000e+00,0.000000e+00,0.000000e+00,0.000000e+00,-2.981556e-19,-4.161842e-13,0.000000e+00,0.000000e+00,0.000000e+00,0.000000e+00,6.953994e+02,1.861279e+02,1.309987e-01,7.164029e-05,0.000000e+00,1.852772e+01,0.000000e+00,0.000000e+00,-4.892684e-01
2.873903e-03,6.894421e+02,1.935532e+02,-5.282781e-05,-6.228695e-05,1.336760e-01,7.164029e-05,4.812716e-06,0.000000e+00,-6.619194e+00,0.000000e+00,0.000000e+00,0.000000e+00,0.000000e+00,0.000000e+00,0.000000e+00,0.000000e+00,-2.981556e-19,-4.161842e-13,0.000000e+00,0.000000e+00,0.000000e+00,0.000000e+00,6.894421e+02,1.920642e+02,1.331412e-01,7.164029e-05,0.000000e+00,1.854555e+01,0.000000e+00,0.000000e+00,-4.914090e-01
2.883528e-03,6.834015e+02,1.995997e+02,-5.218650e-05,-6.129867e-05,1.358118e-01,7.164029e-05,4.649683e-06,0.000000e+00,-6.619194e+00,0.000000e+00,0.000000e+00,0.000000e+00,0.000000e+00,0.000000e+00,0.000000e+00,0.000000e+00,-2.981556e-19,-4.161842e-13,0.000000e+00,0.000000e+00,0.000000e+00,0.000000e+00,6.834015e+02,1.980880e+02,1.352786e-01,7.164029e-05,0.000000e+00,1.856365e+01,0.000000e+00,0.000000e+00,-4.935258e-01
2.892519e-03,6.776803e+02,2.053328e+02,-5.179972e-05,-6.055286e-05,1.378013e-01,7.164029e-05,4.340558e-06,0.000000e+00,-6.619194e+00,0.000000e+00,0.000000e+00,0.000000e+00,0.000000e+00,0.000000e+00,0.000000e+00,0.000000e+00,-2.981556e-19,-4.161842e-13,0.000000e+00,0.000000e+00,0.000000e+00,0.000000e+00,6.776803e+02,2.039483e+02,1.373218e-01,7.164029e-05,0.000000e+00,1.858082e+01,0.000000e+00,0.000000e+00,-4.954796e-01
2.901505e-03,6.718899e+02,2.111405e+02,-5.142171e-05,-5.995309e-05,1.397822e-01,7.164029e-05,4.810118e-06,0.000000e+00,-6.619194e+00,0.000000e+00,0.000000e+00,0.000000e+00,0.000000e+00,0.000000e+00,0.000000e+00,0.000000e+00,-2.981556e-19,-4.161842e-13,0.000000e+00,0.000000e+00,0.000000e+00,0.000000e+00,6.718899e+02,2.096403e+02,1.392713e-01,7.164029e-05,0.000000e+00,1.859823e+01,0.000000e+00,0.000000e+00,-4.975102e-01
2.911126e-03,6.656177e+02,2.174329e+02,-5.106871e-05,-5.953502e-05,1.418925e-01,7.164029e-05,4.811067e-06,0.000000e+00,-6.619194e+00,0.000000e+00,0.000000e+00,0.000000e+00,0.000000e+00,0.000000e+00,0.000000e+00,0.000000e+00,-2.981556e-19,-4.161842e-13,0.000000e+00,0.000000e+00,0.000000e+00,0.000000e+00,6.656177e+02,2.158623e+02,1.413665e-01,7.164029e-05,0.000000e+00,1.861715e+01,0.000000e+00,0.000000e+00,-4.996179e-01
2.920749e-03,6.592761e+02,2.237887e+02,-5.063152e-05,-5.905589e-05,1.439907e-01,7.164029e-05,4.812703e-06,0.000000e+00,-6.619194e+00,0.000000e+00,0.000000e+00,0.000000e+00,0.000000e+00,0.000000e+00,0.000000e+00,0.000000e+00,-2.981556e-19,-4.161842e-13,0.000000e+00,0.000000e+00,0.000000e+00,0.000000e+00,6.592761e+02,2.222035e+02,1.434677e-01,7.164029e-05,0.000000e+00,1.863634e+01,0.000000e+00,0.000000e+00,-5.017135e-01
2.934414e-03,6.501638e+02,2.329054e+02,-5.035009e-05,-5.853149e-05,1.469472e-01,7.164029e-05,4.815254e-06,0.000000e+00,-6.619194e+00,0.000000e+00,0.000000e+00,0.000000e+00,0.000000e+00,0.000000e+00,0.000000e+00,0.000000e+00,-2.981556e-19,-4.161842e-13,0.000000e+00,0.000000e+00,0.000000e+00,0.000000e+00,6.501638e+02,2.314288e+02,1.464706e-01,7.164029e-05,0.000000e+00,1.866409e+01,0.000000e+00,0.000000e+00,-5.046665e-01
2.944045e-03,6.436668e+02,2.394007e+02,-5.001088e-05,-5.773871e-05,1.490143e-01,7.164029e-05,4.816715e-06,0.000000e+00,-6.619194e+00,0.000000e+00,0.000000e+00,0.000000e+00,0.000000e+00,0.000000e+00,0.000000e+00,0.000000e+00,-2.981556e-19,-4.161842e-13,0.000000e+00,0.000000e+00,0.000000e+00,0.000000e+00,6.436668e+02,2.377794e+02,1.484991e-01,7.164029e-05,0.000000e+00,1.868399e+01,0.000000e+00,0.000000e+00,-5.067319e-01
2.953680e-03,6.371036e+02,2.459674e+02,-4.957482e-05,-5.722309e-05,1.510693e-01,7.164029e-05,4.817878e-06,0.000000e+00,-6.619194e+00,0.000000e+00,0.000000e+00,0.000000e+00,0.000000e+00,0.000000e+00,0.000000e+00,0.000000e+00,-2.981556e-19,-4.161842e-13,0.000000e+00,0.000000e+00,0.000000e+00,0.000000e+00,6.371036e+02,2.443276e+02,1.505570e-01,7.164029e-05,0.000000e+00,1.870417e+01,0.000000e+00,0.000000e+00,-5.087856e-01
2.963316e-03,6.304745e+02,2.526066e+02,-4.904656e-05,-5.668934e-05,1.531139e-01,7.164029e-05,4.818850e-06,0.000000e+00,-6.619194e+00,0.000000e+00,0.000000e+00,0.000000e+00,0.000000e+00,0.000000e+00,0.000000e+00,0.000000e+00,-2.981556e-19,-4.161842e-13,0.000000e+00,0.000000e+00,0.000000e+00,0.000000e+00,6.304745e+02,2.509491e+02,1.526040e-01,7.164029e-05,0.000000e+00,1.872462e+01,0.000000e+00,0.000000e+00,-5.108292e-01
2.972954e-03,6.237827e+02,2.593123e+02,-4.823055e-05,-5.603188e-05,1.551500e-01,7.164029e-05,4.819469e-06,0.000000e+00,-6.619194e+00,0.000000e+00,0.000000e+00,0.000000e+00,0.000000e+00,0.000000e+00,0.000000e+00,0.000000e+00,-2.981556e-19,-4.161842e-13,0.000000e+00,0.000000e+00,0.000000e+00,0.000000e+00,6.237827e+02,2.576391e+02,1.546418e-01,7.164029e-05,0.000000e+00,1.874536e+01,0.000000e+00,0.000000e+00,-5.128647e-01
2.982593e-03,6.170325e+02,2.660757e+02,-4.736482e-05,-5.522668e-05,1.571801e-01,7.164029e-05,4.819665e-06,0.000000e+00,-6.619194e+00,0.000000e+00,0.000000e+00,0.000000e+00,0.000000e+00,0.000000e+00,0.000000e+00,0.000000e+00,-2.981556e-19,-4.161842e-13,0.000000e+00,0.000000e+00,0.000000e+00,0.000000e+00,6.170325e+02,2.643889e+02,1.566732e-01,7.164029e-05,0.000000e+00,1.876637e+01,0.000000e+00,0.000000e+00,-5.148943e-01
2.992232e-03,6.102284e+02,2.728902e+02,-4.675839e-05,-5.462622e-05,1.592070e-01,7.164029e-05,4.819529e-06,0.000000e+00,-6.619204e+00,0.000000e+00,0.000000e+00,0.000000e+00,0.000000e+00,0.000000e+00,0.000000e+00,0.000000e+00,-2.981556e-19,-4.161842e-13,0.000000e+00,0.000000e+00,0.000000e+00,0.000000e+00,6.102284e+02,2.711911e+02,1.587005e-01,7.164029e-05,0.000000e+00,1.878766e+01,0.000000e+00,0.000000e+00,-5.169214e-01
3.001871e-03,6.033752e+02,2.797512e+02,-4.649562e-05,-5.453963e-05,1.612328e-01,7.164029e-05,4.642551e-06,0.000000e+00,-6.619204e+00,0.000000e+00,0.000000e+00,0.000000e+00,0.000000e+00,0.000000e+00,0.000000e+00,0.000000e+00,-2.981556e-19,-4.161842e-13,0.000000e+00,0.000000e+00,0.000000e+00,0.000000e+00,6.033752e+02,2.780411e+02,1.607263e-01,7.164029e-05,0.000000e+00,1.880921e+01,0.000000e+00,0.000000e+00,-5.189291e-01
3.011155e-03,5.967327e+02,2.863978e+02,-4.655520e-05,-5.442536e-05,1.631843e-01,7.164029e-05,4.639794e-06,0.000000e+00,-6.619204e+00,0.000000e+00,0.000000e+00,0.000000e+00,0.000000e+00,0.000000e+00,0.000000e+00,0.000000e+00,-2.981556e-19,-4.161842e-13,0.000000e+00,0.000000e+00,0.000000e+00,0.000000e+00,5.967327e+02,2.847418e+02,1.626965e-01,7.164029e-05,0.000000e+00,1.883023e+01,0.000000e+00,0.000000e+00,-5.208809e-01
3.020433e-03,5.900582e+02,2.930727e+02,-4.712896e-05,-5.376875e-05,1.651338e-01,7.164029e-05,4.635142e-06,0.000000e+00,-6.619230e+00,0.000000e+00,0.000000e+00,0.000000e+00,0.000000e+00,0.000000e+00,0.000000e+00,0.000000e+00,-2.981556e-19,-4.161842e-13,0.000000e+00,0.000000e+00,0.000000e+00,0.000000e+00,5.900582e+02,2.914097e+02,1.646460e-01,7.164029e-05,0.000000e+00,1.885149e+01,0.000000e+00,0.000000e+00,-5.228304e-01
3.034516e-03,5.798597e+02,3.032751e+02,-4.777264e-05,-5.264211e-05,1.680863e-01,7.164029e-05,4.815425e-06,0.000000e+00,-6.619230e+00,0.000000e+00,0.000000e+00,0.000000e+00,0.000000e+00,0.000000e+00,0.000000e+00,0.000000e+00,-2.981556e-19,-4.161842e-13,0.000000e+00,0.000000e+00,0.000000e+00,0.000000e+00,5.798597e+02,3.015334e+02,1.675827e-01,7.164029e-05,0.000000e+00,1.888425e+01,0.000000e+00,0.000000e+00,-5.258005e-01
3.044054e-03,5.729080e+02,3.102350e+02,-4.768561e-05,-5.251141e-05,1.700759e-01,7.164029e-05,4.814552e-06,0.000000e+00,-6.619230e+00,0.000000e+00,0.000000e+00,0.000000e+00,0.000000e+00,0.000000e+00,0.000000e+00,0.000000e+00,-2.981556e-19,-4.161842e-13,0.000000e+00,0.000000e+00,0.000000e+00,0.000000e+00,5.729080e+02,3.085169e+02,1.695847e-01,7.164029e-05,0.000000e+00,1.890676e+01,0.000000e+00,0.000000e+00,-5.277875e-01
3.053683e-03,5.658555e+02,3.172993e+02,-4.764913e-05,-5.244979e-05,1.720728e-01,7.164029e-05,4.590903e-06,0.000000e+00,-6.619230e+00,0.000000e+00,0.000000e+00,0.000000e+00,0.000000e+00,0.000000e+00,0.000000e+00,0.000000e+00,-2.981556e-19,-4.161842e-13,0.000000e+00,0.000000e+00,0.000000e+00,0.000000e+00,5.658555e+02,3.155392e+02,1.715751e-01,7.164029e-05,0.000000e+00,1.892975e+01,0.000000e+00,0.000000e+00,-5.297582e-01
3.062845e-03,5.591169e+02,3.240489e+02,-4.764922e-05,-5.240024e-05,1.739611e-01,7.164029e-05,4.568379e-06,0.000000e+00,-6.619231e+00,0.000000e+00,0.000000e+00,0.000000e+00,0.000000e+00,0.000000e+00,0.000000e+00,0.000000e+00,-2.981556e-19,-4.161842e-13,0.000000e+00,0.000000e+00,0.000000e+00,0.000000e+00,5.591169e+02,3.223715e+02,1.734913e-01,7.164029e-05,0.000000e+00,1.895188e+01,0.000000e+00,0.000000e+00,-5.316419e-01
3.072004e-03,5.523578e+02,3.308160e+02,-4.790726e-05,-5.268392e-05,1.758386e-01,7.164029e-05,4.591796e-06,0.000000e+00,-6.619231e+00,0.000000e+00,0.000000e+00,0.000000e+00,0.000000e+00,0.000000e+00,0.000000e+00,0.000000e+00,-2.981556e-19,-4.161842e-13,0.000000e+00,0.000000e+00,0.000000e+00,0.000000e+00,5.523578e+02,3.291271e+02,1.753691e-01,7.164029e-05,0.000000e+00,1.897424e+01,0.000000e+00,0.000000e+00,-5.335209e-01
3.081411e-03,5.453990e+02,3.377790e+02,-4.845025e-05,-5.323148e-05,1.777586e-01,7.164029e-05,4.815057e-06,0.000000e+00,-6.619231e+00,0.000000e+00,0.000000e+00,0.000000e+00,0.000000e+00,0.000000e+00,0.000000e+00,0.000000e+00,-2.981556e-19,-4.161842e-13,0.000000e+00,0.000000e+00,0.000000e+00,0.000000e+00,5.453990e+02,3.360055e+02,1.772681e-01,7.164029e-05,0.000000e+00,1.899745e+01,0.000000e+00,0.000000e+00,-5.354636e-01
3.091041e-03,5.382606e+02,3.449171e+02,-4.906011e-05,-5.399084e-05,1.797174e-01,7.164029e-05,4.815741e-06,0.000000e+00,-6.619231e+00,0.000000e+00,0.000000e+00,0.000000e+00,0.000000e+00,0.000000e+00,0.000000e+00,0.000000e+00,-2.981556e-19,-4.161842e-13,0.000000e+00,0.000000e+00,0.000000e+00,0.000000e+00,5.382606e+02,3.431414e+02,1.792286e-01,7.164029e-05,0.000000e+00,1.902148e+01,0.000000e+00,0.000000e+00,-5.374225e-01
3.100673e-03,5.311116e+02,3.520618e+02,-4.942206e-05,-5.478894e-05,1.816690e-01,7.164029e-05,4.816593e-06,0.000000e+00,-6.619231e+00,0.000000e+00,0.000000e+00,0.000000e+00,0.000000e+00,0.000000e+00,0.000000e+00,0.000000e+00,-2.981556e-19,-4.161842e-13,0.000000e+00,0.000000e+00,0.000000e+00,0.000000e+00,5.311116e+02,3.502845e+02,1.811821e-01,7.164029e-05,0.000000e+00,1.904578e+01,0.000000e+00,0.000000e+00,-5.393738e-01
3.110307e-03,5.239582e+02,3.592113e+02,-4.961956e-05,-5.574493e-05,1.836122e-01,7.164029e-05,4.817625e-06,0.000000e+00,-6.619231e+00,0.000000e+00,0.000000e+00,0.000000e+00,0.000000e+00,0.000000e+00,0.000000e+00,0.000000e+00,-2.981556e-19,-4.161842e-13,0.000000e+00,0.000000e+00,0.000000e+00,0.000000e+00,5.239582e+02,3.574332e+02,1.831277e-01,7.164029e-05,0.000000e+00,1.907034e+01,0.000000e+00,0.000000e+00,-5.413154e-01
3.124762e-03,5.132334e+02,3.699407e+02,-4.884606e-05,-5.731952e-05,1.865046e-01,7.164029e-05,4.819817e-06,0.000000e+00,-6.619231e+00,0.000000e+00,0.000000e+00,0.000000e+00,0.000000e+00,0.000000e+00,0.000000e+00,0.000000e+00,-2.981556e-19,-4.161842e-13,0.000000e+00,0.000000e+00,0.000000e+00,0.000000e+00,5.132334e+02,3.681622e+02,1.860255e-01,7.164029e-05,0.000000e+00,1.910768e+01,0.000000e+00,0.000000e+00,-5.442037e-01
3.134402e-03,5.060945e+02,3.770910e+02,-4.899997e-05,-5.803272e-05,1.884125e-01,7.164029e-05,4.821877e-06,0.000000e+00,-6.619231e+00,0.000000e+00,0.000000e+00,0.000000e+00,0.000000e+00,0.000000e+00,0.000000e+00,0.000000e+00,-2.981556e-19,-4.161842e-13,0.000000e+00,0.000000e+00,0.000000e+00,0.000000e+00,5.060945e+02,3.753138e+02,1.879379e-01,7.164029e-05,0.000000e+00,1.913290e+01,0.000000e+00,0.000000e+00,-5.461088e-01
3.143502e-03,4.993716e+02,3.838278e+02,-4.972429e-05,-5.793571e-05,1.901956e-01,7.164029e-05,4.428592e-06,0.000000e+00,-6.619231e+00,0.000000e+00,0.000000e+00,0.000000e+00,0.000000e+00,0.000000e+00,0.000000e+00,0.000000e+00,-2.981556e-19,-4.161842e-13,0.000000e+00,0.000000e+00,0.000000e+00,0.000000e+00,4.993716e+02,3.822535e+02,1.897788e-01,7.164029e-05,0.000000e+00,1.915695e+01,0.000000e+00,0.000000e+00,-5.478500e-01
3.152755e-03,4.925542e+02,3.906579e+02,-5.034721e-05,-5.772441e-05,1.919923e-01,7.164029e-05,4.826437e-06,0.000000e+00,-6.619312e+00,0.000000e+00,0.000000e+00,0.000000e+00,0.000000e+00,0.000000e+00,0.000000e+00,0.000000e+00,-2.981556e-19,-4.161842e-13,0.000000e+00,0.000000e+00,0.000000e+00,0.000000e+00,4.925542e+02,3.888898e+02,1.915262e-01,7.164029e-05,0.000000e+00,1.918163e+01,0.000000e+00,0.000000e+00,-5.496827e-01
3.162410e-03,4.854678e+02,3.977510e+02,-5.081625e-05,-5.727971e-05,1.938484e-01,7.164029e-05,4.829405e-06,0.000000e+00,-6.619322e+00,0.000000e+00,0.000000e+00,0.000000e+00,0.000000e+00,0.000000e+00,0.000000e+00,0.000000e+00,-2.981556e-19,-4.161842e-13,0.000000e+00,0.000000e+00,0.000000e+00,0.000000e+00,4.854678e+02,3.959910e+02,1.933860e-01,7.164029e-05,0.000000e+00,1.920763e+01,0.000000e+00,0.000000e+00,-5.515368e-01
3.172070e-03,4.784075e+02,4.048117e+02,-5.070029e-05,-5.696695e-05,1.956911e-01,7.164029e-05,4.832775e-06,0.000000e+00,-6.619322e+00,0.000000e+00,0.000000e+00,0.000000e+00,0.000000e+00,0.000000e+00,0.000000e+00,0.000000e+00,-2.981556e-19,-4.161842e-13,0.000000e+00,0.000000e+00,0.000000e+00,0.000000e+00,4.784075e+02,4.030597e+02,1.952319e-01,7.164029e-05,0.000000e+00,1.923389e+01,0.000000e+00,0.000000e+00,-5.533777e-01
3.181737e-03,4.713756e+02,4.118410e+02,-5.068607e-05,-5.671366e-05,1.975232e-01,7.164029e-05,4.836315e-06,0.000000e+00,-6.619322e+00,0.000000e+00,0.000000e+00,0.000000e+00,0.000000e+00,0.000000e+00,0.000000e+00,0.000000e+00,-2.981556e-19,-4.161842e-13,0.000000e+00,0.000000e+00,0.000000e+00,0.000000e+00,4.713756e+02,4.100969e+02,1.970664e-01,7.164029e-05,0.000000e+00,1.926042e+01,0.000000e+00,0.000000e+00,-5.552088e-01
3.191412e-03,4.643752e+02,4.188404e+02,-5.076921e-05,-5.641985e-05,1.993465e-01,7.164029e-05,4.839822e-06,0.000000e+00,-6.619322e+00,0.000000e+00,0.000000e+00,0.000000e+00,0.000000e+00,0.000000e+00,0.000000e+00,0.000000e+00,-2.981556e-19,-4.161842e-13,0.000000e+00,0.000000e+00,0.000000e+00,0.000000e+00,4.643752e+02,4.171036e+02,1.988918e-01,7.164029e-05,0.000000e+00,1.928722e+01,0.000000e+00,0.000000e+00,-5.570317e-01
3.201093e-03,4.574104e+02,4.258104e+02,-5.041044e-05,-5.620500e-05,2.011617e-01,7.164029e-05,4.842856e-06,0.000000e+00,-6.619322e+00,0.000000e+00,0.000000e+00,0.000000e+00,0.000000e+00,0.000000e+00,0.000000e+00,0.000000e+00,-2.981556e-19,-4.161842e-13,0.000000e+00,0.000000e+00,0.000000e+00,0.000000e+00,4.574104e+02,4.240809e+02,2.007091e-01,7.164029e-05,0.000000e+00,1.931428e+01,0.000000e+00,0.000000e+00,-5.588461e-01
3.210780e-03,4.504870e+02,4.327475e+02,-4.980293e-05,-5.591758e-05,2.029668e-01,7.164029e-05,4.845806e-06,0.000000e+00,-6.619322e+00,0.000000e+00,0.000000e+00,0.000000e+00,0.000000e+00,0.000000e+00,0.000000e+00,0.000000e+00,-2.981556e-19,-4.161842e-13,0.000000e+00,0.000000e+00,0.000000e+00,0.000000e+00,4.504870e+02,4.310272e+02,2.025173e-01,7.164029e-05,0.000000e+00,1.934161e+01,0.000000e+00,0.000000e+00,-5.606495e-01
3.220473e-03,4.436117e+02,4.396427e+02,-4.926581e-05,-5.568483e-05,2.047583e-01,7.164029e-05,4.848712e-06,0.000000e+00,-6.619322e+00,0.000000e+00,0.000000e+00,0.000000e+00,0.000000e+00,0.000000e+00,0.000000e+00,0.000000e+00,-2.981556e-19,-4.161842e-13,0.000000e+00,0.000000e+00,0.000000e+00,0.000000e+00,4.436117e+02,4.379338e+02,2.043123e-01,7.164029e-05,0.000000e+00,1.936919e+01,0.000000e+00,0.000000e+00,-5.624391e-01
3.230172e-03,4.367932e+02,4.464838e+02,-4.877982e-05,-5.516111e-05,2.065348e-01,7.164029e-05,4.851374e-06,0.000000e+00,-6.619322e+00,0.000000e+00,0.000000e+00,0.000000e+00,0.000000e+00,0.000000e+00,0.000000e+00,0.000000e+00,-2.981556e-19,-4.161842e-13,0.000000e+00,0.000000e+00,0.000000e+00,0.000000e+00,4.367932e+02,4.447903e+02,2.060928e-01,7.164029e-05,0.000000e+00,1.939703e+01,0.000000e+00,0.000000e+00,-5.642133e-01
3.244530e-03,4.268275e+02,4.564725e+02,-4.741494e-05,-5.584231e-05,2.091340e-01,7.164029e-05,4.655439e-06,0.000000e+00,-6.619344e+00,0.000000e+00,0.000000e+00,0.000000e+00,0.000000e+00,0.000000e+00,0.000000e+00,0.000000e+00,-2.981556e-19,-4.161842e-13,0.000000e+00,0.000000e+00,0.000000e+00,0.000000e+00,4.268275e+02,4.548758e+02,2.087149e-01,7.164029e-05,0.000000e+00,1.943869e+01,0.000000e+00,0.000000e+00,-5.667932e-01
3.253843e-03,4.204515e+02,4.628546e+02,-4.626283e-05,-5.665932e-05,2.108036e-01,7.164029e-05,4.625170e-06,0.000000e+00,-6.619344e+00,0.000000e+00,0.000000e+00,0.000000e+00,0.000000e+00,0.000000e+00,0.000000e+00,0.000000e+00,-2.981556e-19,-4.161842e-13,0.000000e+00,0.000000e+00,0.000000e+00,0.000000e+00,4.204515e+02,4.612758e+02,2.103874e-01,7.164029e-05,0.000000e+00,1.946598e+01,0.000000e+00,0.000000e+00,-5.684605e-01
3.263063e-03,4.142070e+02,4.691004e+02,-4.505963e-05,-5.748509e-05,2.124476e-01,7.164029e-05,4.595083e-06,0.000000e+00,-6.619344e+00,0.000000e+00,0.000000e+00,0.000000e+00,0.000000e+00,0.000000e+00,0.000000e+00,0.000000e+00,-2.981556e-19,-4.161842e-13,0.000000e+00,0.000000e+00,0.000000e+00,0.000000e+00,4.142070e+02,4.675604e+02,2.120390e-01,7.164029e-05,0.000000e+00,1.949322e+01,0.000000e+00,0.000000e+00,-5.701027e-01
3.272289e-03,4.080265e+02,4.752795e+02,-4.368767e-05,-5.797102e-05,2.140843e-01,7.164029e-05,4.631938e-06,0.000000e+00,-6.619344e+00,0.000000e+00,0.000000e+00,0.000000e+00,0.000000e+00,0.000000e+00,0.000000e+00,0.000000e+00,-2.981556e-19,-4.161842e-13,0.000000e+00,0.000000e+00,0.000000e+00,0.000000e+00,4.080265e+02,4.737449e+02,2.136745e-01,7.164029e-05,0.000000e+00,1.952068e+01,0.000000e+00,0.000000e+00,-5.717446e-01
3.281791e-03,4.017338e+02,4.815723e+02,-4.196985e-05,-5.822794e-05,2.157625e-01,7.164029e-05,4.866732e-06,0.000000e+00,-6.619344e+00,0.000000e+00,0.000000e+00,0.000000e+00,0.000000e+00,0.000000e+00,0.000000e+00,0.000000e+00,-2.981556e-19,-4.161842e-13,0.000000e+00,0.000000e+00,0.000000e+00,0.000000e+00,4.017338e+02,4.799775e+02,2.153334e-01,7.164029e-05,0.000000e+00,1.954919e+01,0.000000e+00,0.000000e+00,-5.734453e-01
3.291521e-03,3.953697e+02,4.879362e+02,-4.034213e-05,-5.834029e-05,2.174720e-01,7.164029e-05,4.861810e-06,0.000000e+00,-6.619344e+00,0.000000e+00,0.000000e+00,0.000000e+00,0.000000e+00,0.000000e+00,0.000000e+00,0.000000e+00,-2.981556e-19,-4.161842e-13,0.000000e+00,0.000000e+00,0.000000e+00,0.000000e+00,3.953697e+02,4.863643e+02,2.170460e-01,7.164029e-05,0.000000e+00,1.957861e+01,0.000000e+00,0.000000e+00,-5.751549e-01
3.301244e-03,3.890959e+02,4.942089e+02,-3.878605e-05,-5.818167e-05,2.191683e-01,7.164029e-05,4.859027e-06,0.000000e+00,-6.619344e+00,0.000000e+00,0.000000e+00,0.000000e+00,0.000000e+00,0.000000e+00,0.000000e+00,0.000000e+00,-2.981556e-19,-4.161842e-13,0.000000e+00,0.000000e+00,0.000000e+00,0.000000e+00,3.890959e+02,4.926600e+02,2.187460e-01,7.164029e-05,0.000000e+00,1.960824e+01,0.000000e+00,0.000000e+00,-5.768502e-01
3.310961e-03,3.829110e+02,5.003908e+02,-3.732202e-05,-5.806074e-05,2.208487e-01,7.164029e-05,4.858158e-06,0.000000e+00,-6.619344e+00,0.000000e+00,0.000000e+00,0.000000e+00,0.000000e+00,0.000000e+00,0.000000e+00,0.000000e+00,-2.981556e-19,-4.161842e-13,0.000000e+00,0.000000e+00,0.000000e+00,0.000000e+00,3.829110e+02,4.988645e+02,2.204307e-01,7.164029e-05,0.000000e+00,1.963808e+01,0.000000e+00,0.000000e+00,-5.785294e-01
3.320677e-03,3.768119e+02,5.064870e+02,-3.676139e-05,-5.807952e-05,2.225134e-01,7.164029e-05,4.858655e-06,0.000000e+00,-6.619344e+00,0.000000e+00,0.000000e+00,0.000000e+00,0.000000e+00,0.000000e+00,0.000000e+00,0.000000e+00,-2.981556e-19,-4.161842e-13,0.000000e+00,0.000000e+00,0.000000e+00,0.000000e+00,3.768119e+02,5.049815e+02,2.220991e-01,7.164029e-05,0.000000e+00,1.966815e+01,0.000000e+00,0.000000e+00,-5.801927e-01
3.330395e-03,3.707953e+02,5.125021e+02,-3.616936e-05,-5.840330e-05,2.241641e-01,7.164029e-05,4.859492e-06,0.000000e+00,-6.619344e+00,0.000000e+00,0.000000e+00,0.000000e+00,0.000000e+00,0.000000e+00,0.000000e+00,0.000000e+00,-2.981556e-19,-4.161842e-13,0.000000e+00,0.000000e+00,0.000000e+00,0.000000e+00,3.707953e+02,5.110162e+02,2.237529e-01,7.164029e-05,0.000000e+00,1.969844e+01,0.000000e+00,0.000000e+00,-5.818427e-01
3.340114e-03,3.648593e+02,5.184410e+02,-3.548982e-05,-5.842435e-05,2.258042e-01,7.164029e-05,4.859494e-06,0.000000e+00,-6.619344e+00,0.000000e+00,0.000000e+00,0.000000e+00,0.000000e+00,0.000000e+00,0.000000e+00,0.000000e+00,-2.981556e-19,-4.161842e-13,0.000000e+00,0.000000e+00,0.000000e+00,0.000000e+00,3.648593e+02,5.169738e+02,2.253952e-01,7.164029e-05,0.000000e+00,1.972896e+01,0.000000e+00,0.000000e+00,-5.834828e-01
3.354690e-03,3.561073e+02,5.272081e+02,-3.522768e-05,-5.857726e-05,2.282546e-01,7.164029e-05,4.856033e-06,0.000000e+00,-6.619344e+00,0.000000e+00,0.000000e+00,0.000000e+00,0.000000e+00,0.000000e+00,0.000000e+00,0.000000e+00,-2.981556e-19,-4.161842e-13,0.000000e+00,0.000000e+00,0.000000e+00,0.000000e+00,3.561073e+02,5.257695e+02,2.278466e-01,7.164029e-05,0.000000e+00,1.977516e+01,0.000000e+00,0.000000e+00,-5.859336e-01
3.364400e-03,3.503793e+02,5.329510e+02,-3.480331e-05,-5.843929e-05,2.298855e-01,7.164029e-05,4.851033e-06,0.000000e+00,-6.619344e+00,0.000000e+00,0.000000e+00,0.000000e+00,0.000000e+00,0.000000e+00,0.000000e+00,0.000000e+00,-2.981556e-19,-4.161842e-13,0.000000e+00,0.000000e+00,0.000000e+00,0.000000e+00,3.503793e+02,5.315340e+02,2.294779e-01,7.164029e-05,0.000000e+00,1.980620e+01,0.000000e+00,0.000000e+00,-5.875643e-01
3.374099e-03,3.447420e+02,5.386017e+02,-3.442779e-05,-5.806114e-05,2.315130e-01,7.164029e-05,4.844562e-06,0.000000e+00,-6.619344e+00,0.000000e+00,0.000000e+00,0.000000e+00,0.000000e+00,0.000000e+00,0.000000e+00,0.000000e+00,-2.981556e-19,-4.161842e-13,0.000000e+00,0.000000e+00,0.000000e+00,0.000000e+00,3.447420e+02,5.372087e+02,2.311067e-01,7.164029e-05,0.000000e+00,1.983744e+01,0.000000e+00,0.000000e+00,-5.891913e-01
3.383785e-03,3.391976e+02,5.441545e+02,-3.396183e-05,-5.798474e-05,2.331328e-01,7.164029e-05,4.837995e-06,0.000000e+00,-6.619369e+00,0.000000e+00,0.000000e+00,0.000000e+00,0.000000e+00,0.000000e+00,0.000000e+00,0.000000e+00,-2.981556e-19,-4.161842e-13,0.000000e+00,0.000000e+00,0.000000e+00,0.000000e+00,3.391976e+02,5.427861e+02,2.327285e-01,7.164029e-05,0.000000e+00,1.986885e+01,0.000000e+00,0.000000e+00,-5.908101e-01
3.393458e-03,3.337439e+02,5.496118e+02,-3.366158e-05,-5.857825e-05,2.347394e-01,7.164029e-05,4.832962e-06,0.000000e+00,-6.619369e+00,0.000000e+00,0.000000e+00,0.000000e+00,0.000000e+00,0.000000e+00,0.000000e+00,0.000000e+00,-2.981556e-19,-4.161842e-13,0.000000e+00,0.000000e+00,0.000000e+00,0.000000e+00,3.337439e+02,5.482662e+02,2.343397e-01,7.164029e-05,0.000000e+00,1.990043e+01,0.000000e+00,0.000000e+00,-5.924150e-01
3.403123e-03,3.283755e+02,5.549838e+02,-3.350616e-05,-5.914809e-05,2.363284e-01,7.164029e-05,4.830732e-06,0.000000e+00,-6.619369e+00,0.000000e+00,0.000000e+00,0.000000e+00,0.000000e+00,0.000000e+00,0.000000e+00,0.000000e+00,-2.981556e-19,-4.161842e-13,0.000000e+00,0.000000e+00,0.000000e+00,0.000000e+00,3.283755e+02,5.536586e+02,2.359335e-01,7.164029e-05,0.000000e+00,1.993221e+01,0.000000e+00,0.000000e+00,-5.940012e-01
3.412784e-03,3.230869e+02,5.602784e+02,-3.341068e-05,-5.925159e-05,2.378975e-01,7.164029e-05,4.831918e-06,0.000000e+00,-6.619369e+00,0.000000e+00,0.000000e+00,0.000000e+00,0.000000e+00,0.000000e+00,0.000000e+00,0.000000e+00,-2.981556e-19,-4.161842e-13,0.000000e+00,0.000000e+00,0.000000e+00,0.000000e+00,3.230869e+02,5.589720e+02,2.375079e-01,7.164029e-05,0.000000e+00,1.996419e+01,0.000000e+00,0.000000e+00,-5.955666e-01
3.422450e-03,3.178740e+02,5.654997e+02,-3.319806e-05,-5.915057e-05,2.394461e-01,7.164029e-05,4.836308e-06,0.000000e+00,-6.619369e+00,0.000000e+00,0.000000e+00,0.000000e+00,0.000000e+00,0.000000e+00,0.000000e+00,0.000000e+00,-2.981556e-19,-4.161842e-13,0.000000e+00,0.000000e+00,0.000000e+00,0.000000e+00,3.178740e+02,5.642115e+02,2.390614e-01,7.164029e-05,0.000000e+00,1.999639e+01,0.000000e+00,0.000000e+00,-5.971116e-01
3.432126e-03,3.127336e+02,5.706483e+02,-3.302591e-05,-5.899961e-05,2.409765e-01,7.164029e-05,4.842923e-06,0.000000e+00,-6.619403e+00,0.000000e+00,0.000000e+00,0.000000e+00,0.000000e+00,0.000000e+00,0.000000e+00,0.000000e+00,-2.981556e-19,-4.161842e-13,0.000000e+00,0.000000e+00,0.000000e+00,0.000000e+00,3.127336e+02,5.693787e+02,2.405958e-01,7.164029e-05,0.000000e+00,2.002883e+01,0.000000e+00,0.000000e+00,-5.986382e-01
3.441815e-03,3.076634e+02,5.757237e+02,-3.297628e-05,-5.822298e-05,2.424926e-01,7.164029e-05,4.850309e-06,0.000000e+00,-6.619582e+00,0.000000e+00,0.000000e+00,0.000000e+00,0.000000e+00,0.000000e+00,0.000000e+00,0.000000e+00,-2.981556e-19,-4.161842e-13,0.000000e+00,0.000000e+00,0.000000e+00,0.000000e+00,3.076634e+02,5.744724e+02,2.421141e-01,7.164029e-05,0.000000e+00,2.006153e+01,0.000000e+00,0.000000e+00,-6.001523e-01
3.451465e-03,3.026907e+02,5.807012e+02,-3.307937e-05,-5.782607e-05,2.439900e-01,7.164029e-05,4.274037e-06,0.000000e+00,-6.619583e+00,0.000000e+00,0.000000e+00,0.000000e+00,0.000000e+00,0.000000e+00,0.000000e+00,0.000000e+00,-2.981556e-19,-4.161842e-13,0.000000e+00,0.000000e+00,0.000000e+00,0.000000e+00,3.026907e+02,5.794803e+02,2.436188e-01,7.164029e-05,0.000000e+00,2.009429e+01,0.000000e+00,0.000000e+00,-6.016030e-01
3.460441e-03,2.981342e+02,5.852646e+02,-3.311337e-05,-5.774128e-05,2.453739e-01,7.164029e-05,4.861482e-06,0.000000e+00,-6.619583e+00,0.000000e+00,0.000000e+00,0.000000e+00,0.000000e+00,0.000000e+00,0.000000e+00,0.000000e+00,-2.981556e-19,-4.161842e-13,0.000000e+00,0.000000e+00,0.000000e+00,0.000000e+00,2.981342e+02,5.840853e+02,2.450127e-01,7.164029e-05,0.000000e+00,2.012495e+01,0.000000e+00,0.000000e+00,-6.030303e-01
3.470165e-03,2.932739e+02,5.901353e+02,-3.313570e-05,-5.773970e-05,2.468631e-01,7.164029e-05,4.864050e-06,0.000000e+00,-6.619585e+00,0.000000e+00,0.000000e+00,0.000000e+00,0.000000e+00,0.000000e+00,0.000000e+00,0.000000e+00,-2.981556e-19,-4.161842e-13,0.000000e+00,0.000000e+00,0.000000e+00,0.000000e+00,2.932739e+02,5.889349e+02,2.464921e-01,7.164029e-05,0.000000e+00,2.015836e+01,0.000000e+00,0.000000e+00,-6.045178e-01
3.484758e-03,2.861356e+02,5.972946e+02,-3.290009e-05,-5.777413e-05,2.490741e-01,7.164029e-05,4.863145e-06,0.000000e+00,-6.619585e+00,0.000000e+00,0.000000e+00,0.000000e+00,0.000000e+00,0.000000e+00,0.000000e+00,0.000000e+00,-2.981556e-19,-4.161842e-13,0.000000e+00,0.000000e+00,0.000000e+00,0.000000e+00,2.861356e+02,5.961251e+02,2.487084e-01,7.164029e-05,0.000000e+00,2.020887e+01,0.000000e+00,0.000000e+00,-6.067241e-01
3.494482e-03,2.814855e+02,6.019591e+02,-3.262077e-05,-5.795254e-05,2.505277e-01,7.164029e-05,4.860052e-06,0.000000e+00,-6.619585e+00,0.000000e+00,0.000000e+00,0.000000e+00,0.000000e+00,0.000000e+00,0.000000e+00,0.000000e+00,-2.981556e-19,-4.161842e-13,0.000000e+00,0.000000e+00,0.000000e+00,0.000000e+00,2.814855e+02,6.008118e+02,2.501665e-01,7.164029e-05,0.000000e+00,2.024277e+01,0.000000e+00,0.000000e+00,-6.081741e-01
3.504201e-03,2.769243e+02,6.065334e+02,-3.235651e-05,-5.831137e-05,2.519636e-01,7.164029e-05,4.855986e-06,0.000000e+00,-6.619610e+00,0.000000e+00,0.000000e+00,0.000000e+00,0.000000e+00,0.000000e+00,0.000000e+00,0.000000e+00,-2.981556e-19,-4.161842e-13,0.000000e+00,0.000000e+00,0.000000e+00,0.000000e+00,2.769243e+02,6.054086e+02,2.516060e-01,7.164029e-05,0.000000e+00,2.027686e+01,0.000000e+00,0.000000e+00,-6.096067e-01
3.513911e-03,2.724501e+02,6.110181e+02,-3.195992e-05,-5.865935e-05,2.533838e-01,7.164029e-05,4.616528e-06,0.000000e+00,-6.619610e+00,0.000000e+00,0.000000e+00,0.000000e+00,0.000000e+00,0.000000e+00,0.000000e+00,0.000000e+00,-2.981556e-19,-4.161842e-13,0.000000e+00,0.000000e+00,0.000000e+00,0.000000e+00,2.724501e+02,6.099154e+02,2.530303e-01,7.164029e-05,0.000000e+00,2.031110e+01,0.000000e+00,0.000000e+00,-6.110079e-01
3.523146e-03,2.682678e+02,6.152078e+02,-3.156051e-05,-5.894386e-05,2.547249e-01,7.164029e-05,4.620580e-06,0.000000e+00,-6.619610e+00,0.000000e+00,0.000000e+00,0.000000e+00,0.000000e+00,0.000000e+00,0.000000e+00,0.000000e+00,-2.981556e-19,-4.161842e-13,0.000000e+00,0.000000e+00,0.000000e+00,0.000000e+00,2.682678e+02,6.141759e+02,2.543904e-01,7.164029e-05,0.000000e+00,2.034385e+01,0.000000e+00,0.000000e+00,-6.123489e-01
3.532389e-03,2.641505e+02,6.193323e+02,-3.151990e-05,-5.939092e-05,2.560618e-01,7.164029e-05,4.624043e-06,0.000000e+00,-6.619610e+00,0.000000e+00,0.000000e+00,0.000000e+00,0.000000e+00,0.000000e+00,0.000000e+00,0.000000e+00,-2.981556e-19,-4.161842e-13,0.000000e+00,0.000000e+00,0.000000e+00,0.000000e+00,2.641505e+02,6.183165e+02,2.557280e-01,7.164029e-05,0.000000e+00,2.037681e+01,0.000000e+00,0.000000e+00,-6.136861e-01
3.541638e-03,2.600977e+02,6.233934e+02,-3.133548e-05,-5.971680e-05,2.573963e-01,7.164029e-05,4.626502e-06,0.000000e+00,-6.619610e+00,0.000000e+00,0.000000e+00,0.000000e+00,0.000000e+00,0.000000e+00,0.000000e+00,0.000000e+00,-2.981556e-19,-4.161842e-13,0.000000e+00,0.000000e+00,0.000000e+00,0.000000e+00,2.600977e+02,6.223934e+02,2.570630e-01,7.164029e-05,0.000000e+00,2.040995e+01,0.000000e+00,0.000000e+00,-6.150212e-01
3.551116e-03,2.560143e+02,6.274849e+02,-3.107669e-05,-6.019945e-05,2.587608e-01,7.164029e-05,4.854028e-06,0.000000e+00,-6.619610e+00,0.000000e+00,0.000000e+00,0.000000e+00,0.000000e+00,0.000000e+00,0.000000e+00,0.000000e+00,-2.981556e-19,-4.161842e-13,0.000000e+00,0.000000e+00,0.000000e+00,0.000000e+00,2.560143e+02,6.264548e+02,2.584120e-01,7.164029e-05,0.000000e+00,2.044410e+01,0.000000e+00,0.000000e+00,-6.164024e-01
3.560827e-03,2.519048e+02,6.316011e+02,-3.073769e-05,-6.078911e-05,2.601535e-01,7.164029e-05,4.860369e-06,0.000000e+00,-6.619610e+00,0.000000e+00,0.000000e+00,0.000000e+00,0.000000e+00,0.000000e+00,0.000000e+00,0.000000e+00,-2.981556e-19,-4.161842e-13,0.000000e+00,0.000000e+00,0.000000e+00,0.000000e+00,2.519048e+02,6.305892e+02,2.598062e-01,7.164029e-05,0.000000e+00,2.047927e+01,0.000000e+00,0.000000e+00,-6.177956e-01
3.570552e-03,2.478651e+02,6.356442e+02,-3.008130e-05,-6.148191e-05,2.615386e-01,7.164029e-05,4.868130e-06,0.000000e+00,-6.619610e+00,0.000000e+00,0.000000e+00,0.000000e+00,0.000000e+00,0.000000e+00,0.000000e+00,0.000000e+00,-2.981556e-19,-4.161842e-13,0.000000e+00,0.000000e+00,0.000000e+00,0.000000e+00,2.478651e+02,6.346506e+02,2.611938e-01,7.164029e-05,0.000000e+00,2.051467e+01,0.000000e+00,0.000000e+00,-6.191810e-01
3.580117e-03,2.439656e+02,6.395455e+02,-2.913264e-05,-6.225334e-05,2.628877e-01,7.164029e-05,4.697693e-06,0.000000e+00,-6.619610e+00,0.000000e+00,0.000000e+00,0.000000e+00,0.000000e+00,0.000000e+00,0.000000e+00,0.000000e+00,-2.981556e-19,-4.161842e-13,0.000000e+00,0.000000e+00,0.000000e+00,0.000000e+00,2.439656e+02,6.386039e+02,2.625583e-01,7.164029e-05,0.000000e+00,2.054968e+01,0.000000e+00,0.000000e+00,-6.205166e-01
3.594396e-03,2.382814e+02,6.452312e+02,-2.776793e-05,-6.361095e-05,2.648685e-01,7.164029e-05,4.887129e-06,0.000000e+00,-6.619610e+00,0.000000e+00,0.000000e+00,0.000000e+00,0.000000e+00,0.000000e+00,0.000000e+00,0.000000e+00,-2.981556e-19,-4.161842e-13,0.000000e+00,0.000000e+00,0.000000e+00,0.000000e+00,2.382814e+02,6.442811e+02,2.645335e-01,7.164029e-05,0.000000e+00,2.060228e+01,0.000000e+00,0.000000e+00,-6.225072e-01
3.604174e-03,2.344855e+02,6.490284e+02,-2.685220e-05,-6.470771e-05,2.661995e-01,7.164029e-05,4.893434e-06,0.000000e+00,-6.619610e+00,0.000000e+00,0.000000e+00,0.000000e+00,0.000000e+00,0.000000e+00,0.000000e+00,0.000000e+00,-2.981556e-19,-4.161842e-13,0.000000e+00,0.000000e+00,0.000000e+00,0.000000e+00,2.344855e+02,6.480963e+02,2.658690e-01,7.164029e-05,0.000000e+00,2.063852e+01,0.000000e+00,0.000000e+00,-6.238366e-01
3.613964e-03,2.307624e+02,6.527523e+02,-2.555207e-05,-6.574765e-05,2.675136e-01,7.164029e-05,4.899168e-06,0.000000e+00,-6.619998e+00,0.000000e+00,0.000000e+00,0.000000e+00,0.000000e+00,0.000000e+00,0.000000e+00,0.000000e+00,-2.981556e-19,-4.161842e-13,0.000000e+00,0.000000e+00,0.000000e+00,0.000000e+00,2.307624e+02,6.518387e+02,2.671845e-01,7.164029e-05,0.000000e+00,2.067499e+01,0.000000e+00,0.000000e+00,-6.251492e-01
3.623765e-03,2.271135e+02,6.564024e+02,-2.436663e-05,-6.654004e-05,2.688136e-01,7.164029e-05,4.904955e-06,0.000000e+00,-6.619998e+00,0.000000e+00,0.000000e+00,0.000000e+00,0.000000e+00,0.000000e+00,0.000000e+00,0.000000e+00,-2.981556e-19,-4.161842e-13,0.000000e+00,0.000000e+00,0.000000e+00,0.000000e+00,2.271135e+02,6.555073e+02,2.684902e-01,7.164029e-05,0.000000e+00,2.071168e+01,0.000000e+00,0.000000e+00,-6.264485e-01
3.633578e-03,2.235382e+02,6.599790e+02,-2.348747e-05,-6.713231e-05,2.701025e-01,7.164029e-05,4.350633e-06,0.000000e+00,-6.619998e+00,0.000000e+00,0.000000e+00,0.000000e+00,0.000000e+00,0.000000e+00,0.000000e+00,0.000000e+00,-2.981556e-19,-4.161842e-13,0.000000e+00,0.000000e+00,0.000000e+00,0.000000e+00,2.235382e+02,6.591022e+02,2.697818e-01,7.164029e-05,0.000000e+00,2.074859e+01,0.000000e+00,0.000000e+00,-6.277003e-01
3.642280e-03,2.204330e+02,6.630851e+02,-2.299021e-05,-6.743360e-05,2.712381e-01,7.164029e-05,4.352790e-06,0.000000e+00,-6.620080e+00,0.000000e+00,0.000000e+00,0.000000e+00,0.000000e+00,0.000000e+00,0.000000e+00,0.000000e+00,-2.981556e-19,-4.161842e-13,0.000000e+00,0.000000e+00,0.000000e+00,0.000000e+00,2.204330e+02,6.623225e+02,2.709552e-01,7.164029e-05,0.000000e+00,2.078147e+01,0.000000e+00,0.000000e+00,-6.288365e-01
3.650987e-03,2.173883e+02,6.661307e+02,-2.253552e-05,-6.818558e-05,2.723663e-01,7.164029e-05,4.788872e-06,0.000000e+00,-6.620080e+00,0.000000e+00,0.000000e+00,0.000000e+00,0.000000e+00,0.000000e+00,0.000000e+00,0.000000e+00,-2.981556e-19,-4.161842e-13,0.000000e+00,0.000000e+00,0.000000e+00,0.000000e+00,2.173883e+02,6.653829e+02,2.720852e-01,7.164029e-05,0.000000e+00,2.081450e+01,0.000000e+00,0.000000e+00,-6.299928e-01
3.660707e-03,2.140608e+02,6.694600e+02,-2.232901e-05,-6.945265e-05,2.736156e-01,7.164029e-05,4.937133e-06,0.000000e+00,-6.620080e+00,0.000000e+00,0.000000e+00,0.000000e+00,0.000000e+00,0.000000e+00,0.000000e+00,0.000000e+00,-2.981556e-19,-4.161842e-13,0.000000e+00,0.000000e+00,0.000000e+00,0.000000e+00,2.140608e+02,6.686328e+02,2.733003e-01,7.164029e-05,0.000000e+00,2.085154e+01,0.000000e+00,0.000000e+00,-6.312508e-01
3.670587e-03,2.107527e+02,6.727704e+02,-2.200734e-05,-7.071609e-05,2.748705e-01,7.164029e-05,4.949400e-06,0.000000e+00,-6.620080e+00,0.000000e+00,0.000000e+00,0.000000e+00,0.000000e+00,0.000000e+00,0.000000e+00,0.000000e+00,-2.981556e-19,-4.161842e-13,0.000000e+00,0.000000e+00,0.000000e+00,0.000000e+00,2.107527e+02,6.719592e+02,2.745588e-01,7.164029e-05,0.000000e+00,2.088936e+01,0.000000e+00,0.000000e+00,-6.325049e-01
3.680493e-03,2.075078e+02,6.760189e+02,-2.183622e-05,-7.168531e-05,2.761097e-01,7.164029e-05,4.962516e-06,0.000000e+00,-6.620080e+00,0.000000e+00,0.000000e+00,0.000000e+00,0.000000e+00,0.000000e+00,0.000000e+00,0.000000e+00,-2.981556e-19,-4.161842e-13,0.000000e+00,0.000000e+00,0.000000e+00,0.000000e+00,2.075078e+02,6.752228e+02,2.758023e-01,7.164029e-05,0.000000e+00,2.092745e+01,0.000000e+00,0.000000e+00,-6.337423e-01
3.690424e-03,2.043246e+02,6.792081e+02,-2.174096e-05,-7.266648e-05,2.773301e-01,7.164029e-05,4.975731e-06,0.000000e+00,-6.620080e+00,0.000000e+00,0.000000e+00,0.000000e+00,0.000000e+00,0.000000e+00,0.000000e+00,0.000000e+00,-2.981556e-19,-4.161842e-13,0.000000e+00,0.000000e+00,0.000000e+00,0.000000e+00,2.043246e+02,6.784271e+02,2.770278e-01,7.164029e-05,0.000000e+00,2.096581e+01,0.000000e+00,0.000000e+00,-6.349600e-01
3.700330e-03,2.012191e+02,6.823194e+02,-2.142823e-05,-7.353945e-05,2.785253e-01,7.164029e-05,4.933988e-06,0.000000e+00,-6.620101e+00,0.000000e+00,0.000000e+00,0.000000e+00,0.000000e+00,0.000000e+00,0.000000e+00,0.000000e+00,-2.981556e-19,-4.161842e-13,0.000000e+00,0.000000e+00,0.000000e+00,0.000000e+00,2.012191e+02,6.815618e+02,2.782304e-01,7.164029e-05,0.000000e+00,2.100425e+01,0.000000e+00,0.000000e+00,-6.361503e-01
3.710202e-03,1.981940e+02,6.853488e+02,-2.057966e-05,-7.429135e-05,2.796977e-01,7.164029e-05,4.764037e-06,0.000000e+00,-6.620104e+00,0.000000e+00,0.000000e+00,0.000000e+00,0.000000e+00,0.000000e+00,0.000000e+00,0.000000e+00,-2.981556e-19,-4.161842e-13,0.000000e+00,0.000000e+00,0.000000e+00,0.000000e+00,1.981940e+02,6.846082e+02,2.794068e-01,7.164029e-05,0.000000e+00,2.104270e+01,0.000000e+00,0.000000e+00,-6.373104e-01
3.724493e-03,1.939361e+02,6.896048e+02,-1.983124e-05,-7.485448e-05,2.813762e-01,7.164029e-05,4.989643e-06,0.000000e+00,-6.620712e+00,0.000000e+00,0.000000e+00,0.000000e+00,0.000000e+00,0.000000e+00,0.000000e+00,0.000000e+00,-2.981556e-19,-4.161842e-13,0.000000e+00,0.000000e+00,0.000000e+00,0.000000e+00,1.939361e+02,6.889153e+02,2.810976e-01,7.164029e-05,0.000000e+00,2.109867e+01,0.000000e+00,0.000000e+00,-6.390044e-01
3.734473e-03,1.910494e+02,6.924868e+02,-2.085119e-05,-7.458020e-05,2.825421e-01,7.164029e-05,4.989969e-06,0.000000e+00,-6.620712e+00,0.000000e+00,0.000000e+00,0.000000e+00,0.000000e+00,0.000000e+00,0.000000e+00,0.000000e+00,-2.981556e-19,-4.161842e-13,0.000000e+00,0.000000e+00,0.000000e+00,0.000000e+00,1.910494e+02,6.917836e+02,2.822509e-01,7.164029e-05,0.000000e+00,2.113795e+01,0.000000e+00,0.000000e+00,-6.401730e-01
3.744453e-03,1.882328e+02,6.952967e+02,-2.271286e-05,-7.410940e-05,2.837067e-01,7.164029e-05,4.889701e-06,0.000000e+00,-6.620712e+00,0.000000e+00,0.000000e+00,0.000000e+00,0.000000e+00,0.000000e+00,0.000000e+00,0.000000e+00,-2.981556e-19,-4.161842e-13,0.000000e+00,0.000000e+00,0.000000e+00,0.000000e+00,1.882328e+02,6.946109e+02,2.834157e-01,7.164029e-05,0.000000e+00,2.117739e+01,0.000000e+00,0.000000e+00,-6.413341e-01
3.754233e-03,1.855405e+02,6.979827e+02,-2.459788e-05,-7.384365e-05,2.848444e-01,7.164029e-05,4.890069e-06,0.000000e+00,-6.620712e+00,0.000000e+00,0.000000e+00,0.000000e+00,0.000000e+00,0.000000e+00,0.000000e+00,0.000000e+00,-2.981556e-19,-4.161842e-13,0.000000e+00,0.000000e+00,0.000000e+00,0.000000e+00,1.855405e+02,6.973273e+02,2.845608e-01,7.164029e-05,0.000000e+00,2.121619e+01,0.000000e+00,0.000000e+00,-6.424732e-01
3.764010e-03,1.829131e+02,7.006040e+02,-2.664744e-05,-7.438606e-05,2.859724e-01,7.164029e-05,4.889524e-06,0.000000e+00,-6.620712e+00,0.000000e+00,0.000000e+00,0.000000e+00,0.000000e+00,0.000000e+00,0.000000e+00,0.000000e+00,-2.981556e-19,-4.161842e-13,0.000000e+00,0.000000e+00,0.000000e+00,0.000000e+00,1.829131e+02,6.999641e+02,2.856925e-01,7.164029e-05,0.000000e+00,2.125515e+01,0.000000e+00,0.000000e+00,-6.436015e-01
3.773788e-03,1.803452e+02,7.031689e+02,-2.869770e-05,-7.518345e-05,2.870872e-01,7.164029e-05,4.887058e-06,0.000000e+00,-6.620958e+00,0.000000e+00,0.000000e+00,0.000000e+00,0.000000e+00,0.000000e+00,0.000000e+00,0.000000e+00,-2.981556e-19,-4.161842e-13,0.000000e+00,0.000000e+00,0.000000e+00,0.000000e+00,1.803452e+02,7.025422e+02,2.868112e-01,7.164029e-05,0.000000e+00,2.129426e+01,0.000000e+00,0.000000e+00,-6.447157e-01
3.783560e-03,1.778335e+02,7.056826e+02,-3.065572e-05,-7.572392e-05,2.881823e-01,7.164029e-05,4.883092e-06,0.000000e+00,-6.621034e+00,0.000000e+00,0.000000e+00,0.000000e+00,0.000000e+00,0.000000e+00,0.000000e+00,0.000000e+00,-2.981556e-19,-4.161842e-13,0.000000e+00,0.000000e+00,0.000000e+00,0.000000e+00,1.778335e+02,7.050682e+02,2.879115e-01,7.164029e-05,0.000000e+00,2.133349e+01,0.000000e+00,0.000000e+00,-6.458093e-01
3.793325e-03,1.753731e+02,7.081482e+02,-3.232454e-05,-7.605682e-05,2.892529e-01,7.164029e-05,4.879235e-06,0.000000e+00,-6.621034e+00,0.000000e+00,0.000000e+00,0.000000e+00,0.000000e+00,0.000000e+00,0.000000e+00,0.000000e+00,-2.981556e-19,-4.161842e-13,0.000000e+00,0.000000e+00,0.000000e+00,0.000000e+00,1.753731e+02,7.075454e+02,2.889884e-01,7.164029e-05,0.000000e+00,2.137284e+01,0.000000e+00,0.000000e+00,-6.468769e-01
3.802834e-03,1.730199e+02,7.105072e+02,-3.343873e-05,-7.608005e-05,2.902724e-01,7.164029e-05,4.631330e-06,0.000000e+00,-6.621037e+00,0.000000e+00,0.000000e+00,0.000000e+00,0.000000e+00,0.000000e+00,0.000000e+00,0.000000e+00,-2.981556e-19,-4.161842e-13,0.000000e+00,0.000000e+00,0.000000e+00,0.000000e+00,1.730199e+02,7.099453e+02,2.900271e-01,7.164029e-05,0.000000e+00,2.141130e+01,0.000000e+00,0.000000e+00,-6.478799e-01
3.812339e-03,1.707073e+02,7.128220e+02,-3.432890e-05,-7.629289e-05,2.912689e-01,7.164029e-05,4.871037e-06,0.000000e+00,-6.621037e+00,0.000000e+00,0.000000e+00,0.000000e+00,0.000000e+00,0.000000e+00,0.000000e+00,0.000000e+00,-2.981556e-19,-4.161842e-13,0.000000e+00,0.000000e+00,0.000000e+00,0.000000e+00,1.707073e+02,7.122419e+02,2.910161e-01,7.164029e-05,0.000000e+00,2.144988e+01,0.000000e+00,0.000000e+00,-6.488866e-01
3.822078e-03,1.683744e+02,7.151537e+02,-3.486361e-05,-7.672761e-05,2.922707e-01,7.164029e-05,4.865594e-06,0.000000e+00,-6.621039e+00,0.000000e+00,0.000000e+00,0.000000e+00,0.000000e+00,0.000000e+00,0.000000e+00,0.000000e+00,-2.981556e-19,-4.161842e-13,0.000000e+00,0.000000e+00,0.000000e+00,0.000000e+00,1.683744e+02,7.145836e+02,2.920227e-01,7.164029e-05,0.000000e+00,2.148955e+01,0.000000e+00,0.000000e+00,-6.498855e-01
3.831806e-03,1.660760e+02,7.174494e+02,-3.501880e-05,-7.763898e-05,2.932560e-01,7.164029e-05,4.978691e-06,0.000000e+00,-6.621114e+00,0.000000e+00,0.000000e+00,0.000000e+00,0.000000e+00,0.000000e+00,0.000000e+00,0.000000e+00,-2.981556e-19,-4.161842e-13,0.000000e+00,0.000000e+00,0.000000e+00,0.000000e+00,1.660760e+02,7.168875e+02,2.930116e-01,7.164029e-05,0.000000e+00,2.152930e+01,0.000000e+00,0.000000e+00,-6.508750e-01
3.841761e-03,1.637493e+02,7.197727e+02,-3.490919e-05,-7.896699e-05,2.942499e-01,7.164029e-05,4.973952e-06,0.000000e+00,-6.621114e+00,0.000000e+00,0.000000e+00,0.000000e+00,0.000000e+00,0.000000e+00,0.000000e+00,0.000000e+00,-2.981556e-19,-4.161842e-13,0.000000e+00,0.000000e+00,0.000000e+00,0.000000e+00,1.637493e+02,7.192031e+02,2.940032e-01,7.164029e-05,0.000000e+00,2.157012e+01,0.000000e+00,0.000000e+00,-6.518669e-01
3.851706e-03,1.614417e+02,7.220800e+02,-3.479651e-05,-8.027298e-05,2.952289e-01,7.164029e-05,4.968931e-06,0.000000e+00,-6.621114e+00,0.000000e+00,0.000000e+00,0.000000e+00,0.000000e+00,0.000000e+00,0.000000e+00,0.000000e+00,-2.981556e-19,-4.161842e-13,0.000000e+00,0.000000e+00,0.000000e+00,0.000000e+00,1.614417e+02,7.215130e+02,2.949860e-01,7.164029e-05,0.000000e+00,2.161104e+01,0.000000e+00,0.000000e+00,-6.528437e-01
3.861642e-03,1.591453e+02,7.243815e+02,-3.478396e-05,-8.137794e-05,2.961916e-01,7.164029e-05,4.963809e-06,0.000000e+00,-6.621114e+00,0.000000e+00,0.000000e+00,0.000000e+00,0.000000e+00,0.000000e+00,0.000000e+00,0.000000e+00,-2.981556e-19,-4.161842e-13,0.000000e+00,0.000000e+00,0.000000e+00,0.000000e+00,1.591453e+02,7.238151e+02,2.959532e-01,7.164029e-05,0.000000e+00,2.165205e+01,0.000000e+00,0.000000e+00,-6.538038e-01
3.871567e-03,1.568544e+02,7.266844e+02,-3.485804e-05,-8.225925e-05,2.971377e-01,7.164029e-05,4.958831e-06,0.000000e+00,-6.621118e+00,0.000000e+00,0.000000e+00,0.000000e+00,0.000000e+00,0.000000e+00,0.000000e+00,0.000000e+00,-2.981556e-19,-4.161842e-13,0.000000e+00,0.000000e+00,0.000000e+00,0.000000e+00,1.568544e+02,7.261170e+02,2.969031e-01,7.164029e-05,0.000000e+00,2.169315e+01,0.000000e+00,0.000000e+00,-6.547480e-01
3.881474e-03,1.545677e+02,7.289899e+02,-3.516716e-05,-8.265737e-05,2.980689e-01,7.164029e-05,4.945407e-06,0.000000e+00,-6.621118e+00,0.000000e+00,0.000000e+00,0.000000e+00,0.000000e+00,0.000000e+00,0.000000e+00,0.000000e+00,-2.981556e-19,-4.161842e-13,0.000000e+00,0.000000e+00,0.000000e+00,0.000000e+00,1.545677e+02,7.284225e+02,2.978379e-01,7.164029e-05,0.000000e+00,2.173430e+01,0.000000e+00,0.000000e+00,-6.556771e-01
3.891270e-03,1.523045e+02,7.312721e+02,-3.553521e-05,-8.303412e-05,2.989791e-01,7.164029e-05,4.851718e-06,0.000000e+00,-6.621118e+00,0.000000e+00,0.000000e+00,0.000000e+00,0.000000e+00,0.000000e+00,0.000000e+00,0.000000e+00,-2.981556e-19,-4.161842e-13,0.000000e+00,0.000000e+00,0.000000e+00,0.000000e+00,1.523045e+02,7.307157e+02,2.987549e-01,7.164029e-05,0.000000e+00,2.177513e+01,0.000000e+00,0.000000e+00,-6.565819e-01
3.900975e-03,1.500580e+02,7.335313e+02,-3.579295e-05,-8.327693e-05,2.998725e-01,7.164029e-05,4.855345e-06,0.000000e+00,-6.621118e+00,0.000000e+00,0.000000e+00,0.000000e+00,0.000000e+00,0.000000e+00,0.000000e+00,0.000000e+00,-2.981556e-19,-4.161842e-13,0.000000e+00,0.000000e+00,0.000000e+00,0.000000e+00,1.500580e+02,7.329752e+02,2.996500e-01,7.164029e-05,0.000000e+00,2.181569e+01,0.000000e+00,0.000000e+00,-6.574747e-01
3.910687e-03,1.478013e+02,7.357916e+02,-3.584122e-05,-8.363368e-05,3.007591e-01,7.164029e-05,4.859497e-06,0.000000e+00,-6.621118e+00,0.000000e+00,0.000000e+00,0.000000e+00,0.000000e+00,0.000000e+00,0.000000e+00,0.000000e+00,-2.981556e-19,-4.161842e-13,0.000000e+00,0.000000e+00,0.000000e+00,0.000000e+00,1.478013e+02,7.352347e+02,3.005384e-01,7.164029e-05,0.000000e+00,2.185640e+01,0.000000e+00,0.000000e+00,-6.583608e-01
3.920408e-03,1.455284e+02,7.380614e+02,-3.593505e-05,-8.436380e-05,3.016394e-01,7.164029e-05,4.941262e-06,0.000000e+00,-6.621118e+00,0.000000e+00,0.000000e+00,0.000000e+00,0.000000e+00,0.000000e+00,0.000000e+00,0.000000e+00,-2.981556e-19,-4.161842e-13,0.000000e+00,0.000000e+00,0.000000e+00,0.000000e+00,1.455284e+02,7.375008e+02,3.014201e-01,7.164029e-05,0.000000e+00,2.189727e+01,0.000000e+00,0.000000e+00,-6.592440e-01
3.930301e-03,1.431940e+02,7.403903e+02,-3.585307e-05,-8.523113e-05,3.025272e-01,7.164029e-05,4.354880e-06,0.000000e+00,-6.621118e+00,0.000000e+00,0.000000e+00,0.000000e+00,0.000000e+00,0.000000e+00,0.000000e+00,0.000000e+00,-2.981556e-19,-4.161842e-13,0.000000e+00,0.000000e+00,0.000000e+00,0.000000e+00,1.431940e+02,7.398134e+02,3.023062e-01,7.164029e-05,0.000000e+00,2.193899e+01,0.000000e+00,0.000000e+00,-6.601045e-01
3.943369e-03,1.400665e+02,7.435140e+02,-3.529747e-05,-8.651325e-05,3.036836e-01,7.164029e-05,4.580206e-06,0.000000e+00,-6.621119e+00,0.000000e+00,0.000000e+00,0.000000e+00,0.000000e+00,0.000000e+00,0.000000e+00,0.000000e+00,-2.981556e-19,-4.161842e-13,0.000000e+00,0.000000e+00,0.000000e+00,0.000000e+00,1.400665e+02,7.429950e+02,3.034926e-01,7.164029e-05,0.000000e+00,2.199428e+01,0.000000e+00,0.000000e+00,-6.612700e-01
3.952912e-03,1.377462e+02,7.458384e+02,-3.503991e-05,-8.731769e-05,3.045136e-01,7.164029e-05,4.965318e-06,0.000000e+00,-6.621119e+00,0.000000e+00,0.000000e+00,0.000000e+00,0.000000e+00,0.000000e+00,0.000000e+00,0.000000e+00,-2.981556e-19,-4.161842e-13,0.000000e+00,0.000000e+00,0.000000e+00,0.000000e+00,1.377462e+02,7.452386e+02,3.042999e-01,7.164029e-05,0.000000e+00,2.203479e+01,0.000000e+00,0.000000e+00,-6.621149e-01
3.962846e-03,1.352956e+02,7.482978e+02,-3.470293e-05,-8.769835e-05,3.053633e-01,7.164029e-05,4.971344e-06,0.000000e+00,-6.621161e+00,0.000000e+00,0.000000e+00,0.000000e+00,0.000000e+00,0.000000e+00,0.000000e+00,0.000000e+00,-2.981556e-19,-4.161842e-13,0.000000e+00,0.000000e+00,0.000000e+00,0.000000e+00,1.352956e+02,7.476873e+02,3.051530e-01,7.164029e-05,0.000000e+00,2.207707e+01,0.000000e+00,0.000000e+00,-6.629628e-01
3.972791e-03,1.328063e+02,7.507979e+02,-3.452759e-05,-8.782635e-05,3.061964e-01,7.164029e-05,4.977196e-06,0.000000e+00,-6.621161e+00,0.000000e+00,0.000000e+00,0.000000e+00,0.000000e+00,0.000000e+00,0.000000e+00,0.000000e+00,-2.981556e-19,-4.161842e-13,0.000000e+00,0.000000e+00,0.000000e+00,0.000000e+00,1.328063e+02,7.501780e+02,3.059904e-01,7.164029e-05,0.000000e+00,2.211952e+01,0.000000e+00,0.000000e+00,-6.637934e-01
3.982748e-03,1.302818e+02,7.533315e+02,-3.475772e-05,-8.793412e-05,3.070130e-01,7.164029e-05,4.982582e-06,0.000000e+00,-6.621161e+00,0.000000e+00,0.000000e+00,0.000000e+00,0.000000e+00,0.000000e+00,0.000000e+00,0.000000e+00,-2.981556e-19,-4.161842e-13,0.000000e+00,0.000000e+00,0.000000e+00,0.000000e+00,1.302818e+02,7.527037e+02,3.068107e-01,7.164029e-05,0.000000e+00,2.216213e+01,0.000000e+00,0.000000e+00,-6.646084e-01
3.992490e-03,1.277861e+02,7.558339e+02,-3.449411e-05,-8.792854e-05,3.077971e-01,7.164029e-05,4.758502e-06,0.000000e+00,-6.621335e+00,0.000000e+00,0.000000e+00,0.000000e+00,0.000000e+00,0.000000e+00,0.000000e+00,0.000000e+00,-2.981556e-19,-4.161842e-13,0.000000e+00,0.000000e+00,0.000000e+00,0.000000e+00,1.277861e+02,7.552288e+02,3.076062e-01,7.164029e-05,0.000000e+00,2.220394e+01,0.000000e+00,0.000000e+00,-6.653811e-01
4.002006e-03,1.253290e+02,7.582948e+02,-3.408119e-05,-8.751920e-05,3.085487e-01,7.164029e-05,4.756901e-06,0.000000e+00,-6.621335e+00,0.000000e+00,0.000000e+00,0.000000e+00,0.000000e+00,0.000000e+00,0.000000e+00,0.000000e+00,-2.981556e-19,-4.161842e-13,0.000000e+00,0.000000e+00,0.000000e+00,0.000000e+00,1.253290e+02,7.576862e+02,3.083625e-01,7.164029e-05,0.000000e+00,2.224487e+01,0.000000e+00,0.000000e+00,-6.661310e-01
4.011520e-03,1.228557e+02,7.607701e+02,-3.385158e-05,-8.683406e-05,3.092874e-01,7.164029e-05,4.755993e-06,0.000000e+00,-6.621349e+00,0.000000e+00,0.000000e+00,0.000000e+00,0.000000e+00,0.000000e+00,0.000000e+00,0.000000e+00,-2.981556e-19,-4.161842e-13,0.000000e+00,0.000000e+00,0.000000e+00,0.000000e+00,1.228557e+02,7.601578e+02,3.091037e-01,7.164029e-05,0.000000e+00,2.228589e+01,0.000000e+00,0.000000e+00,-6.668684e-01
4.021031e-03,1.203684e+02,7.632594e+02,-3.382761e-05,-8.625753e-05,3.100138e-01,7.164029e-05,4.755188e-06,0.000000e+00,-6.621349e+00,0.000000e+00,0.000000e+00,0.000000e+00,0.000000e+00,0.000000e+00,0.000000e+00,0.000000e+00,-2.981556e-19,-4.161842e-13,0.000000e+00,0.000000e+00,0.000000e+00,0.000000e+00,1.203684e+02,7.626439e+02,3.098338e-01,7.164029e-05,0.000000e+00,2.232701e+01,0.000000e+00,0.000000e+00,-6.675938e-01
4.030541e-03,1.178701e+02,7.657595e+02,-3.415585e-05,-8.615605e-05,3.107291e-01,7.164029e-05,4.753979e-06,0.000000e+00,-6.621349e+00,0.000000e+00,0.000000e+00,0.000000e+00,0.000000e+00,0.000000e+00,0.000000e+00,0.000000e+00,-2.981556e-19,-4.161842e-13,0.000000e+00,0.000000e+00,0.000000e+00,0.000000e+00,1.178701e+02,7.651417e+02,3.105515e-01,7.164029e-05,0.000000e+00,2.236821e+01,0.000000e+00,0.000000e+00,-6.683088e-01
4.040048e-03,1.153657e+02,7.682648e+02,-3.449040e-05,-8.613714e-05,3.114343e-01,7.164029e-05,4.751923e-06,0.000000e+00,-6.621349e+00,0.000000e+00,0.000000e+00,0.000000e+00,0.000000e+00,0.000000e+00,0.000000e+00,0.000000e+00,-2.981556e-19,-4.161842e-13,0.000000e+00,0.000000e+00,0.000000e+00,0.000000e+00,1.153657e+02,7.676462e+02,3.112592e-01,7.164029e-05,0.000000e+00,2.240949e+01,0.000000e+00,0.000000e+00,-6.690144e-01
4.054301e-03,1.116075e+02,7.720226e+02,-3.473326e-05,-8.575209e-05,3.124748e-01,7.164029e-05,4.749897e-06,0.000000e+00,-6.621349e+00,0.000000e+00,0.000000e+00,0.000000e+00,0.000000e+00,0.000000e+00,0.000000e+00,0.000000e+00,-2.981556e-19,-4.161842e-13,0.000000e+00,0.000000e+00,0.000000e+00,0.000000e+00,1.116075e+02,7.714047e+02,3.123029e-01,7.164029e-05,0.000000e+00,2.247156e+01,0.000000e+00,0.000000e+00,-6.700572e-01
4.063801e-03,1.091045e+02,7.745239e+02,-3.492555e-05,-8.560089e-05,3.131588e-01,7.164029e-05,5.041214e-06,0.000000e+00,-6.621349e+00,0.000000e+00,0.000000e+00,0.000000e+00,0.000000e+00,0.000000e+00,0.000000e+00,0.000000e+00,-2.981556e-19,-4.161842e-13,0.000000e+00,0.000000e+00,0.000000e+00,0.000000e+00,1.091045e+02,7.739070e+02,3.129887e-01,7.164029e-05,0.000000e+00,2.251303e+01,0.000000e+00,0.000000e+00,-6.707540e-01
4.073890e-03,1.064518e+02,7.771744e+02,-3.544357e-05,-8.560944e-05,3.138773e-01,7.164029e-05,5.055599e-06,0.000000e+00,-6.621349e+00,0.000000e+00,0.000000e+00,0.000000e+00,0.000000e+00,0.000000e+00,0.000000e+00,0.000000e+00,-2.981556e-19,-4.161842e-13,0.000000e+00,0.000000e+00,0.000000e+00,0.000000e+00,1.064518e+02,7.765213e+02,3.136989e-01,7.164029e-05,0.000000e+00,2.255719e+01,0.000000e+00,0.000000e+00,-6.714746e-01
4.083960e-03,1.038155e+02,7.798084e+02,-3.598659e-05,-8.568338e-05,3.145862e-01,7.164029e-05,5.014119e-06,0.000000e+00,-6.621474e+00,0.000000e+00,0.000000e+00,0.000000e+00,0.000000e+00,0.000000e+00,0.000000e+00,0.000000e+00,-2.981556e-19,-4.161842e-13,0.000000e+00,0.000000e+00,0.000000e+00,0.000000e+00,1.038155e+02,7.791631e+02,3.144111e-01,7.164029e-05,0.000000e+00,2.260136e+01,0.000000e+00,0.000000e+00,-6.721833e-01
4.094024e-03,1.011999e+02,7.824237e+02,-3.660465e-05,-8.603661e-05,3.152831e-01,7.164029e-05,5.044405e-06,0.000000e+00,-6.621475e+00,0.000000e+00,0.000000e+00,0.000000e+00,0.000000e+00,0.000000e+00,0.000000e+00,0.000000e+00,-2.981556e-19,-4.161842e-13,0.000000e+00,0.000000e+00,0.000000e+00,0.000000e+00,1.011999e+02,7.817788e+02,3.151097e-01,7.164029e-05,0.000000e+00,2.264560e+01,0.000000e+00,0.000000e+00,-6.728809e-01
4.104109e-03,9.860569e+01,7.850204e+02,-3.735240e-05,-8.632713e-05,3.159677e-01,7.164029e-05,5.037574e-06,0.000000e+00,-6.621475e+00,0.000000e+00,0.000000e+00,0.000000e+00,0.000000e+00,0.000000e+00,0.000000e+00,0.000000e+00,-2.981556e-19,-4.161842e-13,0.000000e+00,0.000000e+00,0.000000e+00,0.000000e+00,9.860569e+01,7.843836e+02,3.157988e-01,7.164029e-05,0.000000e+00,2.269003e+01,0.000000e+00,0.000000e+00,-6.735634e-01
4.114182e-03,9.604890e+01,7.875811e+02,-3.808215e-05,-8.657851e-05,3.166360e-01,7.164029e-05,5.035790e-06,0.000000e+00,-6.621528e+00,0.000000e+00,0.000000e+00,0.000000e+00,0.000000e+00,0.000000e+00,0.000000e+00,0.000000e+00,-2.981556e-19,-4.161842e-13,0.000000e+00,0.000000e+00,0.000000e+00,0.000000e+00,9.604890e+01,7.869543e+02,3.164713e-01,7.164029e-05,0.000000e+00,2.273451e+01,0.000000e+00,0.000000e+00,-6.742297e-01
4.124254e-03,9.353464e+01,7.900991e+02,-3.859415e-05,-8.670121e-05,3.172855e-01,7.164029e-05,5.037195e-06,0.000000e+00,-6.621528e+00,0.000000e+00,0.000000e+00,0.000000e+00,0.000000e+00,0.000000e+00,0.000000e+00,0.000000e+00,-2.981556e-19,-4.161842e-13,0.000000e+00,0.000000e+00,0.000000e+00,0.000000e+00,9.353464e+01,7.894833e+02,3.171254e-01,7.164029e-05,0.000000e+00,2.277907e+01,0.000000e+00,0.000000e+00,-6.748769e-01
4.134330e-03,9.106816e+01,7.925684e+02,-3.926322e-05,-8.665439e-05,3.179167e-01,7.164029e-05,4.997481e-06,0.000000e+00,-6.621528e+00,0.000000e+00,0.000000e+00,0.000000e+00,0.000000e+00,0.000000e+00,0.000000e+00,0.000000e+00,-2.981556e-19,-4.161842e-13,0.000000e+00,0.000000e+00,0.000000e+00,0.000000e+00,9.106816e+01,7.919662e+02,3.177613e-01,7.164029e-05,0.000000e+00,2.282374e+01,0.000000e+00,0.000000e+00,-6.755044e-01
4.144223e-03,8.869927e+01,7.949359e+02,-3.981845e-05,-8.636357e-05,3.185176e-01,7.164029e-05,4.899139e-06,0.000000e+00,-6.621542e+00,0.000000e+00,0.000000e+00,0.000000e+00,0.000000e+00,0.000000e+00,0.000000e+00,0.000000e+00,-2.981556e-19,-4.161842e-13,0.000000e+00,0.000000e+00,0.000000e+00,0.000000e+00,8.869927e+01,7.943649e+02,3.183707e-01,7.164029e-05,0.000000e+00,2.286768e+01,0.000000e+00,0.000000e+00,-6.761011e-01
4.154025e-03,8.640931e+01,7.972203e+02,-4.056359e-05,-8.598636e-05,3.190960e-01,7.164029e-05,4.906336e-06,0.000000e+00,-6.621542e+00,0.000000e+00,0.000000e+00,0.000000e+00,0.000000e+00,0.000000e+00,0.000000e+00,0.000000e+00,-2.981556e-19,-4.161842e-13,0.000000e+00,0.000000e+00,0.000000e+00,0.000000e+00,8.640931e+01,7.966646e+02,3.189532e-01,7.164029e-05,0.000000e+00,2.291130e+01,0.000000e+00,0.000000e+00,-6.766801e-01
4.163973e-03,8.414832e+01,7.994705e+02,-4.120402e-05,-8.538638e-05,3.196684e-01,7.164029e-05,5.013108e-06,0.000000e+00,-6.621542e+00,0.000000e+00,0.000000e+00,0.000000e+00,0.000000e+00,0.000000e+00,0.000000e+00,0.000000e+00,-2.981556e-19,-4.161842e-13,0.000000e+00,0.000000e+00,0.000000e+00,0.000000e+00,8.414832e+01,7.989169e+02,3.195248e-01,7.164029e-05,0.000000e+00,2.295565e+01,0.000000e+00,0.000000e+00,-6.772580e-01
4.174000e-03,8.193970e+01,8.016657e+02,-4.156330e-05,-8.484203e-05,3.202347e-01,7.164029e-05,5.012907e-06,0.000000e+00,-6.621542e+00,0.000000e+00,0.000000e+00,0.000000e+00,0.000000e+00,0.000000e+00,0.000000e+00,0.000000e+00,-2.981556e-19,-4.161842e-13,0.000000e+00,0.000000e+00,0.000000e+00,0.000000e+00,8.193970e+01,8.011336e+02,3.200942e-01,7.164029e-05,0.000000e+00,2.300043e+01,0.000000e+00,0.000000e+00,-6.778272e-01
4.184025e-03,7.980527e+01,8.037862e+02,-4.151180e-05,-8.437369e-05,3.207918e-01,7.164029e-05,5.012669e-06,0.000000e+00,-6.621710e+00,0.000000e+00,0.000000e+00,0.000000e+00,0.000000e+00,0.000000e+00,0.000000e+00,0.000000e+00,-2.981556e-19,-4.161842e-13,0.000000e+00,0.000000e+00,0.000000e+00,0.000000e+00,7.980527e+01,8.032737e+02,3.206527e-01,7.164029e-05,0.000000e+00,2.304529e+01,0.000000e+00,0.000000e+00,-6.783871e-01
4.194078e-03,7.774351e+01,8.058339e+02,-4.143455e-05,-8.378483e-05,3.213407e-01,7.164029e-05,5.042442e-06,0.000000e+00,-6.621714e+00,0.000000e+00,0.000000e+00,0.000000e+00,0.000000e+00,0.000000e+00,0.000000e+00,0.000000e+00,-2.981556e-19,-4.161842e-13,0.000000e+00,0.000000e+00,0.000000e+00,0.000000e+00,7.774351e+01,8.053379e+02,3.212044e-01,7.164029e-05,0.000000e+00,2.309034e+01,0.000000e+00,0.000000e+00,-6.789401e-01
4.204166e-03,7.575671e+01,8.078094e+02,-4.150660e-05,-8.323721e-05,3.218800e-01,7.164029e-05,5.043530e-06,0.000000e+00,-6.621714e+00,0.000000e+00,0.000000e+00,0.000000e+00,0.000000e+00,0.000000e+00,0.000000e+00,0.000000e+00,-2.981556e-19,-4.161842e-13,0.000000e+00,0.000000e+00,0.000000e+00,0.000000e+00,7.575671e+01,8.073329e+02,3.217466e-01,7.164029e-05,0.000000e+00,2.313563e+01,0.000000e+00,0.000000e+00,-6.794822e-01
4.214252e-03,7.385656e+01,8.097049e+02,-4.153106e-05,-8.314275e-05,3.224069e-01,7.164029e-05,5.042196e-06,0.000000e+00,-6.621714e+00,0.000000e+00,0.000000e+00,0.000000e+00,0.000000e+00,0.000000e+00,0.000000e+00,0.000000e+00,-2.981556e-19,-4.161842e-13,0.000000e+00,0.000000e+00,0.000000e+00,0.000000e+00,7.385656e+01,8.092490e+02,3.222769e-01,7.164029e-05,0.000000e+00,2.318098e+01,0.000000e+00,0.000000e+00,-6.800098e-01
4.224337e-03,7.204724e+01,8.115147e+02,-4.139295e-05,-8.314683e-05,3.229188e-01,7.164029e-05,5.042855e-06,0.000000e+00,-6.621714e+00,0.000000e+00,0.000000e+00,0.000000e+00,0.000000e+00,0.000000e+00,0.000000e+00,0.000000e+00,-2.981556e-19,-4.161842e-13,0.000000e+00,0.000000e+00,0.000000e+00,0.000000e+00,7.204724e+01,8.110803e+02,3.227927e-01,7.164029e-05,0.000000e+00,2.322640e+01,0.000000e+00,0.000000e+00,-6.805208e-01
4.234423e-03,7.033092e+01,8.132355e+02,-4.088910e-05,-8.288695e-05,3.234147e-01,7.164029e-05,5.044023e-06,0.000000e+00,-6.621714e+00,0.000000e+00,0.000000e+00,0.000000e+00,0.000000e+00,0.000000e+00,0.000000e+00,0.000000e+00,-2.981556e-19,-4.161842e-13,0.000000e+00,0.000000e+00,0.000000e+00,0.000000e+00,7.033092e+01,8.128246e+02,3.232931e-01,7.164029e-05,0.000000e+00,2.327190e+01,0.000000e+00,0.000000e+00,-6.810144e-01
4.244511e-03,6.870823e+01,8.148617e+02,-3.994367e-05,-8.265753e-05,3.238935e-01,7.164029e-05,5.043707e-06,0.000000e+00,-6.621716e+00,0.000000e+00,0.000000e+00,0.000000e+00,0.000000e+00,0.000000e+00,0.000000e+00,0.000000e+00,-2.981556e-19,-4.161842e-13,0.000000e+00,0.000000e+00,0.000000e+00,0.000000e+00,6.870823e+01,8.144745e+02,3.237759e-01,7.164029e-05,0.000000e+00,2.331747e+01,0.000000e+00,0.000000e+00,-6.814914e-01
4.254599e-03,6.718011e+01,8.163923e+02,-3.907971e-05,-8.238508e-05,3.243560e-01,7.164029e-05,5.046133e-06,0.000000e+00,-6.621716e+00,0.000000e+00,0.000000e+00,0.000000e+00,0.000000e+00,0.000000e+00,0.000000e+00,0.000000e+00,-2.981556e-19,-4.161842e-13,0.000000e+00,0.000000e+00,0.000000e+00,0.000000e+00,6.718011e+01,8.160289e+02,3.242423e-01,7.164029e-05,0.000000e+00,2.336312e+01,0.000000e+00,0.000000e+00,-6.819532e-01
4.264510e-03,6.577256e+01,8.178004e+02,-3.877965e-05,-8.198619e-05,3.247971e-01,7.164029e-05,4.866896e-06,0.000000e+00,-6.621716e+00,0.000000e+00,0.000000e+00,0.000000e+00,0.000000e+00,0.000000e+00,0.000000e+00,0.000000e+00,-2.981556e-19,-4.161842e-13,0.000000e+00,0.000000e+00,0.000000e+00,0.000000e+00,6.577256e+01,8.174735e+02,3.246902e-01,7.164029e-05,0.000000e+00,2.340802e+01,0.000000e+00,0.000000e+00,-6.823913e-01
4.274245e-03,6.448309e+01,8.190873e+02,-3.860993e-05,-8.166880e-05,3.252220e-01,7.164029e-05,4.868474e-06,0.000000e+00,-6.621716e+00,0.000000e+00,0.000000e+00,0.000000e+00,0.000000e+00,0.000000e+00,0.000000e+00,0.000000e+00,-2.981556e-19,-4.161842e-13,0.000000e+00,0.000000e+00,0.000000e+00,0.000000e+00,6.448309e+01,8.187844e+02,3.251165e-01,7.164029e-05,0.000000e+00,2.345218e+01,0.000000e+00,0.000000e+00,-6.828181e-01
4.283981e-03,6.328779e+01,8.202755e+02,-3.856100e-05,-8.148664e-05,3.256414e-01,7.164029e-05,4.866625e-06,0.000000e+00,-6.621716e+00,0.000000e+00,0.000000e+00,0.000000e+00,0.000000e+00,0.000000e+00,0.000000e+00,0.000000e+00,-2.981556e-19,-4.161842e-13,0.000000e+00,0.000000e+00,0.000000e+00,0.000000e+00,6.328779e+01,8.199975e+02,3.255371e-01,7.164029e-05,0.000000e+00,2.349641e+01,0.000000e+00,0.000000e+00,-6.832396e-01
4.293713e-03,6.218756e+01,8.213643e+02,-3.875180e-05,-8.137112e-05,3.260559e-01,7.164029e-05,4.861816e-06,0.000000e+00,-6.621716e+00,0.000000e+00,0.000000e+00,0.000000e+00,0.000000e+00,0.000000e+00,0.000000e+00,0.000000e+00,-2.981556e-19,-4.161842e-13,0.000000e+00,0.000000e+00,0.000000e+00,0.000000e+00,6.218756e+01,8.211112e+02,3.259530e-01,7.164029e-05,0.000000e+00,2.354067e+01,0.000000e+00,0.000000e+00,-6.836560e-01
4.303433e-03,6.118125e+01,8.223555e+02,-3.920279e-05,-8.123592e-05,3.264641e-01,7.164029e-05,4.855656e-06,0.000000e+00,-6.621716e+00,0.000000e+00,0.000000e+00,0.000000e+00,0.000000e+00,0.000000e+00,0.000000e+00,0.000000e+00,-2.981556e-19,-4.161842e-13,0.000000e+00,0.000000e+00,0.000000e+00,0.000000e+00,6.118125e+01,8.221259e+02,3.263629e-01,7.164029e-05,0.000000e+00,2.358494e+01,0.000000e+00,0.000000e+00,-6.840658e-01
4.313141e-03,6.026632e+01,8.232556e+02,-3.973438e-05,-8.106776e-05,3.268641e-01,7.164029e-05,4.848178e-06,0.000000e+00,-6.621716e+00,0.000000e+00,0.000000e+00,0.000000e+00,0.000000e+00,0.000000e+00,0.000000e+00,0.000000e+00,-2.981556e-19,-4.161842e-13,0.000000e+00,0.000000e+00,0.000000e+00,0.000000e+00,6.026632e+01,8.230482e+02,3.267654e-01,7.164029e-05,0.000000e+00,2.362921e+01,0.000000e+00,0.000000e+00,-6.844661e-01
4.322833e-03,5.943970e+01,8.240695e+02,-4.000796e-05,-8.081611e-05,3.272542e-01,7.164029e-05,4.839696e-06,0.000000e+00,-6.621740e+00,0.000000e+00,0.000000e+00,0.000000e+00,0.000000e+00,0.000000e+00,0.000000e+00,0.000000e+00,-2.981556e-19,-4.161842e-13,0.000000e+00,0.000000e+00,0.000000e+00,0.000000e+00,5.943970e+01,8.238832e+02,3.271581e-01,7.164029e-05,0.000000e+00,2.367346e+01,0.000000e+00,0.000000e+00,-6.848563e-01
4.332508e-03,5.869891e+01,8.248004e+02,-4.012930e-05,-8.045949e-05,3.276326e-01,7.164029e-05,4.830399e-06,0.000000e+00,-6.621740e+00,0.000000e+00,0.000000e+00,0.000000e+00,0.000000e+00,0.000000e+00,0.000000e+00,0.000000e+00,-2.981556e-19,-4.161842e-13,0.000000e+00,0.000000e+00,0.000000e+00,0.000000e+00,5.869891e+01,8.246343e+02,3.275393e-01,7.164029e-05,0.000000e+00,2.371768e+01,0.000000e+00,0.000000e+00,-6.852346e-01
4.342274e-03,5.803438e+01,8.254586e+02,-4.002952e-05,-8.009782e-05,3.280042e-01,7.164029e-05,4.925384e-06,0.000000e+00,-6.621740e+00,0.000000e+00,0.000000e+00,0.000000e+00,0.000000e+00,0.000000e+00,0.000000e+00,0.000000e+00,-2.981556e-19,-4.161842e-13,0.000000e+00,0.000000e+00,0.000000e+00,0.000000e+00,5.803438e+01,8.253095e+02,3.279116e-01,7.164029e-05,0.000000e+00,2.376237e+01,0.000000e+00,0.000000e+00,-6.856079e-01
4.352115e-03,5.744671e+01,8.260421e+02,-3.998893e-05,-7.983936e-05,3.283678e-01,7.164029e-05,4.906211e-06,0.000000e+00,-6.621740e+00,0.000000e+00,0.000000e+00,0.000000e+00,0.000000e+00,0.000000e+00,0.000000e+00,0.000000e+00,-2.981556e-19,-4.161842e-13,0.000000e+00,0.000000e+00,0.000000e+00,0.000000e+00,5.744671e+01,8.259131e+02,3.282783e-01,7.164029e-05,0.000000e+00,2.380745e+01,0.000000e+00,0.000000e+00,-6.859710e-01
4.361919e-03,5.694035e+01,8.265443e+02,-4.002172e-05,-7.930877e-05,3.287194e-01,7.164029e-05,4.890094e-06,0.000000e+00,-6.621741e+00,0.000000e+00,0.000000e+00,0.000000e+00,0.000000e+00,0.000000e+00,0.000000e+00,0.000000e+00,-2.981556e-19,-4.161842e-13,0.000000e+00,0.000000e+00,0.000000e+00,0.000000e+00,5.694035e+01,8.264357e+02,3.286328e-01,7.164029e-05,0.000000e+00,2.385241e+01,0.000000e+00,0.000000e+00,-6.863222e-01
4.371692e-03,5.651149e+01,8.269673e+02,-3.995857e-05,-7.875043e-05,3.290600e-01,7.164029e-05,4.877192e-06,0.000000e+00,-6.622032e+00,0.000000e+00,0.000000e+00,0.000000e+00,0.000000e+00,0.000000e+00,0.000000e+00,0.000000e+00,-2.981556e-19,-4.161842e-13,0.000000e+00,0.000000e+00,0.000000e+00,0.000000e+00,5.651149e+01,8.268781e+02,3.289743e-01,7.164029e-05,0.000000e+00,2.389728e+01,0.000000e+00,0.000000e+00,-6.866624e-01
4.381442e-03,5.615697e+01,8.273159e+02,-3.976660e-05,-7.860588e-05,3.293899e-01,7.164029e-05,4.656696e-06,0.000000e+00,-6.622032e+00,0.000000e+00,0.000000e+00,0.000000e+00,0.000000e+00,0.000000e+00,0.000000e+00,0.000000e+00,-2.981556e-19,-4.161842e-13,0.000000e+00,0.000000e+00,0.000000e+00,0.000000e+00,5.615697e+01,8.272446e+02,3.293093e-01,7.164029e-05,0.000000e+00,2.394208e+01,0.000000e+00,0.000000e+00,-6.869875e-01
4.390750e-03,5.588213e+01,8.275831e+02,-3.979226e-05,-7.857033e-05,3.296987e-01,7.164029e-05,4.647246e-06,0.000000e+00,-6.622849e+00,0.000000e+00,0.000000e+00,0.000000e+00,0.000000e+00,0.000000e+00,0.000000e+00,0.000000e+00,-2.981556e-19,-4.161842e-13,0.000000e+00,0.000000e+00,0.000000e+00,0.000000e+00,5.588213e+01,8.275301e+02,3.296226e-01,7.164029e-05,0.000000e+00,2.398490e+01,0.000000e+00,0.000000e+00,-6.872972e-01
4.400040e-03,5.566551e+01,8.277923e+02,-3.986068e-05,-7.862305e-05,3.299985e-01,7.164029e-05,4.639897e-06,0.000000e+00,-6.624952e+00,0.000000e+00,0.000000e+00,0.000000e+00,0.000000e+00,0.000000e+00,0.000000e+00,0.000000e+00,-2.981556e-19,-4.161842e-13,0.000000e+00,0.000000e+00,0.000000e+00,0.000000e+00,5.566551e+01,8.277543e+02,3.299198e-01,7.164029e-05,0.000000e+00,2.402767e+01,0.000000e+00,0.000000e+00,-6.875970e-01
4.413953e-03,5.544381e+01,8.280095e+02,-4.008647e-05,-7.859088e-05,3.304327e-01,7.164029e-05,4.634007e-06,0.000000e+00,-6.624952e+00,0.000000e+00,0.000000e+00,0.000000e+00,0.000000e+00,0.000000e+00,0.000000e+00,0.000000e+00,-2.981556e-19,-4.161842e-13,0.000000e+00,0.000000e+00,0.000000e+00,0.000000e+00,5.544381e+01,8.279891e+02,3.303620e-01,7.164029e-05,0.000000e+00,2.409180e+01,0.000000e+00,0.000000e+00,-6.880312e-01
4.423220e-03,5.535696e+01,8.280936e+02,-4.010123e-05,-7.883841e-05,3.307099e-01,7.164029e-05,4.633161e-06,0.000000e+00,-6.624952e+00,0.000000e+00,0.000000e+00,0.000000e+00,0.000000e+00,0.000000e+00,0.000000e+00,0.000000e+00,-2.981556e-19,-4.161842e-13,0.000000e+00,0.000000e+00,0.000000e+00,0.000000e+00,5.535696e+01,8.280848e+02,3.306419e-01,7.164029e-05,0.000000e+00,2.413457e+01,0.000000e+00,0.000000e+00,-6.883091e-01
4.432487e-03,5.531516e+01,8.281329e+02,-4.022785e-05,-7.890126e-05,3.309774e-01,7.164029e-05,4.634167e-06,0.000000e+00,-6.625297e+00,0.000000e+00,0.000000e+00,0.000000e+00,0.000000e+00,0.000000e+00,0.000000e+00,0.000000e+00,-2.981556e-19,-4.161842e-13,0.000000e+00,0.000000e+00,0.000000e+00,0.000000e+00,5.531516e+01,8.281355e+02,3.309097e-01,7.164029e-05,0.000000e+00,2.417736e+01,0.000000e+00,0.000000e+00,-6.885777e-01
4.441756e-03,5.531734e+01,8.281274e+02,-4.035011e-05,-7.903283e-05,3.312358e-01,7.164029e-05,4.636775e-06,0.000000e+00,-6.625297e+00,0.000000e+00,0.000000e+00,0.000000e+00,0.000000e+00,0.000000e+00,0.000000e+00,0.000000e+00,-2.981556e-19,-4.161842e-13,0.000000e+00,0.000000e+00,0.000000e+00,0.000000e+00,5.531734e+01,8.281407e+02,3.311725e-01,7.164029e-05,0.000000e+00,2.422020e+01,0.000000e+00,0.000000e+00,-6.888366e-01
4.451032e-03,5.536044e+01,8.280802e+02,-4.040514e-05,-7.920698e-05,3.314889e-01,7.164029e-05,4.642448e-06,0.000000e+00,-6.625486e+00,0.000000e+00,0.000000e+00,0.000000e+00,0.000000e+00,0.000000e+00,0.000000e+00,0.000000e+00,-2.981556e-19,-4.161842e-13,0.000000e+00,0.000000e+00,0.000000e+00,0.000000e+00,5.536044e+01,8.281033e+02,3.314264e-01,7.164029e-05,0.000000e+00,2.426311e+01,0.000000e+00,0.000000e+00,-6.890912e-01
4.460321e-03,5.544123e+01,8.279946e+02,-4.071417e-05,-7.916551e-05,3.317362e-01,7.164029e-05,4.652026e-06,0.000000e+00,-6.625551e+00,0.000000e+00,0.000000e+00,0.000000e+00,0.000000e+00,0.000000e+00,0.000000e+00,0.000000e+00,-2.981556e-19,-4.161842e-13,0.000000e+00,0.000000e+00,0.000000e+00,0.000000e+00,5.544123e+01,8.280275e+02,3.316741e-01,7.164029e-05,0.000000e+00,2.430610e+01,0.000000e+00,0.000000e+00,-6.893390e-01
4.474296e-03,5.562400e+01,8.277999e+02,-4.147660e-05,-7.915232e-05,3.320974e-01,7.164029e-05,4.671235e-06,0.000000e+00,-6.625551e+00,0.000000e+00,0.000000e+00,0.000000e+00,0.000000e+00,0.000000e+00,0.000000e+00,0.000000e+00,-2.981556e-19,-4.161842e-13,0.000000e+00,0.000000e+00,0.000000e+00,0.000000e+00,5.562400e+01,8.278449e+02,3.320384e-01,7.164029e-05,0.000000e+00,2.437085e+01,0.000000e+00,0.000000e+00,-6.897011e-01
4.483772e-03,5.578336e+01,8.276331e+02,-4.215624e-05,-7.905517e-05,3.323334e-01,7.164029e-05,4.801770e-06,0.000000e+00,-6.625551e+00,0.000000e+00,0.000000e+00,0.000000e+00,0.000000e+00,0.000000e+00,0.000000e+00,0.000000e+00,-2.981556e-19,-4.161842e-13,0.000000e+00,0.000000e+00,0.000000e+00,0.000000e+00,5.578336e+01,8.276857e+02,3.322746e-01,7.164029e-05,0.000000e+00,2.441479e+01,0.000000e+00,0.000000e+00,-6.899387e-01
4.493372e-03,5.597020e+01,8.274412e+02,-4.271011e-05,-7.903057e-05,3.325635e-01,7.164029e-05,4.795890e-06,0.000000e+00,-6.625551e+00,0.000000e+00,0.000000e+00,0.000000e+00,0.000000e+00,0.000000e+00,0.000000e+00,0.000000e+00,-2.981556e-19,-4.161842e-13,0.000000e+00,0.000000e+00,0.000000e+00,0.000000e+00,5.597020e+01,8.274993e+02,3.325073e-01,7.164029e-05,0.000000e+00,2.445934e+01,0.000000e+00,0.000000e+00,-6.901684e-01
4.502960e-03,5.617946e+01,8.272288e+02,-4.297182e-05,-7.916434e-05,3.327828e-01,7.164029e-05,4.789487e-06,0.000000e+00,-6.625551e+00,0.000000e+00,0.000000e+00,0.000000e+00,0.000000e+00,0.000000e+00,0.000000e+00,0.000000e+00,-2.981556e-19,-4.161842e-13,0.000000e+00,0.000000e+00,0.000000e+00,0.000000e+00,5.617946e+01,8.272917e+02,3.327294e-01,7.164029e-05,0.000000e+00,2.450387e+01,0.000000e+00,0.000000e+00,-6.903871e-01
4.512536e-03,5.640757e+01,8.269988e+02,-4.308546e-05,-7.936256e-05,3.329909e-01,7.164029e-05,4.783193e-06,0.000000e+00,-6.625556e+00,0.000000e+00,0.000000e+00,0.000000e+00,0.000000e+00,0.000000e+00,0.000000e+00,0.000000e+00,-2.981556e-19,-4.161842e-13,0.000000e+00,0.000000e+00,0.000000e+00,0.000000e+00,5.640757e+01,8.270656e+02,3.329400e-01,7.164029e-05,0.000000e+00,2.454836e+01,0.000000e+00,0.000000e+00,-6.905945e-01
4.522100e-03,5.665051e+01,8.267551e+02,-4.312093e-05,-7.949647e-05,3.331887e-01,7.164029e-05,4.777802e-06,0.000000e+00,-6.625556e+00,0.000000e+00,0.000000e+00,0.000000e+00,0.000000e+00,0.000000e+00,0.000000e+00,0.000000e+00,-2.981556e-19,-4.161842e-13,0.000000e+00,0.000000e+00,0.000000e+00,0.000000e+00,5.665051e+01,8.268250e+02,3.331405e-01,7.164029e-05,0.000000e+00,2.459283e+01,0.000000e+00,0.000000e+00,-6.907915e-01
4.531654e-03,5.690317e+01,8.265018e+02,-4.322121e-05,-7.976441e-05,3.333770e-01,7.164029e-05,4.774112e-06,0.000000e+00,-6.625556e+00,0.000000e+00,0.000000e+00,0.000000e+00,0.000000e+00,0.000000e+00,0.000000e+00,0.000000e+00,-2.981556e-19,-4.161842e-13,0.000000e+00,0.000000e+00,0.000000e+00,0.000000e+00,5.690317e+01,8.265734e+02,3.333310e-01,7.164029e-05,0.000000e+00,2.463727e+01,0.000000e+00,0.000000e+00,-6.909793e-01
4.541201e-03,5.716018e+01,8.262448e+02,-4.334578e-05,-8.011927e-05,3.335573e-01,7.164029e-05,4.772569e-06,0.000000e+00,-6.625556e+00,0.000000e+00,0.000000e+00,0.000000e+00,0.000000e+00,0.000000e+00,0.000000e+00,0.000000e+00,-2.981556e-19,-4.161842e-13,0.000000e+00,0.000000e+00,0.000000e+00,0.000000e+00,5.716018e+01,8.263168e+02,3.335131e-01,7.164029e-05,0.000000e+00,2.468172e+01,0.000000e+00,0.000000e+00,-6.911595e-01
4.550746e-03,5.741794e+01,8.259877e+02,-4.349582e-05,-8.043065e-05,3.337314e-01,7.164029e-05,4.773219e-06,0.000000e+00,-6.625556e+00,0.000000e+00,0.000000e+00,0.000000e+00,0.000000e+00,0.000000e+00,0.000000e+00,0.000000e+00,-2.981556e-19,-4.161842e-13,0.000000e+00,0.000000e+00,0.000000e+00,0.000000e+00,5.741794e+01,8.260596e+02,3.336885e-01,7.164029e-05,0.000000e+00,2.472617e+01,0.000000e+00,0.000000e+00,-6.913340e-01
4.560293e-03,5.767456e+01,8.257309e+02,-4.368076e-05,-8.073249e-05,3.339010e-01,7.164029e-05,4.775743e-06,0.000000e+00,-6.625556e+00,0.000000e+00,0.000000e+00,0.000000e+00,0.000000e+00,0.000000e+00,0.000000e+00,0.000000e+00,-2.981556e-19,-4.161842e-13,0.000000e+00,0.000000e+00,0.000000e+00,0.000000e+00,5.767456e+01,8.258027e+02,3.338591e-01,7.164029e-05,0.000000e+00,2.477066e+01,0.000000e+00,0.000000e+00,-6.915045e-01
4.574626e-03,5.805473e+01,8.253481e+02,-4.381964e-05,-8.110204e-05,3.341491e-01,7.164029e-05,4.781664e-06,0.000000e+00,-6.625556e+00,0.000000e+00,0.000000e+00,0.000000e+00,0.000000e+00,0.000000e+00,0.000000e+00,0.000000e+00,-2.981556e-19,-4.161842e-13,0.000000e+00,0.000000e+00,0.000000e+00,0.000000e+00,5.805473e+01,8.254188e+02,3.341083e-01,7.164029e-05,0.000000e+00,2.483748e+01,0.000000e+00,0.000000e+00,-6.917539e-01
4.584192e-03,5.830245e+01,8.250980e+02,-4.389919e-05,-8.108116e-05,3.343100e-01,7.164029e-05,4.785905e-06,0.000000e+00,-6.625556e+00,0.000000e+00,0.000000e+00,0.000000e+00,0.000000e+00,0.000000e+00,0.000000e+00,0.000000e+00,-2.981556e-19,-4.161842e-13,0.000000e+00,0.000000e+00,0.000000e+00,0.000000e+00,5.830245e+01,8.251677e+02,3.342704e-01,7.164029e-05,0.000000e+00,2.488211e+01,0.000000e+00,0.000000e+00,-6.919146e-01
4.593765e-03,5.854272e+01,8.248531e+02,-4.397854e-05,-8.099386e-05,3.344654e-01,7.164029e-05,4.789349e-06,0.000000e+00,-6.625556e+00,0.000000e+00,0.000000e+00,0.000000e+00,0.000000e+00,0.000000e+00,0.000000e+00,0.000000e+00,-2.981556e-19,-4.161842e-13,0.000000e+00,0.000000e+00,0.000000e+00,0.000000e+00,5.854272e+01,8.249212e+02,3.344274e-01,7.164029e-05,0.000000e+00,2.492680e+01,0.000000e+00,0.000000e+00,-6.920690e-01
4.603345e-03,5.877247e+01,8.246165e+02,-4.405249e-05,-8.092239e-05,3.346129e-01,7.164029e-05,4.791378e-06,0.000000e+00,-6.625556e+00,0.000000e+00,0.000000e+00,0.000000e+00,0.000000e+00,0.000000e+00,0.000000e+00,0.000000e+00,-2.981556e-19,-4.161842e-13,0.000000e+00,0.000000e+00,0.000000e+00,0.000000e+00,5.877247e+01,8.246821e+02,3.345773e-01,7.164029e-05,0.000000e+00,2.497153e+01,0.000000e+00,0.000000e+00,-6.922147e-01
4.612928e-03,5.898806e+01,8.243942e+02,-4.413081e-05,-8.088352e-05,3.347508e-01,7.164029e-05,4.791579e-06,0.000000e+00,-6.625562e+00,0.000000e+00,0.000000e+00,0.000000e+00,0.000000e+00,0.000000e+00,0.000000e+00,0.000000e+00,-2.981556e-19,-4.161842e-13,0.000000e+00,0.000000e+00,0.000000e+00,0.000000e+00,5.898806e+01,8.244554e+02,3.347172e-01,7.164029e-05,0.000000e+00,2.501630e+01,0.000000e+00,0.000000e+00,-6.923508e-01
4.622511e-03,5.918639e+01,8.241923e+02,-4.422167e-05,-8.086029e-05,3.348797e-01,7.164029e-05,4.789909e-06,0.000000e+00,-6.625562e+00,0.000000e+00,0.000000e+00,0.000000e+00,0.000000e+00,0.000000e+00,0.000000e+00,0.000000e+00,-2.981556e-19,-4.161842e-13,0.000000e+00,0.000000e+00,0.000000e+00,0.000000e+00,5.918639e+01,8.242477e+02,3.348485e-01,7.164029e-05,0.000000e+00,2.506109e+01,0.000000e+00,0.000000e+00,-6.924782e-01
4.632089e-03,5.936446e+01,8.240164e+02,-4.430711e-05,-8.091061e-05,3.350012e-01,7.164029e-05,4.786732e-06,0.000000e+00,-6.625563e+00,0.000000e+00,0.000000e+00,0.000000e+00,0.000000e+00,0.000000e+00,0.000000e+00,0.000000e+00,-2.981556e-19,-4.161842e-13,0.000000e+00,0.000000e+00,0.000000e+00,0.000000e+00,5.936446e+01,8.240649e+02,3.349717e-01,7.164029e-05,0.000000e+00,2.510587e+01,0.000000e+00,0.000000e+00,-6.925983e-01
4.641661e-03,5.951956e+01,8.238677e+02,-4.435113e-05,-8.096031e-05,3.351162e-01,7.164029e-05,4.782692e-06,0.000000e+00,-6.625563e+00,0.000000e+00,0.000000e+00,0.000000e+00,0.000000e+00,0.000000e+00,0.000000e+00,0.000000e+00,-2.981556e-19,-4.161842e-13,0.000000e+00,0.000000e+00,0.000000e+00,0.000000e+00,5.951956e+01,8.239095e+02,3.350882e-01,7.164029e-05,0.000000e+00,2.515063e+01,0.000000e+00,0.000000e+00,-6.927121e-01
4.651224e-03,5.965015e+01,8.237454e+02,-4.438514e-05,-8.100561e-05,3.352237e-01,7.164029e-05,4.778570e-06,0.000000e+00,-6.625563e+00,0.000000e+00,0.000000e+00,0.000000e+00,0.000000e+00,0.000000e+00,0.000000e+00,0.000000e+00,-2.981556e-19,-4.161842e-13,0.000000e+00,0.000000e+00,0.000000e+00,0.000000e+00,5.965015e+01,8.237807e+02,3.351990e-01,7.164029e-05,0.000000e+00,2.519538e+01,0.000000e+00,0.000000e+00,-6.928165e-01
4.660779e-03,5.975497e+01,8.236451e+02,-4.442366e-05,-8.104592e-05,3.353293e-01,7.164029e-05,4.775130e-06,0.000000e+00,-6.627028e+00,0.000000e+00,0.000000e+00,0.000000e+00,0.000000e+00,0.000000e+00,0.000000e+00,0.000000e+00,-2.981556e-19,-4.161842e-13,0.000000e+00,0.000000e+00,0.000000e+00,0.000000e+00,5.975497e+01,8.236756e+02,3.353041e-01,7.164029e-05,0.000000e+00,2.524010e+01,0.000000e+00,0.000000e+00,-6.929231e-01
4.670328e-03,5.983743e+01,8.235629e+02,-4.444440e-05,-8.106829e-05,3.354276e-01,7.164029e-05,4.772953e-06,0.000000e+00,-6.627243e+00,0.000000e+00,0.000000e+00,0.000000e+00,0.000000e+00,0.000000e+00,0.000000e+00,0.000000e+00,-2.981556e-19,-4.161842e-13,0.000000e+00,0.000000e+00,0.000000e+00,0.000000e+00,5.983743e+01,8.235895e+02,3.354023e-01,7.164029e-05,0.000000e+00,2.528480e+01,0.000000e+00,0.000000e+00,-6.930206e-01
4.684646e-03,5.991857e+01,8.234703e+02,-4.455472e-05,-8.109421e-05,3.355650e-01,7.164029e-05,4.772917e-06,0.000000e+00,-6.627243e+00,0.000000e+00,0.000000e+00,0.000000e+00,0.000000e+00,0.000000e+00,0.000000e+00,0.000000e+00,-2.981556e-19,-4.161842e-13,0.000000e+00,0.000000e+00,0.000000e+00,0.000000e+00,5.991857e+01,8.234901e+02,3.355431e-01,7.164029e-05,0.000000e+00,2.535185e+01,0.000000e+00,0.000000e+00,-6.931571e-01
4.694193e-03,5.994208e+01,8.234343e+02,-4.466627e-05,-8.108903e-05,3.356494e-01,7.164029e-05,4.775189e-06,0.000000e+00,-6.627243e+00,0.000000e+00,0.000000e+00,0.000000e+00,0.000000e+00,0.000000e+00,0.000000e+00,0.000000e+00,-2.981556e-19,-4.161842e-13,0.000000e+00,0.000000e+00,0.000000e+00,0.000000e+00,5.994208e+01,8.234481e+02,3.356290e-01,7.164029e-05,0.000000e+00,2.539657e+01,0.000000e+00,0.000000e+00,-6.932411e-01
4.703745e-03,5.993862e+01,8.234258e+02,-4.477296e-05,-8.103089e-05,3.357275e-01,7.164029e-05,4.779063e-06,0.000000e+00,-6.627417e+00,0.000000e+00,0.000000e+00,0.000000e+00,0.000000e+00,0.000000e+00,0.000000e+00,0.000000e+00,-2.981556e-19,-4.161842e-13,0.000000e+00,0.000000e+00,0.000000e+00,0.000000e+00,5.993862e+01,8.234322e+02,3.357071e-01,7.164029e-05,0.000000e+00,2.544133e+01,0.000000e+00,0.000000e+00,-6.933187e-01
4.713306e-03,5.990776e+01,8.234495e+02,-4.485619e-05,-8.091753e-05,3.357987e-01,7.164029e-05,4.784210e-06,0.000000e+00,-6.627419e+00,0.000000e+00,0.000000e+00,0.000000e+00,0.000000e+00,0.000000e+00,0.000000e+00,0.000000e+00,-2.981556e-19,-4.161842e-13,0.000000e+00,0.000000e+00,0.000000e+00,0.000000e+00,5.990776e+01,8.234474e+02,3.357818e-01,7.164029e-05,0.000000e+00,2.548614e+01,0.000000e+00,0.000000e+00,-6.933897e-01
4.722877e-03,5.985088e+01,8.235062e+02,-4.495522e-05,-8.084124e-05,3.358634e-01,7.164029e-05,4.790259e-06,0.000000e+00,-6.627419e+00,0.000000e+00,0.000000e+00,0.000000e+00,0.000000e+00,0.000000e+00,0.000000e+00,0.000000e+00,-2.981556e-19,-4.161842e-13,0.000000e+00,0.000000e+00,0.000000e+00,0.000000e+00,5.985088e+01,8.234963e+02,3.358481e-01,7.164029e-05,0.000000e+00,2.553101e+01,0.000000e+00,0.000000e+00,-6.934539e-01
4.732461e-03,5.977160e+01,8.235901e+02,-4.497433e-05,-8.077188e-05,3.359211e-01,7.164029e-05,4.797015e-06,0.000000e+00,-6.627419e+00,0.000000e+00,0.000000e+00,0.000000e+00,0.000000e+00,0.000000e+00,0.000000e+00,0.000000e+00,-2.981556e-19,-4.161842e-13,0.000000e+00,0.000000e+00,0.000000e+00,0.000000e+00,5.977160e+01,8.235743e+02,3.359075e-01,7.164029e-05,0.000000e+00,2.557594e+01,0.000000e+00,0.000000e+00,-6.935115e-01
4.742058e-03,5.967486e+01,8.236929e+02,-4.485340e-05,-8.072863e-05,3.359724e-01,7.164029e-05,4.804477e-06,0.000000e+00,-6.627419e+00,0.000000e+00,0.000000e+00,0.000000e+00,0.000000e+00,0.000000e+00,0.000000e+00,0.000000e+00,-2.981556e-19,-4.161842e-13,0.000000e+00,0.000000e+00,0.000000e+00,0.000000e+00,5.967486e+01,8.236733e+02,3.359604e-01,7.164029e-05,0.000000e+00,2.562095e+01,0.000000e+00,0.000000e+00,-6.935627e-01
4.751672e-03,5.956622e+01,8.238057e+02,-4.471563e-05,-8.077067e-05,3.360189e-01,7.164029e-05,4.812849e-06,0.000000e+00,-6.627419e+00,0.000000e+00,0.000000e+00,0.000000e+00,0.000000e+00,0.000000e+00,0.000000e+00,0.000000e+00,-2.981556e-19,-4.161842e-13,0.000000e+00,0.000000e+00,0.000000e+00,0.000000e+00,5.956622e+01,8.237846e+02,3.360077e-01,7.164029e-05,0.000000e+00,2.566603e+01,0.000000e+00,0.000000e+00,-6.936098e-01
4.761302e-03,5.945125e+01,8.239216e+02,-4.463287e-05,-8.083040e-05,3.360629e-01,7.164029e-05,4.822396e-06,0.000000e+00,-6.627419e+00,0.000000e+00,0.000000e+00,0.000000e+00,0.000000e+00,0.000000e+00,0.000000e+00,0.000000e+00,-2.981556e-19,-4.161842e-13,0.000000e+00,0.000000e+00,0.000000e+00,0.000000e+00,5.945125e+01,8.239002e+02,3.360522e-01,7.164029e-05,0.000000e+00,2.571121e+01,0.000000e+00,0.000000e+00,-6.936542e-01
4.770952e-03,5.933482e+01,8.240358e+02,-4.453562e-05,-8.083489e-05,3.361053e-01,7.164029e-05,4.833335e-06,0.000000e+00,-6.627419e+00,0.000000e+00,0.000000e+00,0.000000e+00,0.000000e+00,0.000000e+00,0.000000e+00,0.000000e+00,-2.981556e-19,-4.161842e-13,0.000000e+00,0.000000e+00,0.000000e+00,0.000000e+00,5.933482e+01,8.240154e+02,3.360949e-01,7.164029e-05,0.000000e+00,2.575648e+01,0.000000e+00,0.000000e+00,-6.936966e-01
4.780625e-03,5.922115e+01,8.241442e+02,-4.446716e-05,-8.084428e-05,3.361461e-01,7.164029e-05,4.845632e-06,0.000000e+00,-6.627419e+00,0.000000e+00,0.000000e+00,0.000000e+00,0.000000e+00,0.000000e+00,0.000000e+00,0.000000e+00,-2.981556e-19,-4.161842e-13,0.000000e+00,0.000000e+00,0.000000e+00,0.000000e+00,5.922115e+01,8.241256e+02,3.361361e-01,7.164029e-05,0.000000e+00,2.580186e+01,0.000000e+00,0.000000e+00,-6.937373e-01
4.790322e-03,5.911399e+01,8.242449e+02,-4.437391e-05,-8.084965e-05,3.361853e-01,7.164029e-05,4.858863e-06,0.000000e+00,-6.627419e+00,0.000000e+00,0.000000e+00,0.000000e+00,0.000000e+00,0.000000e+00,0.000000e+00,0.000000e+00,-2.981556e-19,-4.161842e-13,0.000000e+00,0.000000e+00,0.000000e+00,0.000000e+00,5.911399e+01,8.242282e+02,3.361757e-01,7.164029e-05,0.000000e+00,2.584737e+01,0.000000e+00,0.000000e+00,-6.937764e-01
4.800047e-03,5.901672e+01,8.243374e+02,-4.427603e-05,-8.084240e-05,3.362222e-01,7.164029e-05,4.872288e-06,0.000000e+00,-6.627419e+00,0.000000e+00,0.000000e+00,0.000000e+00,0.000000e+00,0.000000e+00,0.000000e+00,0.000000e+00,-2.981556e-19,-4.161842e-13,0.000000e+00,0.000000e+00,0.000000e+00,0.000000e+00,5.901672e+01,8.243231e+02,3.362134e-01,7.164029e-05,0.000000e+00,2.589300e+01,0.000000e+00,0.000000e+00,-6.938128e-01
4.814683e-03,5.889835e+01,8.244529e+02,-4.412954e-05,-8.084600e-05,3.362704e-01,7.164029e-05,4.890698e-06,0.000000e+00,-6.627419e+00,0.000000e+00,0.000000e+00,0.000000e+00,0.000000e+00,0.000000e+00,0.000000e+00,0.000000e+00,-2.981556e-19,-4.161842e-13,0.000000e+00,0.000000e+00,0.000000e+00,0.000000e+00,5.889835e+01,8.244443e+02,3.362633e-01,7.164029e-05,0.000000e+00,2.596170e+01,0.000000e+00,0.000000e+00,-6.938599e-01
4.824469e-03,5.884491e+01,8.245067e+02,-4.400480e-05,-8.084199e-05,3.362961e-01,7.164029e-05,4.900543e-06,0.000000e+00,-6.627420e+00,0.000000e+00,0.000000e+00,0.000000e+00,0.000000e+00,0.000000e+00,0.000000e+00,0.000000e+00,-2.981556e-19,-4.161842e-13,0.000000e+00,0.000000e+00,0.000000e+00,0.000000e+00,5.884491e+01,8.245037e+02,3.362905e-01,7.164029e-05,0.000000e+00,2.600764e+01,0.000000e+00,0.000000e+00,-6.938848e-01
4.834275e-03,5.881754e+01,8.245333e+02,-4.384642e-05,-8.082807e-05,3.363175e-01,7.164029e-05,4.907830e-06,0.000000e+00,-6.627451e+00,0.000000e+00,0.000000e+00,0.000000e+00,0.000000e+00,0.000000e+00,0.000000e+00,0.000000e+00,-2.981556e-19,-4.161842e-13,0.000000e+00,0.000000e+00,0.000000e+00,0.000000e+00,5.881754e+01,8.245379e+02,3.363129e-01,7.164029e-05,0.000000e+00,2.605367e+01,0.000000e+00,0.000000e+00,-6.939062e-01
4.844093e-03,5.882005e+01,8.245273e+02,-4.371448e-05,-8.083721e-05,3.363338e-01,7.164029e-05,4.912573e-06,0.000000e+00,-6.627451e+00,0.000000e+00,0.000000e+00,0.000000e+00,0.000000e+00,0.000000e+00,0.000000e+00,0.000000e+00,-2.981556e-19,-4.161842e-13,0.000000e+00,0.000000e+00,0.000000e+00,0.000000e+00,5.882005e+01,8.245404e+02,3.363304e-01,7.164029e-05,0.000000e+00,2.609976e+01,0.000000e+00,0.000000e+00,-6.939223e-01
4.853920e-03,5.885383e+01,8.244878e+02,-4.366601e-05,-8.091178e-05,3.363482e-01,7.164029e-05,4.915261e-06,0.000000e+00,-6.627515e+00,0.000000e+00,0.000000e+00,0.000000e+00,0.000000e+00,0.000000e+00,0.000000e+00,0.000000e+00,-2.981556e-19,-4.161842e-13,0.000000e+00,0.000000e+00,0.000000e+00,0.000000e+00,5.885383e+01,8.245090e+02,3.363448e-01,7.164029e-05,0.000000e+00,2.614590e+01,0.000000e+00,0.000000e+00,-6.939374e-01
4.863751e-03,5.891872e+01,8.244155e+02,-4.366628e-05,-8.103486e-05,3.363615e-01,7.164029e-05,4.916770e-06,0.000000e+00,-6.627515e+00,0.000000e+00,0.000000e+00,0.000000e+00,0.000000e+00,0.000000e+00,0.000000e+00,0.000000e+00,-2.981556e-19,-4.161842e-13,0.000000e+00,0.000000e+00,0.000000e+00,0.000000e+00,5.891872e+01,8.244449e+02,3.363582e-01,7.164029e-05,0.000000e+00,2.619205e+01,0.000000e+00,0.000000e+00,-6.939511e-01
4.873585e-03,5.901252e+01,8.243135e+02,-4.365817e-05,-8.110979e-05,3.363749e-01,7.164029e-05,4.918111e-06,0.000000e+00,-6.627515e+00,0.000000e+00,0.000000e+00,0.000000e+00,0.000000e+00,0.000000e+00,0.000000e+00,0.000000e+00,-2.981556e-19,-4.161842e-13,0.000000e+00,0.000000e+00,0.000000e+00,0.000000e+00,5.901252e+01,8.243496e+02,3.363715e-01,7.164029e-05,0.000000e+00,2.623823e+01,0.000000e+00,0.000000e+00,-6.939647e-01
4.883422e-03,5.913158e+01,8.241874e+02,-4.365817e-05,-8.110979e-05,3.363886e-01,7.164029e-05,4.920220e-06,0.000000e+00,-6.627515e+00,0.000000e+00,0.000000e+00,0.000000e+00,0.000000e+00,0.000000e+00,0.000000e+00,0.000000e+00,-2.981556e-19,-4.161842e-13,0.000000e+00,0.000000e+00,0.000000e+00,0.000000e+00,5.913158e+01,8.242291e+02,3.363852e-01,7.164029e-05,0.000000e+00,2.628442e+01,0.000000e+00,0.000000e+00,-6.939785e-01
4.893264e-03,5.927108e+01,8.240430e+02,-4.365817e-05,-8.110979e-05,3.364024e-01,7.164029e-05,4.923824e-06,0.000000e+00,-6.627515e+00,0.000000e+00,0.000000e+00,0.000000e+00,0.000000e+00,0.000000e+00,0.000000e+00,0.000000e+00,-2.981556e-19,-4.161842e-13,0.000000e+00,0.000000e+00,0.000000e+00,0.000000e+00,5.927108e+01,8.240886e+02,3.363990e-01,7.164029e-05,0.000000e+00,2.633063e+01,0.000000e+00,0.000000e+00,-6.939923e-01
4.903114e-03,5.942565e+01,8.238865e+02,-4.365817e-05,-8.110979e-05,3.364159e-01,7.164029e-05,4.929390e-06,0.000000e+00,-6.627515e+00,0.000000e+00,0.000000e+00,0.000000e+00,0.000000e+00,0.000000e+00,0.000000e+00,0.000000e+00,-2.981556e-19,-4.161842e-13,0.000000e+00,0.000000e+00,0.000000e+00,0.000000e+00,5.942565e+01,8.239345e+02,3.364126e-01,7.164029e-05,0.000000e+00,2.637689e+01,0.000000e+00,0.000000e+00,-6.940055e-01
4.912977e-03,5.959033e+01,8.237227e+02,-4.365817e-05,-8.110979e-05,3.364283e-01,7.164029e-05,4.937209e-06,0.000000e+00,-6.627515e+00,0.000000e+00,0.000000e+00,0.000000e+00,0.000000e+00,0.000000e+00,0.000000e+00,0.000000e+00,-2.981556e-19,-4.161842e-13,0.000000e+00,0.000000e+00,0.000000e+00,0.000000e+00,5.959033e+01,8.237722e+02,3.364254e-01,7.164029e-05,0.000000e+00,2.642320e+01,0.000000e+00,0.000000e+00,-6.940177e-01
4.922856e-03,5.976114e+01,8.235543e+02,-4.365817e-05,-8.110979e-05,3.364393e-01,7.164029e-05,4.947406e-06,0.000000e+00,-6.627515e+00,0.000000e+00,0.000000e+00,0.000000e+00,0.000000e+00,0.000000e+00,0.000000e+00,0.000000e+00,-2.981556e-19,-4.161842e-13,0.000000e+00,0.000000e+00,0.000000e+00,0.000000e+00,5.976114e+01,8.236046e+02,3.364368e-01,7.164029e-05,0.000000e+00,2.646959e+01,0.000000e+00,0.000000e+00,-6.940282e-01
4.932757e-03,5.993441e+01,8.233831e+02,-4.364782e-05,-8.111053e-05,3.364483e-01,7.164029e-05,4.959994e-06,0.000000e+00,-6.627515e+00,0.000000e+00,0.000000e+00,0.000000e+00,0.000000e+00,0.000000e+00,0.000000e+00,0.000000e+00,-2.981556e-19,-4.161842e-13,0.000000e+00,0.000000e+00,0.000000e+00,0.000000e+00,5.993441e+01,8.234341e+02,3.364464e-01,7.164029e-05,0.000000e+00,2.651609e+01,0.000000e+00,0.000000e+00,-6.940368e-01
4.942684e-03,6.010627e+01,8.232114e+02,-4.360717e-05,-8.111248e-05,3.364550e-01,7.164029e-05,4.974860e-06,0.000000e+00,-6.627515e+00,0.000000e+00,0.000000e+00,0.000000e+00,0.000000e+00,0.000000e+00,0.000000e+00,0.000000e+00,-2.981556e-19,-4.161842e-13,0.000000e+00,0.000000e+00,0.000000e+00,0.000000e+00,6.010627e+01,8.232620e+02,3.364536e-01,7.164029e-05,0.000000e+00,2.656271e+01,0.000000e+00,0.000000e+00,-6.940433e-01
4.952642e-03,6.027274e+01,8.230434e+02,-4.352462e-05,-8.112080e-05,3.364593e-01,7.164029e-05,4.985665e-06,0.000000e+00,-6.627515e+00,0.000000e+00,0.000000e+00,0.000000e+00,0.000000e+00,0.000000e+00,0.000000e+00,0.000000e+00,-2.981556e-19,-4.161842e-13,0.000000e+00,0.000000e+00,0.000000e+00,0.000000e+00,6.027274e+01,8.230928e+02,3.364585e-01,7.164029e-05,0.000000e+00,2.660948e+01,0.000000e+00,0.000000e+00,-6.940477e-01
4.962609e-03,6.042951e+01,8.228835e+02,-4.340206e-05,-8.115957e-05,3.364611e-01,7.164029e-05,4.977519e-06,0.000000e+00,-6.627591e+00,0.000000e+00,0.000000e+00,0.000000e+00,0.000000e+00,0.000000e+00,0.000000e+00,0.000000e+00,-2.981556e-19,-4.161842e-13,0.000000e+00,0.000000e+00,0.000000e+00,0.000000e+00,6.042951e+01,8.229302e+02,3.364595e-01,7.164029e-05,0.000000e+00,2.665629e+01,0.000000e+00,0.000000e+00,-6.940500e-01
4.972561e-03,6.057263e+01,8.227366e+02,-4.330091e-05,-8.124946e-05,3.364606e-01,7.164029e-05,4.971627e-06,0.000000e+00,-6.627591e+00,0.000000e+00,0.000000e+00,0.000000e+00,0.000000e+00,0.000000e+00,0.000000e+00,0.000000e+00,-2.981556e-19,-4.161842e-13,0.000000e+00,0.000000e+00,0.000000e+00,0.000000e+00,6.057263e+01,8.227796e+02,3.364609e-01,7.164029e-05,0.000000e+00,2.670303e+01,0.000000e+00,0.000000e+00,-6.940504e-01
4.982502e-03,6.069851e+01,8.226068e+02,-4.322353e-05,-8.138920e-05,3.364593e-01,7.164029e-05,4.967895e-06,0.000000e+00,-6.627591e+00,0.000000e+00,0.000000e+00,0.000000e+00,0.000000e+00,0.000000e+00,0.000000e+00,0.000000e+00,-2.981556e-19,-4.161842e-13,0.000000e+00,0.000000e+00,0.000000e+00,0.000000e+00,6.069851e+01,8.226450e+02,3.364596e-01,7.164029e-05,0.000000e+00,2.674972e+01,0.000000e+00,0.000000e+00,-6.940504e-01
4.992437e-03,6.080406e+01,8.224973e+02,-4.318958e-05,-8.155790e-05,3.364581e-01,7.164029e-05,4.966498e-06,0.000000e+00,-6.627591e+00,0.000000e+00,0.000000e+00,0.000000e+00,0.000000e+00,0.000000e+00,0.000000e+00,0.000000e+00,-2.981556e-19,-4.161842e-13,0.000000e+00,0.000000e+00,0.000000e+00,0.000000e+00,6.080406e+01,8.225300e+02,3.364583e-01,7.164029e-05,0.000000e+00,2.679638e+01,0.000000e+00,0.000000e+00,-6.940504e-01
5.002370e-03,6.088664e+01,8.224122e+02,-4.320628e-05,-8.169142e-05,3.364574e-01,7.164029e-05,4.967059e-06,0.000000e+00,-6.627591e+00,0.000000e+00,0.000000e+00,0.000000e+00,0.000000e+00,0.000000e+00,0.000000e+00,0.000000e+00,-2.981556e-19,-4.161842e-13,0.000000e+00,0.000000e+00,0.000000e+00,0.000000e+00,6.088664e+01,8.224381e+02,3.364574e-01,7.164029e-05,0.000000e+00,2.684303e+01,0.000000e+00,0.000000e+00,-6.940504e-01
5.012305e-03,6.094362e+01,8.223535e+02,-4.320628e-05,-8.169142e-05,3.364574e-01,7.164029e-05,4.968458e-06,0.000000e+00,-6.627591e+00,0.000000e+00,0.000000e+00,0.000000e+00,0.000000e+00,0.000000e+00,0.000000e+00,0.000000e+00,-2.981556e-19,-4.161842e-13,0.000000e+00,0.000000e+00,0.000000e+00,0.000000e+00,6.094362e+01,8.223735e+02,3.364574e-01,7.164029e-05,0.000000e+00,2.688969e+01,0.000000e+00,0.000000e+00,-6.940504e-01
5.022242e-03,6.097200e+01,8.223203e+02,-4.320628e-05,-8.169142e-05,3.364574e-01,7.164029e-05,4.969362e-06,0.000000e+00,-6.627591e+00,0.000000e+00,0.000000e+00,0.000000e+00,0.000000e+00,0.000000e+00,0.000000e+00,0.000000e+00,-2.981556e-19,-4.161842e-13,0.000000e+00,0.000000e+00,0.000000e+00,0.000000e+00,6.097200e+01,8.223334e+02,3.364574e-01,7.164029e-05,0.000000e+00,2.693636e+01,0.000000e+00,0.000000e+00,-6.940504e-01
5.032181e-03,6.096772e+01,8.223167e+02,-4.320628e-05,-8.169142e-05,3.364574e-01,7.164029e-05,4.968641e-06,0.000000e+00,-6.627591e+00,0.000000e+00,0.000000e+00,0.000000e+00,0.000000e+00,0.000000e+00,0.000000e+00,0.000000e+00,-2.981556e-19,-4.161842e-13,0.000000e+00,0.000000e+00,0.000000e+00,0.000000e+00,6.096772e+01,8.223218e+02,3.364574e-01,7.164029e-05,0.000000e+00,2.698303e+01,0.000000e+00,0.000000e+00,-6.940504e-01
5.042117e-03,6.092492e+01,8.223506e+02,-4.320628e-05,-8.169142e-05,3.364574e-01,7.164029e-05,4.965486e-06,0.000000e+00,-6.627591e+00,0.000000e+00,0.000000e+00,0.000000e+00,0.000000e+00,0.000000e+00,0.000000e+00,0.000000e+00,-2.981556e-19,-4.161842e-13,0.000000e+00,0.000000e+00,0.000000e+00,0.000000e+00,6.092492e+01,8.223453e+02,3.364574e-01,7.164029e-05,0.000000e+00,2.702970e+01,0.000000e+00,0.000000e+00,-6.940504e-01
5.052045e-03,6.083629e+01,8.224323e+02,-4.320628e-05,-8.169142e-05,3.364574e-01,7.164029e-05,4.959542e-06,0.000000e+00,-6.627591e+00,0.000000e+00,0.000000e+00,0.000000e+00,0.000000e+00,0.000000e+00,0.000000e+00,0.000000e+00,-2.981556e-19,-4.161842e-13,0.000000e+00,0.000000e+00,0.000000e+00,0.000000e+00,6.083629e+01,8.224138e+02,3.364574e-01,7.164029e-05,0.000000e+00,2.707633e+01,0.000000e+00,0.000000e+00,-6.940504e-01
5.061960e-03,6.069424e+01,8.225712e+02,-4.320628e-05,-8.169142e-05,3.364574e-01,7.164029e-05,4.951104e-06,0.000000e+00,-6.627591e+00,0.000000e+00,0.000000e+00,0.000000e+00,0.000000e+00,0.000000e+00,0.000000e+00,0.000000e+00,-2.981556e-19,-4.161842e-13,0.000000e+00,0.000000e+00,0.000000e+00,0.000000e+00,6.069424e+01,8.225374e+02,3.364574e-01,7.164029e-05,0.000000e+00,2.712289e+01,0.000000e+00,0.000000e+00,-6.940504e-01
5.071857e-03,6.049200e+01,8.227744e+02,-4.320628e-05,-8.169142e-05,3.364574e-01,7.164029e-05,4.941994e-06,0.000000e+00,-6.627591e+00,0.000000e+00,0.000000e+00,0.000000e+00,0.000000e+00,0.000000e+00,0.000000e+00,0.000000e+00,-2.981556e-19,-4.161842e-13,0.000000e+00,0.000000e+00,0.000000e+00,0.000000e+00,6.049200e+01,8.227240e+02,3.364574e-01,7.164029e-05,0.000000e+00,2.716938e+01,0.000000e+00,0.000000e+00,-6.940504e-01
5.081738e-03,6.022436e+01,8.230457e+02,-4.320628e-05,-8.169142e-05,3.364574e-01,7.164029e-05,4.934850e-06,0.000000e+00,-6.627591e+00,0.000000e+00,0.000000e+00,0.000000e+00,0.000000e+00,0.000000e+00,0.000000e+00,0.000000e+00,-2.981556e-19,-4.161842e-13,0.000000e+00,0.000000e+00,0.000000e+00,0.000000e+00,6.022436e+01,8.229780e+02,3.364574e-01,7.164029e-05,0.000000e+00,2.721578e+01,0.000000e+00,0.000000e+00,-6.940504e-01
5.091605e-03,5.988747e+01,8.233867e+02,-4.320628e-05,-8.169142e-05,3.364574e-01,7.164029e-05,4.931533e-06,0.000000e+00,-6.627591e+00,0.000000e+00,0.000000e+00,0.000000e+00,0.000000e+00,0.000000e+00,0.000000e+00,0.000000e+00,-2.981556e-19,-4.161842e-13,0.000000e+00,0.000000e+00,0.000000e+00,0.000000e+00,5.988747e+01,8.233015e+02,3.364574e-01,7.164029e-05,0.000000e+00,2.726212e+01,0.000000e+00,0.000000e+00,-6.940504e-01
5.101468e-03,5.947866e+01,8.237980e+02,-4.320628e-05,-8.169142e-05,3.364574e-01,7.164029e-05,4.932457e-06,0.000000e+00,-6.627591e+00,0.000000e+00,0.000000e+00,0.000000e+00,0.000000e+00,0.000000e+00,0.000000e+00,0.000000e+00,-2.981556e-19,-4.161842e-13,0.000000e+00,0.000000e+00,0.000000e+00,0.000000e+00,5.947866e+01,8.236952e+02,3.364574e-01,7.164029e-05,0.000000e+00,2.730844e+01,0.000000e+00,0.000000e+00,-6.940504e-01
5.111335e-03,5.899627e+01,8.242802e+02,-4.320628e-05,-8.169142e-05,3.364574e-01,7.164029e-05,4.937266e-06,0.000000e+00,-6.627591e+00,0.000000e+00,0.000000e+00,0.000000e+00,0.000000e+00,0.000000e+00,0.000000e+00,0.000000e+00,-2.981556e-19,-4.161842e-13,0.000000e+00,0.000000e+00,0.000000e+00,0.000000e+00,5.899627e+01,8.241596e+02,3.364574e-01,7.164029e-05,0.000000e+00,2.735478e+01,0.000000e+00,0.000000e+00,-6.940504e-01
5.121213e-03,5.843954e+01,8.248335e+02,-4.320628e-05,-8.169142e-05,3.364574e-01,7.164029e-05,4.945384e-06,0.000000e+00,-6.627591e+00,0.000000e+00,0.000000e+00,0.000000e+00,0.000000e+00,0.000000e+00,0.000000e+00,0.000000e+00,-2.981556e-19,-4.161842e-13,0.000000e+00,0.000000e+00,0.000000e+00,0.000000e+00,5.843954e+01,8.246951e+02,3.364574e-01,7.164029e-05,0.000000e+00,2.740117e+01,0.000000e+00,0.000000e+00,-6.940504e-01
5.131109e-03,5.780885e+01,8.254583e+02,-4.320628e-05,-8.169142e-05,3.364574e-01,7.164029e-05,4.956229e-06,0.000000e+00,-6.627591e+00,0.000000e+00,0.000000e+00,0.000000e+00,0.000000e+00,0.000000e+00,0.000000e+00,0.000000e+00,-2.981556e-19,-4.161842e-13,0.000000e+00,0.000000e+00,0.000000e+00,0.000000e+00,5.780885e+01,8.253021e+02,3.364574e-01,7.164029e-05,0.000000e+00,2.744765e+01,0.000000e+00,0.000000e+00,-6.940504e-01
5.141028e-03,5.710619e+01,8.261542e+02,-4.320628e-05,-8.169142e-05,3.364574e-01,7.164029e-05,4.968331e-06,0.000000e+00,-6.627591e+00,0.000000e+00,0.000000e+00,0.000000e+00,0.000000e+00,0.000000e+00,0.000000e+00,0.000000e+00,-2.981556e-19,-4.161842e-13,0.000000e+00,0.000000e+00,0.000000e+00,0.000000e+00,5.710619e+01,8.259804e+02,3.364574e-01,7.164029e-05,0.000000e+00,2.749423e+01,0.000000e+00,0.000000e+00,-6.940504e-01
5.150970e-03,5.633585e+01,8.269189e+02,-4.320628e-05,-8.169142e-05,3.364574e-01,7.164029e-05,4.979805e-06,0.000000e+00,-6.627591e+00,0.000000e+00,0.000000e+00,0.000000e+00,0.000000e+00,0.000000e+00,0.000000e+00,0.000000e+00,-2.981556e-19,-4.161842e-13,0.000000e+00,0.000000e+00,0.000000e+00,0.000000e+00,5.633585e+01,8.267284e+02,3.364574e-01,7.164029e-05,0.000000e+00,2.754093e+01,0.000000e+00,0.000000e+00,-6.940504e-01
5.160935e-03,5.550469e+01,8.277471e+02,-4.320628e-05,-8.169142e-05,3.364574e-01,7.164029e-05,4.988903e-06,0.000000e+00,-6.627591e+00,0.000000e+00,0.000000e+00,0.000000e+00,0.000000e+00,0.000000e+00,0.000000e+00,0.000000e+00,-2.981556e-19,-4.161842e-13,0.000000e+00,0.000000e+00,0.000000e+00,0.000000e+00,5.550469e+01,8.275415e+02,3.364574e-01,7.164029e-05,0.000000e+00,2.758773e+01,0.000000e+00,0.000000e+00,-6.940504e-01
5.170916e-03,5.462141e+01,8.286305e+02,-4.320628e-05,-8.169142e-05,3.364574e-01,7.164029e-05,4.995532e-06,0.000000e+00,-6.627591e+00,0.000000e+00,0.000000e+00,0.000000e+00,0.000000e+00,0.000000e+00,0.000000e+00,0.000000e+00,-2.981556e-19,-4.161842e-13,0.000000e+00,0.000000e+00,0.000000e+00,0.000000e+00,5.462141e+01,8.284121e+02,3.364574e-01,7.164029e-05,0.000000e+00,2.763460e+01,0.000000e+00,0.000000e+00,-6.940504e-01
5.180910e-03,5.369557e+01,8.295595e+02,-4.320628e-05,-8.169142e-05,3.364574e-01,7.164029e-05,5.001395e-06,0.000000e+00,-6.627591e+00,0.000000e+00,0.000000e+00,0.000000e+00,0.000000e+00,0.000000e+00,0.000000e+00,0.000000e+00,-2.981556e-19,-4.161842e-13,0.000000e+00,0.000000e+00,0.000000e+00,0.000000e+00,5.369557e+01,8.293309e+02,3.364574e-01,7.164029e-05,0.000000e+00,2.768154e+01,0.000000e+00,0.000000e+00,-6.940504e-01
5.190916e-03,5.273670e+01,8.305242e+02,-4.320628e-05,-8.169142e-05,3.364574e-01,7.164029e-05,5.007536e-06,0.000000e+00,-6.627591e+00,0.000000e+00,0.000000e+00,0.000000e+00,0.000000e+00,0.000000e+00,0.000000e+00,0.000000e+00,-2.981556e-19,-4.161842e-13,0.000000e+00,0.000000e+00,0.000000e+00,0.000000e+00,5.273670e+01,8.302878e+02,3.364574e-01,7.164029e-05,0.000000e+00,2.772853e+01,0.000000e+00,0.000000e+00,-6.940504e-01
5.200934e-03,5.175386e+01,8.315144e+02,-4.320628e-05,-8.169142e-05,3.364574e-01,7.164029e-05,5.014040e-06,0.000000e+00,-6.627591e+00,0.000000e+00,0.000000e+00,0.000000e+00,0.000000e+00,0.000000e+00,0.000000e+00,0.000000e+00,-2.981556e-19,-4.161842e-13,0.000000e+00,0.000000e+00,0.000000e+00,0.000000e+00,5.175386e+01,8.312728e+02,3.364574e-01,7.164029e-05,0.000000e+00,2.777558e+01,0.000000e+00,0.000000e+00,-6.940504e-01
5.210965e-03,5.075530e+01,8.325201e+02,-4.320628e-05,-8.169142e-05,3.364574e-01,7.164029e-05,5.020547e-06,0.000000e+00,-6.627591e+00,0.000000e+00,0.000000e+00,0.000000e+00,0.000000e+00,0.000000e+00,0.000000e+00,0.000000e+00,-2.981556e-19,-4.161842e-13,0.000000e+00,0.000000e+00,0.000000e+00,0.000000e+00,5.075530e+01,8.322756e+02,3.364574e-01,7.164029e-05,0.000000e+00,2.782269e+01,0.000000e+00,0.000000e+00,-6.940504e-01
5.221010e-03,4.974799e+01,8.335325e+02,-4.320628e-05,-8.169142e-05,3.364574e-01,7.164029e-05,5.027304e-06,0.000000e+00,-6.627591e+00,0.000000e+00,0.000000e+00,0.000000e+00,0.000000e+00,0.000000e+00,0.000000e+00,0.000000e+00,-2.981556e-19,-4.161842e-13,0.000000e+00,0.000000e+00,0.000000e+00,0.000000e+00,4.974799e+01,8.332872e+02,3.364574e-01,7.164029e-05,0.000000e+00,2.786987e+01,0.000000e+00,0.000000e+00,-6.940504e-01
5.231068e-03,4.873724e+01,8.345448e+02,-4.320628e-05,-8.169142e-05,3.364574e-01,7.164029e-05,5.034635e-06,0.000000e+00,-6.627591e+00,0.000000e+00,0.000000e+00,0.000000e+00,0.000000e+00,0.000000e+00,0.000000e+00,0.000000e+00,-2.981556e-19,-4.161842e-13,0.000000e+00,0.000000e+00,0.000000e+00,0.000000e+00,4.873724e+01,8.343001e+02,3.364574e-01,7.164029e-05,0.000000e+00,2.791711e+01,0.000000e+00,0.000000e+00,-6.940504e-01
5.241141e-03,4.772675e+01,8.355529e+02,-4.320628e-05,-8.169142e-05,3.364574e-01,7.164029e-05,5.041677e-06,0.000000e+00,-6.627591e+00,0.000000e+00,0.000000e+00,0.000000e+00,0.000000e+00,0.000000e+00,0.000000e+00,0.000000e+00,-2.981556e-19,-4.161842e-13,0.000000e+00,0.000000e+00,0.000000e+00,0.000000e+00,4.772675e+01,8.353096e+02,3.364574e-01,7.164029e-05,0.000000e+00,2.796441e+01,0.000000e+00,0.000000e+00,-6.940504e-01
5.251226e-03,4.671906e+01,8.365555e+02,-4.320628e-05,-8.169142e-05,3.364574e-01,7.164029e-05,5.043024e-06,0.000000e+00,-6.627591e+00,0.000000e+00,0.000000e+00,0.000000e+00,0.000000e+00,0.000000e+00,0.000000e+00,0.000000e+00,-2.981556e-19,-4.161842e-13,0.000000e+00,0.000000e+00,0.000000e+00,0.000000e+00,4.671906e+01,8.363135e+02,3.364574e-01,7.164029e-05,0.000000e+00,2.801177e+01,0.000000e+00,0.000000e+00,-6.940504e-01
5.261312e-03,4.571595e+01,8.375533e+02,-4.320628e-05,-8.169142e-05,3.364574e-01,7.164029e-05,5.043174e-06,0.000000e+00,-6.627591e+00,0.000000e+00,0.000000e+00,0.000000e+00,0.000000e+00,0.000000e+00,0.000000e+00,0.000000e+00,-2.981556e-19,-4.161842e-13,0.000000e+00,0.000000e+00,0.000000e+00,0.000000e+00,4.571595e+01,8.373122e+02,3.364574e-01,7.164029e-05,0.000000e+00,2.805914e+01,0.000000e+00,0.000000e+00,-6.940504e-01
5.271398e-03,4.471779e+01,8.385480e+02,-4.320628e-05,-8.169142e-05,3.364574e-01,7.164029e-05,5.041666e-06,0.000000e+00,-6.627591e+00,0.000000e+00,0.000000e+00,0.000000e+00,0.000000e+00,0.000000e+00,0.000000e+00,0.000000e+00,-2.981556e-19,-4.161842e-13,0.000000e+00,0.000000e+00,0.000000e+00,0.000000e+00,4.471779e+01,8.383075e+02,3.364574e-01,7.164029e-05,0.000000e+00,2.810651e+01,0.000000e+00,0.000000e+00,-6.940504e-01
5.281479e-03,4.372511e+01,8.395404e+02,-4.320628e-05,-8.169142e-05,3.364574e-01,7.164029e-05,5.037878e-06,0.000000e+00,-6.627591e+00,0.000000e+00,0.000000e+00,0.000000e+00,0.000000e+00,0.000000e+00,0.000000e+00,0.000000e+00,-2.981556e-19,-4.161842e-13,0.000000e+00,0.000000e+00,0.000000e+00,0.000000e+00,4.372511e+01,8.393005e+02,3.364574e-01,7.164029e-05,0.000000e+00,2.815386e+01,0.000000e+00,0.000000e+00,-6.940504e-01
5.291552e-03,4.273914e+01,8.405286e+02,-4.320628e-05,-8.169142e-05,3.364574e-01,7.164029e-05,5.031442e-06,0.000000e+00,-6.627591e+00,0.000000e+00,0.000000e+00,0.000000e+00,0.000000e+00,0.000000e+00,0.000000e+00,0.000000e+00,-2.981556e-19,-4.161842e-13,0.000000e+00,0.000000e+00,0.000000e+00,0.000000e+00,4.273914e+01,8.402902e+02,3.364574e-01,7.164029e-05,0.000000e+00,2.820117e+01,0.000000e+00,0.000000e+00,-6.940504e-01
5.301611e-03,4.176217e+01,8.415086e+02,-4.320628e-05,-8.169142e-05,3.364574e-01,7.164029e-05,5.022233e-06,0.000000e+00,-6.627591e+00,0.000000e+00,0.000000e+00,0.000000e+00,0.000000e+00,0.000000e+00,0.000000e+00,0.000000e+00,-2.981556e-19,-4.161842e-13,0.000000e+00,0.000000e+00,0.000000e+00,0.000000e+00,4.176217e+01,8.412727e+02,3.364574e-01,7.164029e-05,0.000000e+00,2.824841e+01,0.000000e+00,0.000000e+00,-6.940504e-01
5.311650e-03,4.079716e+01,8.424747e+02,-4.320628e-05,-8.169142e-05,3.364574e-01,7.164029e-05,5.010352e-06,0.000000e+00,-6.627591e+00,0.000000e+00,0.000000e+00,0.000000e+00,0.000000e+00,0.000000e+00,0.000000e+00,0.000000e+00,-2.981556e-19,-4.161842e-13,0.000000e+00,0.000000e+00,0.000000e+00,0.000000e+00,4.079716e+01,8.422428e+02,3.364574e-01,7.164029e-05,0.000000e+00,2.829556e+01,0.000000e+00,0.000000e+00,-6.940504e-01
5.321663e-03,3.984701e+01,8.434227e+02,-4.320628e-05,-8.169142e-05,3.364574e-01,7.164029e-05,4.996134e-06,0.000000e+00,-6.627591e+00,0.000000e+00,0.000000e+00,0.000000e+00,0.000000e+00,0.000000e+00,0.000000e+00,0.000000e+00,-2.981556e-19,-4.161842e-13,0.000000e+00,0.000000e+00,0.000000e+00,0.000000e+00,3.984701e+01,8.431956e+02,3.364574e-01,7.164029e-05,0.000000e+00,2.834258e+01,0.000000e+00,0.000000e+00,-6.940504e-01
5.331648e-03,3.891384e+01,8.443506e+02,-4.320628e-05,-8.169142e-05,3.364574e-01,7.164029e-05,4.980091e-06,0.000000e+00,-6.627591e+00,0.000000e+00,0.000000e+00,0.000000e+00,0.000000e+00,0.000000e+00,0.000000e+00,0.000000e+00,-2.981556e-19,-4.161842e-13,0.000000e+00,0.000000e+00,0.000000e+00,0.000000e+00,3.891384e+01,8.441285e+02,3.364574e-01,7.164029e-05,0.000000e+00,2.838948e+01,0.000000e+00,0.000000e+00,-6.940504e-01
5.341600e-03,3.799899e+01,8.452590e+02,-4.320628e-05,-8.169142e-05,3.364574e-01,7.164029e-05,4.962909e-06,0.000000e+00,-6.627591e+00,0.000000e+00,0.000000e+00,0.000000e+00,0.000000e+00,0.000000e+00,0.000000e+00,0.000000e+00,-2.981556e-19,-4.161842e-13,0.000000e+00,0.000000e+00,0.000000e+00,0.000000e+00,3.799899e+01,8.450416e+02,3.364574e-01,7.164029e-05,0.000000e+00,2.843621e+01,0.000000e+00,0.000000e+00,-6.940504e-01
5.351516e-03,3.710305e+01,8.461500e+02,-4.320628e-05,-8.169142e-05,3.364574e-01,7.164029e-05,4.945383e-06,0.000000e+00,-6.627591e+00,0.000000e+00,0.000000e+00,0.000000e+00,0.000000e+00,0.000000e+00,0.000000e+00,0.000000e+00,-2.981556e-19,-4.161842e-13,0.000000e+00,0.000000e+00,0.000000e+00,0.000000e+00,3.710305e+01,8.459365e+02,3.364574e-01,7.164029e-05,0.000000e+00,2.848279e+01,0.000000e+00,0.000000e+00,-6.940504e-01
5.361399e-03,3.622601e+01,8.470259e+02,-4.320628e-05,-8.169142e-05,3.364574e-01,7.164029e-05,4.928358e-06,0.000000e+00,-6.627591e+00,0.000000e+00,0.000000e+00,0.000000e+00,0.000000e+00,0.000000e+00,0.000000e+00,0.000000e+00,-2.981556e-19,-4.161842e-13,0.000000e+00,0.000000e+00,0.000000e+00,0.000000e+00,3.622601e+01,8.468159e+02,3.364574e-01,7.164029e-05,0.000000e+00,2.852920e+01,0.000000e+00,0.000000e+00,-6.940504e-01
5.371247e-03,3.536748e+01,8.478880e+02,-4.320628e-05,-8.169142e-05,3.364574e-01,7.164029e-05,4.912609e-06,0.000000e+00,-6.627591e+00,0.000000e+00,0.000000e+00,0.000000e+00,0.000000e+00,0.000000e+00,0.000000e+00,0.000000e+00,-2.981556e-19,-4.161842e-13,0.000000e+00,0.000000e+00,0.000000e+00,0.000000e+00,3.536748e+01,8.476815e+02,3.364574e-01,7.164029e-05,0.000000e+00,2.857545e+01,0.000000e+00,0.000000e+00,-6.940504e-01
5.381065e-03,3.452668e+01,8.487360e+02,-4.320628e-05,-8.169142e-05,3.364574e-01,7.164029e-05,4.898734e-06,0.000000e+00,-6.627591e+00,0.000000e+00,0.000000e+00,0.000000e+00,0.000000e+00,0.000000e+00,0.000000e+00,0.000000e+00,-2.981556e-19,-4.161842e-13,0.000000e+00,0.000000e+00,0.000000e+00,0.000000e+00,3.452668e+01,8.485331e+02,3.364574e-01,7.164029e-05,0.000000e+00,2.862156e+01,0.000000e+00,0.000000e+00,-6.940504e-01
5.390857e-03,3.370224e+01,8.495686e+02,-4.320628e-05,-8.169142e-05,3.364574e-01,7.164029e-05,4.887035e-06,0.000000e+00,-6.627591e+00,0.000000e+00,0.000000e+00,0.000000e+00,0.000000e+00,0.000000e+00,0.000000e+00,0.000000e+00,-2.981556e-19,-4.161842e-13,0.000000e+00,0.000000e+00,0.000000e+00,0.000000e+00,3.370224e+01,8.493696e+02,3.364574e-01,7.164029e-05,0.000000e+00,2.866755e+01,0.000000e+00,0.000000e+00,-6.940504e-01
5.400626e-03,3.289217e+01,8.503845e+02,-4.320628e-05,-8.169142e-05,3.364574e-01,7.164029e-05,4.877457e-06,0.000000e+00,-6.627591e+00,0.000000e+00,0.000000e+00,0.000000e+00,0.000000e+00,0.000000e+00,0.000000e+00,0.000000e+00,-2.981556e-19,-4.161842e-13,0.000000e+00,0.000000e+00,0.000000e+00,0.000000e+00,3.289217e+01,8.501897e+02,3.364574e-01,7.164029e-05,0.000000e+00,2.871343e+01,0.000000e+00,0.000000e+00,-6.940504e-01
5.410376e-03,3.209365e+01,8.511840e+02,-4.320628e-05,-8.169142e-05,3.364574e-01,7.164029e-05,4.869713e-06,0.000000e+00,-6.627591e+00,0.000000e+00,0.000000e+00,0.000000e+00,0.000000e+00,0.000000e+00,0.000000e+00,0.000000e+00,-2.981556e-19,-4.161842e-13,0.000000e+00,0.000000e+00,0.000000e+00,0.000000e+00,3.209365e+01,8.509930e+02,3.364574e-01,7.164029e-05,0.000000e+00,2.875923e+01,0.000000e+00,0.000000e+00,-6.940504e-01
5.420113e-03,3.130293e+01,8.519703e+02,-4.320628e-05,-8.169142e-05,3.364574e-01,7.164029e-05,4.863363e-06,0.000000e+00,-6.627591e+00,0.000000e+00,0.000000e+00,0.000000e+00,0.000000e+00,0.000000e+00,0.000000e+00,0.000000e+00,-2.981556e-19,-4.161842e-13,0.000000e+00,0.000000e+00,0.000000e+00,0.000000e+00,3.130293e+01,8.517822e+02,3.364574e-01,7.164029e-05,0.000000e+00,2.880495e+01,0.000000e+00,0.000000e+00,-6.940504e-01
5.434695e-03,3.012225e+01,8.531385e+02,-4.320628e-05,-8.169142e-05,3.364574e-01,7.164029e-05,4.855648e-06,0.000000e+00,-6.627591e+00,0.000000e+00,0.000000e+00,0.000000e+00,0.000000e+00,0.000000e+00,0.000000e+00,0.000000e+00,-2.981556e-19,-4.161842e-13,0.000000e+00,0.000000e+00,0.000000e+00,0.000000e+00,3.012225e+01,8.529512e+02,3.364574e-01,7.164029e-05,0.000000e+00,2.887343e+01,0.000000e+00,0.000000e+00,-6.940504e-01
5.444404e-03,2.933359e+01,8.539193e+02,-4.320628e-05,-8.169142e-05,3.364574e-01,7.164029e-05,4.851597e-06,0.000000e+00,-6.627591e+00,0.000000e+00,0.000000e+00,0.000000e+00,0.000000e+00,0.000000e+00,0.000000e+00,0.000000e+00,-2.981556e-19,-4.161842e-13,0.000000e+00,0.000000e+00,0.000000e+00,0.000000e+00,2.933359e+01,8.537308e+02,3.364574e-01,7.164029e-05,0.000000e+00,2.891903e+01,0.000000e+00,0.000000e+00,-6.940504e-01
5.454105e-03,2.854191e+01,8.547064e+02,-4.320628e-05,-8.169142e-05,3.364574e-01,7.164029e-05,4.848683e-06,0.000000e+00,-6.627591e+00,0.000000e+00,0.000000e+00,0.000000e+00,0.000000e+00,0.000000e+00,0.000000e+00,0.000000e+00,-2.981556e-19,-4.161842e-13,0.000000e+00,0.000000e+00,0.000000e+00,0.000000e+00,2.854191e+01,8.545162e+02,3.364574e-01,7.164029e-05,0.000000e+00,2.896460e+01,0.000000e+00,0.000000e+00,-6.940504e-01
5.463802e-03,2.774849e+01,8.554993e+02,-4.320628e-05,-8.169142e-05,3.364574e-01,7.164029e-05,4.847273e-06,0.000000e+00,-6.627591e+00,0.000000e+00,0.000000e+00,0.000000e+00,0.000000e+00,0.000000e+00,0.000000e+00,0.000000e+00,-2.981556e-19,-4.161842e-13,0.000000e+00,0.000000e+00,0.000000e+00,0.000000e+00,2.774849e+01,8.553080e+02,3.364574e-01,7.164029e-05,0.000000e+00,2.901014e+01,0.000000e+00,0.000000e+00,-6.940504e-01
5.473496e-03,2.695712e+01,8.562927e+02,-4.320628e-05,-8.169142e-05,3.364574e-01,7.164029e-05,4.847632e-06,0.000000e+00,-6.627591e+00,0.000000e+00,0.000000e+00,0.000000e+00,0.000000e+00,0.000000e+00,0.000000e+00,0.000000e+00,-2.981556e-19,-4.161842e-13,0.000000e+00,0.000000e+00,0.000000e+00,0.000000e+00,2.695712e+01,8.561021e+02,3.364574e-01,7.164029e-05,0.000000e+00,2.905567e+01,0.000000e+00,0.000000e+00,-6.940504e-01
5.483192e-03,2.617351e+01,8.570788e+02,-4.320628e-05,-8.169142e-05,3.364574e-01,7.164029e-05,4.849925e-06,0.000000e+00,-6.627591e+00,0.000000e+00,0.000000e+00,0.000000e+00,0.000000e+00,0.000000e+00,0.000000e+00,0.000000e+00,-2.981556e-19,-4.161842e-13,0.000000e+00,0.000000e+00,0.000000e+00,0.000000e+00,2.617351e+01,8.568910e+02,3.364574e-01,7.164029e-05,0.000000e+00,2.910120e+01,0.000000e+00,0.000000e+00,-6.940504e-01
5.492894e-03,2.540420e+01,8.578492e+02,-4.320628e-05,-8.169142e-05,3.364574e-01,7.164029e-05,4.854100e-06,0.000000e+00,-6.627591e+00,0.000000e+00,0.000000e+00,0.000000e+00,0.000000e+00,0.000000e+00,0.000000e+00,0.000000e+00,-2.981556e-19,-4.161842e-13,0.000000e+00,0.000000e+00,0.000000e+00,0.000000e+00,2.540420e+01,8.576662e+02,3.364574e-01,7.164029e-05,0.000000e+00,2.914677e+01,0.000000e+00,0.000000e+00,-6.940504e-01
5.502605e-03,2.465547e+01,8.585968e+02,-4.320628e-05,-8.169142e-05,3.364574e-01,7.164029e-05,4.859936e-06,0.000000e+00,-6.627591e+00,0.000000e+00,0.000000e+00,0.000000e+00,0.000000e+00,0.000000e+00,0.000000e+00,0.000000e+00,-2.981556e-19,-4.161842e-13,0.000000e+00,0.000000e+00,0.000000e+00,0.000000e+00,2.465547e+01,8.584201e+02,3.364574e-01,7.164029e-05,0.000000e+00,2.919238e+01,0.000000e+00,0.000000e+00,-6.940504e-01
5.512328e-03,2.393252e+01,8.593170e+02,-4.320628e-05,-8.169142e-05,3.364574e-01,7.164029e-05,4.867071e-06,0.000000e+00,-6.627591e+00,0.000000e+00,0.000000e+00,0.000000e+00,0.000000e+00,0.000000e+00,0.000000e+00,0.000000e+00,-2.981556e-19,-4.161842e-13,0.000000e+00,0.000000e+00,0.000000e+00,0.000000e+00,2.393252e+01,8.591475e+02,3.364574e-01,7.164029e-05,0.000000e+00,2.923804e+01,0.000000e+00,0.000000e+00,-6.940504e-01
5.522067e-03,2.323949e+01,8.600071e+02,-4.320628e-05,-8.169142e-05,3.364574e-01,7.164029e-05,4.875100e-06,0.000000e+00,-6.627591e+00,0.000000e+00,0.000000e+00,0.000000e+00,0.000000e+00,0.000000e+00,0.000000e+00,0.000000e+00,-2.981556e-19,-4.161842e-13,0.000000e+00,0.000000e+00,0.000000e+00,0.000000e+00,2.323949e+01,8.598454e+02,3.364574e-01,7.164029e-05,0.000000e+00,2.928378e+01,0.000000e+00,0.000000e+00,-6.940504e-01
5.531821e-03,2.257974e+01,8.606656e+02,-4.320628e-05,-8.169142e-05,3.364574e-01,7.164029e-05,4.883612e-06,0.000000e+00,-6.627591e+00,0.000000e+00,0.000000e+00,0.000000e+00,0.000000e+00,0.000000e+00,0.000000e+00,0.000000e+00,-2.981556e-19,-4.161842e-13,0.000000e+00,0.000000e+00,0.000000e+00,0.000000e+00,2.257974e+01,8.605120e+02,3.364574e-01,7.164029e-05,0.000000e+00,2.932959e+01,0.000000e+00,0.000000e+00,-6.940504e-01
5.541592e-03,2.195637e+01,8.612899e+02,-4.320628e-05,-8.169142e-05,3.364574e-01,7.164029e-05,4.892193e-06,0.000000e+00,-6.627591e+00,0.000000e+00,0.000000e+00,0.000000e+00,0.000000e+00,0.000000e+00,0.000000e+00,0.000000e+00,-2.981556e-19,-4.161842e-13,0.000000e+00,0.000000e+00,0.000000e+00,0.000000e+00,2.195637e+01,8.611452e+02,3.364574e-01,7.164029e-05,0.000000e+00,2.937548e+01,0.000000e+00,0.000000e+00,-6.940504e-01
5.551381e-03,2.137235e+01,8.618763e+02,-4.320628e-05,-8.169142e-05,3.364574e-01,7.164029e-05,4.900476e-06,0.000000e+00,-6.627591e+00,0.000000e+00,0.000000e+00,0.000000e+00,0.000000e+00,0.000000e+00,0.000000e+00,0.000000e+00,-2.981556e-19,-4.161842e-13,0.000000e+00,0.000000e+00,0.000000e+00,0.000000e+00,2.137235e+01,8.617415e+02,3.364574e-01,7.164029e-05,0.000000e+00,2.942145e+01,0.000000e+00,0.000000e+00,-6.940504e-01
5.561186e-03,2.083037e+01,8.624210e+02,-4.320628e-05,-8.169142e-05,3.364574e-01,7.164029e-05,4.908186e-06,0.000000e+00,-6.627591e+00,0.000000e+00,0.000000e+00,0.000000e+00,0.000000e+00,0.000000e+00,0.000000e+00,0.000000e+00,-2.981556e-19,-4.161842e-13,0.000000e+00,0.000000e+00,0.000000e+00,0.000000e+00,2.083037e+01,8.622971e+02,3.364574e-01,7.164029e-05,0.000000e+00,2.946750e+01,0.000000e+00,0.000000e+00,-6.940504e-01
5.571006e-03,2.033272e+01,8.629210e+02,-4.320628e-05,-8.169142e-05,3.364574e-01,7.164029e-05,4.915002e-06,0.000000e+00,-6.627591e+00,0.000000e+00,0.000000e+00,0.000000e+00,0.000000e+00,0.000000e+00,0.000000e+00,0.000000e+00,-2.981556e-19,-4.161842e-13,0.000000e+00,0.000000e+00,0.000000e+00,0.000000e+00,2.033272e+01,8.628085e+02,3.364574e-01,7.164029e-05,0.000000e+00,2.951362e+01,0.000000e+00,0.000000e+00,-6.940504e-01
5.580839e-03,1.988172e+01,8.633737e+02,-4.320628e-05,-8.169142e-05,3.364574e-01,7.164029e-05,4.920557e-06,0.000000e+00,-6.627591e+00,0.000000e+00,0.000000e+00,0.000000e+00,0.000000e+00,0.000000e+00,0.000000e+00,0.000000e+00,-2.981556e-19,-4.161842e-13,0.000000e+00,0.000000e+00,0.000000e+00,0.000000e+00,1.988172e+01,8.632734e+02,3.364574e-01,7.164029e-05,0.000000e+00,2.955980e+01,0.000000e+00,0.000000e+00,-6.940504e-01
5.590682e-03,1.948042e+01,8.637762e+02,-4.320628e-05,-8.169142e-05,3.364574e-01,7.164029e-05,4.924512e-06,0.000000e+00,-6.627591e+00,0.000000e+00,0.000000e+00,0.000000e+00,0.000000e+00,0.000000e+00,0.000000e+00,0.000000e+00,-2.981556e-19,-4.161842e-13,0.000000e+00,0.000000e+00,0.000000e+00,0.000000e+00,1.948042e+01,8.636888e+02,3.364574e-01,7.164029e-05,0.000000e+00,2.960603e+01,0.000000e+00,0.000000e+00,-6.940504e-01
5.600533e-03,1.913290e+01,8.641242e+02,-4.320628e-05,-8.169142e-05,3.364574e-01,7.164029e-05,4.926669e-06,0.000000e+00,-6.627591e+00,0.000000e+00,0.000000e+00,0.000000e+00,0.000000e+00,0.000000e+00,0.000000e+00,0.000000e+00,-2.981556e-19,-4.161842e-13,0.000000e+00,0.000000e+00,0.000000e+00,0.000000e+00,1.913290e+01,8.640510e+02,3.364574e-01,7.164029e-05,0.000000e+00,2.965229e+01,0.000000e+00,0.000000e+00,-6.940504e-01
5.610386e-03,1.884394e+01,8.644127e+02,-4.320628e-05,-8.169142e-05,3.364574e-01,7.164029e-05,4.927078e-06,0.000000e+00,-6.627591e+00,0.000000e+00,0.000000e+00,0.000000e+00,0.000000e+00,0.000000e+00,0.000000e+00,0.000000e+00,-2.981556e-19,-4.161842e-13,0.000000e+00,0.000000e+00,0.000000e+00,0.000000e+00,1.884394e+01,8.643549e+02,3.364574e-01,7.164029e-05,0.000000e+00,2.969857e+01,0.000000e+00,0.000000e+00,-6.940504e-01
5.620240e-03,1.861824e+01,8.646373e+02,-4.320628e-05,-8.169142e-05,3.364574e-01,7.164029e-05,4.926123e-06,0.000000e+00,-6.627591e+00,0.000000e+00,0.000000e+00,0.000000e+00,0.000000e+00,0.000000e+00,0.000000e+00,0.000000e+00,-2.981556e-19,-4.161842e-13,0.000000e+00,0.000000e+00,0.000000e+00,0.000000e+00,1.861824e+01,8.645959e+02,3.364574e-01,7.164029e-05,0.000000e+00,2.974484e+01,0.000000e+00,0.000000e+00,-6.940504e-01
5.630091e-03,1.845988e+01,8.647944e+02,-4.320628e-05,-8.169142e-05,3.364574e-01,7.164029e-05,4.924372e-06,0.000000e+00,-6.627591e+00,0.000000e+00,0.000000e+00,0.000000e+00,0.000000e+00,0.000000e+00,0.000000e+00,0.000000e+00,-2.981556e-19,-4.161842e-13,0.000000e+00,0.000000e+00,0.000000e+00,0.000000e+00,1.845988e+01,8.647701e+02,3.364574e-01,7.164029e-05,0.000000e+00,2.979111e+01,0.000000e+00,0.000000e+00,-6.940504e-01
5.644862e-03,1.835656e+01,8.648967e+02,-4.320628e-05,-8.169142e-05,3.364574e-01,7.164029e-05,4.921785e-06,0.000000e+00,-6.627591e+00,0.000000e+00,0.000000e+00,0.000000e+00,0.000000e+00,0.000000e+00,0.000000e+00,0.000000e+00,-2.981556e-19,-4.161842e-13,0.000000e+00,0.000000e+00,0.000000e+00,0.000000e+00,1.835656e+01,8.648998e+02,3.364574e-01,7.164029e-05,0.000000e+00,2.986048e+01,0.000000e+00,0.000000e+00,-6.940504e-01
5.654705e-03,1.838252e+01,8.648706e+02,-4.320628e-05,-8.169142e-05,3.364574e-01,7.164029e-05,4.920917e-06,0.000000e+00,-6.627591e+00,0.000000e+00,0.000000e+00,0.000000e+00,0.000000e+00,0.000000e+00,0.000000e+00,0.000000e+00,-2.981556e-19,-4.161842e-13,0.000000e+00,0.000000e+00,0.000000e+00,0.000000e+00,1.838252e+01,8.648932e+02,3.364574e-01,7.164029e-05,0.000000e+00,2.990671e+01,0.000000e+00,0.000000e+00,-6.940504e-01
5.664547e-03,1.848848e+01,8.647639e+02,-4.320628e-05,-8.169142e-05,3.364574e-01,7.164029e-05,4.921146e-06,0.000000e+00,-6.627591e+00,0.000000e+00,0.000000e+00,0.000000e+00,0.000000e+00,0.000000e+00,0.000000e+00,0.000000e+00,-2.981556e-19,-4.161842e-13,0.000000e+00,0.000000e+00,0.000000e+00,0.000000e+00,1.848848e+01,8.648071e+02,3.364574e-01,7.164029e-05,0.000000e+00,2.995293e+01,0.000000e+00,0.000000e+00,-6.940504e-01
5.674390e-03,1.867694e+01,8.645737e+02,-4.320628e-05,-8.169142e-05,3.364574e-01,7.164029e-05,4.922587e-06,0.000000e+00,-6.627591e+00,0.000000e+00,0.000000e+00,0.000000e+00,0.000000e+00,0.000000e+00,0.000000e+00,0.000000e+00,-2.981556e-19,-4.161842e-13,0.000000e+00,0.000000e+00,0.000000e+00,0.000000e+00,1.867694e+01,8.646380e+02,3.364574e-01,7.164029e-05,0.000000e+00,2.999916e+01,0.000000e+00,0.000000e+00,-6.940504e-01
5.684236e-03,1.894887e+01,8.642994e+02,-4.320628e-05,-8.169142e-05,3.364574e-01,7.164029e-05,4.925232e-06,0.000000e+00,-6.627591e+00,0.000000e+00,0.000000e+00,0.000000e+00,0.000000e+00,0.000000e+00,0.000000e+00,0.000000e+00,-2.981556e-19,-4.161842e-13,0.000000e+00,0.000000e+00,0.000000e+00,0.000000e+00,1.894887e+01,8.643846e+02,3.364574e-01,7.164029e-05,0.000000e+00,3.004540e+01,0.000000e+00,0.000000e+00,-6.940504e-01
5.694088e-03,1.930361e+01,8.639424e+02,-4.320628e-05,-8.169142e-05,3.364574e-01,7.164029e-05,4.929107e-06,0.000000e+00,-6.627591e+00,0.000000e+00,0.000000e+00,0.000000e+00,0.000000e+00,0.000000e+00,0.000000e+00,0.000000e+00,-2.981556e-19,-4.161842e-13,0.000000e+00,0.000000e+00,0.000000e+00,0.000000e+00,1.930361e+01,8.640480e+02,3.364574e-01,7.164029e-05,0.000000e+00,3.009167e+01,0.000000e+00,0.000000e+00,-6.940504e-01
5.703949e-03,1.973911e+01,8.635056e+02,-4.320628e-05,-8.169142e-05,3.364574e-01,7.164029e-05,4.934323e-06,0.000000e+00,-6.627591e+00,0.000000e+00,0.000000e+00,0.000000e+00,0.000000e+00,0.000000e+00,0.000000e+00,0.000000e+00,-2.981556e-19,-4.161842e-13,0.000000e+00,0.000000e+00,0.000000e+00,0.000000e+00,1.973911e+01,8.636307e+02,3.364574e-01,7.164029e-05,0.000000e+00,3.013798e+01,0.000000e+00,0.000000e+00,-6.940504e-01
5.713820e-03,2.025246e+01,8.629925e+02,-4.320628e-05,-8.169142e-05,3.364574e-01,7.164029e-05,4.941133e-06,0.000000e+00,-6.627591e+00,0.000000e+00,0.000000e+00,0.000000e+00,0.000000e+00,0.000000e+00,0.000000e+00,0.000000e+00,-2.981556e-19,-4.161842e-13,0.000000e+00,0.000000e+00,0.000000e+00,0.000000e+00,2.025246e+01,8.631364e+02,3.364574e-01,7.164029e-05,0.000000e+00,3.018435e+01,0.000000e+00,0.000000e+00,-6.940504e-01
5.723707e-03,2.084049e+01,8.624063e+02,-4.320628e-05,-8.169142e-05,3.364574e-01,7.164029e-05,4.949960e-06,0.000000e+00,-6.627591e+00,0.000000e+00,0.000000e+00,0.000000e+00,0.000000e+00,0.000000e+00,0.000000e+00,0.000000e+00,-2.981556e-19,-4.161842e-13,0.000000e+00,0.000000e+00,0.000000e+00,0.000000e+00,2.084049e+01,8.625682e+02,3.364574e-01,7.164029e-05,0.000000e+00,3.023078e+01,0.000000e+00,0.000000e+00,-6.940504e-01
5.733612e-03,2.150026e+01,8.617495e+02,-4.320628e-05,-8.169142e-05,3.364574e-01,7.164029e-05,4.961336e-06,0.000000e+00,-6.627591e+00,0.000000e+00,0.000000e+00,0.000000e+00,0.000000e+00,0.000000e+00,0.000000e+00,0.000000e+00,-2.981556e-19,-4.161842e-13,0.000000e+00,0.000000e+00,0.000000e+00,0.000000e+00,2.150026e+01,8.619288e+02,3.364574e-01,7.164029e-05,0.000000e+00,3.027730e+01,0.000000e+00,0.000000e+00,-6.940504e-01
5.743542e-03,2.222939e+01,8.610234e+02,-4.320628e-05,-8.169142e-05,3.364574e-01,7.164029e-05,4.975444e-06,0.000000e+00,-6.627591e+00,0.000000e+00,0.000000e+00,0.000000e+00,0.000000e+00,0.000000e+00,0.000000e+00,0.000000e+00,-2.981556e-19,-4.161842e-13,0.000000e+00,0.000000e+00,0.000000e+00,0.000000e+00,2.222939e+01,8.612200e+02,3.364574e-01,7.164029e-05,0.000000e+00,3.032393e+01,0.000000e+00,0.000000e+00,-6.940504e-01
5.753500e-03,2.302608e+01,8.602286e+02,-4.320628e-05,-8.169142e-05,3.364574e-01,7.164029e-05,4.991938e-06,0.000000e+00,-6.627591e+00,0.000000e+00,0.000000e+00,0.000000e+00,0.000000e+00,0.000000e+00,0.000000e+00,0.000000e+00,-2.981556e-19,-4.161842e-13,0.000000e+00,0.000000e+00,0.000000e+00,0.000000e+00,2.302608e+01,8.604423e+02,3.364574e-01,7.164029e-05,0.000000e+00,3.037070e+01,0.000000e+00,0.000000e+00,-6.940504e-01
5.763493e-03,2.388873e+01,8.593658e+02,-4.320628e-05,-8.169142e-05,3.364574e-01,7.164029e-05,5.009972e-06,0.000000e+00,-6.627591e+00,0.000000e+00,0.000000e+00,0.000000e+00,0.000000e+00,0.000000e+00,0.000000e+00,0.000000e+00,-2.981556e-19,-4.161842e-13,0.000000e+00,0.000000e+00,0.000000e+00,0.000000e+00,2.388873e+01,8.595964e+02,3.364574e-01,7.164029e-05,0.000000e+00,3.041763e+01,0.000000e+00,0.000000e+00,-6.940504e-01
5.773522e-03,2.481530e+01,8.584370e+02,-4.320628e-05,-8.169142e-05,3.364574e-01,7.164029e-05,5.023855e-06,0.000000e+00,-6.627591e+00,0.000000e+00,0.000000e+00,0.000000e+00,0.000000e+00,0.000000e+00,0.000000e+00,0.000000e+00,-2.981556e-19,-4.161842e-13,0.000000e+00,0.000000e+00,0.000000e+00,0.000000e+00,2.481530e+01,8.586838e+02,3.364574e-01,7.164029e-05,0.000000e+00,3.046473e+01,0.000000e+00,0.000000e+00,-6.940504e-01
5.783574e-03,2.580155e+01,8.574474e+02,-4.320628e-05,-8.169142e-05,3.364574e-01,7.164029e-05,5.032152e-06,0.000000e+00,-6.627591e+00,0.000000e+00,0.000000e+00,0.000000e+00,0.000000e+00,0.000000e+00,0.000000e+00,0.000000e+00,-2.981556e-19,-4.161842e-13,0.000000e+00,0.000000e+00,0.000000e+00,0.000000e+00,2.580155e+01,8.577087e+02,3.364574e-01,7.164029e-05,0.000000e+00,3.051194e+01,0.000000e+00,0.000000e+00,-6.940504e-01
5.793643e-03,2.684320e+01,8.564023e+02,-4.320628e-05,-8.169142e-05,3.364574e-01,7.164029e-05,5.040774e-06,0.000000e+00,-6.627591e+00,0.000000e+00,0.000000e+00,0.000000e+00,0.000000e+00,0.000000e+00,0.000000e+00,0.000000e+00,-2.981556e-19,-4.161842e-13,0.000000e+00,0.000000e+00,0.000000e+00,0.000000e+00,2.684320e+01,8.566770e+02,3.364574e-01,7.164029e-05,0.000000e+00,3.055923e+01,0.000000e+00,0.000000e+00,-6.940504e-01
5.803728e-03,2.793636e+01,8.553066e+02,-4.320628e-05,-8.169142e-05,3.364574e-01,7.164029e-05,5.048724e-06,0.000000e+00,-6.627591e+00,0.000000e+00,0.000000e+00,0.000000e+00,0.000000e+00,0.000000e+00,0.000000e+00,0.000000e+00,-2.981556e-19,-4.161842e-13,0.000000e+00,0.000000e+00,0.000000e+00,0.000000e+00,2.793636e+01,8.555934e+02,3.364574e-01,7.164029e-05,0.000000e+00,3.060660e+01,0.000000e+00,0.000000e+00,-6.940504e-01
5.813830e-03,2.907715e+01,8.541641e+02,-4.320628e-05,-8.169142e-05,3.364574e-01,7.164029e-05,5.055622e-06,0.000000e+00,-6.627591e+00,0.000000e+00,0.000000e+00,0.000000e+00,0.000000e+00,0.000000e+00,0.000000e+00,0.000000e+00,-2.981556e-19,-4.161842e-13,0.000000e+00,0.000000e+00,0.000000e+00,0.000000e+00,2.907715e+01,8.544624e+02,3.364574e-01,7.164029e-05,0.000000e+00,3.065403e+01,0.000000e+00,0.000000e+00,-6.940504e-01
5.823944e-03,3.026199e+01,8.529782e+02,-4.320628e-05,-8.169142e-05,3.364574e-01,7.164029e-05,5.061374e-06,0.000000e+00,-6.627591e+00,0.000000e+00,0.000000e+00,0.000000e+00,0.000000e+00,0.000000e+00,0.000000e+00,0.000000e+00,-2.981556e-19,-4.161842e-13,0.000000e+00,0.000000e+00,0.000000e+00,0.000000e+00,3.026199e+01,8.532870e+02,3.364574e-01,7.164029e-05,0.000000e+00,3.070154e+01,0.000000e+00,0.000000e+00,-6.940504e-01
5.834069e-03,3.148760e+01,8.517515e+02,-4.320628e-05,-8.169142e-05,3.364574e-01,7.164029e-05,5.065902e-06,0.000000e+00,-6.627591e+00,0.000000e+00,0.000000e+00,0.000000e+00,0.000000e+00,0.000000e+00,0.000000e+00,0.000000e+00,-2.981556e-19,-4.161842e-13,0.000000e+00,0.000000e+00,0.000000e+00,0.000000e+00,3.148760e+01,8.520703e+02,3.364574e-01,7.164029e-05,0.000000e+00,3.074909e+01,0.000000e+00,0.000000e+00,-6.940504e-01
5.844202e-03,3.275087e+01,8.504872e+02,-4.320628e-05,-8.169142e-05,3.364574e-01,7.164029e-05,5.066731e-06,0.000000e+00,-6.627591e+00,0.000000e+00,0.000000e+00,0.000000e+00,0.000000e+00,0.000000e+00,0.000000e+00,0.000000e+00,-2.981556e-19,-4.161842e-13,0.000000e+00,0.000000e+00,0.000000e+00,0.000000e+00,3.275087e+01,8.508149e+02,3.364574e-01,7.164029e-05,0.000000e+00,3.079668e+01,0.000000e+00,0.000000e+00,-6.940504e-01
5.854331e-03,3.404753e+01,8.491899e+02,-4.320628e-05,-8.169142e-05,3.364574e-01,7.164029e-05,5.055712e-06,0.000000e+00,-6.627591e+00,0.000000e+00,0.000000e+00,0.000000e+00,0.000000e+00,0.000000e+00,0.000000e+00,0.000000e+00,-2.981556e-19,-4.161842e-13,0.000000e+00,0.000000e+00,0.000000e+00,0.000000e+00,3.404753e+01,8.495254e+02,3.364574e-01,7.164029e-05,0.000000e+00,3.084425e+01,0.000000e+00,0.000000e+00,-6.940504e-01
5.864436e-03,3.537309e+01,8.478650e+02,-4.320628e-05,-8.169142e-05,3.364574e-01,7.164029e-05,5.042308e-06,0.000000e+00,-6.627591e+00,0.000000e+00,0.000000e+00,0.000000e+00,0.000000e+00,0.000000e+00,0.000000e+00,0.000000e+00,-2.981556e-19,-4.161842e-13,0.000000e+00,0.000000e+00,0.000000e+00,0.000000e+00,3.537309e+01,8.482071e+02,3.364574e-01,7.164029e-05,0.000000e+00,3.089171e+01,0.000000e+00,0.000000e+00,-6.940504e-01
5.874513e-03,3.672525e+01,8.465146e+02,-4.320628e-05,-8.169142e-05,3.364574e-01,7.164029e-05,5.027666e-06,0.000000e+00,-6.627591e+00,0.000000e+00,0.000000e+00,0.000000e+00,0.000000e+00,0.000000e+00,0.000000e+00,0.000000e+00,-2.981556e-19,-4.161842e-13,0.000000e+00,0.000000e+00,0.000000e+00,0.000000e+00,3.672525e+01,8.468629e+02,3.364574e-01,7.164029e-05,0.000000e+00,3.093903e+01,0.000000e+00,0.000000e+00,-6.940504e-01
5.884561e-03,3.810226e+01,8.451400e+02,-4.320628e-05,-8.169142e-05,3.364574e-01,7.164029e-05,5.012904e-06,0.000000e+00,-6.627591e+00,0.000000e+00,0.000000e+00,0.000000e+00,0.000000e+00,0.000000e+00,0.000000e+00,0.000000e+00,-2.981556e-19,-4.161842e-13,0.000000e+00,0.000000e+00,0.000000e+00,0.000000e+00,3.810226e+01,8.454942e+02,3.364574e-01,7.164029e-05,0.000000e+00,3.098622e+01,0.000000e+00,0.000000e+00,-6.940504e-01
5.894580e-03,3.950235e+01,8.437418e+02,-4.320628e-05,-8.169142e-05,3.364574e-01,7.164029e-05,4.999045e-06,0.000000e+00,-6.627591e+00,0.000000e+00,0.000000e+00,0.000000e+00,0.000000e+00,0.000000e+00,0.000000e+00,0.000000e+00,-2.981556e-19,-4.161842e-13,0.000000e+00,0.000000e+00,0.000000e+00,0.000000e+00,3.950235e+01,8.441017e+02,3.364574e-01,7.164029e-05,0.000000e+00,3.103328e+01,0.000000e+00,0.000000e+00,-6.940504e-01
5.904572e-03,4.092355e+01,8.423209e+02,-4.320628e-05,-8.169142e-05,3.364574e-01,7.164029e-05,4.986869e-06,0.000000e+00,-6.627591e+00,0.000000e+00,0.000000e+00,0.000000e+00,0.000000e+00,0.000000e+00,0.000000e+00,0.000000e+00,-2.981556e-19,-4.161842e-13,0.000000e+00,0.000000e+00,0.000000e+00,0.000000e+00,4.092355e+01,8.426862e+02,3.364574e-01,7.164029e-05,0.000000e+00,3.108020e+01,0.000000e+00,0.000000e+00,-6.940504e-01
5.914540e-03,4.236357e+01,8.408796e+02,-4.320628e-05,-8.169142e-05,3.364574e-01,7.164029e-05,4.976829e-06,0.000000e+00,-6.627591e+00,0.000000e+00,0.000000e+00,0.000000e+00,0.000000e+00,0.000000e+00,0.000000e+00,0.000000e+00,-2.981556e-19,-4.161842e-13,0.000000e+00,0.000000e+00,0.000000e+00,0.000000e+00,4.236357e+01,8.412497e+02,3.364574e-01,7.164029e-05,0.000000e+00,3.112702e+01,0.000000e+00,0.000000e+00,-6.940504e-01
5.924489e-03,4.381992e+01,8.394208e+02,-4.320628e-05,-8.169142e-05,3.364574e-01,7.164029e-05,4.969067e-06,0.000000e+00,-6.627591e+00,0.000000e+00,0.000000e+00,0.000000e+00,0.000000e+00,0.000000e+00,0.000000e+00,0.000000e+00,-2.981556e-19,-4.161842e-13,0.000000e+00,0.000000e+00,0.000000e+00,0.000000e+00,4.381992e+01,8.397949e+02,3.364574e-01,7.164029e-05,0.000000e+00,3.117375e+01,0.000000e+00,0.000000e+00,-6.940504e-01
5.934425e-03,4.529009e+01,8.379481e+02,-4.320628e-05,-8.169142e-05,3.364574e-01,7.164029e-05,4.963472e-06,0.000000e+00,-6.627591e+00,0.000000e+00,0.000000e+00,0.000000e+00,0.000000e+00,0.000000e+00,0.000000e+00,0.000000e+00,-2.981556e-19,-4.161842e-13,0.000000e+00,0.000000e+00,0.000000e+00,0.000000e+00,4.529009e+01,8.383252e+02,3.364574e-01,7.164029e-05,0.000000e+00,3.122041e+01,0.000000e+00,0.000000e+00,-6.940504e-01
5.944349e-03,4.677185e+01,8.364647e+02,-4.320628e-05,-8.169142e-05,3.364574e-01,7.164029e-05,4.959792e-06,0.000000e+00,-6.627591e+00,0.000000e+00,0.000000e+00,0.000000e+00,0.000000e+00,0.000000e+00,0.000000e+00,0.000000e+00,-2.981556e-19,-4.161842e-13,0.000000e+00,0.000000e+00,0.000000e+00,0.000000e+00,4.677185e+01,8.368441e+02,3.364574e-01,7.164029e-05,0.000000e+00,3.126702e+01,0.000000e+00,0.000000e+00,-6.940504e-01
5.954268e-03,4.826346e+01,8.349735e+02,-4.320628e-05,-8.169142e-05,3.364574e-01,7.164029e-05,4.957790e-06,0.000000e+00,-6.627591e+00,0.000000e+00,0.000000e+00,0.000000e+00,0.000000e+00,0.000000e+00,0.000000e+00,0.000000e+00,-2.981556e-19,-4.161842e-13,0.000000e+00,0.000000e+00,0.000000e+00,0.000000e+00,4.826346e+01,8.353546e+02,3.364574e-01,7.164029e-05,0.000000e+00,3.131360e+01,0.000000e+00,0.000000e+00,-6.940504e-01
5.964183e-03,4.976412e+01,8.334756e+02,-4.320628e-05,-8.169142e-05,3.364574e-01,7.164029e-05,4.957449e-06,0.000000e+00,-6.627591e+00,0.000000e+00,0.000000e+00,0.000000e+00,0.000000e+00,0.000000e+00,0.000000e+00,0.000000e+00,-2.981556e-19,-4.161842e-13,0.000000e+00,0.000000e+00,0.000000e+00,0.000000e+00,4.976412e+01,8.338583e+02,3.364574e-01,7.164029e-05,0.000000e+00,3.136017e+01,0.000000e+00,0.000000e+00,-6.940504e-01
5.974098e-03,5.127390e+01,8.319702e+02,-4.320628e-05,-8.169142e-05,3.364574e-01,7.164029e-05,4.958756e-06,0.000000e+00,-6.627591e+00,0.000000e+00,0.000000e+00,0.000000e+00,0.000000e+00,0.000000e+00,0.000000e+00,0.000000e+00,-2.981556e-19,-4.161842e-13,0.000000e+00,0.000000e+00,0.000000e+00,0.000000e+00,5.127390e+01,8.323549e+02,3.364574e-01,7.164029e-05,0.000000e+00,3.140673e+01,0.000000e+00,0.000000e+00,-6.940504e-01
5.984017e-03,5.279320e+01,8.304555e+02,-4.320628e-05,-8.169142e-05,3.364574e-01,7.164029e-05,4.961629e-06,0.000000e+00,-6.627591e+00,0.000000e+00,0.000000e+00,0.000000e+00,0.000000e+00,0.000000e+00,0.000000e+00,0.000000e+00,-2.981556e-19,-4.161842e-13,0.000000e+00,0.000000e+00,0.000000e+00,0.000000e+00,5.279320e+01,8.308427e+02,3.364574e-01,7.164029e-05,0.000000e+00,3.145332e+01,0.000000e+00,0.000000e+00,-6.940504e-01
5.993942e-03,5.432178e+01,8.289304e+02,-4.320628e-05,-8.169142e-05,3.364574e-01,7.164029e-05,4.965812e-06,0.000000e+00,-6.627591e+00,0.000000e+00,0.000000e+00,0.000000e+00,0.000000e+00,0.000000e+00,0.000000e+00,0.000000e+00,-2.981556e-19,-4.161842e-13,0.000000e+00,0.000000e+00,0.000000e+00,0.000000e+00,5.432178e+01,8.293203e+02,3.364574e-01,7.164029e-05,0.000000e+00,3.149993e+01,0.000000e+00,0.000000e+00,-6.940504e-01
6.003876e-03,5.585805e+01,8.273958e+02,-4.320628e-05,-8.169142e-05,3.364574e-01,7.164029e-05,4.970769e-06,0.000000e+00,-6.627591e+00,0.000000e+00,0.000000e+00,0.000000e+00,0.000000e+00,0.000000e+00,0.000000e+00,0.000000e+00,-2.981556e-19,-4.161842e-13,0.000000e+00,0.000000e+00,0.000000e+00,0.000000e+00,5.585805e+01,8.277877e+02,3.364574e-01,7.164029e-05,0.000000e+00,3.154659e+01,0.000000e+00,0.000000e+00,-6.940504e-01
6.013820e-03,5.739859e+01,8.258553e+02,-4.320628e-05,-8.169142e-05,3.364574e-01,7.164029e-05,4.975686e-06,0.000000e+00,-6.627591e+00,0.000000e+00,0.000000e+00,0.000000e+00,0.000000e+00,0.000000e+00,0.000000e+00,0.000000e+00,-2.981556e-19,-4.161842e-13,0.000000e+00,0.000000e+00,0.000000e+00,0.000000e+00,5.739859e+01,8.262481e+02,3.364574e-01,7.164029e-05,0.000000e+00,3.159329e+01,0.000000e+00,0.000000e+00,-6.940504e-01
6.023774e-03,5.893822e+01,8.243151e+02,-4.320628e-05,-8.169142e-05,3.364574e-01,7.164029e-05,4.979763e-06,0.000000e+00,-6.627591e+00,0.000000e+00,0.000000e+00,0.000000e+00,0.000000e+00,0.000000e+00,0.000000e+00,0.000000e+00,-2.981556e-19,-4.161842e-13,0.000000e+00,0.000000e+00,0.000000e+00,0.000000e+00,5.893822e+01,8.247072e+02,3.364574e-01,7.164029e-05,0.000000e+00,3.164004e+01,0.000000e+00,0.000000e+00,-6.940504e-01
6.033735e-03,6.047050e+01,8.227825e+02,-4.320628e-05,-8.169142e-05,3.364574e-01,7.164029e-05,4.982231e-06,0.000000e+00,-6.627591e+00,0.000000e+00,0.000000e+00,0.000000e+00,0.000000e+00,0.000000e+00,0.000000e+00,0.000000e+00,-2.981556e-19,-4.161842e-13,0.000000e+00,0.000000e+00,0.000000e+00,0.000000e+00,6.047050e+01,8.231719e+02,3.364574e-01,7.164029e-05,0.000000e+00,3.168682e+01,0.000000e+00,0.000000e+00,-6.940504e-01
6.043700e-03,6.198827e+01,8.212644e+02,-4.320628e-05,-8.169142e-05,3.364574e-01,7.164029e-05,4.982512e-06,0.000000e+00,-6.627591e+00,0.000000e+00,0.000000e+00,0.000000e+00,0.000000e+00,0.000000e+00,0.000000e+00,0.000000e+00,-2.981556e-19,-4.161842e-13,0.000000e+00,0.000000e+00,0.000000e+00,0.000000e+00,6.198827e+01,8.216494e+02,3.364574e-01,7.164029e-05,0.000000e+00,3.173362e+01,0.000000e+00,0.000000e+00,-6.940504e-01
6.053664e-03,6.348394e+01,8.197674e+02,-4.320628e-05,-8.169142e-05,3.364574e-01,7.164029e-05,4.980334e-06,0.000000e+00,-6.627591e+00,0.000000e+00,0.000000e+00,0.000000e+00,0.000000e+00,0.000000e+00,0.000000e+00,0.000000e+00,-2.981556e-19,-4.161842e-13,0.000000e+00,0.000000e+00,0.000000e+00,0.000000e+00,6.348394e+01,8.201465e+02,3.364574e-01,7.164029e-05,0.000000e+00,3.178041e+01,0.000000e+00,0.000000e+00,-6.940504e-01
6.063623e-03,6.494971e+01,8.182988e+02,-4.320628e-05,-8.169142e-05,3.364574e-01,7.164029e-05,4.975779e-06,0.000000e+00,-6.627591e+00,0.000000e+00,0.000000e+00,0.000000e+00,0.000000e+00,0.000000e+00,0.000000e+00,0.000000e+00,-2.981556e-19,-4.161842e-13,0.000000e+00,0.000000e+00,0.000000e+00,0.000000e+00,6.494971e+01,8.186699e+02,3.364574e-01,7.164029e-05,0.000000e+00,3.182718e+01,0.000000e+00,0.000000e+00,-6.940504e-01
6.073571e-03,6.637778e+01,8.168664e+02,-4.320628e-05,-8.169142e-05,3.364574e-01,7.164029e-05,4.969248e-06,0.000000e+00,-6.627591e+00,0.000000e+00,0.000000e+00,0.000000e+00,0.000000e+00,0.000000e+00,0.000000e+00,0.000000e+00,-2.981556e-19,-4.161842e-13,0.000000e+00,0.000000e+00,0.000000e+00,0.000000e+00,6.637778e+01,8.172275e+02,3.364574e-01,7.164029e-05,0.000000e+00,3.187391e+01,0.000000e+00,0.000000e+00,-6.940504e-01
6.083506e-03,6.776099e+01,8.154786e+02,-4.320628e-05,-8.169142e-05,3.364574e-01,7.164029e-05,4.961290e-06,0.000000e+00,-6.627591e+00,0.000000e+00,0.000000e+00,0.000000e+00,0.000000e+00,0.000000e+00,0.000000e+00,0.000000e+00,-2.981556e-19,-4.161842e-13,0.000000e+00,0.000000e+00,0.000000e+00,0.000000e+00,6.776099e+01,8.158277e+02,3.364574e-01,7.164029e-05,0.000000e+00,3.192056e+01,0.000000e+00,0.000000e+00,-6.940504e-01
6.093424e-03,6.909353e+01,8.141425e+02,-4.320628e-05,-8.169142e-05,3.364574e-01,7.164029e-05,4.952486e-06,0.000000e+00,-6.627591e+00,0.000000e+00,0.000000e+00,0.000000e+00,0.000000e+00,0.000000e+00,0.000000e+00,0.000000e+00,-2.981556e-19,-4.161842e-13,0.000000e+00,0.000000e+00,0.000000e+00,0.000000e+00,6.909353e+01,8.144780e+02,3.364574e-01,7.164029e-05,0.000000e+00,3.196715e+01,0.000000e+00,0.000000e+00,-6.940504e-01
6.103325e-03,7.037138e+01,8.128626e+02,-4.320628e-05,-8.169142e-05,3.364574e-01,7.164029e-05,4.943321e-06,0.000000e+00,-6.627591e+00,0.000000e+00,0.000000e+00,0.000000e+00,0.000000e+00,0.000000e+00,0.000000e+00,0.000000e+00,-2.981556e-19,-4.161842e-13,0.000000e+00,0.000000e+00,0.000000e+00,0.000000e+00,7.037138e+01,8.131838e+02,3.364574e-01,7.164029e-05,0.000000e+00,3.201365e+01,0.000000e+00,0.000000e+00,-6.940504e-01
6.113207e-03,7.159218e+01,8.116408e+02,-4.320628e-05,-8.169142e-05,3.364574e-01,7.164029e-05,4.934085e-06,0.000000e+00,-6.627591e+00,0.000000e+00,0.000000e+00,0.000000e+00,0.000000e+00,0.000000e+00,0.000000e+00,0.000000e+00,-2.981556e-19,-4.161842e-13,0.000000e+00,0.000000e+00,0.000000e+00,0.000000e+00,7.159218e+01,8.119474e+02,3.364574e-01,7.164029e-05,0.000000e+00,3.206005e+01,0.000000e+00,0.000000e+00,-6.940504e-01
6.123070e-03,7.275445e+01,8.104775e+02,-4.320628e-05,-8.169142e-05,3.364574e-01,7.164029e-05,4.924978e-06,0.000000e+00,-6.627591e+00,0.000000e+00,0.000000e+00,0.000000e+00,0.000000e+00,0.000000e+00,0.000000e+00,0.000000e+00,-2.981556e-19,-4.161842e-13,0.000000e+00,0.000000e+00,0.000000e+00,0.000000e+00,7.275445e+01,8.107693e+02,3.364574e-01,7.164029e-05,0.000000e+00,3.210638e+01,0.000000e+00,0.000000e+00,-6.940504e-01
6.132916e-03,7.385654e+01,8.093732e+02,-4.320628e-05,-8.169142e-05,3.364574e-01,7.164029e-05,4.916120e-06,0.000000e+00,-6.627591e+00,0.000000e+00,0.000000e+00,0.000000e+00,0.000000e+00,0.000000e+00,0.000000e+00,0.000000e+00,-2.981556e-19,-4.161842e-13,0.000000e+00,0.000000e+00,0.000000e+00,0.000000e+00,7.385654e+01,8.096501e+02,3.364574e-01,7.164029e-05,0.000000e+00,3.215262e+01,0.000000e+00,0.000000e+00,-6.940504e-01
6.142743e-03,7.489608e+01,8.083302e+02,-4.320628e-05,-8.169142e-05,3.364574e-01,7.164029e-05,4.907622e-06,0.000000e+00,-6.627591e+00,0.000000e+00,0.000000e+00,0.000000e+00,0.000000e+00,0.000000e+00,0.000000e+00,0.000000e+00,-2.981556e-19,-4.161842e-13,0.000000e+00,0.000000e+00,0.000000e+00,0.000000e+00,7.489608e+01,8.085914e+02,3.364574e-01,7.164029e-05,0.000000e+00,3.219877e+01,0.000000e+00,0.000000e+00,-6.940504e-01
6.152555e-03,7.586980e+01,8.073527e+02,-4.320628e-05,-8.169142e-05,3.364574e-01,7.164029e-05,4.899607e-06,0.000000e+00,-6.627591e+00,0.000000e+00,0.000000e+00,0.000000e+00,0.000000e+00,0.000000e+00,0.000000e+00,0.000000e+00,-2.981556e-19,-4.161842e-13,0.000000e+00,0.000000e+00,0.000000e+00,0.000000e+00,7.586980e+01,8.075969e+02,3.364574e-01,7.164029e-05,0.000000e+00,3.224485e+01,0.000000e+00,0.000000e+00,-6.940504e-01
6.162350e-03,7.677399e+01,8.064454e+02,-4.320628e-05,-8.169142e-05,3.364574e-01,7.164029e-05,4.892224e-06,0.000000e+00,-6.627591e+00,0.000000e+00,0.000000e+00,0.000000e+00,0.000000e+00,0.000000e+00,0.000000e+00,0.000000e+00,-2.981556e-19,-4.161842e-13,0.000000e+00,0.000000e+00,0.000000e+00,0.000000e+00,7.677399e+01,8.066714e+02,3.364574e-01,7.164029e-05,0.000000e+00,3.229086e+01,0.000000e+00,0.000000e+00,-6.940504e-01
6.172131e-03,7.760504e+01,8.056134e+02,-4.320628e-05,-8.169142e-05,3.364574e-01,7.164029e-05,4.885714e-06,0.000000e+00,-6.627591e+00,0.000000e+00,0.000000e+00,0.000000e+00,0.000000e+00,0.000000e+00,0.000000e+00,0.000000e+00,-2.981556e-19,-4.161842e-13,0.000000e+00,0.000000e+00,0.000000e+00,0.000000e+00,7.760504e+01,8.058201e+02,3.364574e-01,7.164029e-05,0.000000e+00,3.233679e+01,0.000000e+00,0.000000e+00,-6.940504e-01
6.181900e-03,7.836006e+01,8.048602e+02,-4.320628e-05,-8.169142e-05,3.364574e-01,7.164029e-05,4.880407e-06,0.000000e+00,-6.627591e+00,0.000000e+00,0.000000e+00,0.000000e+00,0.000000e+00,0.000000e+00,0.000000e+00,0.000000e+00,-2.981556e-19,-4.161842e-13,0.000000e+00,0.000000e+00,0.000000e+00,0.000000e+00,7.836006e+01,8.050469e+02,3.364574e-01,7.164029e-05,0.000000e+00,3.238267e+01,0.000000e+00,0.000000e+00,-6.940504e-01
6.191659e-03,7.903727e+01,8.041873e+02,-4.320628e-05,-8.169142e-05,3.364574e-01,7.164029e-05,4.876799e-06,0.000000e+00,-6.627591e+00,0.000000e+00,0.000000e+00,0.000000e+00,0.000000e+00,0.000000e+00,0.000000e+00,0.000000e+00,-2.981556e-19,-4.161842e-13,0.000000e+00,0.000000e+00,0.000000e+00,0.000000e+00,7.903727e+01,8.043539e+02,3.364574e-01,7.164029e-05,0.000000e+00,3.242850e+01,0.000000e+00,0.000000e+00,-6.940504e-01
6.201411e-03,7.963600e+01,8.035942e+02,-4.320628e-05,-8.169142e-05,3.364574e-01,7.164029e-05,4.875413e-06,0.000000e+00,-6.627591e+00,0.000000e+00,0.000000e+00,0.000000e+00,0.000000e+00,0.000000e+00,0.000000e+00,0.000000e+00,-2.981556e-19,-4.161842e-13,0.000000e+00,0.000000e+00,0.000000e+00,0.000000e+00,7.963600e+01,8.037410e+02,3.364574e-01,7.164029e-05,0.000000e+00,3.247430e+01,0.000000e+00,0.000000e+00,-6.940504e-01
6.211163e-03,8.015627e+01,8.030792e+02,-4.320628e-05,-8.169142e-05,3.364574e-01,7.164029e-05,4.876726e-06,0.000000e+00,-6.627591e+00,0.000000e+00,0.000000e+00,0.000000e+00,0.000000e+00,0.000000e+00,0.000000e+00,0.000000e+00,-2.981556e-19,-4.161842e-13,0.000000e+00,0.000000e+00,0.000000e+00,0.000000e+00,8.015627e+01,8.032067e+02,3.364574e-01,7.164029e-05,0.000000e+00,3.252010e+01,0.000000e+00,0.000000e+00,-6.940504e-01
6.220918e-03,8.059819e+01,8.026408e+02,-4.320628e-05,-8.169142e-05,3.364574e-01,7.164029e-05,4.881052e-06,0.000000e+00,-6.627591e+00,0.000000e+00,0.000000e+00,0.000000e+00,0.000000e+00,0.000000e+00,0.000000e+00,0.000000e+00,-2.981556e-19,-4.161842e-13,0.000000e+00,0.000000e+00,0.000000e+00,0.000000e+00,8.059819e+01,8.027491e+02,3.364574e-01,7.164029e-05,0.000000e+00,3.256592e+01,0.000000e+00,0.000000e+00,-6.940504e-01
6.230683e-03,8.096156e+01,8.022791e+02,-4.320628e-05,-8.169142e-05,3.364574e-01,7.164029e-05,4.888455e-06,0.000000e+00,-6.627591e+00,0.000000e+00,0.000000e+00,0.000000e+00,0.000000e+00,0.000000e+00,0.000000e+00,0.000000e+00,-2.981556e-19,-4.161842e-13,0.000000e+00,0.000000e+00,0.000000e+00,0.000000e+00,8.096156e+01,8.023682e+02,3.364574e-01,7.164029e-05,0.000000e+00,3.261178e+01,0.000000e+00,0.000000e+00,-6.940504e-01
6.240465e-03,8.124578e+01,8.019955e+02,-4.320628e-05,-8.169142e-05,3.364574e-01,7.164029e-05,4.898714e-06,0.000000e+00,-6.627591e+00,0.000000e+00,0.000000e+00,0.000000e+00,0.000000e+00,0.000000e+00,0.000000e+00,0.000000e+00,-2.981556e-19,-4.161842e-13,0.000000e+00,0.000000e+00,0.000000e+00,0.000000e+00,8.124578e+01,8.020649e+02,3.364574e-01,7.164029e-05,0.000000e+00,3.265772e+01,0.000000e+00,0.000000e+00,-6.940504e-01
6.250268e-03,8.144998e+01,8.017922e+02,-4.320628e-05,-8.169142e-05,3.364574e-01,7.164029e-05,4.911262e-06,0.000000e+00,-6.627591e+00,0.000000e+00,0.000000e+00,0.000000e+00,0.000000e+00,0.000000e+00,0.000000e+00,0.000000e+00,-2.981556e-19,-4.161842e-13,0.000000e+00,0.000000e+00,0.000000e+00,0.000000e+00,8.144998e+01,8.018413e+02,3.364574e-01,7.164029e-05,0.000000e+00,3.270376e+01,0.000000e+00,0.000000e+00,-6.940504e-01
6.260097e-03,8.157323e+01,8.016708e+02,-4.320628e-05,-8.169142e-05,3.364574e-01,7.164029e-05,4.925179e-06,0.000000e+00,-6.627591e+00,0.000000e+00,0.000000e+00,0.000000e+00,0.000000e+00,0.000000e+00,0.000000e+00,0.000000e+00,-2.981556e-19,-4.161842e-13,0.000000e+00,0.000000e+00,0.000000e+00,0.000000e+00,8.157323e+01,8.016994e+02,3.364574e-01,7.164029e-05,0.000000e+00,3.274992e+01,0.000000e+00,0.000000e+00,-6.940504e-01
6.274894e-03,8.160437e+01,8.016448e+02,-4.320628e-05,-8.169142e-05,3.364574e-01,7.164029e-05,4.946151e-06,0.000000e+00,-6.627591e+00,0.000000e+00,0.000000e+00,0.000000e+00,0.000000e+00,0.000000e+00,0.000000e+00,0.000000e+00,-2.981556e-19,-4.161842e-13,0.000000e+00,0.000000e+00,0.000000e+00,0.000000e+00,8.160437e+01,8.016422e+02,3.364574e-01,7.164029e-05,0.000000e+00,3.281942e+01,0.000000e+00,0.000000e+00,-6.940504e-01
6.284793e-03,8.152132e+01,8.017312e+02,-4.320628e-05,-8.169142e-05,3.364574e-01,7.164029e-05,4.958471e-06,0.000000e+00,-6.627591e+00,0.000000e+00,0.000000e+00,0.000000e+00,0.000000e+00,0.000000e+00,0.000000e+00,0.000000e+00,-2.981556e-19,-4.161842e-13,0.000000e+00,0.000000e+00,0.000000e+00,0.000000e+00,8.152132e+01,8.017079e+02,3.364574e-01,7.164029e-05,0.000000e+00,3.286591e+01,0.000000e+00,0.000000e+00,-6.940504e-01
6.294715e-03,8.135399e+01,8.019003e+02,-4.320628e-05,-8.169142e-05,3.364574e-01,7.164029e-05,4.968272e-06,0.000000e+00,-6.627591e+00,0.000000e+00,0.000000e+00,0.000000e+00,0.000000e+00,0.000000e+00,0.000000e+00,0.000000e+00,-2.981556e-19,-4.161842e-13,0.000000e+00,0.000000e+00,0.000000e+00,0.000000e+00,8.135399e+01,8.018564e+02,3.364574e-01,7.164029e-05,0.000000e+00,3.291251e+01,0.000000e+00,0.000000e+00,-6.940504e-01
6.304656e-03,8.110089e+01,8.021525e+02,-4.320628e-05,-8.169142e-05,3.364574e-01,7.164029e-05,4.974864e-06,0.000000e+00,-6.627591e+00,0.000000e+00,0.000000e+00,0.000000e+00,0.000000e+00,0.000000e+00,0.000000e+00,0.000000e+00,-2.981556e-19,-4.161842e-13,0.000000e+00,0.000000e+00,0.000000e+00,0.000000e+00,8.110089e+01,8.020877e+02,3.364574e-01,7.164029e-05,0.000000e+00,3.295919e+01,0.000000e+00,0.000000e+00,-6.940504e-01
6.314607e-03,8.076014e+01,8.024894e+02,-4.320628e-05,-8.169142e-05,3.364574e-01,7.164029e-05,4.977902e-06,0.000000e+00,-6.627591e+00,0.000000e+00,0.000000e+00,0.000000e+00,0.000000e+00,0.000000e+00,0.000000e+00,0.000000e+00,-2.981556e-19,-4.161842e-13,0.000000e+00,0.000000e+00,0.000000e+00,0.000000e+00,8.076014e+01,8.024032e+02,3.364574e-01,7.164029e-05,0.000000e+00,3.300593e+01,0.000000e+00,0.000000e+00,-6.940504e-01
6.324563e-03,8.032964e+01,8.029142e+02,-4.320628e-05,-8.169142e-05,3.364574e-01,7.164029e-05,4.977356e-06,0.000000e+00,-6.627591e+00,0.000000e+00,0.000000e+00,0.000000e+00,0.000000e+00,0.000000e+00,0.000000e+00,0.000000e+00,-2.981556e-19,-4.161842e-13,0.000000e+00,0.000000e+00,0.000000e+00,0.000000e+00,8.032964e+01,8.028056e+02,3.364574e-01,7.164029e-05,0.000000e+00,3.305269e+01,0.000000e+00,0.000000e+00,-6.940504e-01
6.334516e-03,7.980765e+01,8.034305e+02,-4.320628e-05,-8.169142e-05,3.364574e-01,7.164029e-05,4.973467e-06,0.000000e+00,-6.627591e+00,0.000000e+00,0.000000e+00,0.000000e+00,0.000000e+00,0.000000e+00,0.000000e+00,0.000000e+00,-2.981556e-19,-4.161842e-13,0.000000e+00,0.000000e+00,0.000000e+00,0.000000e+00,7.980765e+01,8.032986e+02,3.364574e-01,7.164029e-05,0.000000e+00,3.309943e+01,0.000000e+00,0.000000e+00,-6.940504e-01
6.344460e-03,7.919344e+01,8.040410e+02,-4.320628e-05,-8.169142e-05,3.364574e-01,7.164029e-05,4.966813e-06,0.000000e+00,-6.627591e+00,0.000000e+00,0.000000e+00,0.000000e+00,0.000000e+00,0.000000e+00,0.000000e+00,0.000000e+00,-2.981556e-19,-4.161842e-13,0.000000e+00,0.000000e+00,0.000000e+00,0.000000e+00,7.919344e+01,8.038854e+02,3.364574e-01,7.164029e-05,0.000000e+00,3.314613e+01,0.000000e+00,0.000000e+00,-6.940504e-01
6.354390e-03,7.848763e+01,8.047458e+02,-4.320628e-05,-8.169142e-05,3.364574e-01,7.164029e-05,4.958258e-06,0.000000e+00,-6.627591e+00,0.000000e+00,0.000000e+00,0.000000e+00,0.000000e+00,0.000000e+00,0.000000e+00,0.000000e+00,-2.981556e-19,-4.161842e-13,0.000000e+00,0.000000e+00,0.000000e+00,0.000000e+00,7.848763e+01,8.045667e+02,3.364574e-01,7.164029e-05,0.000000e+00,3.319277e+01,0.000000e+00,0.000000e+00,-6.940504e-01
6.364302e-03,7.769216e+01,8.055432e+02,-4.320628e-05,-8.169142e-05,3.364574e-01,7.164029e-05,4.948854e-06,0.000000e+00,-6.627591e+00,0.000000e+00,0.000000e+00,0.000000e+00,0.000000e+00,0.000000e+00,0.000000e+00,0.000000e+00,-2.981556e-19,-4.161842e-13,0.000000e+00,0.000000e+00,0.000000e+00,0.000000e+00,7.769216e+01,8.053412e+02,3.364574e-01,7.164029e-05,0.000000e+00,3.323932e+01,0.000000e+00,0.000000e+00,-6.940504e-01
6.374195e-03,7.681003e+01,8.064288e+02,-4.320628e-05,-8.169142e-05,3.364574e-01,7.164029e-05,4.939739e-06,0.000000e+00,-6.627591e+00,0.000000e+00,0.000000e+00,0.000000e+00,0.000000e+00,0.000000e+00,0.000000e+00,0.000000e+00,-2.981556e-19,-4.161842e-13,0.000000e+00,0.000000e+00,0.000000e+00,0.000000e+00,7.681003e+01,8.062053e+02,3.364574e-01,7.164029e-05,0.000000e+00,3.328578e+01,0.000000e+00,0.000000e+00,-6.940504e-01
6.384070e-03,7.584486e+01,8.073976e+02,-4.320628e-05,-8.169142e-05,3.364574e-01,7.164029e-05,4.931981e-06,0.000000e+00,-6.627591e+00,0.000000e+00,0.000000e+00,0.000000e+00,0.000000e+00,0.000000e+00,0.000000e+00,0.000000e+00,-2.981556e-19,-4.161842e-13,0.000000e+00,0.000000e+00,0.000000e+00,0.000000e+00,7.584486e+01,8.071539e+02,3.364574e-01,7.164029e-05,0.000000e+00,3.333216e+01,0.000000e+00,0.000000e+00,-6.940504e-01
6.393931e-03,7.480065e+01,8.084441e+02,-4.320628e-05,-8.169142e-05,3.364574e-01,7.164029e-05,4.926433e-06,0.000000e+00,-6.627591e+00,0.000000e+00,0.000000e+00,0.000000e+00,0.000000e+00,0.000000e+00,0.000000e+00,0.000000e+00,-2.981556e-19,-4.161842e-13,0.000000e+00,0.000000e+00,0.000000e+00,0.000000e+00,7.480065e+01,8.081815e+02,3.364574e-01,7.164029e-05,0.000000e+00,3.337847e+01,0.000000e+00,0.000000e+00,-6.940504e-01
6.403782e-03,7.368150e+01,8.095635e+02,-4.320628e-05,-8.169142e-05,3.364574e-01,7.164029e-05,4.923653e-06,0.000000e+00,-6.627591e+00,0.000000e+00,0.000000e+00,0.000000e+00,0.000000e+00,0.000000e+00,0.000000e+00,0.000000e+00,-2.981556e-19,-4.161842e-13,0.000000e+00,0.000000e+00,0.000000e+00,0.000000e+00,7.368150e+01,8.092831e+02,3.364574e-01,7.164029e-05,0.000000e+00,3.342474e+01,0.000000e+00,0.000000e+00,-6.940504e-01
6.413629e-03,7.249155e+01,8.107519e+02,-4.320628e-05,-8.169142e-05,3.364574e-01,7.164029e-05,4.923881e-06,0.000000e+00,-6.627591e+00,0.000000e+00,0.000000e+00,0.000000e+00,0.000000e+00,0.000000e+00,0.000000e+00,0.000000e+00,-2.981556e-19,-4.161842e-13,0.000000e+00,0.000000e+00,0.000000e+00,0.000000e+00,7.249155e+01,8.104547e+02,3.364574e-01,7.164029e-05,0.000000e+00,3.347099e+01,0.000000e+00,0.000000e+00,-6.940504e-01
6.423478e-03,7.123502e+01,8.120059e+02,-4.320628e-05,-8.169142e-05,3.364574e-01,7.164029e-05,4.926990e-06,0.000000e+00,-6.627591e+00,0.000000e+00,0.000000e+00,0.000000e+00,0.000000e+00,0.000000e+00,0.000000e+00,0.000000e+00,-2.981556e-19,-4.161842e-13,0.000000e+00,0.000000e+00,0.000000e+00,0.000000e+00,7.123502e+01,8.116927e+02,3.364574e-01,7.164029e-05,0.000000e+00,3.351724e+01,0.000000e+00,0.000000e+00,-6.940504e-01
6.433335e-03,6.991637e+01,8.133222e+02,-4.320628e-05,-8.169142e-05,3.364574e-01,7.164029e-05,4.932564e-06,0.000000e+00,-6.627591e+00,0.000000e+00,0.000000e+00,0.000000e+00,0.000000e+00,0.000000e+00,0.000000e+00,0.000000e+00,-2.981556e-19,-4.161842e-13,0.000000e+00,0.000000e+00,0.000000e+00,0.000000e+00,6.991637e+01,8.129939e+02,3.364574e-01,7.164029e-05,0.000000e+00,3.356353e+01,0.000000e+00,0.000000e+00,-6.940504e-01
6.443203e-03,6.854036e+01,8.146970e+02,-4.320628e-05,-8.169142e-05,3.364574e-01,7.164029e-05,4.940004e-06,0.000000e+00,-6.627591e+00,0.000000e+00,0.000000e+00,0.000000e+00,0.000000e+00,0.000000e+00,0.000000e+00,0.000000e+00,-2.981556e-19,-4.161842e-13,0.000000e+00,0.000000e+00,0.000000e+00,0.000000e+00,6.854036e+01,8.143546e+02,3.364574e-01,7.164029e-05,0.000000e+00,3.360988e+01,0.000000e+00,0.000000e+00,-6.940504e-01
6.453088e-03,6.711211e+01,8.161252e+02,-4.320628e-05,-8.169142e-05,3.364574e-01,7.164029e-05,4.948580e-06,0.000000e+00,-6.627591e+00,0.000000e+00,0.000000e+00,0.000000e+00,0.000000e+00,0.000000e+00,0.000000e+00,0.000000e+00,-2.981556e-19,-4.161842e-13,0.000000e+00,0.000000e+00,0.000000e+00,0.000000e+00,6.711211e+01,8.157700e+02,3.364574e-01,7.164029e-05,0.000000e+00,3.365630e+01,0.000000e+00,0.000000e+00,-6.940504e-01
6.462989e-03,6.563711e+01,8.176011e+02,-4.320628e-05,-8.169142e-05,3.364574e-01,7.164029e-05,4.957567e-06,0.000000e+00,-6.627591e+00,0.000000e+00,0.000000e+00,0.000000e+00,0.000000e+00,0.000000e+00,0.000000e+00,0.000000e+00,-2.981556e-19,-4.161842e-13,0.000000e+00,0.000000e+00,0.000000e+00,0.000000e+00,6.563711e+01,8.172347e+02,3.364574e-01,7.164029e-05,0.000000e+00,3.370280e+01,0.000000e+00,0.000000e+00,-6.940504e-01
6.472909e-03,6.412099e+01,8.191186e+02,-4.320628e-05,-8.169142e-05,3.364574e-01,7.164029e-05,4.966353e-06,0.000000e+00,-6.627591e+00,0.000000e+00,0.000000e+00,0.000000e+00,0.000000e+00,0.000000e+00,0.000000e+00,0.000000e+00,-2.981556e-19,-4.161842e-13,0.000000e+00,0.000000e+00,0.000000e+00,0.000000e+00,6.412099e+01,8.187426e+02,3.364574e-01,7.164029e-05,0.000000e+00,3.374939e+01,0.000000e+00,0.000000e+00,-6.940504e-01
6.482846e-03,6.256929e+01,8.206718e+02,-4.320628e-05,-8.169142e-05,3.364574e-01,7.164029e-05,4.974421e-06,0.000000e+00,-6.627591e+00,0.000000e+00,0.000000e+00,0.000000e+00,0.000000e+00,0.000000e+00,0.000000e+00,0.000000e+00,-2.981556e-19,-4.161842e-13,0.000000e+00,0.000000e+00,0.000000e+00,0.000000e+00,6.256929e+01,8.202874e+02,3.364574e-01,7.164029e-05,0.000000e+00,3.379606e+01,0.000000e+00,0.000000e+00,-6.940504e-01
6.492798e-03,6.098719e+01,8.222558e+02,-4.320628e-05,-8.169142e-05,3.364574e-01,7.164029e-05,4.981543e-06,0.000000e+00,-6.627591e+00,0.000000e+00,0.000000e+00,0.000000e+00,0.000000e+00,0.000000e+00,0.000000e+00,0.000000e+00,-2.981556e-19,-4.161842e-13,0.000000e+00,0.000000e+00,0.000000e+00,0.000000e+00,6.098719e+01,8.218642e+02,3.364574e-01,7.164029e-05,0.000000e+00,3.384280e+01,0.000000e+00,0.000000e+00,-6.940504e-01
6.502764e-03,5.937946e+01,8.238661e+02,-4.320628e-05,-8.169142e-05,3.364574e-01,7.164029e-05,4.987606e-06,0.000000e+00,-6.627591e+00,0.000000e+00,0.000000e+00,0.000000e+00,0.000000e+00,0.000000e+00,0.000000e+00,0.000000e+00,-2.981556e-19,-4.161842e-13,0.000000e+00,0.000000e+00,0.000000e+00,0.000000e+00,5.937946e+01,8.234684e+02,3.364574e-01,7.164029e-05,0.000000e+00,3.388961e+01,0.000000e+00,0.000000e+00,-6.940504e-01
6.512742e-03,5.775060e+01,8.254988e+02,-4.320628e-05,-8.169142e-05,3.364574e-01,7.164029e-05,4.992624e-06,0.000000e+00,-6.627591e+00,0.000000e+00,0.000000e+00,0.000000e+00,0.000000e+00,0.000000e+00,0.000000e+00,0.000000e+00,-2.981556e-19,-4.161842e-13,0.000000e+00,0.000000e+00,0.000000e+00,0.000000e+00,5.775060e+01,8.250959e+02,3.364574e-01,7.164029e-05,0.000000e+00,3.393647e+01,0.000000e+00,0.000000e+00,-6.940504e-01
6.522730e-03,5.610503e+01,8.271490e+02,-4.320628e-05,-8.169142e-05,3.364574e-01,7.164029e-05,4.996710e-06,0.000000e+00,-6.627591e+00,0.000000e+00,0.000000e+00,0.000000e+00,0.000000e+00,0.000000e+00,0.000000e+00,0.000000e+00,-2.981556e-19,-4.161842e-13,0.000000e+00,0.000000e+00,0.000000e+00,0.000000e+00,5.610503e+01,8.267423e+02,3.364574e-01,7.164029e-05,0.000000e+00,3.398337e+01,0.000000e+00,0.000000e+00,-6.940504e-01
6.532725e-03,5.444721e+01,8.288115e+02,-4.320628e-05,-8.169142e-05,3.364574e-01,7.164029e-05,5.000051e-06,0.000000e+00,-6.627591e+00,0.000000e+00,0.000000e+00,0.000000e+00,0.000000e+00,0.000000e+00,0.000000e+00,0.000000e+00,-2.981556e-19,-4.161842e-13,0.000000e+00,0.000000e+00,0.000000e+00,0.000000e+00,5.444721e+01,8.284023e+02,3.364574e-01,7.164029e-05,0.000000e+00,3.403032e+01,0.000000e+00,0.000000e+00,-6.940504e-01
6.542726e-03,5.278167e+01,8.304811e+02,-4.320628e-05,-8.169142e-05,3.364574e-01,7.164029e-05,5.002759e-06,0.000000e+00,-6.627591e+00,0.000000e+00,0.000000e+00,0.000000e+00,0.000000e+00,0.000000e+00,0.000000e+00,0.000000e+00,-2.981556e-19,-4.161842e-13,0.000000e+00,0.000000e+00,0.000000e+00,0.000000e+00,5.278167e+01,8.300707e+02,3.364574e-01,7.164029e-05,0.000000e+00,3.407729e+01,0.000000e+00,0.000000e+00,-6.940504e-01
6.552733e-03,5.111306e+01,8.321526e+02,-4.320628e-05,-8.169142e-05,3.364574e-01,7.164029e-05,5.004881e-06,0.000000e+00,-6.627591e+00,0.000000e+00,0.000000e+00,0.000000e+00,0.000000e+00,0.000000e+00,0.000000e+00,0.000000e+00,-2.981556e-19,-4.161842e-13,0.000000e+00,0.000000e+00,0.000000e+00,0.000000e+00,5.111306e+01,8.317422e+02,3.364574e-01,7.164029e-05,0.000000e+00,3.412428e+01,0.000000e+00,0.000000e+00,-6.940504e-01
6.562743e-03,4.944627e+01,8.338213e+02,-4.320628e-05,-8.169142e-05,3.364574e-01,7.164029e-05,5.006299e-06,0.000000e+00,-6.627591e+00,0.000000e+00,0.000000e+00,0.000000e+00,0.000000e+00,0.000000e+00,0.000000e+00,0.000000e+00,-2.981556e-19,-4.161842e-13,0.000000e+00,0.000000e+00,0.000000e+00,0.000000e+00,4.944627e+01,8.334122e+02,3.364574e-01,7.164029e-05,0.000000e+00,3.417130e+01,0.000000e+00,0.000000e+00,-6.940504e-01
6.572756e-03,4.778682e+01,8.354823e+02,-4.320628e-05,-8.169142e-05,3.364574e-01,7.164029e-05,5.006857e-06,0.000000e+00,-6.627591e+00,0.000000e+00,0.000000e+00,0.000000e+00,0.000000e+00,0.000000e+00,0.000000e+00,0.000000e+00,-2.981556e-19,-4.161842e-13,0.000000e+00,0.000000e+00,0.000000e+00,0.000000e+00,4.778682e+01,8.350757e+02,3.364574e-01,7.164029e-05,0.000000e+00,3.421832e+01,0.000000e+00,0.000000e+00,-6.940504e-01
6.582770e-03,4.614109e+01,8.371293e+02,-4.320628e-05,-8.169142e-05,3.364574e-01,7.164029e-05,5.006327e-06,0.000000e+00,-6.627591e+00,0.000000e+00,0.000000e+00,0.000000e+00,0.000000e+00,0.000000e+00,0.000000e+00,0.000000e+00,-2.981556e-19,-4.161842e-13,0.000000e+00,0.000000e+00,0.000000e+00,0.000000e+00,4.614109e+01,8.367270e+02,3.364574e-01,7.164029e-05,0.000000e+00,3.426535e+01,0.000000e+00,0.000000e+00,-6.940504e-01
6.592782e-03,4.451628e+01,8.387549e+02,-4.320628e-05,-8.169142e-05,3.364574e-01,7.164029e-05,5.004502e-06,0.000000e+00,-6.627591e+00,0.000000e+00,0.000000e+00,0.000000e+00,0.000000e+00,0.000000e+00,0.000000e+00,0.000000e+00,-2.981556e-19,-4.161842e-13,0.000000e+00,0.000000e+00,0.000000e+00,0.000000e+00,4.451628e+01,8.383588e+02,3.364574e-01,7.164029e-05,0.000000e+00,3.431237e+01,0.000000e+00,0.000000e+00,-6.940504e-01
6.602790e-03,4.292010e+01,8.403511e+02,-4.320628e-05,-8.169142e-05,3.364574e-01,7.164029e-05,5.001232e-06,0.000000e+00,-6.627591e+00,0.000000e+00,0.000000e+00,0.000000e+00,0.000000e+00,0.000000e+00,0.000000e+00,0.000000e+00,-2.981556e-19,-4.161842e-13,0.000000e+00,0.000000e+00,0.000000e+00,0.000000e+00,4.292010e+01,8.399631e+02,3.364574e-01,7.164029e-05,0.000000e+00,3.435937e+01,0.000000e+00,0.000000e+00,-6.940504e-01
6.612790e-03,4.136026e+01,8.419105e+02,-4.320628e-05,-8.169142e-05,3.364574e-01,7.164029e-05,4.996421e-06,0.000000e+00,-6.627591e+00,0.000000e+00,0.000000e+00,0.000000e+00,0.000000e+00,0.000000e+00,0.000000e+00,0.000000e+00,-2.981556e-19,-4.161842e-13,0.000000e+00,0.000000e+00,0.000000e+00,0.000000e+00,4.136026e+01,8.415324e+02,3.364574e-01,7.164029e-05,0.000000e+00,3.440634e+01,0.000000e+00,0.000000e+00,-6.940504e-01
6.622780e-03,3.984417e+01,8.434265e+02,-4.320628e-05,-8.169142e-05,3.364574e-01,7.164029e-05,4.990060e-06,0.000000e+00,-6.627591e+00,0.000000e+00,0.000000e+00,0.000000e+00,0.000000e+00,0.000000e+00,0.000000e+00,0.000000e+00,-2.981556e-19,-4.161842e-13,0.000000e+00,0.000000e+00,0.000000e+00,0.000000e+00,3.984417e+01,8.430599e+02,3.364574e-01,7.164029e-05,0.000000e+00,3.445325e+01,0.000000e+00,0.000000e+00,-6.940504e-01
6.632756e-03,3.837896e+01,8.448930e+02,-4.320628e-05,-8.169142e-05,3.364574e-01,7.164029e-05,4.982222e-06,0.000000e+00,-6.627591e+00,0.000000e+00,0.000000e+00,0.000000e+00,0.000000e+00,0.000000e+00,0.000000e+00,0.000000e+00,-2.981556e-19,-4.161842e-13,0.000000e+00,0.000000e+00,0.000000e+00,0.000000e+00,3.837896e+01,8.445394e+02,3.364574e-01,7.164029e-05,0.000000e+00,3.450011e+01,0.000000e+00,0.000000e+00,-6.940504e-01
6.642716e-03,3.697136e+01,8.463036e+02,-4.320628e-05,-8.169142e-05,3.364574e-01,7.164029e-05,4.973178e-06,0.000000e+00,-6.627591e+00,0.000000e+00,0.000000e+00,0.000000e+00,0.000000e+00,0.000000e+00,0.000000e+00,0.000000e+00,-2.981556e-19,-4.161842e-13,0.000000e+00,0.000000e+00,0.000000e+00,0.000000e+00,3.697136e+01,8.459647e+02,3.364574e-01,7.164029e-05,0.000000e+00,3.454689e+01,0.000000e+00,0.000000e+00,-6.940504e-01
6.652657e-03,3.562737e+01,8.476519e+02,-4.320628e-05,-8.169142e-05,3.364574e-01,7.164029e-05,4.963408e-06,0.000000e+00,-6.627591e+00,0.000000e+00,0.000000e+00,0.000000e+00,0.000000e+00,0.000000e+00,0.000000e+00,0.000000e+00,-2.981556e-19,-4.161842e-13,0.000000e+00,0.000000e+00,0.000000e+00,0.000000e+00,3.562737e+01,8.473292e+02,3.364574e-01,7.164029e-05,0.000000e+00,3.459358e+01,0.000000e+00,0.000000e+00,-6.940504e-01
6.662579e-03,3.435181e+01,8.489322e+02,-4.320628e-05,-8.169142e-05,3.364574e-01,7.164029e-05,4.953557e-06,0.000000e+00,-6.627591e+00,0.000000e+00,0.000000e+00,0.000000e+00,0.000000e+00,0.000000e+00,0.000000e+00,0.000000e+00,-2.981556e-19,-4.161842e-13,0.000000e+00,0.000000e+00,0.000000e+00,0.000000e+00,3.435181e+01,8.486270e+02,3.364574e-01,7.164029e-05,0.000000e+00,3.464017e+01,0.000000e+00,0.000000e+00,-6.940504e-01
6.672482e-03,3.314785e+01,8.501405e+02,-4.320628e-05,-8.169142e-05,3.364574e-01,7.164029e-05,4.944348e-06,0.000000e+00,-6.627591e+00,0.000000e+00,0.000000e+00,0.000000e+00,0.000000e+00,0.000000e+00,0.000000e+00,0.000000e+00,-2.981556e-19,-4.161842e-13,0.000000e+00,0.000000e+00,0.000000e+00,0.000000e+00,3.314785e+01,8.498536e+02,3.364574e-01,7.164029e-05,0.000000e+00,3.468668e+01,0.000000e+00,0.000000e+00,-6.940504e-01
6.682367e-03,3.201702e+01,8.512747e+02,-4.320628e-05,-8.169142e-05,3.364574e-01,7.164029e-05,4.936492e-06,0.000000e+00,-6.627591e+00,0.000000e+00,0.000000e+00,0.000000e+00,0.000000e+00,0.000000e+00,0.000000e+00,0.000000e+00,-2.981556e-19,-4.161842e-13,0.000000e+00,0.000000e+00,0.000000e+00,0.000000e+00,3.201702e+01,8.510064e+02,3.364574e-01,7.164029e-05,0.000000e+00,3.473310e+01,0.000000e+00,0.000000e+00,-6.940504e-01
6.692236e-03,3.095950e+01,8.523343e+02,-4.320628e-05,-8.169142e-05,3.364574e-01,7.164029e-05,4.930624e-06,0.000000e+00,-6.627591e+00,0.000000e+00,0.000000e+00,0.000000e+00,0.000000e+00,0.000000e+00,0.000000e+00,0.000000e+00,-2.981556e-19,-4.161842e-13,0.000000e+00,0.000000e+00,0.000000e+00,0.000000e+00,3.095950e+01,8.520847e+02,3.364574e-01,7.164029e-05,0.000000e+00,3.477946e+01,0.000000e+00,0.000000e+00,-6.940504e-01
6.702095e-03,2.997451e+01,8.533197e+02,-4.320628e-05,-8.169142e-05,3.364574e-01,7.164029e-05,4.927128e-06,0.000000e+00,-6.627591e+00,0.000000e+00,0.000000e+00,0.000000e+00,0.000000e+00,0.000000e+00,0.000000e+00,0.000000e+00,-2.981556e-19,-4.161842e-13,0.000000e+00,0.000000e+00,0.000000e+00,0.000000e+00,2.997451e+01,8.530885e+02,3.364574e-01,7.164029e-05,0.000000e+00,3.482576e+01,0.000000e+00,0.000000e+00,-6.940504e-01
6.711949e-03,2.906069e+01,8.542322e+02,-4.320628e-05,-8.169142e-05,3.364574e-01,7.164029e-05,4.926121e-06,0.000000e+00,-6.627591e+00,0.000000e+00,0.000000e+00,0.000000e+00,0.000000e+00,0.000000e+00,0.000000e+00,0.000000e+00,-2.981556e-19,-4.161842e-13,0.000000e+00,0.000000e+00,0.000000e+00,0.000000e+00,2.906069e+01,8.540191e+02,3.364574e-01,7.164029e-05,0.000000e+00,3.487204e+01,0.000000e+00,0.000000e+00,-6.940504e-01
6.721802e-03,2.821646e+01,8.550740e+02,-4.320628e-05,-8.169142e-05,3.364574e-01,7.164029e-05,4.927364e-06,0.000000e+00,-6.627591e+00,0.000000e+00,0.000000e+00,0.000000e+00,0.000000e+00,0.000000e+00,0.000000e+00,0.000000e+00,-2.981556e-19,-4.161842e-13,0.000000e+00,0.000000e+00,0.000000e+00,0.000000e+00,2.821646e+01,8.548782e+02,3.364574e-01,7.164029e-05,0.000000e+00,3.491831e+01,0.000000e+00,0.000000e+00,-6.940504e-01
6.731657e-03,2.744047e+01,8.558475e+02,-4.320628e-05,-8.169142e-05,3.364574e-01,7.164029e-05,4.930375e-06,0.000000e+00,-6.627591e+00,0.000000e+00,0.000000e+00,0.000000e+00,0.000000e+00,0.000000e+00,0.000000e+00,0.000000e+00,-2.981556e-19,-4.161842e-13,0.000000e+00,0.000000e+00,0.000000e+00,0.000000e+00,2.744047e+01,8.556686e+02,3.364574e-01,7.164029e-05,0.000000e+00,3.496460e+01,0.000000e+00,0.000000e+00,-6.940504e-01
6.741520e-03,2.673208e+01,8.565547e+02,-4.320628e-05,-8.169142e-05,3.364574e-01,7.164029e-05,4.934589e-06,0.000000e+00,-6.627591e+00,0.000000e+00,0.000000e+00,0.000000e+00,0.000000e+00,0.000000e+00,0.000000e+00,0.000000e+00,-2.981556e-19,-4.161842e-13,0.000000e+00,0.000000e+00,0.000000e+00,0.000000e+00,2.673208e+01,8.563922e+02,3.364574e-01,7.164029e-05,0.000000e+00,3.501092e+01,0.000000e+00,0.000000e+00,-6.940504e-01
6.751392e-03,2.609185e+01,8.571961e+02,-4.320628e-05,-8.169142e-05,3.364574e-01,7.164029e-05,4.939443e-06,0.000000e+00,-6.627591e+00,0.000000e+00,0.000000e+00,0.000000e+00,0.000000e+00,0.000000e+00,0.000000e+00,0.000000e+00,-2.981556e-19,-4.161842e-13,0.000000e+00,0.000000e+00,0.000000e+00,0.000000e+00,2.609185e+01,8.570502e+02,3.364574e-01,7.164029e-05,0.000000e+00,3.505728e+01,0.000000e+00,0.000000e+00,-6.940504e-01
6.761273e-03,2.552164e+01,8.577698e+02,-4.320628e-05,-8.169142e-05,3.364574e-01,7.164029e-05,4.944491e-06,0.000000e+00,-6.627591e+00,0.000000e+00,0.000000e+00,0.000000e+00,0.000000e+00,0.000000e+00,0.000000e+00,0.000000e+00,-2.981556e-19,-4.161842e-13,0.000000e+00,0.000000e+00,0.000000e+00,0.000000e+00,2.552164e+01,8.576412e+02,3.364574e-01,7.164029e-05,0.000000e+00,3.510369e+01,0.000000e+00,0.000000e+00,-6.940504e-01
6.771164e-03,2.502424e+01,8.582720e+02,-4.320628e-05,-8.169142e-05,3.364574e-01,7.164029e-05,4.949477e-06,0.000000e+00,-6.627591e+00,0.000000e+00,0.000000e+00,0.000000e+00,0.000000e+00,0.000000e+00,0.000000e+00,0.000000e+00,-2.981556e-19,-4.161842e-13,0.000000e+00,0.000000e+00,0.000000e+00,0.000000e+00,2.502424e+01,8.581618e+02,3.364574e-01,7.164029e-05,0.000000e+00,3.515014e+01,0.000000e+00,0.000000e+00,-6.940504e-01
6.781066e-03,2.460270e+01,8.586974e+02,-4.320628e-05,-8.169142e-05,3.364574e-01,7.164029e-05,4.954225e-06,0.000000e+00,-6.627591e+00,0.000000e+00,0.000000e+00,0.000000e+00,0.000000e+00,0.000000e+00,0.000000e+00,0.000000e+00,-2.981556e-19,-4.161842e-13,0.000000e+00,0.000000e+00,0.000000e+00,0.000000e+00,2.460270e+01,8.586069e+02,3.364574e-01,7.164029e-05,0.000000e+00,3.519664e+01,0.000000e+00,0.000000e+00,-6.940504e-01
6.790977e-03,2.425939e+01,8.590420e+02,-4.320628e-05,-8.169142e-05,3.364574e-01,7.164029e-05,4.958604e-06,0.000000e+00,-6.627591e+00,0.000000e+00,0.000000e+00,0.000000e+00,0.000000e+00,0.000000e+00,0.000000e+00,0.000000e+00,-2.981556e-19,-4.161842e-13,0.000000e+00,0.000000e+00,0.000000e+00,0.000000e+00,2.425939e+01,8.589721e+02,3.364574e-01,7.164029e-05,0.000000e+00,3.524319e+01,0.000000e+00,0.000000e+00,-6.940504e-01
6.800896e-03,2.399530e+01,8.593041e+02,-4.320628e-05,-8.169142e-05,3.364574e-01,7.164029e-05,4.962513e-06,0.000000e+00,-6.627591e+00,0.000000e+00,0.000000e+00,0.000000e+00,0.000000e+00,0.000000e+00,0.000000e+00,0.000000e+00,-2.981556e-19,-4.161842e-13,0.000000e+00,0.000000e+00,0.000000e+00,0.000000e+00,2.399530e+01,8.592548e+02,3.364574e-01,7.164029e-05,0.000000e+00,3.528978e+01,0.000000e+00,0.000000e+00,-6.940504e-01
6.810823e-03,2.380986e+01,8.594849e+02,-4.320628e-05,-8.169142e-05,3.364574e-01,7.164029e-05,4.965804e-06,0.000000e+00,-6.627591e+00,0.000000e+00,0.000000e+00,0.000000e+00,0.000000e+00,0.000000e+00,0.000000e+00,0.000000e+00,-2.981556e-19,-4.161842e-13,0.000000e+00,0.000000e+00,0.000000e+00,0.000000e+00,2.380986e+01,8.594555e+02,3.364574e-01,7.164029e-05,0.000000e+00,3.533640e+01,0.000000e+00,0.000000e+00,-6.940504e-01
6.820756e-03,2.370121e+01,8.595881e+02,-4.318902e-05,-8.168424e-05,3.364574e-01,7.164029e-05,4.968260e-06,0.000000e+00,-6.627591e+00,0.000000e+00,0.000000e+00,0.000000e+00,0.000000e+00,0.000000e+00,0.000000e+00,0.000000e+00,-2.981556e-19,-4.161842e-13,0.000000e+00,0.000000e+00,0.000000e+00,0.000000e+00,2.370121e+01,8.595777e+02,3.364574e-01,7.164029e-05,0.000000e+00,3.538305e+01,0.000000e+00,0.000000e+00,-6.940504e-01
6.830693e-03,2.366680e+01,8.596183e+02,-4.312289e-05,-8.165391e-05,3.364573e-01,7.164029e-05,4.969597e-06,0.000000e+00,-6.627591e+00,0.000000e+00,0.000000e+00,0.000000e+00,0.000000e+00,0.000000e+00,0.000000e+00,0.000000e+00,-2.981556e-19,-4.161842e-13,0.000000e+00,0.000000e+00,0.000000e+00,0.000000e+00,2.366680e+01,8.596256e+02,3.364573e-01,7.164029e-05,0.000000e+00,3.542972e+01,0.000000e+00,0.000000e+00,-6.940504e-01
6.840632e-03,2.370397e+01,8.595797e+02,-4.306351e-05,-8.162091e-05,3.364572e-01,7.164029e-05,4.969464e-06,0.000000e+00,-6.627591e+00,0.000000e+00,0.000000e+00,0.000000e+00,0.000000e+00,0.000000e+00,0.000000e+00,0.000000e+00,-2.981556e-19,-4.161842e-13,0.000000e+00,0.000000e+00,0.000000e+00,0.000000e+00,2.370397e+01,8.596038e+02,3.364572e-01,7.164029e-05,0.000000e+00,3.547640e+01,0.000000e+00,0.000000e+00,-6.940504e-01
6.850570e-03,2.381031e+01,8.594750e+02,-4.302382e-05,-8.159504e-05,3.364571e-01,7.164029e-05,4.967487e-06,0.000000e+00,-6.627591e+00,0.000000e+00,0.000000e+00,0.000000e+00,0.000000e+00,0.000000e+00,0.000000e+00,0.000000e+00,-2.981556e-19,-4.161842e-13,0.000000e+00,0.000000e+00,0.000000e+00,0.000000e+00,2.381031e+01,8.595154e+02,3.364571e-01,7.164029e-05,0.000000e+00,3.552307e+01,0.000000e+00,0.000000e+00,-6.940504e-01
6.860504e-03,2.398367e+01,8.593058e+02,-4.302382e-05,-8.159504e-05,3.364571e-01,7.164029e-05,4.963423e-06,0.000000e+00,-6.627591e+00,0.000000e+00,0.000000e+00,0.000000e+00,0.000000e+00,0.000000e+00,0.000000e+00,0.000000e+00,-2.981556e-19,-4.161842e-13,0.000000e+00,0.000000e+00,0.000000e+00,0.000000e+00,2.398367e+01,8.593624e+02,3.364571e-01,7.164029e-05,0.000000e+00,3.556972e+01,0.000000e+00,0.000000e+00,-6.940504e-01
6.870428e-03,2.422212e+01,8.590728e+02,-4.302382e-05,-8.159504e-05,3.364571e-01,7.164029e-05,4.957147e-06,0.000000e+00,-6.627591e+00,0.000000e+00,0.000000e+00,0.000000e+00,0.000000e+00,0.000000e+00,0.000000e+00,0.000000e+00,-2.981556e-19,-4.161842e-13,0.000000e+00,0.000000e+00,0.000000e+00,0.000000e+00,2.422212e+01,8.591452e+02,3.364571e-01,7.164029e-05,0.000000e+00,3.561633e+01,0.000000e+00,0.000000e+00,-6.940504e-01
6.880338e-03,2.452377e+01,8.587763e+02,-4.302382e-05,-8.159504e-05,3.364571e-01,7.164029e-05,4.948743e-06,0.000000e+00,-6.627591e+00,0.000000e+00,0.000000e+00,0.000000e+00,0.000000e+00,0.000000e+00,0.000000e+00,0.000000e+00,-2.981556e-19,-4.161842e-13,0.000000e+00,0.000000e+00,0.000000e+00,0.000000e+00,2.452377e+01,8.588646e+02,3.364571e-01,7.164029e-05,0.000000e+00,3.566287e+01,0.000000e+00,0.000000e+00,-6.940504e-01
6.890231e-03,2.488659e+01,8.584171e+02,-4.302382e-05,-8.159504e-05,3.364571e-01,7.164029e-05,4.938558e-06,0.000000e+00,-6.627591e+00,0.000000e+00,0.000000e+00,0.000000e+00,0.000000e+00,0.000000e+00,0.000000e+00,0.000000e+00,-2.981556e-19,-4.161842e-13,0.000000e+00,0.000000e+00,0.000000e+00,0.000000e+00,2.488659e+01,8.585208e+02,3.364571e-01,7.164029e-05,0.000000e+00,3.570934e+01,0.000000e+00,0.000000e+00,-6.940504e-01
6.900102e-03,2.530823e+01,8.579961e+02,-4.302382e-05,-8.159504e-05,3.364571e-01,7.164029e-05,4.927161e-06,0.000000e+00,-6.627591e+00,0.000000e+00,0.000000e+00,0.000000e+00,0.000000e+00,0.000000e+00,0.000000e+00,0.000000e+00,-2.981556e-19,-4.161842e-13,0.000000e+00,0.000000e+00,0.000000e+00,0.000000e+00,2.530823e+01,8.581151e+02,3.364571e-01,7.164029e-05,0.000000e+00,3.575570e+01,0.000000e+00,0.000000e+00,-6.940504e-01
6.914866e-03,2.604440e+01,8.572540e+02,-4.302600e-05,-8.157833e-05,3.364570e-01,7.164029e-05,4.909447e-06,0.000000e+00,-6.627591e+00,0.000000e+00,0.000000e+00,0.000000e+00,0.000000e+00,0.000000e+00,0.000000e+00,0.000000e+00,-2.981556e-19,-4.161842e-13,0.000000e+00,0.000000e+00,0.000000e+00,0.000000e+00,2.604440e+01,8.573945e+02,3.364571e-01,7.164029e-05,0.000000e+00,3.582503e+01,0.000000e+00,0.000000e+00,-6.940504e-01
6.924679e-03,2.659898e+01,8.566906e+02,-4.305128e-05,-8.149944e-05,3.364568e-01,7.164029e-05,4.898508e-06,0.000000e+00,-6.627591e+00,0.000000e+00,0.000000e+00,0.000000e+00,0.000000e+00,0.000000e+00,0.000000e+00,0.000000e+00,-2.981556e-19,-4.161842e-13,0.000000e+00,0.000000e+00,0.000000e+00,0.000000e+00,2.659898e+01,8.568441e+02,3.364569e-01,7.164029e-05,0.000000e+00,3.587112e+01,0.000000e+00,0.000000e+00,-6.940504e-01
6.934471e-03,2.719968e+01,8.560788e+02,-4.307102e-05,-8.141196e-05,3.364566e-01,7.164029e-05,4.889364e-06,0.000000e+00,-6.627591e+00,0.000000e+00,0.000000e+00,0.000000e+00,0.000000e+00,0.000000e+00,0.000000e+00,0.000000e+00,-2.981556e-19,-4.161842e-13,0.000000e+00,0.000000e+00,0.000000e+00,0.000000e+00,2.719968e+01,8.562437e+02,3.364567e-01,7.164029e-05,0.000000e+00,3.591711e+01,0.000000e+00,0.000000e+00,-6.940504e-01
6.944247e-03,2.784212e+01,8.554250e+02,-4.308790e-05,-8.132680e-05,3.364564e-01,7.164029e-05,4.882871e-06,0.000000e+00,-6.627591e+00,0.000000e+00,0.000000e+00,0.000000e+00,0.000000e+00,0.000000e+00,0.000000e+00,0.000000e+00,-2.981556e-19,-4.161842e-13,0.000000e+00,0.000000e+00,0.000000e+00,0.000000e+00,2.784212e+01,8.555995e+02,3.364564e-01,7.164029e-05,0.000000e+00,3.596302e+01,0.000000e+00,0.000000e+00,-6.940504e-01
6.954010e-03,2.852213e+01,8.547361e+02,-4.310635e-05,-8.124627e-05,3.364561e-01,7.164029e-05,4.879713e-06,0.000000e+00,-6.627591e+00,0.000000e+00,0.000000e+00,0.000000e+00,0.000000e+00,0.000000e+00,0.000000e+00,0.000000e+00,-2.981556e-19,-4.161842e-13,0.000000e+00,0.000000e+00,0.000000e+00,0.000000e+00,2.852213e+01,8.549188e+02,3.364562e-01,7.164029e-05,0.000000e+00,3.600887e+01,0.000000e+00,0.000000e+00,-6.940504e-01
6.963769e-03,2.923616e+01,8.540178e+02,-4.311779e-05,-8.116231e-05,3.364558e-01,7.164029e-05,4.880284e-06,0.000000e+00,-6.627591e+00,0.000000e+00,0.000000e+00,0.000000e+00,0.000000e+00,0.000000e+00,0.000000e+00,0.000000e+00,-2.981556e-19,-4.161842e-13,0.000000e+00,0.000000e+00,0.000000e+00,0.000000e+00,2.923616e+01,8.542072e+02,3.364559e-01,7.164029e-05,0.000000e+00,3.605471e+01,0.000000e+00,0.000000e+00,-6.940504e-01
6.973532e-03,2.998142e+01,8.532739e+02,-4.312837e-05,-8.108561e-05,3.364555e-01,7.164029e-05,4.884654e-06,0.000000e+00,-6.627591e+00,0.000000e+00,0.000000e+00,0.000000e+00,0.000000e+00,0.000000e+00,0.000000e+00,0.000000e+00,-2.981556e-19,-4.161842e-13,0.000000e+00,0.000000e+00,0.000000e+00,0.000000e+00,2.998142e+01,8.534694e+02,3.364556e-01,7.164029e-05,0.000000e+00,3.610056e+01,0.000000e+00,0.000000e+00,-6.940504e-01
6.983304e-03,3.075592e+01,8.525056e+02,-4.313509e-05,-8.103150e-05,3.364551e-01,7.164029e-05,4.892560e-06,0.000000e+00,-6.627591e+00,0.000000e+00,0.000000e+00,0.000000e+00,0.000000e+00,0.000000e+00,0.000000e+00,0.000000e+00,-2.981556e-19,-4.161842e-13,0.000000e+00,0.000000e+00,0.000000e+00,0.000000e+00,3.075592e+01,8.527072e+02,3.364552e-01,7.164029e-05,0.000000e+00,3.614645e+01,0.000000e+00,0.000000e+00,-6.940504e-01
6.993095e-03,3.155816e+01,8.517120e+02,-4.315619e-05,-8.099262e-05,3.364547e-01,7.164029e-05,4.903400e-06,0.000000e+00,-6.627591e+00,0.000000e+00,0.000000e+00,0.000000e+00,0.000000e+00,0.000000e+00,0.000000e+00,0.000000e+00,-2.981556e-19,-4.161842e-13,0.000000e+00,0.000000e+00,0.000000e+00,0.000000e+00,3.155816e+01,8.519201e+02,3.364548e-01,7.164029e-05,0.000000e+00,3.619243e+01,0.000000e+00,0.000000e+00,-6.940504e-01
7.002908e-03,3.238653e+01,8.508911e+02,-4.316495e-05,-8.095704e-05,3.364543e-01,7.164029e-05,4.916285e-06,0.000000e+00,-6.627591e+00,0.000000e+00,0.000000e+00,0.000000e+00,0.000000e+00,0.000000e+00,0.000000e+00,0.000000e+00,-2.981556e-19,-4.161842e-13,0.000000e+00,0.000000e+00,0.000000e+00,0.000000e+00,3.238653e+01,8.511063e+02,3.364544e-01,7.164029e-05,0.000000e+00,3.623852e+01,0.000000e+00,0.000000e+00,-6.940504e-01
7.012747e-03,3.323849e+01,8.500423e+02,-4.315459e-05,-8.095544e-05,3.364541e-01,7.164029e-05,4.930170e-06,0.000000e+00,-6.627591e+00,0.000000e+00,0.000000e+00,0.000000e+00,0.000000e+00,0.000000e+00,0.000000e+00,0.000000e+00,-2.981556e-19,-4.161842e-13,0.000000e+00,0.000000e+00,0.000000e+00,0.000000e+00,3.323849e+01,8.502643e+02,3.364541e-01,7.164029e-05,0.000000e+00,3.628473e+01,0.000000e+00,0.000000e+00,-6.940504e-01
7.022615e-03,3.410989e+01,8.491681e+02,-4.312239e-05,-8.098056e-05,3.364539e-01,7.164029e-05,4.943945e-06,0.000000e+00,-6.627591e+00,0.000000e+00,0.000000e+00,0.000000e+00,0.000000e+00,0.000000e+00,0.000000e+00,0.000000e+00,-2.981556e-19,-4.161842e-13,0.000000e+00,0.000000e+00,0.000000e+00,0.000000e+00,3.410989e+01,8.493960e+02,3.364539e-01,7.164029e-05,0.000000e+00,3.633107e+01,0.000000e+00,0.000000e+00,-6.940504e-01
7.032509e-03,3.499474e+01,8.482749e+02,-4.310286e-05,-8.102274e-05,3.364536e-01,7.164029e-05,4.956602e-06,0.000000e+00,-6.627591e+00,0.000000e+00,0.000000e+00,0.000000e+00,0.000000e+00,0.000000e+00,0.000000e+00,0.000000e+00,-2.981556e-19,-4.161842e-13,0.000000e+00,0.000000e+00,0.000000e+00,0.000000e+00,3.499474e+01,8.485067e+02,3.364537e-01,7.164029e-05,0.000000e+00,3.637754e+01,0.000000e+00,0.000000e+00,-6.940504e-01
7.042428e-03,3.588552e+01,8.473727e+02,-4.313422e-05,-8.110890e-05,3.364533e-01,7.164029e-05,4.967349e-06,0.000000e+00,-6.627591e+00,0.000000e+00,0.000000e+00,0.000000e+00,0.000000e+00,0.000000e+00,0.000000e+00,0.000000e+00,-2.981556e-19,-4.161842e-13,0.000000e+00,0.000000e+00,0.000000e+00,0.000000e+00,3.588552e+01,8.476055e+02,3.364534e-01,7.164029e-05,0.000000e+00,3.642412e+01,0.000000e+00,0.000000e+00,-6.940504e-01
7.052367e-03,3.677398e+01,8.464731e+02,-4.317766e-05,-8.120565e-05,3.364528e-01,7.164029e-05,4.971622e-06,0.000000e+00,-6.627591e+00,0.000000e+00,0.000000e+00,0.000000e+00,0.000000e+00,0.000000e+00,0.000000e+00,0.000000e+00,-2.981556e-19,-4.161842e-13,0.000000e+00,0.000000e+00,0.000000e+00,0.000000e+00,3.677398e+01,8.467040e+02,3.364529e-01,7.164029e-05,0.000000e+00,3.647080e+01,0.000000e+00,0.000000e+00,-6.940504e-01
7.062310e-03,3.765126e+01,8.455878e+02,-4.321407e-05,-8.130447e-05,3.364523e-01,7.164029e-05,4.972523e-06,0.000000e+00,-6.627591e+00,0.000000e+00,0.000000e+00,0.000000e+00,0.000000e+00,0.000000e+00,0.000000e+00,0.000000e+00,-2.981556e-19,-4.161842e-13,0.000000e+00,0.000000e+00,0.000000e+00,0.000000e+00,3.765126e+01,8.458141e+02,3.364525e-01,7.164029e-05,0.000000e+00,3.651750e+01,0.000000e+00,0.000000e+00,-6.940504e-01
7.072256e-03,3.851088e+01,8.447244e+02,-4.323765e-05,-8.140265e-05,3.364518e-01,7.164029e-05,4.974079e-06,0.000000e+00,-6.627591e+00,0.000000e+00,0.000000e+00,0.000000e+00,0.000000e+00,0.000000e+00,0.000000e+00,0.000000e+00,-2.981556e-19,-4.161842e-13,0.000000e+00,0.000000e+00,0.000000e+00,0.000000e+00,3.851088e+01,8.449446e+02,3.364519e-01,7.164029e-05,0.000000e+00,3.656421e+01,0.000000e+00,0.000000e+00,-6.940504e-01
7.082205e-03,3.934825e+01,8.438870e+02,-4.322993e-05,-8.148105e-05,3.364514e-01,7.164029e-05,4.975909e-06,0.000000e+00,-6.627591e+00,0.000000e+00,0.000000e+00,0.000000e+00,0.000000e+00,0.000000e+00,0.000000e+00,0.000000e+00,-2.981556e-19,-4.161842e-13,0.000000e+00,0.000000e+00,0.000000e+00,0.000000e+00,3.934825e+01,8.441004e+02,3.364515e-01,7.164029e-05,0.000000e+00,3.661093e+01,0.000000e+00,0.000000e+00,-6.940504e-01
7.092158e-03,4.016019e+01,8.430770e+02,-4.317649e-05,-8.151316e-05,3.364510e-01,7.164029e-05,4.977721e-06,0.000000e+00,-6.627591e+00,0.000000e+00,0.000000e+00,0.000000e+00,0.000000e+00,0.000000e+00,0.000000e+00,0.000000e+00,-2.981556e-19,-4.161842e-13,0.000000e+00,0.000000e+00,0.000000e+00,0.000000e+00,4.016019e+01,8.432836e+02,3.364511e-01,7.164029e-05,0.000000e+00,3.665767e+01,0.000000e+00,0.000000e+00,-6.940504e-01
7.102114e-03,4.094455e+01,8.422945e+02,-4.312483e-05,-8.153930e-05,3.364507e-01,7.164029e-05,4.979347e-06,0.000000e+00,-6.627591e+00,0.000000e+00,0.000000e+00,0.000000e+00,0.000000e+00,0.000000e+00,0.000000e+00,0.000000e+00,-2.981556e-19,-4.161842e-13,0.000000e+00,0.000000e+00,0.000000e+00,0.000000e+00,4.094455e+01,8.424942e+02,3.364507e-01,7.164029e-05,0.000000e+00,3.670443e+01,0.000000e+00,0.000000e+00,-6.940504e-01
7.112073e-03,4.169973e+01,8.415396e+02,-4.309008e-05,-8.154325e-05,3.364505e-01,7.164029e-05,4.977152e-06,0.000000e+00,-6.627591e+00,0.000000e+00,0.000000e+00,0.000000e+00,0.000000e+00,0.000000e+00,0.000000e+00,0.000000e+00,-2.981556e-19,-4.161842e-13,0.000000e+00,0.000000e+00,0.000000e+00,0.000000e+00,4.169973e+01,8.417324e+02,3.364505e-01,7.164029e-05,0.000000e+00,3.675121e+01,0.000000e+00,0.000000e+00,-6.940504e-01
7.122024e-03,4.242370e+01,8.408137e+02,-4.306874e-05,-8.158171e-05,3.364503e-01,7.164029e-05,4.971057e-06,0.000000e+00,-6.627591e+00,0.000000e+00,0.000000e+00,0.000000e+00,0.000000e+00,0.000000e+00,0.000000e+00,0.000000e+00,-2.981556e-19,-4.161842e-13,0.000000e+00,0.000000e+00,0.000000e+00,0.000000e+00,4.242370e+01,8.409990e+02,3.364504e-01,7.164029e-05,0.000000e+00,3.679794e+01,0.000000e+00,0.000000e+00,-6.940504e-01
7.131963e-03,4.311495e+01,8.401190e+02,-4.305018e-05,-8.163596e-05,3.364501e-01,7.164029e-05,4.963545e-06,0.000000e+00,-6.627591e+00,0.000000e+00,0.000000e+00,0.000000e+00,0.000000e+00,0.000000e+00,0.000000e+00,0.000000e+00,-2.981556e-19,-4.161842e-13,0.000000e+00,0.000000e+00,0.000000e+00,0.000000e+00,4.311495e+01,8.402963e+02,3.364501e-01,7.164029e-05,0.000000e+00,3.684462e+01,0.000000e+00,0.000000e+00,-6.940504e-01
7.141886e-03,4.377230e+01,8.394586e+02,-4.305708e-05,-8.168267e-05,3.364499e-01,7.164029e-05,4.954851e-06,0.000000e+00,-6.627591e+00,0.000000e+00,0.000000e+00,0.000000e+00,0.000000e+00,0.000000e+00,0.000000e+00,0.000000e+00,-2.981556e-19,-4.161842e-13,0.000000e+00,0.000000e+00,0.000000e+00,0.000000e+00,4.377230e+01,8.396268e+02,3.364499e-01,7.164029e-05,0.000000e+00,3.689122e+01,0.000000e+00,0.000000e+00,-6.940504e-01
7.151791e-03,4.439487e+01,8.388351e+02,-4.306119e-05,-8.168616e-05,3.364498e-01,7.164029e-05,4.945377e-06,0.000000e+00,-6.627591e+00,0.000000e+00,0.000000e+00,0.000000e+00,0.000000e+00,0.000000e+00,0.000000e+00,0.000000e+00,-2.981556e-19,-4.161842e-13,0.000000e+00,0.000000e+00,0.000000e+00,0.000000e+00,4.439487e+01,8.389940e+02,3.364498e-01,7.164029e-05,0.000000e+00,3.693773e+01,0.000000e+00,0.000000e+00,-6.940504e-01
7.161677e-03,4.498216e+01,8.382501e+02,-4.306119e-05,-8.168616e-05,3.364498e-01,7.164029e-05,4.935635e-06,0.000000e+00,-6.627591e+00,0.000000e+00,0.000000e+00,0.000000e+00,0.000000e+00,0.000000e+00,0.000000e+00,0.000000e+00,-2.981556e-19,-4.161842e-13,0.000000e+00,0.000000e+00,0.000000e+00,0.000000e+00,4.498216e+01,8.383992e+02,3.364498e-01,7.164029e-05,0.000000e+00,3.698416e+01,0.000000e+00,0.000000e+00,-6.940504e-01
7.171543e-03,4.553406e+01,8.377034e+02,-4.306119e-05,-8.168616e-05,3.364498e-01,7.164029e-05,4.926230e-06,0.000000e+00,-6.627591e+00,0.000000e+00,0.000000e+00,0.000000e+00,0.000000e+00,0.000000e+00,0.000000e+00,0.000000e+00,-2.981556e-19,-4.161842e-13,0.000000e+00,0.000000e+00,0.000000e+00,0.000000e+00,4.553406e+01,8.378430e+02,3.364498e-01,7.164029e-05,0.000000e+00,3.703050e+01,0.000000e+00,0.000000e+00,-6.940504e-01
7.181392e-03,4.605077e+01,8.371933e+02,-4.306119e-05,-8.168616e-05,3.364498e-01,7.164029e-05,4.917735e-06,0.000000e+00,-6.627591e+00,0.000000e+00,0.000000e+00,0.000000e+00,0.000000e+00,0.000000e+00,0.000000e+00,0.000000e+00,-2.981556e-19,-4.161842e-13,0.000000e+00,0.000000e+00,0.000000e+00,0.000000e+00,4.605077e+01,8.373240e+02,3.364498e-01,7.164029e-05,0.000000e+00,3.707675e+01,0.000000e+00,0.000000e+00,-6.940504e-01
7.191223e-03,4.653249e+01,8.367178e+02,-4.306119e-05,-8.168616e-05,3.364498e-01,7.164029e-05,4.910698e-06,0.000000e+00,-6.627591e+00,0.000000e+00,0.000000e+00,0.000000e+00,0.000000e+00,0.000000e+00,0.000000e+00,0.000000e+00,-2.981556e-19,-4.161842e-13,0.000000e+00,0.000000e+00,0.000000e+00,0.000000e+00,4.653249e+01,8.368400e+02,3.364498e-01,7.164029e-05,0.000000e+00,3.712292e+01,0.000000e+00,0.000000e+00,-6.940504e-01
7.201042e-03,4.697908e+01,8.362753e+02,-4.306119e-05,-8.168616e-05,3.364498e-01,7.164029e-05,4.905468e-06,0.000000e+00,-6.627591e+00,0.000000e+00,0.000000e+00,0.000000e+00,0.000000e+00,0.000000e+00,0.000000e+00,0.000000e+00,-2.981556e-19,-4.161842e-13,0.000000e+00,0.000000e+00,0.000000e+00,0.000000e+00,4.697908e+01,8.363893e+02,3.364498e-01,7.164029e-05,0.000000e+00,3.716903e+01,0.000000e+00,0.000000e+00,-6.940504e-01
7.210851e-03,4.738992e+01,8.358655e+02,-4.306119e-05,-8.168616e-05,3.364498e-01,7.164029e-05,4.902245e-06,0.000000e+00,-6.627591e+00,0.000000e+00,0.000000e+00,0.000000e+00,0.000000e+00,0.000000e+00,0.000000e+00,0.000000e+00,-2.981556e-19,-4.161842e-13,0.000000e+00,0.000000e+00,0.000000e+00,0.000000e+00,4.738992e+01,8.359713e+02,3.364498e-01,7.164029e-05,0.000000e+00,3.721510e+01,0.000000e+00,0.000000e+00,-6.940504e-01
7.220654e-03,4.776403e+01,8.354899e+02,-4.306119e-05,-8.168616e-05,3.364498e-01,7.164029e-05,4.901084e-06,0.000000e+00,-6.627591e+00,0.000000e+00,0.000000e+00,0.000000e+00,0.000000e+00,0.000000e+00,0.000000e+00,0.000000e+00,-2.981556e-19,-4.161842e-13,0.000000e+00,0.000000e+00,0.000000e+00,0.000000e+00,4.776403e+01,8.355869e+02,3.364498e-01,7.164029e-05,0.000000e+00,3.726114e+01,0.000000e+00,0.000000e+00,-6.940504e-01
7.230457e-03,4.810056e+01,8.351501e+02,-4.306119e-05,-8.168616e-05,3.364498e-01,7.164029e-05,4.901922e-06,0.000000e+00,-6.627591e+00,0.000000e+00,0.000000e+00,0.000000e+00,0.000000e+00,0.000000e+00,0.000000e+00,0.000000e+00,-2.981556e-19,-4.161842e-13,0.000000e+00,0.000000e+00,0.000000e+00,0.000000e+00,4.810056e+01,8.352379e+02,3.364498e-01,7.164029e-05,0.000000e+00,3.730718e+01,0.000000e+00,0.000000e+00,-6.940504e-01
7.240262e-03,4.839929e+01,8.348474e+02,-4.306119e-05,-8.168616e-05,3.364498e-01,7.164029e-05,4.904636e-06,0.000000e+00,-6.627591e+00,0.000000e+00,0.000000e+00,0.000000e+00,0.000000e+00,0.000000e+00,0.000000e+00,0.000000e+00,-2.981556e-19,-4.161842e-13,0.000000e+00,0.000000e+00,0.000000e+00,0.000000e+00,4.839929e+01,8.349259e+02,3.364498e-01,7.164029e-05,0.000000e+00,3.735323e+01,0.000000e+00,0.000000e+00,-6.940504e-01
7.250073e-03,4.866109e+01,8.345815e+02,-4.306119e-05,-8.168616e-05,3.364498e-01,7.164029e-05,4.909057e-06,0.000000e+00,-6.627591e+00,0.000000e+00,0.000000e+00,0.000000e+00,0.000000e+00,0.000000e+00,0.000000e+00,0.000000e+00,-2.981556e-19,-4.161842e-13,0.000000e+00,0.000000e+00,0.000000e+00,0.000000e+00,4.866109e+01,8.346509e+02,3.364498e-01,7.164029e-05,0.000000e+00,3.739930e+01,0.000000e+00,0.000000e+00,-6.940504e-01
7.264809e-03,4.898935e+01,8.342481e+02,-4.306119e-05,-8.168616e-05,3.364498e-01,7.164029e-05,4.918343e-06,0.000000e+00,-6.627591e+00,0.000000e+00,0.000000e+00,0.000000e+00,0.000000e+00,0.000000e+00,0.000000e+00,0.000000e+00,-2.981556e-19,-4.161842e-13,0.000000e+00,0.000000e+00,0.000000e+00,0.000000e+00,4.898935e+01,8.343050e+02,3.364498e-01,7.164029e-05,0.000000e+00,3.746851e+01,0.000000e+00,0.000000e+00,-6.940504e-01
7.274649e-03,4.917009e+01,8.340649e+02,-4.306119e-05,-8.168616e-05,3.364498e-01,7.164029e-05,4.925712e-06,0.000000e+00,-6.627591e+00,0.000000e+00,0.000000e+00,0.000000e+00,0.000000e+00,0.000000e+00,0.000000e+00,0.000000e+00,-2.981556e-19,-4.161842e-13,0.000000e+00,0.000000e+00,0.000000e+00,0.000000e+00,4.917009e+01,8.341145e+02,3.364498e-01,7.164029e-05,0.000000e+00,3.751472e+01,0.000000e+00,0.000000e+00,-6.940504e-01
7.284504e-03,4.932516e+01,8.339083e+02,-4.306119e-05,-8.168616e-05,3.364498e-01,7.164029e-05,4.933330e-06,0.000000e+00,-6.627591e+00,0.000000e+00,0.000000e+00,0.000000e+00,0.000000e+00,0.000000e+00,0.000000e+00,0.000000e+00,-2.981556e-19,-4.161842e-13,0.000000e+00,0.000000e+00,0.000000e+00,0.000000e+00,4.932516e+01,8.339518e+02,3.364498e-01,7.164029e-05,0.000000e+00,3.756100e+01,0.000000e+00,0.000000e+00,-6.940504e-01
7.294375e-03,4.945910e+01,8.337740e+02,-4.306119e-05,-8.168616e-05,3.364498e-01,7.164029e-05,4.940502e-06,0.000000e+00,-6.627591e+00,0.000000e+00,0.000000e+00,0.000000e+00,0.000000e+00,0.000000e+00,0.000000e+00,0.000000e+00,-2.981556e-19,-4.161842e-13,0.000000e+00,0.000000e+00,0.000000e+00,0.000000e+00,4.945910e+01,8.338124e+02,3.364498e-01,7.164029e-05,0.000000e+00,3.760736e+01,0.000000e+00,0.000000e+00,-6.940504e-01
7.304259e-03,4.957626e+01,8.336573e+02,-4.306119e-05,-8.168616e-05,3.364498e-01,7.164029e-05,4.946500e-06,0.000000e+00,-6.627591e+00,0.000000e+00,0.000000e+00,0.000000e+00,0.000000e+00,0.000000e+00,0.000000e+00,0.000000e+00,-2.981556e-19,-4.161842e-13,0.000000e+00,0.000000e+00,0.000000e+00,0.000000e+00,4.957626e+01,8.336918e+02,3.364498e-01,7.164029e-05,0.000000e+00,3.765378e+01,0.000000e+00,0.000000e+00,-6.940504e-01
7.314154e-03,4.968039e+01,8.335545e+02,-4.306119e-05,-8.168616e-05,3.364498e-01,7.164029e-05,4.950713e-06,0.000000e+00,-6.627591e+00,0.000000e+00,0.000000e+00,0.000000e+00,0.000000e+00,0.000000e+00,0.000000e+00,0.000000e+00,-2.981556e-19,-4.161842e-13,0.000000e+00,0.000000e+00,0.000000e+00,0.000000e+00,4.968039e+01,8.335859e+02,3.364498e-01,7.164029e-05,0.000000e+00,3.770025e+01,0.000000e+00,0.000000e+00,-6.940504e-01
7.324057e-03,4.977431e+01,8.334625e+02,-4.306119e-05,-8.168616e-05,3.364498e-01,7.164029e-05,4.952789e-06,0.000000e+00,-6.627591e+00,0.000000e+00,0.000000e+00,0.000000e+00,0.000000e+00,0.000000e+00,0.000000e+00,0.000000e+00,-2.981556e-19,-4.161842e-13,0.000000e+00,0.000000e+00,0.000000e+00,0.000000e+00,4.977431e+01,8.334915e+02,3.364498e-01,7.164029e-05,0.000000e+00,3.774676e+01,0.000000e+00,0.000000e+00,-6.940504e-01
7.333963e-03,4.985994e+01,8.333796e+02,-4.306119e-05,-8.168616e-05,3.364498e-01,7.164029e-05,4.952688e-06,0.000000e+00,-6.627591e+00,0.000000e+00,0.000000e+00,0.000000e+00,0.000000e+00,0.000000e+00,0.000000e+00,0.000000e+00,-2.981556e-19,-4.161842e-13,0.000000e+00,0.000000e+00,0.000000e+00,0.000000e+00,4.985994e+01,8.334064e+02,3.364498e-01,7.164029e-05,0.000000e+00,3.779328e+01,0.000000e+00,0.000000e+00,-6.940504e-01
7.343867e-03,4.993842e+01,8.333047e+02,-4.306119e-05,-8.168616e-05,3.364498e-01,7.164029e-05,4.950658e-06,0.000000e+00,-6.627591e+00,0.000000e+00,0.000000e+00,0.000000e+00,0.000000e+00,0.000000e+00,0.000000e+00,0.000000e+00,-2.981556e-19,-4.161842e-13,0.000000e+00,0.000000e+00,0.000000e+00,0.000000e+00,4.993842e+01,8.333297e+02,3.364498e-01,7.164029e-05,0.000000e+00,3.783980e+01,0.000000e+00,0.000000e+00,-6.940504e-01
7.353767e-03,5.001058e+01,8.332369e+02,-4.306119e-05,-8.168616e-05,3.364498e-01,7.164029e-05,4.947191e-06,0.000000e+00,-6.627591e+00,0.000000e+00,0.000000e+00,0.000000e+00,0.000000e+00,0.000000e+00,0.000000e+00,0.000000e+00,-2.981556e-19,-4.161842e-13,0.000000e+00,0.000000e+00,0.000000e+00,0.000000e+00,5.001058e+01,8.332601e+02,3.364498e-01,7.164029e-05,0.000000e+00,3.788629e+01,0.000000e+00,0.000000e+00,-6.940504e-01
7.363659e-03,5.007718e+01,8.331744e+02,-4.306119e-05,-8.168616e-05,3.364498e-01,7.164029e-05,4.942893e-06,0.000000e+00,-6.627591e+00,0.000000e+00,0.000000e+00,0.000000e+00,0.000000e+00,0.000000e+00,0.000000e+00,0.000000e+00,-2.981556e-19,-4.161842e-13,0.000000e+00,0.000000e+00,0.000000e+00,0.000000e+00,5.007718e+01,8.331965e+02,3.364498e-01,7.164029e-05,0.000000e+00,3.793275e+01,0.000000e+00,0.000000e+00,-6.940504e-01
7.373543e-03,5.013900e+01,8.331155e+02,-4.306119e-05,-8.168616e-05,3.364498e-01,7.164029e-05,4.938358e-06,0.000000e+00,-6.627591e+00,0.000000e+00,0.000000e+00,0.000000e+00,0.000000e+00,0.000000e+00,0.000000e+00,0.000000e+00,-2.981556e-19,-4.161842e-13,0.000000e+00,0.000000e+00,0.000000e+00,0.000000e+00,5.013900e+01,8.331369e+02,3.364498e-01,7.164029e-05,0.000000e+00,3.797916e+01,0.000000e+00,0.000000e+00,-6.940504e-01
7.383417e-03,5.019677e+01,8.330583e+02,-4.306119e-05,-8.168616e-05,3.364498e-01,7.164029e-05,4.934077e-06,0.000000e+00,-6.627591e+00,0.000000e+00,0.000000e+00,0.000000e+00,0.000000e+00,0.000000e+00,0.000000e+00,0.000000e+00,-2.981556e-19,-4.161842e-13,0.000000e+00,0.000000e+00,0.000000e+00,0.000000e+00,5.019677e+01,8.330794e+02,3.364498e-01,7.164029e-05,0.000000e+00,3.802554e+01,0.000000e+00,0.000000e+00,-6.940504e-01
7.393284e-03,5.025104e+01,8.330017e+02,-4.306119e-05,-8.168616e-05,3.364498e-01,7.164029e-05,4.930326e-06,0.000000e+00,-6.627591e+00,0.000000e+00,0.000000e+00,0.000000e+00,0.000000e+00,0.000000e+00,0.000000e+00,0.000000e+00,-2.981556e-19,-4.161842e-13,0.000000e+00,0.000000e+00,0.000000e+00,0.000000e+00,5.025104e+01,8.330228e+02,3.364498e-01,7.164029e-05,0.000000e+00,3.807188e+01,0.000000e+00,0.000000e+00,-6.940504e-01
7.403143e-03,5.030212e+01,8.329456e+02,-4.306119e-05,-8.168616e-05,3.364498e-01,7.164029e-05,4.927214e-06,0.000000e+00,-6.627591e+00,0.000000e+00,0.000000e+00,0.000000e+00,0.000000e+00,0.000000e+00,0.000000e+00,0.000000e+00,-2.981556e-19,-4.161842e-13,0.000000e+00,0.000000e+00,0.000000e+00,0.000000e+00,5.030212e+01,8.329664e+02,3.364498e-01,7.164029e-05,0.000000e+00,3.811818e+01,0.000000e+00,0.000000e+00,-6.940504e-01
7.412996e-03,5.035012e+01,8.328907e+02,-4.306119e-05,-8.168616e-05,3.364498e-01,7.164029e-05,4.924681e-06,0.000000e+00,-6.627591e+00,0.000000e+00,0.000000e+00,0.000000e+00,0.000000e+00,0.000000e+00,0.000000e+00,0.000000e+00,-2.981556e-19,-4.161842e-13,0.000000e+00,0.000000e+00,0.000000e+00,0.000000e+00,5.035012e+01,8.329111e+02,3.364498e-01,7.164029e-05,0.000000e+00,3.816445e+01,0.000000e+00,0.000000e+00,-6.940504e-01
7.422844e-03,5.039496e+01,8.328383e+02,-4.306119e-05,-8.168616e-05,3.364498e-01,7.164029e-05,4.922567e-06,0.000000e+00,-6.627591e+00,0.000000e+00,0.000000e+00,0.000000e+00,0.000000e+00,0.000000e+00,0.000000e+00,0.000000e+00,-2.981556e-19,-4.161842e-13,0.000000e+00,0.000000e+00,0.000000e+00,0.000000e+00,5.039496e+01,8.328579e+02,3.364498e-01,7.164029e-05,0.000000e+00,3.821070e+01,0.000000e+00,0.000000e+00,-6.940504e-01
7.432688e-03,5.043634e+01,8.327899e+02,-4.306119e-05,-8.168616e-05,3.364498e-01,7.164029e-05,4.920701e-06,0.000000e+00,-6.627591e+00,0.000000e+00,0.000000e+00,0.000000e+00,0.000000e+00,0.000000e+00,0.000000e+00,0.000000e+00,-2.981556e-19,-4.161842e-13,0.000000e+00,0.000000e+00,0.000000e+00,0.000000e+00,5.043634e+01,8.328083e+02,3.364498e-01,7.164029e-05,0.000000e+00,3.825694e+01,0.000000e+00,0.000000e+00,-6.940504e-01
7.442529e-03,5.047371e+01,8.327470e+02,-4.306119e-05,-8.168616e-05,3.364498e-01,7.164029e-05,4.918967e-06,0.000000e+00,-6.627591e+00,0.000000e+00,0.000000e+00,0.000000e+00,0.000000e+00,0.000000e+00,0.000000e+00,0.000000e+00,-2.981556e-19,-4.161842e-13,0.000000e+00,0.000000e+00,0.000000e+00,0.000000e+00,5.047371e+01,8.327639e+02,3.364498e-01,7.164029e-05,0.000000e+00,3.830315e+01,0.000000e+00,0.000000e+00,-6.940504e-01
7.452366e-03,5.050627e+01,8.327109e+02,-4.306119e-05,-8.168616e-05,3.364498e-01,7.164029e-05,4.917332e-06,0.000000e+00,-6.627591e+00,0.000000e+00,0.000000e+00,0.000000e+00,0.000000e+00,0.000000e+00,0.000000e+00,0.000000e+00,-2.981556e-19,-4.161842e-13,0.000000e+00,0.000000e+00,0.000000e+00,0.000000e+00,5.050627e+01,8.327260e+02,3.364498e-01,7.164029e-05,0.000000e+00,3.834935e+01,0.000000e+00,0.000000e+00,-6.940504e-01
7.462200e-03,5.053303e+01,8.326826e+02,-4.306119e-05,-8.168616e-05,3.364498e-01,7.164029e-05,4.915847e-06,0.000000e+00,-6.627591e+00,0.000000e+00,0.000000e+00,0.000000e+00,0.000000e+00,0.000000e+00,0.000000e+00,0.000000e+00,-2.981556e-19,-4.161842e-13,0.000000e+00,0.000000e+00,0.000000e+00,0.000000e+00,5.053303e+01,8.326956e+02,3.364498e-01,7.164029e-05,0.000000e+00,3.839553e+01,0.000000e+00,0.000000e+00,-6.940504e-01
7.472031e-03,5.055280e+01,8.326624e+02,-4.306119e-05,-8.168616e-05,3.364498e-01,7.164029e-05,4.914609e-06,0.000000e+00,-6.627591e+00,0.000000e+00,0.000000e+00,0.000000e+00,0.000000e+00,0.000000e+00,0.000000e+00,0.000000e+00,-2.981556e-19,-4.161842e-13,0.000000e+00,0.000000e+00,0.000000e+00,0.000000e+00,5.055280e+01,8.326733e+02,3.364498e-01,7.164029e-05,0.000000e+00,3.844170e+01,0.000000e+00,0.000000e+00,-6.940504e-01
7.481860e-03,5.056403e+01,8.326511e+02,-4.306119e-05,-8.168616e-05,3.364498e-01,7.164029e-05,4.913732e-06,0.000000e+00,-6.627591e+00,0.000000e+00,0.000000e+00,0.000000e+00,0.000000e+00,0.000000e+00,0.000000e+00,0.000000e+00,-2.981556e-19,-4.161842e-13,0.000000e+00,0.000000e+00,0.000000e+00,0.000000e+00,5.056403e+01,8.326597e+02,3.364498e-01,7.164029e-05,0.000000e+00,3.848786e+01,0.000000e+00,0.000000e+00,-6.940504e-01
7.491687e-03,5.056476e+01,8.326501e+02,-4.306119e-05,-8.168616e-05,3.364498e-01,7.164029e-05,4.913324e-06,0.000000e+00,-6.627591e+00,0.000000e+00,0.000000e+00,0.000000e+00,0.000000e+00,0.000000e+00,0.000000e+00,0.000000e+00,-2.981556e-19,-4.161842e-13,0.000000e+00,0.000000e+00,0.000000e+00,0.000000e+00,5.056476e+01,8.326559e+02,3.364498e-01,7.164029e-05,0.000000e+00,3.853401e+01,0.000000e+00,0.000000e+00,-6.940504e-01
7.501513e-03,5.055258e+01,8.326615e+02,-4.306119e-05,-8.168616e-05,3.364498e-01,7.164029e-05,4.913516e-06,0.000000e+00,-6.627591e+00,0.000000e+00,0.000000e+00,0.000000e+00,0.000000e+00,0.000000e+00,0.000000e+00,0.000000e+00,-2.981556e-19,-4.161842e-13,0.000000e+00,0.000000e+00,0.000000e+00,0.000000e+00,5.055258e+01,8.326639e+02,3.364498e-01,7.164029e-05,0.000000e+00,3.858016e+01,0.000000e+00,0.000000e+00,-6.940504e-01
7.511341e-03,5.052485e+01,8.326882e+02,-4.306119e-05,-8.168616e-05,3.364498e-01,7.164029e-05,4.914511e-06,0.000000e+00,-6.627591e+00,0.000000e+00,0.000000e+00,0.000000e+00,0.000000e+00,0.000000e+00,0.000000e+00,0.000000e+00,-2.981556e-19,-4.161842e-13,0.000000e+00,0.000000e+00,0.000000e+00,0.000000e+00,5.052485e+01,8.326865e+02,3.364498e-01,7.164029e-05,0.000000e+00,3.862632e+01,0.000000e+00,0.000000e+00,-6.940504e-01
7.521171e-03,5.047895e+01,8.327331e+02,-4.306119e-05,-8.168616e-05,3.364498e-01,7.164029e-05,4.916562e-06,0.000000e+00,-6.627591e+00,0.000000e+00,0.000000e+00,0.000000e+00,0.000000e+00,0.000000e+00,0.000000e+00,0.000000e+00,-2.981556e-19,-4.161842e-13,0.000000e+00,0.000000e+00,0.000000e+00,0.000000e+00,5.047895e+01,8.327265e+02,3.364498e-01,7.164029e-05,0.000000e+00,3.867248e+01,0.000000e+00,0.000000e+00,-6.940504e-01
7.531005e-03,5.041248e+01,8.327990e+02,-4.306119e-05,-8.168616e-05,3.364498e-01,7.164029e-05,4.919971e-06,0.000000e+00,-6.627591e+00,0.000000e+00,0.000000e+00,0.000000e+00,0.000000e+00,0.000000e+00,0.000000e+00,0.000000e+00,-2.981556e-19,-4.161842e-13,0.000000e+00,0.000000e+00,0.000000e+00,0.000000e+00,5.041248e+01,8.327869e+02,3.364498e-01,7.164029e-05,0.000000e+00,3.871867e+01,0.000000e+00,0.000000e+00,-6.940504e-01
7.540848e-03,5.032342e+01,8.328879e+02,-4.306119e-05,-8.168616e-05,3.364498e-01,7.164029e-05,4.925032e-06,0.000000e+00,-6.627591e+00,0.000000e+00,0.000000e+00,0.000000e+00,0.000000e+00,0.000000e+00,0.000000e+00,0.000000e+00,-2.981556e-19,-4.161842e-13,0.000000e+00,0.000000e+00,0.000000e+00,0.000000e+00,5.032342e+01,8.328699e+02,3.364498e-01,7.164029e-05,0.000000e+00,3.876489e+01,0.000000e+00,0.000000e+00,-6.940504e-01
7.550701e-03,5.021013e+01,8.330013e+02,-4.306119e-05,-8.168616e-05,3.364498e-01,7.164029e-05,4.931891e-06,0.000000e+00,-6.627591e+00,0.000000e+00,0.000000e+00,0.000000e+00,0.000000e+00,0.000000e+00,0.000000e+00,0.000000e+00,-2.981556e-19,-4.161842e-13,0.000000e+00,0.000000e+00,0.000000e+00,0.000000e+00,5.021013e+01,8.329771e+02,3.364498e-01,7.164029e-05,0.000000e+00,3.881116e+01,0.000000e+00,0.000000e+00,-6.940504e-01
7.560569e-03,5.007127e+01,8.331400e+02,-4.306119e-05,-8.168616e-05,3.364498e-01,7.164029e-05,4.940447e-06,0.000000e+00,-6.627591e+00,0.000000e+00,0.000000e+00,0.000000e+00,0.000000e+00,0.000000e+00,0.000000e+00,0.000000e+00,-2.981556e-19,-4.161842e-13,0.000000e+00,0.000000e+00,0.000000e+00,0.000000e+00,5.007127e+01,8.331094e+02,3.364498e-01,7.164029e-05,0.000000e+00,3.885751e+01,0.000000e+00,0.000000e+00,-6.940504e-01
7.570454e-03,4.990570e+01,8.333044e+02,-4.306119e-05,-8.168616e-05,3.364498e-01,7.164029e-05,4.950286e-06,0.000000e+00,-6.627591e+00,0.000000e+00,0.000000e+00,0.000000e+00,0.000000e+00,0.000000e+00,0.000000e+00,0.000000e+00,-2.981556e-19,-4.161842e-13,0.000000e+00,0.000000e+00,0.000000e+00,0.000000e+00,4.990570e+01,8.332674e+02,3.364498e-01,7.164029e-05,0.000000e+00,3.890393e+01,0.000000e+00,0.000000e+00,-6.940504e-01
7.580360e-03,4.971227e+01,8.334954e+02,-4.306119e-05,-8.168616e-05,3.364498e-01,7.164029e-05,4.960733e-06,0.000000e+00,-6.627591e+00,0.000000e+00,0.000000e+00,0.000000e+00,0.000000e+00,0.000000e+00,0.000000e+00,0.000000e+00,-2.981556e-19,-4.161842e-13,0.000000e+00,0.000000e+00,0.000000e+00,0.000000e+00,4.971227e+01,8.334516e+02,3.364498e-01,7.164029e-05,0.000000e+00,3.895046e+01,0.000000e+00,0.000000e+00,-6.940504e-01
7.590287e-03,4.948978e+01,8.337141e+02,-4.306119e-05,-8.168616e-05,3.364498e-01,7.164029e-05,4.970924e-06,0.000000e+00,-6.627591e+00,0.000000e+00,0.000000e+00,0.000000e+00,0.000000e+00,0.000000e+00,0.000000e+00,0.000000e+00,-2.981556e-19,-4.161842e-13,0.000000e+00,0.000000e+00,0.000000e+00,0.000000e+00,4.948978e+01,8.336632e+02,3.364498e-01,7.164029e-05,0.000000e+00,3.899707e+01,0.000000e+00,0.000000e+00,-6.940504e-01
7.600233e-03,4.923720e+01,8.339623e+02,-4.306119e-05,-8.168616e-05,3.364498e-01,7.164029e-05,4.979999e-06,0.000000e+00,-6.627591e+00,0.000000e+00,0.000000e+00,0.000000e+00,0.000000e+00,0.000000e+00,0.000000e+00,0.000000e+00,-2.981556e-19,-4.161842e-13,0.000000e+00,0.000000e+00,0.000000e+00,0.000000e+00,4.923720e+01,8.339039e+02,3.364498e-01,7.164029e-05,0.000000e+00,3.904379e+01,0.000000e+00,0.000000e+00,-6.940504e-01
7.610193e-03,4.895415e+01,8.342418e+02,-4.306119e-05,-8.168616e-05,3.364498e-01,7.164029e-05,4.977445e-06,0.000000e+00,-6.627591e+00,0.000000e+00,0.000000e+00,0.000000e+00,0.000000e+00,0.000000e+00,0.000000e+00,0.000000e+00,-2.981556e-19,-4.161842e-13,0.000000e+00,0.000000e+00,0.000000e+00,0.000000e+00,4.895415e+01,8.341755e+02,3.364498e-01,7.164029e-05,0.000000e+00,3.909056e+01,0.000000e+00,0.000000e+00,-6.940504e-01
7.620146e-03,4.864173e+01,8.345525e+02,-4.306119e-05,-8.168616e-05,3.364498e-01,7.164029e-05,4.973896e-06,0.000000e+00,-6.627591e+00,0.000000e+00,0.000000e+00,0.000000e+00,0.000000e+00,0.000000e+00,0.000000e+00,0.000000e+00,-2.981556e-19,-4.161842e-13,0.000000e+00,0.000000e+00,0.000000e+00,0.000000e+00,4.864173e+01,8.344785e+02,3.364498e-01,7.164029e-05,0.000000e+00,3.913731e+01,0.000000e+00,0.000000e+00,-6.940504e-01
7.630092e-03,4.830197e+01,8.348930e+02,-4.306119e-05,-8.168616e-05,3.364498e-01,7.164029e-05,4.971184e-06,0.000000e+00,-6.627591e+00,0.000000e+00,0.000000e+00,0.000000e+00,0.000000e+00,0.000000e+00,0.000000e+00,0.000000e+00,-2.981556e-19,-4.161842e-13,0.000000e+00,0.000000e+00,0.000000e+00,0.000000e+00,4.830197e+01,8.348118e+02,3.364498e-01,7.164029e-05,0.000000e+00,3.918402e+01,0.000000e+00,0.000000e+00,-6.940504e-01
7.640033e-03,4.793829e+01,8.352596e+02,-4.306119e-05,-8.168616e-05,3.364498e-01,7.164029e-05,4.969404e-06,0.000000e+00,-6.627591e+00,0.000000e+00,0.000000e+00,0.000000e+00,0.000000e+00,0.000000e+00,0.000000e+00,0.000000e+00,-2.981556e-19,-4.161842e-13,0.000000e+00,0.000000e+00,0.000000e+00,0.000000e+00,4.793829e+01,8.351724e+02,3.364498e-01,7.164029e-05,0.000000e+00,3.923071e+01,0.000000e+00,0.000000e+00,-6.940504e-01
7.654940e-03,4.735822e+01,8.358461e+02,-4.306119e-05,-8.168616e-05,3.364498e-01,7.164029e-05,4.968281e-06,0.000000e+00,-6.627591e+00,0.000000e+00,0.000000e+00,0.000000e+00,0.000000e+00,0.000000e+00,0.000000e+00,0.000000e+00,-2.981556e-19,-4.161842e-13,0.000000e+00,0.000000e+00,0.000000e+00,0.000000e+00,4.735822e+01,8.357528e+02,3.364498e-01,7.164029e-05,0.000000e+00,3.930071e+01,0.000000e+00,0.000000e+00,-6.940504e-01
7.664877e-03,4.695636e+01,8.362517e+02,-4.306119e-05,-8.168616e-05,3.364498e-01,7.164029e-05,4.968089e-06,0.000000e+00,-6.627591e+00,0.000000e+00,0.000000e+00,0.000000e+00,0.000000e+00,0.000000e+00,0.000000e+00,0.000000e+00,-2.981556e-19,-4.161842e-13,0.000000e+00,0.000000e+00,0.000000e+00,0.000000e+00,4.695636e+01,8.361565e+02,3.364498e-01,7.164029e-05,0.000000e+00,3.934738e+01,0.000000e+00,0.000000e+00,-6.940504e-01
7.674813e-03,4.654869e+01,8.366619e+02,-4.306119e-05,-8.168616e-05,3.364498e-01,7.164029e-05,4.967774e-06,0.000000e+00,-6.627591e+00,0.000000e+00,0.000000e+00,0.000000e+00,0.000000e+00,0.000000e+00,0.000000e+00,0.000000e+00,-2.981556e-19,-4.161842e-13,0.000000e+00,0.000000e+00,0.000000e+00,0.000000e+00,4.654869e+01,8.365662e+02,3.364498e-01,7.164029e-05,0.000000e+00,3.939404e+01,0.000000e+00,0.000000e+00,-6.940504e-01
7.684748e-03,4.614015e+01,8.370716e+02,-4.306119e-05,-8.168616e-05,3.364498e-01,7.164029e-05,4.962500e-06,0.000000e+00,-6.627591e+00,0.000000e+00,0.000000e+00,0.000000e+00,0.000000e+00,0.000000e+00,0.000000e+00,0.000000e+00,-2.981556e-19,-4.161842e-13,0.000000e+00,0.000000e+00,0.000000e+00,0.000000e+00,4.614015e+01,8.369764e+02,3.364498e-01,7.164029e-05,0.000000e+00,3.944070e+01,0.000000e+00,0.000000e+00,-6.940504e-01
7.694668e-03,4.573553e+01,8.374763e+02,-4.306119e-05,-8.168616e-05,3.364498e-01,7.164029e-05,4.952411e-06,0.000000e+00,-6.627591e+00,0.000000e+00,0.000000e+00,0.000000e+00,0.000000e+00,0.000000e+00,0.000000e+00,0.000000e+00,-2.981556e-19,-4.161842e-13,0.000000e+00,0.000000e+00,0.000000e+00,0.000000e+00,4.573553e+01,8.373828e+02,3.364498e-01,7.164029e-05,0.000000e+00,3.948729e+01,0.000000e+00,0.000000e+00,-6.940504e-01
7.704568e-03,4.533852e+01,8.378727e+02,-4.306119e-05,-8.168616e-05,3.364498e-01,7.164029e-05,4.942729e-06,0.000000e+00,-6.627591e+00,0.000000e+00,0.000000e+00,0.000000e+00,0.000000e+00,0.000000e+00,0.000000e+00,0.000000e+00,-2.981556e-19,-4.161842e-13,0.000000e+00,0.000000e+00,0.000000e+00,0.000000e+00,4.533852e+01,8.377815e+02,3.364498e-01,7.164029e-05,0.000000e+00,3.953378e+01,0.000000e+00,0.000000e+00,-6.940504e-01
7.714449e-03,4.495192e+01,8.382586e+02,-4.306119e-05,-8.168616e-05,3.364498e-01,7.164029e-05,4.934253e-06,0.000000e+00,-6.627591e+00,0.000000e+00,0.000000e+00,0.000000e+00,0.000000e+00,0.000000e+00,0.000000e+00,0.000000e+00,-2.981556e-19,-4.161842e-13,0.000000e+00,0.000000e+00,0.000000e+00,0.000000e+00,4.495192e+01,8.381702e+02,3.364498e-01,7.164029e-05,0.000000e+00,3.958019e+01,0.000000e+00,0.000000e+00,-6.940504e-01
7.724314e-03,4.457809e+01,8.386321e+02,-4.306119e-05,-8.168616e-05,3.364498e-01,7.164029e-05,4.927655e-06,0.000000e+00,-6.627591e+00,0.000000e+00,0.000000e+00,0.000000e+00,0.000000e+00,0.000000e+00,0.000000e+00,0.000000e+00,-2.981556e-19,-4.161842e-13,0.000000e+00,0.000000e+00,0.000000e+00,0.000000e+00,4.457809e+01,8.385470e+02,3.364498e-01,7.164029e-05,0.000000e+00,3.962652e+01,0.000000e+00,0.000000e+00,-6.940504e-01
7.734167e-03,4.421926e+01,8.389910e+02,-4.306119e-05,-8.168616e-05,3.364498e-01,7.164029e-05,4.923381e-06,0.000000e+00,-6.627591e+00,0.000000e+00,0.000000e+00,0.000000e+00,0.000000e+00,0.000000e+00,0.000000e+00,0.000000e+00,-2.981556e-19,-4.161842e-13,0.000000e+00,0.000000e+00,0.000000e+00,0.000000e+00,4.421926e+01,8.389098e+02,3.364498e-01,7.164029e-05,0.000000e+00,3.967279e+01,0.000000e+00,0.000000e+00,-6.940504e-01
7.744012e-03,4.387786e+01,8.393329e+02,-4.306119e-05,-8.168616e-05,3.364498e-01,7.164029e-05,4.921637e-06,0.000000e+00,-6.627591e+00,0.000000e+00,0.000000e+00,0.000000e+00,0.000000e+00,0.000000e+00,0.000000e+00,0.000000e+00,-2.981556e-19,-4.161842e-13,0.000000e+00,0.000000e+00,0.000000e+00,0.000000e+00,4.387786e+01,8.392563e+02,3.364498e-01,7.164029e-05,0.000000e+00,3.971903e+01,0.000000e+00,0.000000e+00,-6.940504e-01
7.753856e-03,4.355668e+01,8.396546e+02,-4.306119e-05,-8.168616e-05,3.364498e-01,7.164029e-05,4.922390e-06,0.000000e+00,-6.627591e+00,0.000000e+00,0.000000e+00,0.000000e+00,0.000000e+00,0.000000e+00,0.000000e+00,0.000000e+00,-2.981556e-19,-4.161842e-13,0.000000e+00,0.000000e+00,0.000000e+00,0.000000e+00,4.355668e+01,8.395834e+02,3.364498e-01,7.164029e-05,0.000000e+00,3.976525e+01,0.000000e+00,0.000000e+00,-6.940504e-01
7.763701e-03,4.325891e+01,8.399523e+02,-4.306119e-05,-8.168616e-05,3.364498e-01,7.164029e-05,4.925416e-06,0.000000e+00,-6.627591e+00,0.000000e+00,0.000000e+00,0.000000e+00,0.000000e+00,0.000000e+00,0.000000e+00,0.000000e+00,-2.981556e-19,-4.161842e-13,0.000000e+00,0.000000e+00,0.000000e+00,0.000000e+00,4.325891e+01,8.398876e+02,3.364498e-01,7.164029e-05,0.000000e+00,3.981150e+01,0.000000e+00,0.000000e+00,-6.940504e-01
7.773555e-03,4.298789e+01,8.402224e+02,-4.306119e-05,-8.168616e-05,3.364498e-01,7.164029e-05,4.930407e-06,0.000000e+00,-6.627591e+00,0.000000e+00,0.000000e+00,0.000000e+00,0.000000e+00,0.000000e+00,0.000000e+00,0.000000e+00,-2.981556e-19,-4.161842e-13,0.000000e+00,0.000000e+00,0.000000e+00,0.000000e+00,4.298789e+01,8.401650e+02,3.364498e-01,7.164029e-05,0.000000e+00,3.985777e+01,0.000000e+00,0.000000e+00,-6.940504e-01
7.783419e-03,4.274693e+01,8.404613e+02,-4.306119e-05,-8.168616e-05,3.364498e-01,7.164029e-05,4.937059e-06,0.000000e+00,-6.627591e+00,0.000000e+00,0.000000e+00,0.000000e+00,0.000000e+00,0.000000e+00,0.000000e+00,0.000000e+00,-2.981556e-19,-4.161842e-13,0.000000e+00,0.000000e+00,0.000000e+00,0.000000e+00,4.274693e+01,8.404120e+02,3.364498e-01,7.164029e-05,0.000000e+00,3.990409e+01,0.000000e+00,0.000000e+00,-6.940504e-01
7.793297e-03,4.253918e+01,8.406660e+02,-4.306119e-05,-8.168616e-05,3.364498e-01,7.164029e-05,4.945076e-06,0.000000e+00,-6.627591e+00,0.000000e+00,0.000000e+00,0.000000e+00,0.000000e+00,0.000000e+00,0.000000e+00,0.000000e+00,-2.981556e-19,-4.161842e-13,0.000000e+00,0.000000e+00,0.000000e+00,0.000000e+00,4.253918e+01,8.406256e+02,3.364498e-01,7.164029e-05,0.000000e+00,3.995049e+01,0.000000e+00,0.000000e+00,-6.940504e-01
7.803191e-03,4.236773e+01,8.408336e+02,-4.306119e-05,-8.168616e-05,3.364498e-01,7.164029e-05,4.954109e-06,0.000000e+00,-6.627591e+00,0.000000e+00,0.000000e+00,0.000000e+00,0.000000e+00,0.000000e+00,0.000000e+00,0.000000e+00,-2.981556e-19,-4.161842e-13,0.000000e+00,0.000000e+00,0.000000e+00,0.000000e+00,4.236773e+01,8.408028e+02,3.364498e-01,7.164029e-05,0.000000e+00,3.999696e+01,0.000000e+00,0.000000e+00,-6.940504e-01
7.813104e-03,4.223560e+01,8.409616e+02,-4.306119e-05,-8.168616e-05,3.364498e-01,7.164029e-05,4.963823e-06,0.000000e+00,-6.627591e+00,0.000000e+00,0.000000e+00,0.000000e+00,0.000000e+00,0.000000e+00,0.000000e+00,0.000000e+00,-2.981556e-19,-4.161842e-13,0.000000e+00,0.000000e+00,0.000000e+00,0.000000e+00,4.223560e+01,8.409410e+02,3.364498e-01,7.164029e-05,0.000000e+00,4.004351e+01,0.000000e+00,0.000000e+00,-6.940504e-01
7.823037e-03,4.214569e+01,8.410477e+02,-4.306119e-05,-8.168616e-05,3.364498e-01,7.164029e-05,4.973781e-06,0.000000e+00,-6.627591e+00,0.000000e+00,0.000000e+00,0.000000e+00,0.000000e+00,0.000000e+00,0.000000e+00,0.000000e+00,-2.981556e-19,-4.161842e-13,0.000000e+00,0.000000e+00,0.000000e+00,0.000000e+00,4.214569e+01,8.410378e+02,3.364498e-01,7.164029e-05,0.000000e+00,4.009016e+01,0.000000e+00,0.000000e+00,-6.940504e-01
7.832989e-03,4.210077e+01,8.410899e+02,-4.306119e-05,-8.168616e-05,3.364498e-01,7.164029e-05,4.983436e-06,0.000000e+00,-6.627591e+00,0.000000e+00,0.000000e+00,0.000000e+00,0.000000e+00,0.000000e+00,0.000000e+00,0.000000e+00,-2.981556e-19,-4.161842e-13,0.000000e+00,0.000000e+00,0.000000e+00,0.000000e+00,4.210077e+01,8.410912e+02,3.364498e-01,7.164029e-05,0.000000e+00,4.013690e+01,0.000000e+00,0.000000e+00,-6.940504e-01
7.842961e-03,4.210348e+01,8.410862e+02,-4.306119e-05,-8.168616e-05,3.364498e-01,7.164029e-05,4.992186e-06,0.000000e+00,-6.627591e+00,0.000000e+00,0.000000e+00,0.000000e+00,0.000000e+00,0.000000e+00,0.000000e+00,0.000000e+00,-2.981556e-19,-4.161842e-13,0.000000e+00,0.000000e+00,0.000000e+00,0.000000e+00,4.210348e+01,8.410993e+02,3.364498e-01,7.164029e-05,0.000000e+00,4.018373e+01,0.000000e+00,0.000000e+00,-6.940504e-01
7.852949e-03,4.215639e+01,8.410341e+02,-4.306119e-05,-8.168616e-05,3.364498e-01,7.164029e-05,4.999408e-06,0.000000e+00,-6.627591e+00,0.000000e+00,0.000000e+00,0.000000e+00,0.000000e+00,0.000000e+00,0.000000e+00,0.000000e+00,-2.981556e-19,-4.161842e-13,0.000000e+00,0.000000e+00,0.000000e+00,0.000000e+00,4.215639e+01,8.410596e+02,3.364498e-01,7.164029e-05,0.000000e+00,4.023064e+01,0.000000e+00,0.000000e+00,-6.940504e-01
7.862951e-03,4.226200e+01,8.409305e+02,-4.306119e-05,-8.168616e-05,3.364498e-01,7.164029e-05,5.004530e-06,0.000000e+00,-6.627591e+00,0.000000e+00,0.000000e+00,0.000000e+00,0.000000e+00,0.000000e+00,0.000000e+00,0.000000e+00,-2.981556e-19,-4.161842e-13,0.000000e+00,0.000000e+00,0.000000e+00,0.000000e+00,4.226200e+01,8.409692e+02,3.364498e-01,7.164029e-05,0.000000e+00,4.027761e+01,0.000000e+00,0.000000e+00,-6.940504e-01
7.872961e-03,4.242252e+01,8.407722e+02,-4.306119e-05,-8.168616e-05,3.364498e-01,7.164029e-05,5.007189e-06,0.000000e+00,-6.627591e+00,0.000000e+00,0.000000e+00,0.000000e+00,0.000000e+00,0.000000e+00,0.000000e+00,0.000000e+00,-2.981556e-19,-4.161842e-13,0.000000e+00,0.000000e+00,0.000000e+00,0.000000e+00,4.242252e+01,8.408249e+02,3.364498e-01,7.164029e-05,0.000000e+00,4.032462e+01,0.000000e+00,0.000000e+00,-6.940504e-01
7.882976e-03,4.263948e+01,8.405566e+02,-4.306119e-05,-8.168616e-05,3.364498e-01,7.164029e-05,5.007257e-06,0.000000e+00,-6.627591e+00,0.000000e+00,0.000000e+00,0.000000e+00,0.000000e+00,0.000000e+00,0.000000e+00,0.000000e+00,-2.981556e-19,-4.161842e-13,0.000000e+00,0.000000e+00,0.000000e+00,0.000000e+00,4.263948e+01,8.406239e+02,3.364498e-01,7.164029e-05,0.000000e+00,4.037165e+01,0.000000e+00,0.000000e+00,-6.940504e-01
7.892990e-03,4.291343e+01,8.402830e+02,-4.306119e-05,-8.168616e-05,3.364498e-01,7.164029e-05,5.004928e-06,0.000000e+00,-6.627591e+00,0.000000e+00,0.000000e+00,0.000000e+00,0.000000e+00,0.000000e+00,0.000000e+00,0.000000e+00,-2.981556e-19,-4.161842e-13,0.000000e+00,0.000000e+00,0.000000e+00,0.000000e+00,4.291343e+01,8.403648e+02,3.364498e-01,7.164029e-05,0.000000e+00,4.041868e+01,0.000000e+00,0.000000e+00,-6.940504e-01
7.902998e-03,4.324382e+01,8.399519e+02,-4.306119e-05,-8.168616e-05,3.364498e-01,7.164029e-05,5.000705e-06,0.000000e+00,-6.627591e+00,0.000000e+00,0.000000e+00,0.000000e+00,0.000000e+00,0.000000e+00,0.000000e+00,0.000000e+00,-2.981556e-19,-4.161842e-13,0.000000e+00,0.000000e+00,0.000000e+00,0.000000e+00,4.324382e+01,8.400479e+02,3.364498e-01,7.164029e-05,0.000000e+00,4.046568e+01,0.000000e+00,0.000000e+00,-6.940504e-01
7.912996e-03,4.362918e+01,8.395650e+02,-4.306119e-05,-8.168616e-05,3.364498e-01,7.164029e-05,4.995308e-06,0.000000e+00,-6.627591e+00,0.000000e+00,0.000000e+00,0.000000e+00,0.000000e+00,0.000000e+00,0.000000e+00,0.000000e+00,-2.981556e-19,-4.161842e-13,0.000000e+00,0.000000e+00,0.000000e+00,0.000000e+00,4.362918e+01,8.396746e+02,3.364498e-01,7.164029e-05,0.000000e+00,4.051264e+01,0.000000e+00,0.000000e+00,-6.940504e-01
7.922984e-03,4.406734e+01,8.391247e+02,-4.306119e-05,-8.168616e-05,3.364498e-01,7.164029e-05,4.989560e-06,0.000000e+00,-6.627591e+00,0.000000e+00,0.000000e+00,0.000000e+00,0.000000e+00,0.000000e+00,0.000000e+00,0.000000e+00,-2.981556e-19,-4.161842e-13,0.000000e+00,0.000000e+00,0.000000e+00,0.000000e+00,4.406734e+01,8.392474e+02,3.364498e-01,7.164029e-05,0.000000e+00,4.055955e+01,0.000000e+00,0.000000e+00,-6.940504e-01
7.932961e-03,4.455563e+01,8.386339e+02,-4.306119e-05,-8.168616e-05,3.364498e-01,7.164029e-05,4.984213e-06,0.000000e+00,-6.627591e+00,0.000000e+00,0.000000e+00,0.000000e+00,0.000000e+00,0.000000e+00,0.000000e+00,0.000000e+00,-2.981556e-19,-4.161842e-13,0.000000e+00,0.000000e+00,0.000000e+00,0.000000e+00,4.455563e+01,8.387689e+02,3.364498e-01,7.164029e-05,0.000000e+00,4.060640e+01,0.000000e+00,0.000000e+00,-6.940504e-01
7.942927e-03,4.509093e+01,8.380957e+02,-4.306119e-05,-8.168616e-05,3.364498e-01,7.164029e-05,4.979833e-06,0.000000e+00,-6.627591e+00,0.000000e+00,0.000000e+00,0.000000e+00,0.000000e+00,0.000000e+00,0.000000e+00,0.000000e+00,-2.981556e-19,-4.161842e-13,0.000000e+00,0.000000e+00,0.000000e+00,0.000000e+00,4.509093e+01,8.382421e+02,3.364498e-01,7.164029e-05,0.000000e+00,4.065321e+01,0.000000e+00,0.000000e+00,-6.940504e-01
7.952885e-03,4.566975e+01,8.375140e+02,-4.306119e-05,-8.168616e-05,3.364498e-01,7.164029e-05,4.976734e-06,0.000000e+00,-6.627591e+00,0.000000e+00,0.000000e+00,0.000000e+00,0.000000e+00,0.000000e+00,0.000000e+00,0.000000e+00,-2.981556e-19,-4.161842e-13,0.000000e+00,0.000000e+00,0.000000e+00,0.000000e+00,4.566975e+01,8.376709e+02,3.364498e-01,7.164029e-05,0.000000e+00,4.069997e+01,0.000000e+00,0.000000e+00,-6.940504e-01
7.962837e-03,4.628825e+01,8.368934e+02,-4.306119e-05,-8.168616e-05,3.364498e-01,7.164029e-05,4.975050e-06,0.000000e+00,-6.627591e+00,0.000000e+00,0.000000e+00,0.000000e+00,0.000000e+00,0.000000e+00,0.000000e+00,0.000000e+00,-2.981556e-19,-4.161842e-13,0.000000e+00,0.000000e+00,0.000000e+00,0.000000e+00,4.628825e+01,8.370594e+02,3.364498e-01,7.164029e-05,0.000000e+00,4.074671e+01,0.000000e+00,0.000000e+00,-6.940504e-01
7.972787e-03,4.694256e+01,8.362385e+02,-4.306119e-05,-8.168616e-05,3.364498e-01,7.164029e-05,4.974765e-06,0.000000e+00,-6.627591e+00,0.000000e+00,0.000000e+00,0.000000e+00,0.000000e+00,0.000000e+00,0.000000e+00,0.000000e+00,-2.981556e-19,-4.161842e-13,0.000000e+00,0.000000e+00,0.000000e+00,0.000000e+00,4.694256e+01,8.364126e+02,3.364498e-01,7.164029e-05,0.000000e+00,4.079344e+01,0.000000e+00,0.000000e+00,-6.940504e-01
7.982736e-03,4.762902e+01,8.355532e+02,-4.306119e-05,-8.168616e-05,3.364498e-01,7.164029e-05,4.975764e-06,0.000000e+00,-6.627591e+00,0.000000e+00,0.000000e+00,0.000000e+00,0.000000e+00,0.000000e+00,0.000000e+00,0.000000e+00,-2.981556e-19,-4.161842e-13,0.000000e+00,0.000000e+00,0.000000e+00,0.000000e+00,4.762902e+01,8.357346e+02,3.364498e-01,7.164029e-05,0.000000e+00,4.084017e+01,0.000000e+00,0.000000e+00,-6.940504e-01
7.992689e-03,4.834439e+01,8.348406e+02,-4.306119e-05,-8.168616e-05,3.364498e-01,7.164029e-05,4.977901e-06,0.000000e+00,-6.627591e+00,0.000000e+00,0.000000e+00,0.000000e+00,0.000000e+00,0.000000e+00,0.000000e+00,0.000000e+00,-2.981556e-19,-4.161842e-13,0.000000e+00,0.000000e+00,0.000000e+00,0.000000e+00,4.834439e+01,8.350285e+02,3.364498e-01,7.164029e-05,0.000000e+00,4.088691e+01,0.000000e+00,0.000000e+00,-6.940504e-01
8.002646e-03,4.908579e+01,8.341022e+02,-4.306119e-05,-8.168616e-05,3.364498e-01,7.164029e-05,4.980944e-06,0.000000e+00,-6.627591e+00,0.000000e+00,0.000000e+00,0.000000e+00,0.000000e+00,0.000000e+00,0.000000e+00,0.000000e+00,-2.981556e-19,-4.161842e-13,0.000000e+00,0.000000e+00,0.000000e+00,0.000000e+00,4.908579e+01,8.342964e+02,3.364498e-01,7.164029e-05,0.000000e+00,4.093367e+01,0.000000e+00,0.000000e+00,-6.940504e-01
8.012610e-03,4.985037e+01,8.333395e+02,-4.306119e-05,-8.168616e-05,3.364498e-01,7.164029e-05,4.984539e-06,0.000000e+00,-6.627591e+00,0.000000e+00,0.000000e+00,0.000000e+00,0.000000e+00,0.000000e+00,0.000000e+00,0.000000e+00,-2.981556e-19,-4.161842e-13,0.000000e+00,0.000000e+00,0.000000e+00,0.000000e+00,4.985037e+01,8.335397e+02,3.364498e-01,7.164029e-05,0.000000e+00,4.098046e+01,0.000000e+00,0.000000e+00,-6.940504e-01
8.022581e-03,5.063479e+01,8.325549e+02,-4.306119e-05,-8.168616e-05,3.364498e-01,7.164029e-05,4.988234e-06,0.000000e+00,-6.627591e+00,0.000000e+00,0.000000e+00,0.000000e+00,0.000000e+00,0.000000e+00,0.000000e+00,0.000000e+00,-2.981556e-19,-4.161842e-13,0.000000e+00,0.000000e+00,0.000000e+00,0.000000e+00,5.063479e+01,8.327602e+02,3.364498e-01,7.164029e-05,0.000000e+00,4.102729e+01,0.000000e+00,0.000000e+00,-6.940504e-01
8.032559e-03,5.143493e+01,8.317524e+02,-4.306119e-05,-8.168616e-05,3.364498e-01,7.164029e-05,4.991507e-06,0.000000e+00,-6.627591e+00,0.000000e+00,0.000000e+00,0.000000e+00,0.000000e+00,0.000000e+00,0.000000e+00,0.000000e+00,-2.981556e-19,-4.161842e-13,0.000000e+00,0.000000e+00,0.000000e+00,0.000000e+00,5.143493e+01,8.319615e+02,3.364498e-01,7.164029e-05,0.000000e+00,4.107415e+01,0.000000e+00,0.000000e+00,-6.940504e-01
8.042543e-03,5.224592e+01,8.309376e+02,-4.306119e-05,-8.168616e-05,3.364498e-01,7.164029e-05,4.993843e-06,0.000000e+00,-6.627591e+00,0.000000e+00,0.000000e+00,0.000000e+00,0.000000e+00,0.000000e+00,0.000000e+00,0.000000e+00,-2.981556e-19,-4.161842e-13,0.000000e+00,0.000000e+00,0.000000e+00,0.000000e+00,5.224592e+01,8.311492e+02,3.364498e-01,7.164029e-05,0.000000e+00,4.112104e+01,0.000000e+00,0.000000e+00,-6.940504e-01
8.052532e-03,5.306254e+01,8.301172e+02,-4.306119e-05,-8.168616e-05,3.364498e-01,7.164029e-05,4.994796e-06,0.000000e+00,-6.627591e+00,0.000000e+00,0.000000e+00,0.000000e+00,0.000000e+00,0.000000e+00,0.000000e+00,0.000000e+00,-2.981556e-19,-4.161842e-13,0.000000e+00,0.000000e+00,0.000000e+00,0.000000e+00,5.306254e+01,8.303295e+02,3.364498e-01,7.164029e-05,0.000000e+00,4.116795e+01,0.000000e+00,0.000000e+00,-6.940504e-01
8.062521e-03,5.387970e+01,8.292975e+02,-4.306119e-05,-8.168616e-05,3.364498e-01,7.164029e-05,4.994130e-06,0.000000e+00,-6.627591e+00,0.000000e+00,0.000000e+00,0.000000e+00,0.000000e+00,0.000000e+00,0.000000e+00,0.000000e+00,-2.981556e-19,-4.161842e-13,0.000000e+00,0.000000e+00,0.000000e+00,0.000000e+00,5.387970e+01,8.295089e+02,3.364498e-01,7.164029e-05,0.000000e+00,4.121487e+01,0.000000e+00,0.000000e+00,-6.940504e-01
8.072508e-03,5.469297e+01,8.284835e+02,-4.306119e-05,-8.168616e-05,3.364498e-01,7.164029e-05,4.991873e-06,0.000000e+00,-6.627591e+00,0.000000e+00,0.000000e+00,0.000000e+00,0.000000e+00,0.000000e+00,0.000000e+00,0.000000e+00,-2.981556e-19,-4.161842e-13,0.000000e+00,0.000000e+00,0.000000e+00,0.000000e+00,5.469297e+01,8.286931e+02,3.364498e-01,7.164029e-05,0.000000e+00,4.126177e+01,0.000000e+00,0.000000e+00,-6.940504e-01
8.082490e-03,5.549885e+01,8.276786e+02,-4.306119e-05,-8.168616e-05,3.364498e-01,7.164029e-05,4.988345e-06,0.000000e+00,-6.627591e+00,0.000000e+00,0.000000e+00,0.000000e+00,0.000000e+00,0.000000e+00,0.000000e+00,0.000000e+00,-2.981556e-19,-4.161842e-13,0.000000e+00,0.000000e+00,0.000000e+00,0.000000e+00,5.549885e+01,8.278856e+02,3.364498e-01,7.164029e-05,0.000000e+00,4.130865e+01,0.000000e+00,0.000000e+00,-6.940504e-01
8.092466e-03,5.629488e+01,8.268843e+02,-4.306119e-05,-8.168616e-05,3.364498e-01,7.164029e-05,4.984082e-06,0.000000e+00,-6.627591e+00,0.000000e+00,0.000000e+00,0.000000e+00,0.000000e+00,0.000000e+00,0.000000e+00,0.000000e+00,-2.981556e-19,-4.161842e-13,0.000000e+00,0.000000e+00,0.000000e+00,0.000000e+00,5.629488e+01,8.270886e+02,3.364498e-01,7.164029e-05,0.000000e+00,4.135550e+01,0.000000e+00,0.000000e+00,-6.940504e-01
8.102431e-03,5.707948e+01,8.261013e+02,-4.306119e-05,-8.168616e-05,3.364498e-01,7.164029e-05,4.979735e-06,0.000000e+00,-6.627591e+00,0.000000e+00,0.000000e+00,0.000000e+00,0.000000e+00,0.000000e+00,0.000000e+00,0.000000e+00,-2.981556e-19,-4.161842e-13,0.000000e+00,0.000000e+00,0.000000e+00,0.000000e+00,5.707948e+01,8.263028e+02,3.364498e-01,7.164029e-05,0.000000e+00,4.140230e+01,0.000000e+00,0.000000e+00,-6.940504e-01
8.112389e-03,5.785163e+01,8.253294e+02,-4.306119e-05,-8.168616e-05,3.364498e-01,7.164029e-05,4.975952e-06,0.000000e+00,-6.627591e+00,0.000000e+00,0.000000e+00,0.000000e+00,0.000000e+00,0.000000e+00,0.000000e+00,0.000000e+00,-2.981556e-19,-4.161842e-13,0.000000e+00,0.000000e+00,0.000000e+00,0.000000e+00,5.785163e+01,8.255281e+02,3.364498e-01,7.164029e-05,0.000000e+00,4.144906e+01,0.000000e+00,0.000000e+00,-6.940504e-01
8.122339e-03,5.861055e+01,8.245688e+02,-4.306119e-05,-8.168616e-05,3.364498e-01,7.164029e-05,4.973253e-06,0.000000e+00,-6.627591e+00,0.000000e+00,0.000000e+00,0.000000e+00,0.000000e+00,0.000000e+00,0.000000e+00,0.000000e+00,-2.981556e-19,-4.161842e-13,0.000000e+00,0.000000e+00,0.000000e+00,0.000000e+00,5.861055e+01,8.247646e+02,3.364498e-01,7.164029e-05,0.000000e+00,4.149579e+01,0.000000e+00,0.000000e+00,-6.940504e-01
8.132285e-03,5.935536e+01,8.238204e+02,-4.306119e-05,-8.168616e-05,3.364498e-01,7.164029e-05,4.971998e-06,0.000000e+00,-6.627591e+00,0.000000e+00,0.000000e+00,0.000000e+00,0.000000e+00,0.000000e+00,0.000000e+00,0.000000e+00,-2.981556e-19,-4.161842e-13,0.000000e+00,0.000000e+00,0.000000e+00,0.000000e+00,5.935536e+01,8.240129e+02,3.364498e-01,7.164029e-05,0.000000e+00,4.154250e+01,0.000000e+00,0.000000e+00,-6.940504e-01
8.142229e-03,6.008490e+01,8.230856e+02,-4.306119e-05,-8.168616e-05,3.364498e-01,7.164029e-05,4.972346e-06,0.000000e+00,-6.627591e+00,0.000000e+00,0.000000e+00,0.000000e+00,0.000000e+00,0.000000e+00,0.000000e+00,0.000000e+00,-2.981556e-19,-4.161842e-13,0.000000e+00,0.000000e+00,0.000000e+00,0.000000e+00,6.008490e+01,8.232745e+02,3.364498e-01,7.164029e-05,0.000000e+00,4.158920e+01,0.000000e+00,0.000000e+00,-6.940504e-01
8.152174e-03,6.079757e+01,8.223672e+02,-4.306119e-05,-8.168616e-05,3.364498e-01,7.164029e-05,4.974252e-06,0.000000e+00,-6.627591e+00,0.000000e+00,0.000000e+00,0.000000e+00,0.000000e+00,0.000000e+00,0.000000e+00,0.000000e+00,-2.981556e-19,-4.161842e-13,0.000000e+00,0.000000e+00,0.000000e+00,0.000000e+00,6.079757e+01,8.225518e+02,3.364498e-01,7.164029e-05,0.000000e+00,4.163591e+01,0.000000e+00,0.000000e+00,-6.940504e-01
8.162124e-03,6.149126e+01,8.216683e+02,-4.306119e-05,-8.168616e-05,3.364498e-01,7.164029e-05,4.977525e-06,0.000000e+00,-6.627591e+00,0.000000e+00,0.000000e+00,0.000000e+00,0.000000e+00,0.000000e+00,0.000000e+00,0.000000e+00,-2.981556e-19,-4.161842e-13,0.000000e+00,0.000000e+00,0.000000e+00,0.000000e+00,6.149126e+01,8.218475e+02,3.364498e-01,7.164029e-05,0.000000e+00,4.168264e+01,0.000000e+00,0.000000e+00,-6.940504e-01
8.172082e-03,6.216335e+01,8.209924e+02,-4.306119e-05,-8.168616e-05,3.364498e-01,7.164029e-05,4.981873e-06,0.000000e+00,-6.627591e+00,0.000000e+00,0.000000e+00,0.000000e+00,0.000000e+00,0.000000e+00,0.000000e+00,0.000000e+00,-2.981556e-19,-4.161842e-13,0.000000e+00,0.000000e+00,0.000000e+00,0.000000e+00,6.216335e+01,8.211655e+02,3.364498e-01,7.164029e-05,0.000000e+00,4.172940e+01,0.000000e+00,0.000000e+00,-6.940504e-01
8.182048e-03,6.281073e+01,8.203432e+02,-4.306119e-05,-8.168616e-05,3.364498e-01,7.164029e-05,4.986953e-06,0.000000e+00,-6.627591e+00,0.000000e+00,0.000000e+00,0.000000e+00,0.000000e+00,0.000000e+00,0.000000e+00,0.000000e+00,-2.981556e-19,-4.161842e-13,0.000000e+00,0.000000e+00,0.000000e+00,0.000000e+00,6.281073e+01,8.205092e+02,3.364498e-01,7.164029e-05,0.000000e+00,4.177621e+01,0.000000e+00,0.000000e+00,-6.940504e-01
8.192024e-03,6.343000e+01,8.197242e+02,-4.306119e-05,-8.168616e-05,3.364498e-01,7.164029e-05,4.992406e-06,0.000000e+00,-6.627591e+00,0.000000e+00,0.000000e+00,0.000000e+00,0.000000e+00,0.000000e+00,0.000000e+00,0.000000e+00,-2.981556e-19,-4.161842e-13,0.000000e+00,0.000000e+00,0.000000e+00,0.000000e+00,6.343000e+01,8.198823e+02,3.364498e-01,7.164029e-05,0.000000e+00,4.182306e+01,0.000000e+00,0.000000e+00,-6.940504e-01
8.202012e-03,6.401763e+01,8.191383e+02,-4.306119e-05,-8.168616e-05,3.364498e-01,7.164029e-05,4.997852e-06,0.000000e+00,-6.627591e+00,0.000000e+00,0.000000e+00,0.000000e+00,0.000000e+00,0.000000e+00,0.000000e+00,0.000000e+00,-2.981556e-19,-4.161842e-13,0.000000e+00,0.000000e+00,0.000000e+00,0.000000e+00,6.401763e+01,8.192879e+02,3.364498e-01,7.164029e-05,0.000000e+00,4.186997e+01,0.000000e+00,0.000000e+00,-6.940504e-01
8.212010e-03,6.457002e+01,8.185882e+02,-4.306119e-05,-8.168616e-05,3.364498e-01,7.164029e-05,5.002925e-06,0.000000e+00,-6.627591e+00,0.000000e+00,0.000000e+00,0.000000e+00,0.000000e+00,0.000000e+00,0.000000e+00,0.000000e+00,-2.981556e-19,-4.161842e-13,0.000000e+00,0.000000e+00,0.000000e+00,0.000000e+00,6.457002e+01,8.187286e+02,3.364498e-01,7.164029e-05,0.000000e+00,4.191692e+01,0.000000e+00,0.000000e+00,-6.940504e-01
8.222018e-03,6.508357e+01,8.180767e+02,-4.306119e-05,-8.168616e-05,3.364498e-01,7.164029e-05,5.007329e-06,0.000000e+00,-6.627591e+00,0.000000e+00,0.000000e+00,0.000000e+00,0.000000e+00,0.000000e+00,0.000000e+00,0.000000e+00,-2.981556e-19,-4.161842e-13,0.000000e+00,0.000000e+00,0.000000e+00,0.000000e+00,6.508357e+01,8.182071e+02,3.364498e-01,7.164029e-05,0.000000e+00,4.196392e+01,0.000000e+00,0.000000e+00,-6.940504e-01
8.232035e-03,6.555464e+01,8.176065e+02,-4.306119e-05,-8.168616e-05,3.364498e-01,7.164029e-05,5.010796e-06,0.000000e+00,-6.627591e+00,0.000000e+00,0.000000e+00,0.000000e+00,0.000000e+00,0.000000e+00,0.000000e+00,0.000000e+00,-2.981556e-19,-4.161842e-13,0.000000e+00,0.000000e+00,0.000000e+00,0.000000e+00,6.555464e+01,8.177263e+02,3.364498e-01,7.164029e-05,0.000000e+00,4.201097e+01,0.000000e+00,0.000000e+00,-6.940504e-01
8.242058e-03,6.597967e+01,8.171810e+02,-4.306119e-05,-8.168616e-05,3.364498e-01,7.164029e-05,5.013156e-06,0.000000e+00,-6.627591e+00,0.000000e+00,0.000000e+00,0.000000e+00,0.000000e+00,0.000000e+00,0.000000e+00,0.000000e+00,-2.981556e-19,-4.161842e-13,0.000000e+00,0.000000e+00,0.000000e+00,0.000000e+00,6.597967e+01,8.172892e+02,3.364498e-01,7.164029e-05,0.000000e+00,4.205804e+01,0.000000e+00,0.000000e+00,-6.940504e-01
8.252084e-03,6.635529e+01,8.168038e+02,-4.306119e-05,-8.168616e-05,3.364498e-01,7.164029e-05,5.014333e-06,0.000000e+00,-6.627591e+00,0.000000e+00,0.000000e+00,0.000000e+00,0.000000e+00,0.000000e+00,0.000000e+00,0.000000e+00,-2.981556e-19,-4.161842e-13,0.000000e+00,0.000000e+00,0.000000e+00,0.000000e+00,6.635529e+01,8.168997e+02,3.364498e-01,7.164029e-05,0.000000e+00,4.210513e+01,0.000000e+00,0.000000e+00,-6.940504e-01
8.262114e-03,6.667867e+01,8.164782e+02,-4.306119e-05,-8.168616e-05,3.364498e-01,7.164029e-05,5.014370e-06,0.000000e+00,-6.627591e+00,0.000000e+00,0.000000e+00,0.000000e+00,0.000000e+00,0.000000e+00,0.000000e+00,0.000000e+00,-2.981556e-19,-4.161842e-13,0.000000e+00,0.000000e+00,0.000000e+00,0.000000e+00,6.667867e+01,8.165608e+02,3.364498e-01,7.164029e-05,0.000000e+00,4.215223e+01,0.000000e+00,0.000000e+00,-6.940504e-01
8.272142e-03,6.694760e+01,8.162069e+02,-4.306119e-05,-8.168616e-05,3.364498e-01,7.164029e-05,5.013394e-06,0.000000e+00,-6.627591e+00,0.000000e+00,0.000000e+00,0.000000e+00,0.000000e+00,0.000000e+00,0.000000e+00,0.000000e+00,-2.981556e-19,-4.161842e-13,0.000000e+00,0.000000e+00,0.000000e+00,0.000000e+00,6.694760e+01,8.162756e+02,3.364498e-01,7.164029e-05,0.000000e+00,4.219933e+01,0.000000e+00,0.000000e+00,-6.940504e-01
8.282168e-03,6.716054e+01,8.159920e+02,-4.306119e-05,-8.168616e-05,3.364498e-01,7.164029e-05,5.011631e-06,0.000000e+00,-6.627591e+00,0.000000e+00,0.000000e+00,0.000000e+00,0.000000e+00,0.000000e+00,0.000000e+00,0.000000e+00,-2.981556e-19,-4.161842e-13,0.000000e+00,0.000000e+00,0.000000e+00,0.000000e+00,6.716054e+01,8.160464e+02,3.364498e-01,7.164029e-05,0.000000e+00,4.224641e+01,0.000000e+00,0.000000e+00,-6.940504e-01
8.292190e-03,6.731652e+01,8.158348e+02,-4.306119e-05,-8.168616e-05,3.364498e-01,7.164029e-05,5.009354e-06,0.000000e+00,-6.627591e+00,0.000000e+00,0.000000e+00,0.000000e+00,0.000000e+00,0.000000e+00,0.000000e+00,0.000000e+00,-2.981556e-19,-4.161842e-13,0.000000e+00,0.000000e+00,0.000000e+00,0.000000e+00,6.731652e+01,8.158747e+02,3.364498e-01,7.164029e-05,0.000000e+00,4.229348e+01,0.000000e+00,0.000000e+00,-6.940504e-01
8.302207e-03,6.741496e+01,8.157364e+02,-4.306119e-05,-8.168616e-05,3.364498e-01,7.164029e-05,5.006826e-06,0.000000e+00,-6.627591e+00,0.000000e+00,0.000000e+00,0.000000e+00,0.000000e+00,0.000000e+00,0.000000e+00,0.000000e+00,-2.981556e-19,-4.161842e-13,0.000000e+00,0.000000e+00,0.000000e+00,0.000000e+00,6.741496e+01,8.157615e+02,3.364498e-01,7.164029e-05,0.000000e+00,4.234052e+01,0.000000e+00,0.000000e+00,-6.940504e-01
8.312220e-03,6.745550e+01,8.156970e+02,-4.306119e-05,-8.168616e-05,3.364498e-01,7.164029e-05,5.004301e-06,0.000000e+00,-6.627591e+00,0.000000e+00,0.000000e+00,0.000000e+00,0.000000e+00,0.000000e+00,0.000000e+00,0.000000e+00,-2.981556e-19,-4.161842e-13,0.000000e+00,0.000000e+00,0.000000e+00,0.000000e+00,6.745550e+01,8.157073e+02,3.364498e-01,7.164029e-05,0.000000e+00,4.238755e+01,0.000000e+00,0.000000e+00,-6.940504e-01
8.322227e-03,6.743791e+01,8.157169e+02,-4.306119e-05,-8.168616e-05,3.364498e-01,7.164029e-05,5.001993e-06,0.000000e+00,-6.627591e+00,0.000000e+00,0.000000e+00,0.000000e+00,0.000000e+00,0.000000e+00,0.000000e+00,0.000000e+00,-2.981556e-19,-4.161842e-13,0.000000e+00,0.000000e+00,0.000000e+00,0.000000e+00,6.743791e+01,8.157124e+02,3.364498e-01,7.164029e-05,0.000000e+00,4.243454e+01,0.000000e+00,0.000000e+00,-6.940504e-01
8.332230e-03,6.736211e+01,8.157959e+02,-4.306119e-05,-8.168616e-05,3.364498e-01,7.164029e-05,5.000069e-06,0.000000e+00,-6.627591e+00,0.000000e+00,0.000000e+00,0.000000e+00,0.000000e+00,0.000000e+00,0.000000e+00,0.000000e+00,-2.981556e-19,-4.161842e-13,0.000000e+00,0.000000e+00,0.000000e+00,0.000000e+00,6.736211e+01,8.157767e+02,3.364498e-01,7.164029e-05,0.000000e+00,4.248152e+01,0.000000e+00,0.000000e+00,-6.940504e-01
8.342230e-03,6.722809e+01,8.159332e+02,-4.306119e-05,-8.168616e-05,3.364498e-01,7.164029e-05,4.998632e-06,0.000000e+00,-6.627591e+00,0.000000e+00,0.000000e+00,0.000000e+00,0.000000e+00,0.000000e+00,0.000000e+00,0.000000e+00,-2.981556e-19,-4.161842e-13,0.000000e+00,0.000000e+00,0.000000e+00,0.000000e+00,6.722809e+01,8.158995e+02,3.364498e-01,7.164029e-05,0.000000e+00,4.252848e+01,0.000000e+00,0.000000e+00,-6.940504e-01
8.352227e-03,6.703584e+01,8.161281e+02,-4.306119e-05,-8.168616e-05,3.364498e-01,7.164029e-05,4.997774e-06,0.000000e+00,-6.627591e+00,0.000000e+00,0.000000e+00,0.000000e+00,0.000000e+00,0.000000e+00,0.000000e+00,0.000000e+00,-2.981556e-19,-4.161842e-13,0.000000e+00,0.000000e+00,0.000000e+00,0.000000e+00,6.703584e+01,8.160801e+02,3.364498e-01,7.164029e-05,0.000000e+00,4.257543e+01,0.000000e+00,0.000000e+00,-6.940504e-01
8.362222e-03,6.678529e+01,8.163797e+02,-4.306119e-05,-8.168616e-05,3.364498e-01,7.164029e-05,4.997557e-06,0.000000e+00,-6.627591e+00,0.000000e+00,0.000000e+00,0.000000e+00,0.000000e+00,0.000000e+00,0.000000e+00,0.000000e+00,-2.981556e-19,-4.161842e-13,0.000000e+00,0.000000e+00,0.000000e+00,0.000000e+00,6.678529e+01,8.163176e+02,3.364498e-01,7.164029e-05,0.000000e+00,4.262237e+01,0.000000e+00,0.000000e+00,-6.940504e-01
8.372216e-03,6.647617e+01,8.166879e+02,-4.306119e-05,-8.168616e-05,3.364498e-01,7.164029e-05,4.997963e-06,0.000000e+00,-6.627591e+00,0.000000e+00,0.000000e+00,0.000000e+00,0.000000e+00,0.000000e+00,0.000000e+00,0.000000e+00,-2.981556e-19,-4.161842e-13,0.000000e+00,0.000000e+00,0.000000e+00,0.000000e+00,6.647617e+01,8.166116e+02,3.364498e-01,7.164029e-05,0.000000e+00,4.266932e+01,0.000000e+00,0.000000e+00,-6.940504e-01
8.382213e-03,6.610814e+01,8.170530e+02,-4.306119e-05,-8.168616e-05,3.364498e-01,7.164029e-05,4.998896e-06,0.000000e+00,-6.627591e+00,0.000000e+00,0.000000e+00,0.000000e+00,0.000000e+00,0.000000e+00,0.000000e+00,0.000000e+00,-2.981556e-19,-4.161842e-13,0.000000e+00,0.000000e+00,0.000000e+00,0.000000e+00,6.610814e+01,8.169623e+02,3.364498e-01,7.164029e-05,0.000000e+00,4.271626e+01,0.000000e+00,0.000000e+00,-6.940504e-01
8.392212e-03,6.568080e+01,8.174760e+02,-4.306119e-05,-8.168616e-05,3.364498e-01,7.164029e-05,5.000189e-06,0.000000e+00,-6.627591e+00,0.000000e+00,0.000000e+00,0.000000e+00,0.000000e+00,0.000000e+00,0.000000e+00,0.000000e+00,-2.981556e-19,-4.161842e-13,0.000000e+00,0.000000e+00,0.000000e+00,0.000000e+00,6.568080e+01,8.173707e+02,3.364498e-01,7.164029e-05,0.000000e+00,4.276322e+01,0.000000e+00,0.000000e+00,-6.940504e-01
8.402213e-03,6.519402e+01,8.179579e+02,-4.306119e-05,-8.168616e-05,3.364498e-01,7.164029e-05,5.001603e-06,0.000000e+00,-6.627591e+00,0.000000e+00,0.000000e+00,0.000000e+00,0.000000e+00,0.000000e+00,0.000000e+00,0.000000e+00,-2.981556e-19,-4.161842e-13,0.000000e+00,0.000000e+00,0.000000e+00,0.000000e+00,6.519402e+01,8.178378e+02,3.364498e-01,7.164029e-05,0.000000e+00,4.281018e+01,0.000000e+00,0.000000e+00,-6.940504e-01
8.412217e-03,6.464803e+01,8.184995e+02,-4.306119e-05,-8.168616e-05,3.364498e-01,7.164029e-05,5.002864e-06,0.000000e+00,-6.627591e+00,0.000000e+00,0.000000e+00,0.000000e+00,0.000000e+00,0.000000e+00,0.000000e+00,0.000000e+00,-2.981556e-19,-4.161842e-13,0.000000e+00,0.000000e+00,0.000000e+00,0.000000e+00,6.464803e+01,8.183644e+02,3.364498e-01,7.164029e-05,0.000000e+00,4.285717e+01,0.000000e+00,0.000000e+00,-6.940504e-01
8.422223e-03,6.404350e+01,8.191009e+02,-4.306119e-05,-8.168616e-05,3.364498e-01,7.164029e-05,5.003691e-06,0.000000e+00,-6.627591e+00,0.000000e+00,0.000000e+00,0.000000e+00,0.000000e+00,0.000000e+00,0.000000e+00,0.000000e+00,-2.981556e-19,-4.161842e-13,0.000000e+00,0.000000e+00,0.000000e+00,0.000000e+00,6.404350e+01,8.189509e+02,3.364498e-01,7.164029e-05,0.000000e+00,4.290416e+01,0.000000e+00,0.000000e+00,-6.940504e-01
8.432230e-03,6.338157e+01,8.197613e+02,-4.306119e-05,-8.168616e-05,3.364498e-01,7.164029e-05,5.003792e-06,0.000000e+00,-6.627591e+00,0.000000e+00,0.000000e+00,0.000000e+00,0.000000e+00,0.000000e+00,0.000000e+00,0.000000e+00,-2.981556e-19,-4.161842e-13,0.000000e+00,0.000000e+00,0.000000e+00,0.000000e+00,6.338157e+01,8.195967e+02,3.364498e-01,7.164029e-05,0.000000e+00,4.295116e+01,0.000000e+00,0.000000e+00,-6.940504e-01
8.442238e-03,6.266370e+01,8.204792e+02,-4.306119e-05,-8.168616e-05,3.364498e-01,7.164029e-05,5.002938e-06,0.000000e+00,-6.627591e+00,0.000000e+00,0.000000e+00,0.000000e+00,0.000000e+00,0.000000e+00,0.000000e+00,0.000000e+00,-2.981556e-19,-4.161842e-13,0.000000e+00,0.000000e+00,0.000000e+00,0.000000e+00,6.266370e+01,8.203005e+02,3.364498e-01,7.164029e-05,0.000000e+00,4.299816e+01,0.000000e+00,0.000000e+00,-6.940504e-01
8.452242e-03,6.189160e+01,8.212526e+02,-4.306119e-05,-8.168616e-05,3.364498e-01,7.164029e-05,5.000935e-06,0.000000e+00,-6.627591e+00,0.000000e+00,0.000000e+00,0.000000e+00,0.000000e+00,0.000000e+00,0.000000e+00,0.000000e+00,-2.981556e-19,-4.161842e-13,0.000000e+00,0.000000e+00,0.000000e+00,0.000000e+00,6.189160e+01,8.210602e+02,3.364498e-01,7.164029e-05,0.000000e+00,4.304515e+01,0.000000e+00,0.000000e+00,-6.940504e-01
8.462243e-03,6.106722e+01,8.220792e+02,-4.306119e-05,-8.168616e-05,3.364498e-01,7.164029e-05,4.997748e-06,0.000000e+00,-6.627591e+00,0.000000e+00,0.000000e+00,0.000000e+00,0.000000e+00,0.000000e+00,0.000000e+00,0.000000e+00,-2.981556e-19,-4.161842e-13,0.000000e+00,0.000000e+00,0.000000e+00,0.000000e+00,6.106722e+01,8.218738e+02,3.364498e-01,7.164029e-05,0.000000e+00,4.309211e+01,0.000000e+00,0.000000e+00,-6.940504e-01
8.472237e-03,6.019272e+01,8.229562e+02,-4.306119e-05,-8.168616e-05,3.364498e-01,7.164029e-05,4.993458e-06,0.000000e+00,-6.627591e+00,0.000000e+00,0.000000e+00,0.000000e+00,0.000000e+00,0.000000e+00,0.000000e+00,0.000000e+00,-2.981556e-19,-4.161842e-13,0.000000e+00,0.000000e+00,0.000000e+00,0.000000e+00,6.019272e+01,8.227385e+02,3.364498e-01,7.164029e-05,0.000000e+00,4.313905e+01,0.000000e+00,0.000000e+00,-6.940504e-01
8.482221e-03,5.927055e+01,8.238810e+02,-4.306119e-05,-8.168616e-05,3.364498e-01,7.164029e-05,4.988321e-06,0.000000e+00,-6.627591e+00,0.000000e+00,0.000000e+00,0.000000e+00,0.000000e+00,0.000000e+00,0.000000e+00,0.000000e+00,-2.981556e-19,-4.161842e-13,0.000000e+00,0.000000e+00,0.000000e+00,0.000000e+00,5.927055e+01,8.236517e+02,3.364498e-01,7.164029e-05,0.000000e+00,4.318594e+01,0.000000e+00,0.000000e+00,-6.940504e-01
8.492195e-03,5.830344e+01,8.248503e+02,-4.306119e-05,-8.168616e-05,3.364498e-01,7.164029e-05,4.982756e-06,0.000000e+00,-6.627591e+00,0.000000e+00,0.000000e+00,0.000000e+00,0.000000e+00,0.000000e+00,0.000000e+00,0.000000e+00,-2.981556e-19,-4.161842e-13,0.000000e+00,0.000000e+00,0.000000e+00,0.000000e+00,5.830344e+01,8.246102e+02,3.364498e-01,7.164029e-05,0.000000e+00,4.323278e+01,0.000000e+00,0.000000e+00,-6.940504e-01
8.502157e-03,5.729445e+01,8.258607e+02,-4.306119e-05,-8.168616e-05,3.364498e-01,7.164029e-05,4.977295e-06,0.000000e+00,-6.627591e+00,0.000000e+00,0.000000e+00,0.000000e+00,0.000000e+00,0.000000e+00,0.000000e+00,0.000000e+00,-2.981556e-19,-4.161842e-13,0.000000e+00,0.000000e+00,0.000000e+00,0.000000e+00,5.729445e+01,8.256106e+02,3.364498e-01,7.164029e-05,0.000000e+00,4.327956e+01,0.000000e+00,0.000000e+00,-6.940504e-01
8.512110e-03,5.624692e+01,8.269085e+02,-4.306119e-05,-8.168616e-05,3.364498e-01,7.164029e-05,4.972525e-06,0.000000e+00,-6.627591e+00,0.000000e+00,0.000000e+00,0.000000e+00,0.000000e+00,0.000000e+00,0.000000e+00,0.000000e+00,-2.981556e-19,-4.161842e-13,0.000000e+00,0.000000e+00,0.000000e+00,0.000000e+00,5.624692e+01,8.266495e+02,3.364498e-01,7.164029e-05,0.000000e+00,4.332631e+01,0.000000e+00,0.000000e+00,-6.940504e-01
8.522052e-03,5.516452e+01,8.279904e+02,-4.306119e-05,-8.168616e-05,3.364498e-01,7.164029e-05,4.968957e-06,0.000000e+00,-6.627591e+00,0.000000e+00,0.000000e+00,0.000000e+00,0.000000e+00,0.000000e+00,0.000000e+00,0.000000e+00,-2.981556e-19,-4.161842e-13,0.000000e+00,0.000000e+00,0.000000e+00,0.000000e+00,5.516452e+01,8.277232e+02,3.364498e-01,7.164029e-05,0.000000e+00,4.337300e+01,0.000000e+00,0.000000e+00,-6.940504e-01
8.531990e-03,5.405122e+01,8.291026e+02,-4.306119e-05,-8.168616e-05,3.364498e-01,7.164029e-05,4.967043e-06,0.000000e+00,-6.627591e+00,0.000000e+00,0.000000e+00,0.000000e+00,0.000000e+00,0.000000e+00,0.000000e+00,0.000000e+00,-2.981556e-19,-4.161842e-13,0.000000e+00,0.000000e+00,0.000000e+00,0.000000e+00,5.405122e+01,8.288282e+02,3.364498e-01,7.164029e-05,0.000000e+00,4.341967e+01,0.000000e+00,0.000000e+00,-6.940504e-01
8.541923e-03,5.291135e+01,8.302418e+02,-4.306119e-05,-8.168616e-05,3.364498e-01,7.164029e-05,4.967018e-06,0.000000e+00,-6.627591e+00,0.000000e+00,0.000000e+00,0.000000e+00,0.000000e+00,0.000000e+00,0.000000e+00,0.000000e+00,-2.981556e-19,-4.161842e-13,0.000000e+00,0.000000e+00,0.000000e+00,0.000000e+00,5.291135e+01,8.299611e+02,3.364498e-01,7.164029e-05,0.000000e+00,4.346632e+01,0.000000e+00,0.000000e+00,-6.940504e-01
8.551858e-03,5.174961e+01,8.314038e+02,-4.306119e-05,-8.168616e-05,3.364498e-01,7.164029e-05,4.968912e-06,0.000000e+00,-6.627591e+00,0.000000e+00,0.000000e+00,0.000000e+00,0.000000e+00,0.000000e+00,0.000000e+00,0.000000e+00,-2.981556e-19,-4.161842e-13,0.000000e+00,0.000000e+00,0.000000e+00,0.000000e+00,5.174961e+01,8.311179e+02,3.364498e-01,7.164029e-05,0.000000e+00,4.351298e+01,0.000000e+00,0.000000e+00,-6.940504e-01
8.561797e-03,5.057105e+01,8.325841e+02,-4.306119e-05,-8.168616e-05,3.364498e-01,7.164029e-05,4.972579e-06,0.000000e+00,-6.627591e+00,0.000000e+00,0.000000e+00,0.000000e+00,0.000000e+00,0.000000e+00,0.000000e+00,0.000000e+00,-2.981556e-19,-4.161842e-13,0.000000e+00,0.000000e+00,0.000000e+00,0.000000e+00,5.057105e+01,8.322943e+02,3.364498e-01,7.164029e-05,0.000000e+00,4.355966e+01,0.000000e+00,0.000000e+00,-6.940504e-01
8.571745e-03,4.938103e+01,8.337773e+02,-4.306119e-05,-8.168616e-05,3.364498e-01,7.164029e-05,4.977717e-06,0.000000e+00,-6.627591e+00,0.000000e+00,0.000000e+00,0.000000e+00,0.000000e+00,0.000000e+00,0.000000e+00,0.000000e+00,-2.981556e-19,-4.161842e-13,0.000000e+00,0.000000e+00,0.000000e+00,0.000000e+00,4.938103e+01,8.334849e+02,3.364498e-01,7.164029e-05,0.000000e+00,4.360637e+01,0.000000e+00,0.000000e+00,-6.940504e-01
8.581704e-03,4.818499e+01,8.349774e+02,-4.306119e-05,-8.168616e-05,3.364498e-01,7.164029e-05,4.983934e-06,0.000000e+00,-6.627591e+00,0.000000e+00,0.000000e+00,0.000000e+00,0.000000e+00,0.000000e+00,0.000000e+00,0.000000e+00,-2.981556e-19,-4.161842e-13,0.000000e+00,0.000000e+00,0.000000e+00,0.000000e+00,4.818499e+01,8.346839e+02,3.364498e-01,7.164029e-05,0.000000e+00,4.365314e+01,0.000000e+00,0.000000e+00,-6.940504e-01
8.591675e-03,4.698821e+01,8.361781e+02,-4.306119e-05,-8.168616e-05,3.364498e-01,7.164029e-05,4.990777e-06,0.000000e+00,-6.627591e+00,0.000000e+00,0.000000e+00,0.000000e+00,0.000000e+00,0.000000e+00,0.000000e+00,0.000000e+00,-2.981556e-19,-4.161842e-13,0.000000e+00,0.000000e+00,0.000000e+00,0.000000e+00,4.698821e+01,8.358851e+02,3.364498e-01,7.164029e-05,0.000000e+00,4.369997e+01,0.000000e+00,0.000000e+00,-6.940504e-01
8.601660e-03,4.579557e+01,8.373738e+02,-4.306119e-05,-8.168616e-05,3.364498e-01,7.164029e-05,4.997752e-06,0.000000e+00,-6.627591e+00,0.000000e+00,0.000000e+00,0.000000e+00,0.000000e+00,0.000000e+00,0.000000e+00,0.000000e+00,-2.981556e-19,-4.161842e-13,0.000000e+00,0.000000e+00,0.000000e+00,0.000000e+00,4.579557e+01,8.370827e+02,3.364498e-01,7.164029e-05,0.000000e+00,4.374686e+01,0.000000e+00,0.000000e+00,-6.940504e-01
8.611659e-03,4.461135e+01,8.385594e+02,-4.306119e-05,-8.168616e-05,3.364498e-01,7.164029e-05,5.004435e-06,0.000000e+00,-6.627591e+00,0.000000e+00,0.000000e+00,0.000000e+00,0.000000e+00,0.000000e+00,0.000000e+00,0.000000e+00,-2.981556e-19,-4.161842e-13,0.000000e+00,0.000000e+00,0.000000e+00,0.000000e+00,4.461135e+01,8.382714e+02,3.364498e-01,7.164029e-05,0.000000e+00,4.379382e+01,0.000000e+00,0.000000e+00,-6.940504e-01
8.621670e-03,4.343923e+01,8.397311e+02,-4.306119e-05,-8.168616e-05,3.364498e-01,7.164029e-05,5.009989e-06,0.000000e+00,-6.627591e+00,0.000000e+00,0.000000e+00,0.000000e+00,0.000000e+00,0.000000e+00,0.000000e+00,0.000000e+00,-2.981556e-19,-4.161842e-13,0.000000e+00,0.000000e+00,0.000000e+00,0.000000e+00,4.343923e+01,8.394470e+02,3.364498e-01,7.164029e-05,0.000000e+00,4.384084e+01,0.000000e+00,0.000000e+00,-6.940504e-01
8.631689e-03,4.228290e+01,8.408854e+02,-4.306119e-05,-8.168616e-05,3.364498e-01,7.164029e-05,5.006798e-06,0.000000e+00,-6.627591e+00,0.000000e+00,0.000000e+00,0.000000e+00,0.000000e+00,0.000000e+00,0.000000e+00,0.000000e+00,-2.981556e-19,-4.161842e-13,0.000000e+00,0.000000e+00,0.000000e+00,0.000000e+00,4.228290e+01,8.406060e+02,3.364498e-01,7.164029e-05,0.000000e+00,4.388789e+01,0.000000e+00,0.000000e+00,-6.940504e-01
8.641701e-03,4.114620e+01,8.420189e+02,-4.306119e-05,-8.168616e-05,3.364498e-01,7.164029e-05,5.004174e-06,0.000000e+00,-6.627591e+00,0.000000e+00,0.000000e+00,0.000000e+00,0.000000e+00,0.000000e+00,0.000000e+00,0.000000e+00,-2.981556e-19,-4.161842e-13,0.000000e+00,0.000000e+00,0.000000e+00,0.000000e+00,4.114620e+01,8.417447e+02,3.364498e-01,7.164029e-05,0.000000e+00,4.393491e+01,0.000000e+00,0.000000e+00,-6.940504e-01
8.651708e-03,4.003110e+01,8.431303e+02,-4.306119e-05,-8.168616e-05,3.364498e-01,7.164029e-05,5.002147e-06,0.000000e+00,-6.627591e+00,0.000000e+00,0.000000e+00,0.000000e+00,0.000000e+00,0.000000e+00,0.000000e+00,0.000000e+00,-2.981556e-19,-4.161842e-13,0.000000e+00,0.000000e+00,0.000000e+00,0.000000e+00,4.003110e+01,8.428618e+02,3.364498e-01,7.164029e-05,0.000000e+00,4.398191e+01,0.000000e+00,0.000000e+00,-6.940504e-01
8.661713e-03,3.893945e+01,8.442189e+02,-4.306119e-05,-8.168616e-05,3.364498e-01,7.164029e-05,5.000848e-06,0.000000e+00,-6.627591e+00,0.000000e+00,0.000000e+00,0.000000e+00,0.000000e+00,0.000000e+00,0.000000e+00,0.000000e+00,-2.981556e-19,-4.161842e-13,0.000000e+00,0.000000e+00,0.000000e+00,0.000000e+00,3.893945e+01,8.439562e+02,3.364498e-01,7.164029e-05,0.000000e+00,4.402889e+01,0.000000e+00,0.000000e+00,-6.940504e-01
8.671713e-03,3.787309e+01,8.452835e+02,-4.306119e-05,-8.168616e-05,3.364498e-01,7.164029e-05,5.000335e-06,0.000000e+00,-6.627591e+00,0.000000e+00,0.000000e+00,0.000000e+00,0.000000e+00,0.000000e+00,0.000000e+00,0.000000e+00,-2.981556e-19,-4.161842e-13,0.000000e+00,0.000000e+00,0.000000e+00,0.000000e+00,3.787309e+01,8.450269e+02,3.364498e-01,7.164029e-05,0.000000e+00,4.407586e+01,0.000000e+00,0.000000e+00,-6.940504e-01
8.681715e-03,3.683412e+01,8.463224e+02,-4.306119e-05,-8.168616e-05,3.364498e-01,7.164029e-05,5.000596e-06,0.000000e+00,-6.627591e+00,0.000000e+00,0.000000e+00,0.000000e+00,0.000000e+00,0.000000e+00,0.000000e+00,0.000000e+00,-2.981556e-19,-4.161842e-13,0.000000e+00,0.000000e+00,0.000000e+00,0.000000e+00,3.683412e+01,8.460726e+02,3.364498e-01,7.164029e-05,0.000000e+00,4.412283e+01,0.000000e+00,0.000000e+00,-6.940504e-01
8.691716e-03,3.582504e+01,8.473332e+02,-4.306119e-05,-8.168616e-05,3.364498e-01,7.164029e-05,5.001559e-06,0.000000e+00,-6.627591e+00,0.000000e+00,0.000000e+00,0.000000e+00,0.000000e+00,0.000000e+00,0.000000e+00,0.000000e+00,-2.981556e-19,-4.161842e-13,0.000000e+00,0.000000e+00,0.000000e+00,0.000000e+00,3.582504e+01,8.470907e+02,3.364498e-01,7.164029e-05,0.000000e+00,4.416980e+01,0.000000e+00,0.000000e+00,-6.940504e-01
8.701719e-03,3.484893e+01,8.483119e+02,-4.306119e-05,-8.168616e-05,3.364498e-01,7.164029e-05,5.003117e-06,0.000000e+00,-6.627591e+00,0.000000e+00,0.000000e+00,0.000000e+00,0.000000e+00,0.000000e+00,0.000000e+00,0.000000e+00,-2.981556e-19,-4.161842e-13,0.000000e+00,0.000000e+00,0.000000e+00,0.000000e+00,3.484893e+01,8.480779e+02,3.364498e-01,7.164029e-05,0.000000e+00,4.421678e+01,0.000000e+00,0.000000e+00,-6.940504e-01
8.711726e-03,3.390945e+01,8.492539e+02,-4.306119e-05,-8.168616e-05,3.364498e-01,7.164029e-05,5.005137e-06,0.000000e+00,-6.627591e+00,0.000000e+00,0.000000e+00,0.000000e+00,0.000000e+00,0.000000e+00,0.000000e+00,0.000000e+00,-2.981556e-19,-4.161842e-13,0.000000e+00,0.000000e+00,0.000000e+00,0.000000e+00,3.390945e+01,8.490297e+02,3.364498e-01,7.164029e-05,0.000000e+00,4.426378e+01,0.000000e+00,0.000000e+00,-6.940504e-01
8.721738e-03,3.301059e+01,8.501542e+02,-4.306299e-05,-8.167228e-05,3.364498e-01,7.164029e-05,5.007485e-06,0.000000e+00,-6.627591e+00,0.000000e+00,0.000000e+00,0.000000e+00,0.000000e+00,0.000000e+00,0.000000e+00,0.000000e+00,-2.981556e-19,-4.161842e-13,0.000000e+00,0.000000e+00,0.000000e+00,0.000000e+00,3.301059e+01,8.499410e+02,3.364498e-01,7.164029e-05,0.000000e+00,4.431080e+01,0.000000e+00,0.000000e+00,-6.940504e-01
8.731754e-03,3.215636e+01,8.510078e+02,-4.307578e-05,-8.159882e-05,3.364495e-01,7.164029e-05,5.010041e-06,0.000000e+00,-6.627591e+00,0.000000e+00,0.000000e+00,0.000000e+00,0.000000e+00,0.000000e+00,0.000000e+00,0.000000e+00,-2.981556e-19,-4.161842e-13,0.000000e+00,0.000000e+00,0.000000e+00,0.000000e+00,3.215636e+01,8.508066e+02,3.364496e-01,7.164029e-05,0.000000e+00,4.435784e+01,0.000000e+00,0.000000e+00,-6.940504e-01
8.741776e-03,3.135037e+01,8.518113e+02,-4.310570e-05,-8.154859e-05,3.364491e-01,7.164029e-05,5.012731e-06,0.000000e+00,-6.627591e+00,0.000000e+00,0.000000e+00,0.000000e+00,0.000000e+00,0.000000e+00,0.000000e+00,0.000000e+00,-2.981556e-19,-4.161842e-13,0.000000e+00,0.000000e+00,0.000000e+00,0.000000e+00,3.135037e+01,8.516230e+02,3.364492e-01,7.164029e-05,0.000000e+00,4.440490e+01,0.000000e+00,0.000000e+00,-6.940504e-01
8.751803e-03,3.059561e+01,8.525628e+02,-4.314386e-05,-8.151418e-05,3.364486e-01,7.164029e-05,5.015545e-06,0.000000e+00,-6.627591e+00,0.000000e+00,0.000000e+00,0.000000e+00,0.000000e+00,0.000000e+00,0.000000e+00,0.000000e+00,-2.981556e-19,-4.161842e-13,0.000000e+00,0.000000e+00,0.000000e+00,0.000000e+00,3.059561e+01,8.523876e+02,3.364487e-01,7.164029e-05,0.000000e+00,4.445199e+01,0.000000e+00,0.000000e+00,-6.940504e-01
8.761835e-03,2.989421e+01,8.532611e+02,-4.317817e-05,-8.148494e-05,3.364482e-01,7.164029e-05,5.018451e-06,0.000000e+00,-6.627591e+00,0.000000e+00,0.000000e+00,0.000000e+00,0.000000e+00,0.000000e+00,0.000000e+00,0.000000e+00,-2.981556e-19,-4.161842e-13,0.000000e+00,0.000000e+00,0.000000e+00,0.000000e+00,2.989421e+01,8.530993e+02,3.364483e-01,7.164029e-05,0.000000e+00,4.449911e+01,0.000000e+00,0.000000e+00,-6.940504e-01
8.771873e-03,2.924746e+01,8.539053e+02,-4.321138e-05,-8.146398e-05,3.364478e-01,7.164029e-05,5.021382e-06,0.000000e+00,-6.627591e+00,0.000000e+00,0.000000e+00,0.000000e+00,0.000000e+00,0.000000e+00,0.000000e+00,0.000000e+00,-2.981556e-19,-4.161842e-13,0.000000e+00,0.000000e+00,0.000000e+00,0.000000e+00,2.924746e+01,8.537571e+02,3.364479e-01,7.164029e-05,0.000000e+00,4.454625e+01,0.000000e+00,0.000000e+00,-6.940504e-01
8.781917e-03,2.865568e+01,8.544951e+02,-4.324149e-05,-8.145815e-05,3.364473e-01,7.164029e-05,5.024191e-06,0.000000e+00,-6.627591e+00,0.000000e+00,0.000000e+00,0.000000e+00,0.000000e+00,0.000000e+00,0.000000e+00,0.000000e+00,-2.981556e-19,-4.161842e-13,0.000000e+00,0.000000e+00,0.000000e+00,0.000000e+00,2.865568e+01,8.543607e+02,3.364474e-01,7.164029e-05,0.000000e+00,4.459342e+01,0.000000e+00,0.000000e+00,-6.940504e-01
8.791967e-03,2.811819e+01,8.550304e+02,-4.325015e-05,-8.147839e-05,3.364467e-01,7.164029e-05,5.026639e-06,0.000000e+00,-6.627591e+00,0.000000e+00,0.000000e+00,0.000000e+00,0.000000e+00,0.000000e+00,0.000000e+00,0.000000e+00,-2.981556e-19,-4.161842e-13,0.000000e+00,0.000000e+00,0.000000e+00,0.000000e+00,2.811819e+01,8.549094e+02,3.364469e-01,7.164029e-05,0.000000e+00,4.464062e+01,0.000000e+00,0.000000e+00,-6.940504e-01
8.802022e-03,2.763321e+01,8.555124e+02,-4.325705e-05,-8.149975e-05,3.364459e-01,7.164029e-05,5.028520e-06,0.000000e+00,-6.627591e+00,0.000000e+00,0.000000e+00,0.000000e+00,0.000000e+00,0.000000e+00,0.000000e+00,0.000000e+00,-2.981556e-19,-4.161842e-13,0.000000e+00,0.000000e+00,0.000000e+00,0.000000e+00,2.763321e+01,8.554046e+02,3.364461e-01,7.164029e-05,0.000000e+00,4.468784e+01,0.000000e+00,0.000000e+00,-6.940504e-01
8.812079e-03,2.719795e+01,8.559431e+02,-4.325900e-05,-8.151750e-05,3.364449e-01,7.164029e-05,5.029670e-06,0.000000e+00,-6.627591e+00,0.000000e+00,0.000000e+00,0.000000e+00,0.000000e+00,0.000000e+00,0.000000e+00,0.000000e+00,-2.981556e-19,-4.161842e-13,0.000000e+00,0.000000e+00,0.000000e+00,0.000000e+00,2.719795e+01,8.558477e+02,3.364452e-01,7.164029e-05,0.000000e+00,4.473507e+01,0.000000e+00,0.000000e+00,-6.940504e-01
8.822139e-03,2.680887e+01,8.563261e+02,-4.325932e-05,-8.154910e-05,3.364437e-01,7.164029e-05,5.029981e-06,0.000000e+00,-6.627591e+00,0.000000e+00,0.000000e+00,0.000000e+00,0.000000e+00,0.000000e+00,0.000000e+00,0.000000e+00,-2.981556e-19,-4.161842e-13,0.000000e+00,0.000000e+00,0.000000e+00,0.000000e+00,2.680887e+01,8.562422e+02,3.364440e-01,7.164029e-05,0.000000e+00,4.478231e+01,0.000000e+00,0.000000e+00,-6.940504e-01
8.832199e-03,2.646206e+01,8.566656e+02,-4.326208e-05,-8.160144e-05,3.364423e-01,7.164029e-05,5.029396e-06,0.000000e+00,-6.627591e+00,0.000000e+00,0.000000e+00,0.000000e+00,0.000000e+00,0.000000e+00,0.000000e+00,0.000000e+00,-2.981556e-19,-4.161842e-13,0.000000e+00,0.000000e+00,0.000000e+00,0.000000e+00,2.646206e+01,8.565921e+02,3.364427e-01,7.164029e-05,0.000000e+00,4.482956e+01,0.000000e+00,0.000000e+00,-6.940504e-01
8.842257e-03,2.615367e+01,8.569661e+02,-4.323950e-05,-8.166016e-05,3.364407e-01,7.164029e-05,5.027970e-06,0.000000e+00,-6.627591e+00,0.000000e+00,0.000000e+00,0.000000e+00,0.000000e+00,0.000000e+00,0.000000e+00,0.000000e+00,-2.981556e-19,-4.161842e-13,0.000000e+00,0.000000e+00,0.000000e+00,0.000000e+00,2.615367e+01,8.569019e+02,3.364411e-01,7.164029e-05,0.000000e+00,4.487679e+01,0.000000e+00,0.000000e+00,-6.940504e-01
8.852312e-03,2.588029e+01,8.572321e+02,-4.317372e-05,-8.171331e-05,3.364391e-01,7.164029e-05,5.025840e-06,0.000000e+00,-6.627591e+00,0.000000e+00,0.000000e+00,0.000000e+00,0.000000e+00,0.000000e+00,0.000000e+00,0.000000e+00,-2.981556e-19,-4.161842e-13,0.000000e+00,0.000000e+00,0.000000e+00,0.000000e+00,2.588029e+01,8.571761e+02,3.364395e-01,7.164029e-05,0.000000e+00,4.492402e+01,0.000000e+00,0.000000e+00,-6.940504e-01
8.862362e-03,2.563925e+01,8.574670e+02,-4.306997e-05,-8.180344e-05,3.364377e-01,7.164029e-05,5.023204e-06,0.000000e+00,-6.627591e+00,0.000000e+00,0.000000e+00,0.000000e+00,0.000000e+00,0.000000e+00,0.000000e+00,0.000000e+00,-2.981556e-19,-4.161842e-13,0.000000e+00,0.000000e+00,0.000000e+00,0.000000e+00,2.563925e+01,8.574183e+02,3.364380e-01,7.164029e-05,0.000000e+00,4.497121e+01,0.000000e+00,0.000000e+00,-6.940504e-01
8.872407e-03,2.542861e+01,8.576742e+02,-4.299263e-05,-8.191248e-05,3.364369e-01,7.164029e-05,5.020264e-06,0.000000e+00,-6.627591e+00,0.000000e+00,0.000000e+00,0.000000e+00,0.000000e+00,0.000000e+00,0.000000e+00,0.000000e+00,-2.981556e-19,-4.161842e-13,0.000000e+00,0.000000e+00,0.000000e+00,0.000000e+00,2.542861e+01,8.576321e+02,3.364370e-01,7.164029e-05,0.000000e+00,4.501839e+01,0.000000e+00,0.000000e+00,-6.940504e-01
8.882446e-03,2.524702e+01,8.578551e+02,-4.298289e-05,-8.193613e-05,3.364368e-01,7.164029e-05,5.017160e-06,0.000000e+00,-6.627591e+00,0.000000e+00,0.000000e+00,0.000000e+00,0.000000e+00,0.000000e+00,0.000000e+00,0.000000e+00,-2.981556e-19,-4.161842e-13,0.000000e+00,0.000000e+00,0.000000e+00,0.000000e+00,2.524702e+01,8.578198e+02,3.364368e-01,7.164029e-05,0.000000e+00,4.506553e+01,0.000000e+00,0.000000e+00,-6.940504e-01
8.892479e-03,2.509354e+01,8.580079e+02,-4.298289e-05,-8.193613e-05,3.364368e-01,7.164029e-05,5.013942e-06,0.000000e+00,-6.627591e+00,0.000000e+00,0.000000e+00,0.000000e+00,0.000000e+00,0.000000e+00,0.000000e+00,0.000000e+00,-2.981556e-19,-4.161842e-13,0.000000e+00,0.000000e+00,0.000000e+00,0.000000e+00,2.509354e+01,8.579797e+02,3.364368e-01,7.164029e-05,0.000000e+00,4.511265e+01,0.000000e+00,0.000000e+00,-6.940504e-01
8.902505e-03,2.496712e+01,8.581329e+02,-4.298289e-05,-8.193613e-05,3.364368e-01,7.164029e-05,5.010605e-06,0.000000e+00,-6.627591e+00,0.000000e+00,0.000000e+00,0.000000e+00,0.000000e+00,0.000000e+00,0.000000e+00,0.000000e+00,-2.981556e-19,-4.161842e-13,0.000000e+00,0.000000e+00,0.000000e+00,0.000000e+00,2.496712e+01,8.581115e+02,3.364368e-01,7.164029e-05,0.000000e+00,4.515973e+01,0.000000e+00,0.000000e+00,-6.940504e-01
8.912525e-03,2.486629e+01,8.582315e+02,-4.298289e-05,-8.193613e-05,3.364368e-01,7.164029e-05,5.007107e-06,0.000000e+00,-6.627591e+00,0.000000e+00,0.000000e+00,0.000000e+00,0.000000e+00,0.000000e+00,0.000000e+00,0.000000e+00,-2.981556e-19,-4.161842e-13,0.000000e+00,0.000000e+00,0.000000e+00,0.000000e+00,2.486629e+01,8.582164e+02,3.364368e-01,7.164029e-05,0.000000e+00,4.520679e+01,0.000000e+00,0.000000e+00,-6.940504e-01
8.922537e-03,2.478898e+01,8.583062e+02,-4.298289e-05,-8.193613e-05,3.364368e-01,7.164029e-05,5.003385e-06,0.000000e+00,-6.627591e+00,0.000000e+00,0.000000e+00,0.000000e+00,0.000000e+00,0.000000e+00,0.000000e+00,0.000000e+00,-2.981556e-19,-4.161842e-13,0.000000e+00,0.000000e+00,0.000000e+00,0.000000e+00,2.478898e+01,8.582968e+02,3.364368e-01,7.164029e-05,0.000000e+00,4.525381e+01,0.000000e+00,0.000000e+00,-6.940504e-01
8.932542e-03,2.473254e+01,8.583604e+02,-4.298289e-05,-8.193613e-05,3.364368e-01,7.164029e-05,4.999384e-06,0.000000e+00,-6.627591e+00,0.000000e+00,0.000000e+00,0.000000e+00,0.000000e+00,0.000000e+00,0.000000e+00,0.000000e+00,-2.981556e-19,-4.161842e-13,0.000000e+00,0.000000e+00,0.000000e+00,0.000000e+00,2.473254e+01,8.583557e+02,3.364368e-01,7.164029e-05,0.000000e+00,4.530079e+01,0.000000e+00,0.000000e+00,-6.940504e-01
8.942539e-03,2.469394e+01,8.583976e+02,-4.298289e-05,-8.193613e-05,3.364368e-01,7.164029e-05,4.995102e-06,0.000000e+00,-6.627591e+00,0.000000e+00,0.000000e+00,0.000000e+00,0.000000e+00,0.000000e+00,0.000000e+00,0.000000e+00,-2.981556e-19,-4.161842e-13,0.000000e+00,0.000000e+00,0.000000e+00,0.000000e+00,2.469394e+01,8.583968e+02,3.364368e-01,7.164029e-05,0.000000e+00,4.534774e+01,0.000000e+00,0.000000e+00,-6.940504e-01
8.952526e-03,2.467013e+01,8.584214e+02,-4.298289e-05,-8.193613e-05,3.364368e-01,7.164029e-05,4.990579e-06,0.000000e+00,-6.627591e+00,0.000000e+00,0.000000e+00,0.000000e+00,0.000000e+00,0.000000e+00,0.000000e+00,0.000000e+00,-2.981556e-19,-4.161842e-13,0.000000e+00,0.000000e+00,0.000000e+00,0.000000e+00,2.467013e+01,8.584236e+02,3.364368e-01,7.164029e-05,0.000000e+00,4.539464e+01,0.000000e+00,0.000000e+00,-6.940504e-01
8.962505e-03,2.465838e+01,8.584343e+02,-4.298289e-05,-8.193613e-05,3.364368e-01,7.164029e-05,4.985905e-06,0.000000e+00,-6.627591e+00,0.000000e+00,0.000000e+00,0.000000e+00,0.000000e+00,0.000000e+00,0.000000e+00,0.000000e+00,-2.981556e-19,-4.161842e-13,0.000000e+00,0.000000e+00,0.000000e+00,0.000000e+00,2.465838e+01,8.584389e+02,3.364368e-01,7.164029e-05,0.000000e+00,4.544151e+01,0.000000e+00,0.000000e+00,-6.940504e-01
8.972475e-03,2.465652e+01,8.584377e+02,-4.298289e-05,-8.193613e-05,3.364368e-01,7.164029e-05,4.981243e-06,0.000000e+00,-6.627591e+00,0.000000e+00,0.000000e+00,0.000000e+00,0.000000e+00,0.000000e+00,0.000000e+00,0.000000e+00,-2.981556e-19,-4.161842e-13,0.000000e+00,0.000000e+00,0.000000e+00,0.000000e+00,2.465652e+01,8.584446e+02,3.364368e-01,7.164029e-05,0.000000e+00,4.548832e+01,0.000000e+00,0.000000e+00,-6.940504e-01
8.982435e-03,2.466300e+01,8.584327e+02,-4.298289e-05,-8.193613e-05,3.364368e-01,7.164029e-05,4.976774e-06,0.000000e+00,-6.627591e+00,0.000000e+00,0.000000e+00,0.000000e+00,0.000000e+00,0.000000e+00,0.000000e+00,0.000000e+00,-2.981556e-19,-4.161842e-13,0.000000e+00,0.000000e+00,0.000000e+00,0.000000e+00,2.466300e+01,8.584417e+02,3.364368e-01,7.164029e-05,0.000000e+00,4.553510e+01,0.000000e+00,0.000000e+00,-6.940504e-01
8.992387e-03,2.467698e+01,8.584195e+02,-4.297278e-05,-8.192997e-05,3.364368e-01,7.164029e-05,4.972623e-06,0.000000e+00,-6.627591e+00,0.000000e+00,0.000000e+00,0.000000e+00,0.000000e+00,0.000000e+00,0.000000e+00,0.000000e+00,-2.981556e-19,-4.161842e-13,0.000000e+00,0.000000e+00,0.000000e+00,0.000000e+00,2.467698e+01,8.584305e+02,3.364368e-01,7.164029e-05,0.000000e+00,4.558183e+01,0.000000e+00,0.000000e+00,-6.940504e-01
9.002330e-03,2.469824e+01,8.583979e+02,-4.290852e-05,-8.189527e-05,3.364366e-01,7.164029e-05,4.968932e-06,0.000000e+00,-6.627591e+00,0.000000e+00,0.000000e+00,0.000000e+00,0.000000e+00,0.000000e+00,0.000000e+00,0.000000e+00,-2.981556e-19,-4.161842e-13,0.000000e+00,0.000000e+00,0.000000e+00,0.000000e+00,2.469824e+01,8.584109e+02,3.364367e-01,7.164029e-05,0.000000e+00,4.562853e+01,0.000000e+00,0.000000e+00,-6.940504e-01
9.012266e-03,2.472728e+01,8.583679e+02,-4.282536e-05,-8.185950e-05,3.364364e-01,7.164029e-05,4.966624e-06,0.000000e+00,-6.627591e+00,0.000000e+00,0.000000e+00,0.000000e+00,0.000000e+00,0.000000e+00,0.000000e+00,0.000000e+00,-2.981556e-19,-4.161842e-13,0.000000e+00,0.000000e+00,0.000000e+00,0.000000e+00,2.472728e+01,8.583831e+02,3.364365e-01,7.164029e-05,0.000000e+00,4.567519e+01,0.000000e+00,0.000000e+00,-6.940504e-01
9.022199e-03,2.476537e+01,8.583288e+02,-4.274138e-05,-8.181377e-05,3.364362e-01,7.164029e-05,4.965034e-06,0.000000e+00,-6.627591e+00,0.000000e+00,0.000000e+00,0.000000e+00,0.000000e+00,0.000000e+00,0.000000e+00,0.000000e+00,-2.981556e-19,-4.161842e-13,0.000000e+00,0.000000e+00,0.000000e+00,0.000000e+00,2.476537e+01,8.583464e+02,3.364362e-01,7.164029e-05,0.000000e+00,4.572184e+01,0.000000e+00,0.000000e+00,-6.940504e-01
9.032128e-03,2.481451e+01,8.582788e+02,-4.265604e-05,-8.176805e-05,3.364359e-01,7.164029e-05,4.964654e-06,0.000000e+00,-6.627591e+00,0.000000e+00,0.000000e+00,0.000000e+00,0.000000e+00,0.000000e+00,0.000000e+00,0.000000e+00,-2.981556e-19,-4.161842e-13,0.000000e+00,0.000000e+00,0.000000e+00,0.000000e+00,2.481451e+01,8.582994e+02,3.364359e-01,7.164029e-05,0.000000e+00,4.576847e+01,0.000000e+00,0.000000e+00,-6.940504e-01
9.042058e-03,2.487740e+01,8.582152e+02,-4.257500e-05,-8.172059e-05,3.364356e-01,7.164029e-05,4.965636e-06,0.000000e+00,-6.627591e+00,0.000000e+00,0.000000e+00,0.000000e+00,0.000000e+00,0.000000e+00,0.000000e+00,0.000000e+00,-2.981556e-19,-4.161842e-13,0.000000e+00,0.000000e+00,0.000000e+00,0.000000e+00,2.487740e+01,8.582396e+02,3.364356e-01,7.164029e-05,0.000000e+00,4.581510e+01,0.000000e+00,0.000000e+00,-6.940504e-01
9.051991e-03,2.495722e+01,8.581345e+02,-4.250487e-05,-8.167302e-05,3.364353e-01,7.164029e-05,4.968123e-06,0.000000e+00,-6.627591e+00,0.000000e+00,0.000000e+00,0.000000e+00,0.000000e+00,0.000000e+00,0.000000e+00,0.000000e+00,-2.981556e-19,-4.161842e-13,0.000000e+00,0.000000e+00,0.000000e+00,0.000000e+00,2.495722e+01,8.581635e+02,3.364353e-01,7.164029e-05,0.000000e+00,4.586174e+01,0.000000e+00,0.000000e+00,-6.940504e-01
9.061929e-03,2.505737e+01,8.580326e+02,-4.244008e-05,-8.162303e-05,3.364350e-01,7.164029e-05,4.972231e-06,0.000000e+00,-6.627591e+00,0.000000e+00,0.000000e+00,0.000000e+00,0.000000e+00,0.000000e+00,0.000000e+00,0.000000e+00,-2.981556e-19,-4.161842e-13,0.000000e+00,0.000000e+00,0.000000e+00,0.000000e+00,2.505737e+01,8.580674e+02,3.364350e-01,7.164029e-05,0.000000e+00,4.590841e+01,0.000000e+00,0.000000e+00,-6.940504e-01
9.071875e-03,2.518131e+01,8.579061e+02,-4.237606e-05,-8.156973e-05,3.364347e-01,7.164029e-05,4.978023e-06,0.000000e+00,-6.627591e+00,0.000000e+00,0.000000e+00,0.000000e+00,0.000000e+00,0.000000e+00,0.000000e+00,0.000000e+00,-2.981556e-19,-4.161842e-13,0.000000e+00,0.000000e+00,0.000000e+00,0.000000e+00,2.518131e+01,8.579474e+02,3.364348e-01,7.164029e-05,0.000000e+00,4.595513e+01,0.000000e+00,0.000000e+00,-6.940504e-01
9.081835e-03,2.533239e+01,8.577520e+02,-4.231408e-05,-8.151413e-05,3.364345e-01,7.164029e-05,4.984250e-06,0.000000e+00,-6.627591e+00,0.000000e+00,0.000000e+00,0.000000e+00,0.000000e+00,0.000000e+00,0.000000e+00,0.000000e+00,-2.981556e-19,-4.161842e-13,0.000000e+00,0.000000e+00,0.000000e+00,0.000000e+00,2.533239e+01,8.578005e+02,3.364345e-01,7.164029e-05,0.000000e+00,4.600190e+01,0.000000e+00,0.000000e+00,-6.940504e-01
9.091804e-03,2.551384e+01,8.575679e+02,-4.225299e-05,-8.145805e-05,3.364342e-01,7.164029e-05,4.984978e-06,0.000000e+00,-6.627591e+00,0.000000e+00,0.000000e+00,0.000000e+00,0.000000e+00,0.000000e+00,0.000000e+00,0.000000e+00,-2.981556e-19,-4.161842e-13,0.000000e+00,0.000000e+00,0.000000e+00,0.000000e+00,2.551384e+01,8.576241e+02,3.364343e-01,7.164029e-05,0.000000e+00,4.604872e+01,0.000000e+00,0.000000e+00,-6.940504e-01
9.101446e-03,2.572112e+01,8.573593e+02,-4.219930e-05,-8.140850e-05,3.364340e-01,7.164029e-05,4.657224e-06,0.000000e+00,-6.627591e+00,0.000000e+00,0.000000e+00,0.000000e+00,0.000000e+00,0.000000e+00,0.000000e+00,0.000000e+00,-2.981556e-19,-4.161842e-13,0.000000e+00,0.000000e+00,0.000000e+00,0.000000e+00,2.572112e+01,8.574189e+02,3.364341e-01,7.164029e-05,0.000000e+00,4.609399e+01,0.000000e+00,0.000000e+00,-6.940504e-01
9.111087e-03,2.596271e+01,8.571183e+02,-4.214825e-05,-8.136836e-05,3.364338e-01,7.164029e-05,4.982229e-06,0.000000e+00,-6.627591e+00,0.000000e+00,0.000000e+00,0.000000e+00,0.000000e+00,0.000000e+00,0.000000e+00,0.000000e+00,-2.981556e-19,-4.161842e-13,0.000000e+00,0.000000e+00,0.000000e+00,0.000000e+00,2.596271e+01,8.571912e+02,3.364339e-01,7.164029e-05,0.000000e+00,4.613927e+01,0.000000e+00,0.000000e+00,-6.940504e-01
9.121050e-03,2.625197e+01,8.568314e+02,-4.209643e-05,-8.133010e-05,3.364336e-01,7.164029e-05,4.978733e-06,0.000000e+00,-6.627591e+00,0.000000e+00,0.000000e+00,0.000000e+00,0.000000e+00,0.000000e+00,0.000000e+00,0.000000e+00,-2.981556e-19,-4.161842e-13,0.000000e+00,0.000000e+00,0.000000e+00,0.000000e+00,2.625197e+01,8.569144e+02,3.364337e-01,7.164029e-05,0.000000e+00,4.618606e+01,0.000000e+00,0.000000e+00,-6.940504e-01
9.131005e-03,2.658483e+01,8.565018e+02,-4.204837e-05,-8.129897e-05,3.364335e-01,7.164029e-05,4.974102e-06,0.000000e+00,-6.627591e+00,0.000000e+00,0.000000e+00,0.000000e+00,0.000000e+00,0.000000e+00,0.000000e+00,0.000000e+00,-2.981556e-19,-4.161842e-13,0.000000e+00,0.000000e+00,0.000000e+00,0.000000e+00,2.658483e+01,8.565959e+02,3.364335e-01,7.164029e-05,0.000000e+00,4.623281e+01,0.000000e+00,0.000000e+00,-6.940504e-01
9.140951e-03,2.696453e+01,8.561249e+02,-4.200338e-05,-8.127386e-05,3.364334e-01,7.164029e-05,4.968679e-06,0.000000e+00,-6.627591e+00,0.000000e+00,0.000000e+00,0.000000e+00,0.000000e+00,0.000000e+00,0.000000e+00,0.000000e+00,-2.981556e-19,-4.161842e-13,0.000000e+00,0.000000e+00,0.000000e+00,0.000000e+00,2.696453e+01,8.562313e+02,3.364334e-01,7.164029e-05,0.000000e+00,4.627951e+01,0.000000e+00,0.000000e+00,-6.940504e-01
9.150885e-03,2.739357e+01,8.556973e+02,-4.196732e-05,-8.125375e-05,3.364333e-01,7.164029e-05,4.962889e-06,0.000000e+00,-6.627591e+00,0.000000e+00,0.000000e+00,0.000000e+00,0.000000e+00,0.000000e+00,0.000000e+00,0.000000e+00,-2.981556e-19,-4.161842e-13,0.000000e+00,0.000000e+00,0.000000e+00,0.000000e+00,2.739357e+01,8.558167e+02,3.364333e-01,7.164029e-05,0.000000e+00,4.632617e+01,0.000000e+00,0.000000e+00,-6.940504e-01
9.160808e-03,2.787351e+01,8.552170e+02,-4.195998e-05,-8.124905e-05,3.364333e-01,7.164029e-05,4.957205e-06,0.000000e+00,-6.627591e+00,0.000000e+00,0.000000e+00,0.000000e+00,0.000000e+00,0.000000e+00,0.000000e+00,0.000000e+00,-2.981556e-19,-4.161842e-13,0.000000e+00,0.000000e+00,0.000000e+00,0.000000e+00,2.787351e+01,8.553496e+02,3.364333e-01,7.164029e-05,0.000000e+00,4.637277e+01,0.000000e+00,0.000000e+00,-6.940504e-01
9.170719e-03,2.840496e+01,8.546838e+02,-4.195998e-05,-8.124905e-05,3.364333e-01,7.164029e-05,4.952102e-06,0.000000e+00,-6.627591e+00,0.000000e+00,0.000000e+00,0.000000e+00,0.000000e+00,0.000000e+00,0.000000e+00,0.000000e+00,-2.981556e-19,-4.161842e-13,0.000000e+00,0.000000e+00,0.000000e+00,0.000000e+00,2.840496e+01,8.548296e+02,3.364333e-01,7.164029e-05,0.000000e+00,4.641932e+01,0.000000e+00,0.000000e+00,-6.940504e-01
9.180621e-03,2.898794e+01,8.540988e+02,-4.195998e-05,-8.124905e-05,3.364333e-01,7.164029e-05,4.947997e-06,0.000000e+00,-6.627591e+00,0.000000e+00,0.000000e+00,0.000000e+00,0.000000e+00,0.000000e+00,0.000000e+00,0.000000e+00,-2.981556e-19,-4.161842e-13,0.000000e+00,0.000000e+00,0.000000e+00,0.000000e+00,2.898794e+01,8.542574e+02,3.364333e-01,7.164029e-05,0.000000e+00,4.646582e+01,0.000000e+00,0.000000e+00,-6.940504e-01
9.190517e-03,2.962239e+01,8.534633e+02,-4.195998e-05,-8.124905e-05,3.364333e-01,7.164029e-05,4.945194e-06,0.000000e+00,-6.627591e+00,0.000000e+00,0.000000e+00,0.000000e+00,0.000000e+00,0.000000e+00,0.000000e+00,0.000000e+00,-2.981556e-19,-4.161842e-13,0.000000e+00,0.000000e+00,0.000000e+00,0.000000e+00,2.962239e+01,8.536343e+02,3.364333e-01,7.164029e-05,0.000000e+00,4.651228e+01,0.000000e+00,0.000000e+00,-6.940504e-01
9.200405e-03,3.030864e+01,8.527774e+02,-4.195932e-05,-8.124817e-05,3.364333e-01,7.164029e-05,4.943849e-06,0.000000e+00,-6.627591e+00,0.000000e+00,0.000000e+00,0.000000e+00,0.000000e+00,0.000000e+00,0.000000e+00,0.000000e+00,-2.981556e-19,-4.161842e-13,0.000000e+00,0.000000e+00,0.000000e+00,0.000000e+00,3.030864e+01,8.529611e+02,3.364333e-01,7.164029e-05,0.000000e+00,4.655872e+01,0.000000e+00,0.000000e+00,-6.940504e-01
9.210293e-03,3.104767e+01,8.520402e+02,-4.196177e-05,-8.124742e-05,3.364333e-01,7.164029e-05,4.943914e-06,0.000000e+00,-6.627591e+00,0.000000e+00,0.000000e+00,0.000000e+00,0.000000e+00,0.000000e+00,0.000000e+00,0.000000e+00,-2.981556e-19,-4.161842e-13,0.000000e+00,0.000000e+00,0.000000e+00,0.000000e+00,3.104767e+01,8.522369e+02,3.364333e-01,7.164029e-05,0.000000e+00,4.660516e+01,0.000000e+00,0.000000e+00,-6.940504e-01
9.220182e-03,3.184115e+01,8.512492e+02,-4.196670e-05,-8.124788e-05,3.364333e-01,7.164029e-05,4.945146e-06,0.000000e+00,-6.627591e+00,0.000000e+00,0.000000e+00,0.000000e+00,0.000000e+00,0.000000e+00,0.000000e+00,0.000000e+00,-2.981556e-19,-4.161842e-13,0.000000e+00,0.000000e+00,0.000000e+00,0.000000e+00,3.184115e+01,8.514597e+02,3.364333e-01,7.164029e-05,0.000000e+00,4.665160e+01,0.000000e+00,0.000000e+00,-6.940504e-01
9.230073e-03,3.269112e+01,8.504012e+02,-4.197254e-05,-8.124846e-05,3.364332e-01,7.164029e-05,4.947139e-06,0.000000e+00,-6.627591e+00,0.000000e+00,0.000000e+00,0.000000e+00,0.000000e+00,0.000000e+00,0.000000e+00,0.000000e+00,-2.981556e-19,-4.161842e-13,0.000000e+00,0.000000e+00,0.000000e+00,0.000000e+00,3.269112e+01,8.506263e+02,3.364333e-01,7.164029e-05,0.000000e+00,4.669804e+01,0.000000e+00,0.000000e+00,-6.940504e-01
9.244918e-03,3.407633e+01,8.490161e+02,-4.197558e-05,-8.124804e-05,3.364332e-01,7.164029e-05,4.950453e-06,0.000000e+00,-6.627591e+00,0.000000e+00,0.000000e+00,0.000000e+00,0.000000e+00,0.000000e+00,0.000000e+00,0.000000e+00,-2.981556e-19,-4.161842e-13,0.000000e+00,0.000000e+00,0.000000e+00,0.000000e+00,3.407633e+01,8.492642e+02,3.364332e-01,7.164029e-05,0.000000e+00,4.676776e+01,0.000000e+00,0.000000e+00,-6.940504e-01
9.254820e-03,3.507529e+01,8.480152e+02,-4.197558e-05,-8.124804e-05,3.364332e-01,7.164029e-05,4.952125e-06,0.000000e+00,-6.627591e+00,0.000000e+00,0.000000e+00,0.000000e+00,0.000000e+00,0.000000e+00,0.000000e+00,0.000000e+00,-2.981556e-19,-4.161842e-13,0.000000e+00,0.000000e+00,0.000000e+00,0.000000e+00,3.507529e+01,8.482789e+02,3.364332e-01,7.164029e-05,0.000000e+00,4.681426e+01,0.000000e+00,0.000000e+00,-6.940504e-01
9.264724e-03,3.613509e+01,8.469528e+02,-4.197558e-05,-8.124804e-05,3.364332e-01,7.164029e-05,4.952825e-06,0.000000e+00,-6.627591e+00,0.000000e+00,0.000000e+00,0.000000e+00,0.000000e+00,0.000000e+00,0.000000e+00,0.000000e+00,-2.981556e-19,-4.161842e-13,0.000000e+00,0.000000e+00,0.000000e+00,0.000000e+00,3.613509e+01,8.472318e+02,3.364332e-01,7.164029e-05,0.000000e+00,4.686077e+01,0.000000e+00,0.000000e+00,-6.940504e-01
9.274630e-03,3.725497e+01,8.458307e+02,-4.197431e-05,-8.125154e-05,3.364332e-01,7.164029e-05,4.952198e-06,0.000000e+00,-6.627591e+00,0.000000e+00,0.000000e+00,0.000000e+00,0.000000e+00,0.000000e+00,0.000000e+00,0.000000e+00,-2.981556e-19,-4.161842e-13,0.000000e+00,0.000000e+00,0.000000e+00,0.000000e+00,3.725497e+01,8.461243e+02,3.364332e-01,7.164029e-05,0.000000e+00,4.690729e+01,0.000000e+00,0.000000e+00,-6.940504e-01
9.284534e-03,3.843325e+01,8.446516e+02,-4.196791e-05,-8.127131e-05,3.364331e-01,7.164029e-05,4.950010e-06,0.000000e+00,-6.627591e+00,0.000000e+00,0.000000e+00,0.000000e+00,0.000000e+00,0.000000e+00,0.000000e+00,0.000000e+00,-2.981556e-19,-4.161842e-13,0.000000e+00,0.000000e+00,0.000000e+00,0.000000e+00,3.843325e+01,8.449592e+02,3.364332e-01,7.164029e-05,0.000000e+00,4.695380e+01,0.000000e+00,0.000000e+00,-6.940504e-01
9.294432e-03,3.966747e+01,8.434180e+02,-4.195673e-05,-8.131196e-05,3.364330e-01,7.164029e-05,4.946148e-06,0.000000e+00,-6.627591e+00,0.000000e+00,0.000000e+00,0.000000e+00,0.000000e+00,0.000000e+00,0.000000e+00,0.000000e+00,-2.981556e-19,-4.161842e-13,0.000000e+00,0.000000e+00,0.000000e+00,0.000000e+00,3.966747e+01,8.437389e+02,3.364330e-01,7.164029e-05,0.000000e+00,4.700028e+01,0.000000e+00,0.000000e+00,-6.940504e-01
9.304321e-03,4.095454e+01,8.421329e+02,-4.193501e-05,-8.135501e-05,3.364328e-01,7.164029e-05,4.940609e-06,0.000000e+00,-6.627591e+00,0.000000e+00,0.000000e+00,0.000000e+00,0.000000e+00,0.000000e+00,0.000000e+00,0.000000e+00,-2.981556e-19,-4.161842e-13,0.000000e+00,0.000000e+00,0.000000e+00,0.000000e+00,4.095454e+01,8.424664e+02,3.364328e-01,7.164029e-05,0.000000e+00,4.704673e+01,0.000000e+00,0.000000e+00,-6.940504e-01
9.314199e-03,4.229092e+01,8.407987e+02,-4.191503e-05,-8.139639e-05,3.364325e-01,7.164029e-05,4.933497e-06,0.000000e+00,-6.627591e+00,0.000000e+00,0.000000e+00,0.000000e+00,0.000000e+00,0.000000e+00,0.000000e+00,0.000000e+00,-2.981556e-19,-4.161842e-13,0.000000e+00,0.000000e+00,0.000000e+00,0.000000e+00,4.229092e+01,8.411442e+02,3.364326e-01,7.164029e-05,0.000000e+00,4.709311e+01,0.000000e+00,0.000000e+00,-6.940504e-01
9.324062e-03,4.367258e+01,8.394186e+02,-4.190635e-05,-8.142722e-05,3.364323e-01,7.164029e-05,4.925065e-06,0.000000e+00,-6.627591e+00,0.000000e+00,0.000000e+00,0.000000e+00,0.000000e+00,0.000000e+00,0.000000e+00,0.000000e+00,-2.981556e-19,-4.161842e-13,0.000000e+00,0.000000e+00,0.000000e+00,0.000000e+00,4.367258e+01,8.397751e+02,3.364324e-01,7.164029e-05,0.000000e+00,4.713943e+01,0.000000e+00,0.000000e+00,-6.940504e-01
9.333908e-03,4.509502e+01,8.379965e+02,-4.190407e-05,-8.143504e-05,3.364322e-01,7.164029e-05,4.915717e-06,0.000000e+00,-6.627591e+00,0.000000e+00,0.000000e+00,0.000000e+00,0.000000e+00,0.000000e+00,0.000000e+00,0.000000e+00,-2.981556e-19,-4.161842e-13,0.000000e+00,0.000000e+00,0.000000e+00,0.000000e+00,4.509502e+01,8.383630e+02,3.364322e-01,7.164029e-05,0.000000e+00,4.718567e+01,0.000000e+00,0.000000e+00,-6.940504e-01
9.343734e-03,4.655329e+01,8.365371e+02,-4.192622e-05,-8.143699e-05,3.364321e-01,7.164029e-05,4.905994e-06,0.000000e+00,-6.627591e+00,0.000000e+00,0.000000e+00,0.000000e+00,0.000000e+00,0.000000e+00,0.000000e+00,0.000000e+00,-2.981556e-19,-4.161842e-13,0.000000e+00,0.000000e+00,0.000000e+00,0.000000e+00,4.655329e+01,8.369124e+02,3.364322e-01,7.164029e-05,0.000000e+00,4.723182e+01,0.000000e+00,0.000000e+00,-6.940504e-01
9.353541e-03,4.804208e+01,8.350463e+02,-4.196186e-05,-8.143730e-05,3.364320e-01,7.164029e-05,4.896558e-06,0.000000e+00,-6.627591e+00,0.000000e+00,0.000000e+00,0.000000e+00,0.000000e+00,0.000000e+00,0.000000e+00,0.000000e+00,-2.981556e-19,-4.161842e-13,0.000000e+00,0.000000e+00,0.000000e+00,0.000000e+00,4.804208e+01,8.354288e+02,3.364320e-01,7.164029e-05,0.000000e+00,4.727787e+01,0.000000e+00,0.000000e+00,-6.940504e-01
9.363330e-03,4.955597e+01,8.335305e+02,-4.199703e-05,-8.142877e-05,3.364319e-01,7.164029e-05,4.888093e-06,0.000000e+00,-6.627591e+00,0.000000e+00,0.000000e+00,0.000000e+00,0.000000e+00,0.000000e+00,0.000000e+00,0.000000e+00,-2.981556e-19,-4.161842e-13,0.000000e+00,0.000000e+00,0.000000e+00,0.000000e+00,4.955597e+01,8.339185e+02,3.364319e-01,7.164029e-05,0.000000e+00,4.732384e+01,0.000000e+00,0.000000e+00,-6.940504e-01
9.373102e-03,5.108957e+01,8.319957e+02,-4.200977e-05,-8.142447e-05,3.364319e-01,7.164029e-05,4.881218e-06,0.000000e+00,-6.627591e+00,0.000000e+00,0.000000e+00,0.000000e+00,0.000000e+00,0.000000e+00,0.000000e+00,0.000000e+00,-2.981556e-19,-4.161842e-13,0.000000e+00,0.000000e+00,0.000000e+00,0.000000e+00,5.108957e+01,8.323877e+02,3.364319e-01,7.164029e-05,0.000000e+00,4.736973e+01,0.000000e+00,0.000000e+00,-6.940504e-01
9.382863e-03,5.263774e+01,8.304470e+02,-4.200977e-05,-8.142447e-05,3.364319e-01,7.164029e-05,4.876399e-06,0.000000e+00,-6.627591e+00,0.000000e+00,0.000000e+00,0.000000e+00,0.000000e+00,0.000000e+00,0.000000e+00,0.000000e+00,-2.981556e-19,-4.161842e-13,0.000000e+00,0.000000e+00,0.000000e+00,0.000000e+00,5.263774e+01,8.308420e+02,3.364319e-01,7.164029e-05,0.000000e+00,4.741557e+01,0.000000e+00,0.000000e+00,-6.940504e-01
9.392614e-03,5.419550e+01,8.288893e+02,-4.200817e-05,-8.142360e-05,3.364319e-01,7.164029e-05,4.873896e-06,0.000000e+00,-6.627591e+00,0.000000e+00,0.000000e+00,0.000000e+00,0.000000e+00,0.000000e+00,0.000000e+00,0.000000e+00,-2.981556e-19,-4.161842e-13,0.000000e+00,0.000000e+00,0.000000e+00,0.000000e+00,5.419550e+01,8.292859e+02,3.364319e-01,7.164029e-05,0.000000e+00,4.746136e+01,0.000000e+00,0.000000e+00,-6.940504e-01
9.402361e-03,5.575788e+01,8.273268e+02,-4.200817e-05,-8.142360e-05,3.364319e-01,7.164029e-05,4.873742e-06,0.000000e+00,-6.627591e+00,0.000000e+00,0.000000e+00,0.000000e+00,0.000000e+00,0.000000e+00,0.000000e+00,0.000000e+00,-2.981556e-19,-4.161842e-13,0.000000e+00,0.000000e+00,0.000000e+00,0.000000e+00,5.575788e+01,8.277242e+02,3.364319e-01,7.164029e-05,0.000000e+00,4.750713e+01,0.000000e+00,0.000000e+00,-6.940504e-01
9.412109e-03,5.731965e+01,8.257646e+02,-4.200817e-05,-8.142360e-05,3.364319e-01,7.164029e-05,4.875736e-06,0.000000e+00,-6.627591e+00,0.000000e+00,0.000000e+00,0.000000e+00,0.000000e+00,0.000000e+00,0.000000e+00,0.000000e+00,-2.981556e-19,-4.161842e-13,0.000000e+00,0.000000e+00,0.000000e+00,0.000000e+00,5.731965e+01,8.261613e+02,3.364319e-01,7.164029e-05,0.000000e+00,4.755291e+01,0.000000e+00,0.000000e+00,-6.940504e-01
9.421863e-03,5.887512e+01,8.242079e+02,-4.200817e-05,-8.142360e-05,3.364319e-01,7.164029e-05,4.879483e-06,0.000000e+00,-6.627591e+00,0.000000e+00,0.000000e+00,0.000000e+00,0.000000e+00,0.000000e+00,0.000000e+00,0.000000e+00,-2.981556e-19,-4.161842e-13,0.000000e+00,0.000000e+00,0.000000e+00,0.000000e+00,5.887512e+01,8.246025e+02,3.364319e-01,7.164029e-05,0.000000e+00,4.759871e+01,0.000000e+00,0.000000e+00,-6.940504e-01
9.431624e-03,6.041805e+01,8.226634e+02,-4.200817e-05,-8.142360e-05,3.364319e-01,7.164029e-05,4.884466e-06,0.000000e+00,-6.627591e+00,0.000000e+00,0.000000e+00,0.000000e+00,0.000000e+00,0.000000e+00,0.000000e+00,0.000000e+00,-2.981556e-19,-4.161842e-13,0.000000e+00,0.000000e+00,0.000000e+00,0.000000e+00,6.041805e+01,8.230542e+02,3.364319e-01,7.164029e-05,0.000000e+00,4.764455e+01,0.000000e+00,0.000000e+00,-6.940504e-01
9.441395e-03,6.194171e+01,8.211379e+02,-4.200817e-05,-8.142360e-05,3.364319e-01,7.164029e-05,4.890107e-06,0.000000e+00,-6.627591e+00,0.000000e+00,0.000000e+00,0.000000e+00,0.000000e+00,0.000000e+00,0.000000e+00,0.000000e+00,-2.981556e-19,-4.161842e-13,0.000000e+00,0.000000e+00,0.000000e+00,0.000000e+00,6.194171e+01,8.215231e+02,3.364319e-01,7.164029e-05,0.000000e+00,4.769044e+01,0.000000e+00,0.000000e+00,-6.940504e-01
9.451179e-03,6.343896e+01,8.196389e+02,-4.200817e-05,-8.142360e-05,3.364319e-01,7.164029e-05,4.895830e-06,0.000000e+00,-6.627591e+00,0.000000e+00,0.000000e+00,0.000000e+00,0.000000e+00,0.000000e+00,0.000000e+00,0.000000e+00,-2.981556e-19,-4.161842e-13,0.000000e+00,0.000000e+00,0.000000e+00,0.000000e+00,6.343896e+01,8.200167e+02,3.364319e-01,7.164029e-05,0.000000e+00,4.773639e+01,0.000000e+00,0.000000e+00,-6.940504e-01
9.460973e-03,6.490248e+01,8.181738e+02,-4.200817e-05,-8.142360e-05,3.364319e-01,7.164029e-05,4.901097e-06,0.000000e+00,-6.627591e+00,0.000000e+00,0.000000e+00,0.000000e+00,0.000000e+00,0.000000e+00,0.000000e+00,0.000000e+00,-2.981556e-19,-4.161842e-13,0.000000e+00,0.000000e+00,0.000000e+00,0.000000e+00,6.490248e+01,8.185423e+02,3.364319e-01,7.164029e-05,0.000000e+00,4.778238e+01,0.000000e+00,0.000000e+00,-6.940504e-01
9.470778e-03,6.632481e+01,8.167502e+02,-4.200817e-05,-8.142360e-05,3.364319e-01,7.164029e-05,4.905445e-06,0.000000e+00,-6.627591e+00,0.000000e+00,0.000000e+00,0.000000e+00,0.000000e+00,0.000000e+00,0.000000e+00,0.000000e+00,-2.981556e-19,-4.161842e-13,0.000000e+00,0.000000e+00,0.000000e+00,0.000000e+00,6.632481e+01,8.171075e+02,3.364319e-01,7.164029e-05,0.000000e+00,4.782843e+01,0.000000e+00,0.000000e+00,-6.940504e-01
9.480590e-03,6.769859e+01,8.153752e+02,-4.200817e-05,-8.142360e-05,3.364319e-01,7.164029e-05,4.908502e-06,0.000000e+00,-6.627591e+00,0.000000e+00,0.000000e+00,0.000000e+00,0.000000e+00,0.000000e+00,0.000000e+00,0.000000e+00,-2.981556e-19,-4.161842e-13,0.000000e+00,0.000000e+00,0.000000e+00,0.000000e+00,6.769859e+01,8.157197e+02,3.364319e-01,7.164029e-05,0.000000e+00,4.787451e+01,0.000000e+00,0.000000e+00,-6.940504e-01
9.490408e-03,6.901666e+01,8.140562e+02,-4.200817e-05,-8.142360e-05,3.364319e-01,7.164029e-05,4.909976e-06,0.000000e+00,-6.627591e+00,0.000000e+00,0.000000e+00,0.000000e+00,0.000000e+00,0.000000e+00,0.000000e+00,0.000000e+00,-2.981556e-19,-4.161842e-13,0.000000e+00,0.000000e+00,0.000000e+00,0.000000e+00,6.901666e+01,8.143859e+02,3.364319e-01,7.164029e-05,0.000000e+00,4.792061e+01,0.000000e+00,0.000000e+00,-6.940504e-01
9.500228e-03,7.027230e+01,8.127996e+02,-4.200817e-05,-8.142360e-05,3.364319e-01,7.164029e-05,4.909679e-06,0.000000e+00,-6.627591e+00,0.000000e+00,0.000000e+00,0.000000e+00,0.000000e+00,0.000000e+00,0.000000e+00,0.000000e+00,-2.981556e-19,-4.161842e-13,0.000000e+00,0.000000e+00,0.000000e+00,0.000000e+00,7.027230e+01,8.131131e+02,3.364319e-01,7.164029e-05,0.000000e+00,4.796673e+01,0.000000e+00,0.000000e+00,-6.940504e-01
9.510047e-03,7.145939e+01,8.116118e+02,-4.200817e-05,-8.142360e-05,3.364319e-01,7.164029e-05,4.907528e-06,0.000000e+00,-6.627591e+00,0.000000e+00,0.000000e+00,0.000000e+00,0.000000e+00,0.000000e+00,0.000000e+00,0.000000e+00,-2.981556e-19,-4.161842e-13,0.000000e+00,0.000000e+00,0.000000e+00,0.000000e+00,7.145939e+01,8.119075e+02,3.364319e-01,7.164029e-05,0.000000e+00,4.801284e+01,0.000000e+00,0.000000e+00,-6.940504e-01
9.524764e-03,7.309986e+01,8.099705e+02,-4.200817e-05,-8.142360e-05,3.364319e-01,7.164029e-05,4.900971e-06,0.000000e+00,-6.627591e+00,0.000000e+00,0.000000e+00,0.000000e+00,0.000000e+00,0.000000e+00,0.000000e+00,0.000000e+00,-2.981556e-19,-4.161842e-13,0.000000e+00,0.000000e+00,0.000000e+00,0.000000e+00,7.309986e+01,8.102371e+02,3.364319e-01,7.164029e-05,0.000000e+00,4.808195e+01,0.000000e+00,0.000000e+00,-6.940504e-01
9.534562e-03,7.409361e+01,8.089764e+02,-4.200817e-05,-8.142360e-05,3.364319e-01,7.164029e-05,4.894750e-06,0.000000e+00,-6.627591e+00,0.000000e+00,0.000000e+00,0.000000e+00,0.000000e+00,0.000000e+00,0.000000e+00,0.000000e+00,-2.981556e-19,-4.161842e-13,0.000000e+00,0.000000e+00,0.000000e+00,0.000000e+00,7.409361e+01,8.092224e+02,3.364319e-01,7.164029e-05,0.000000e+00,4.812797e+01,0.000000e+00,0.000000e+00,-6.940504e-01
9.544348e-03,7.500330e+01,8.080666e+02,-4.200817e-05,-8.142360e-05,3.364319e-01,7.164029e-05,4.887555e-06,0.000000e+00,-6.627591e+00,0.000000e+00,0.000000e+00,0.000000e+00,0.000000e+00,0.000000e+00,0.000000e+00,0.000000e+00,-2.981556e-19,-4.161842e-13,0.000000e+00,0.000000e+00,0.000000e+00,0.000000e+00,7.500330e+01,8.082912e+02,3.364319e-01,7.164029e-05,0.000000e+00,4.817392e+01,0.000000e+00,0.000000e+00,-6.940504e-01
9.554120e-03,7.582629e+01,8.072437e+02,-4.200817e-05,-8.142360e-05,3.364319e-01,7.164029e-05,4.879968e-06,0.000000e+00,-6.627591e+00,0.000000e+00,0.000000e+00,0.000000e+00,0.000000e+00,0.000000e+00,0.000000e+00,0.000000e+00,-2.981556e-19,-4.161842e-13,0.000000e+00,0.000000e+00,0.000000e+00,0.000000e+00,7.582629e+01,8.074464e+02,3.364319e-01,7.164029e-05,0.000000e+00,4.821981e+01,0.000000e+00,0.000000e+00,-6.940504e-01
9.563875e-03,7.656066e+01,8.065098e+02,-4.200817e-05,-8.142360e-05,3.364319e-01,7.164029e-05,4.872626e-06,0.000000e+00,-6.627591e+00,0.000000e+00,0.000000e+00,0.000000e+00,0.000000e+00,0.000000e+00,0.000000e+00,0.000000e+00,-2.981556e-19,-4.161842e-13,0.000000e+00,0.000000e+00,0.000000e+00,0.000000e+00,7.656066e+01,8.066900e+02,3.364319e-01,7.164029e-05,0.000000e+00,4.826563e+01,0.000000e+00,0.000000e+00,-6.940504e-01
9.573618e-03,7.720519e+01,8.058659e+02,-4.200817e-05,-8.142360e-05,3.364319e-01,7.164029e-05,4.866129e-06,0.000000e+00,-6.627591e+00,0.000000e+00,0.000000e+00,0.000000e+00,0.000000e+00,0.000000e+00,0.000000e+00,0.000000e+00,-2.981556e-19,-4.161842e-13,0.000000e+00,0.000000e+00,0.000000e+00,0.000000e+00,7.720519e+01,8.060235e+02,3.364319e-01,7.164029e-05,0.000000e+00,4.831138e+01,0.000000e+00,0.000000e+00,-6.940504e-01
9.583347e-03,7.775925e+01,8.053127e+02,-4.200817e-05,-8.142360e-05,3.364319e-01,7.164029e-05,4.860977e-06,0.000000e+00,-6.627591e+00,0.000000e+00,0.000000e+00,0.000000e+00,0.000000e+00,0.000000e+00,0.000000e+00,0.000000e+00,-2.981556e-19,-4.161842e-13,0.000000e+00,0.000000e+00,0.000000e+00,0.000000e+00,7.775925e+01,8.054475e+02,3.364319e-01,7.164029e-05,0.000000e+00,4.835707e+01,0.000000e+00,0.000000e+00,-6.940504e-01
9.593067e-03,7.822269e+01,8.048500e+02,-4.200817e-05,-8.142360e-05,3.364319e-01,7.164029e-05,4.857499e-06,0.000000e+00,-6.627591e+00,0.000000e+00,0.000000e+00,0.000000e+00,0.000000e+00,0.000000e+00,0.000000e+00,0.000000e+00,-2.981556e-19,-4.161842e-13,0.000000e+00,0.000000e+00,0.000000e+00,0.000000e+00,7.822269e+01,8.049622e+02,3.364319e-01,7.164029e-05,0.000000e+00,4.840271e+01,0.000000e+00,0.000000e+00,-6.940504e-01
9.602781e-03,7.859582e+01,8.044775e+02,-4.200817e-05,-8.142360e-05,3.364319e-01,7.164029e-05,4.855783e-06,0.000000e+00,-6.627591e+00,0.000000e+00,0.000000e+00,0.000000e+00,0.000000e+00,0.000000e+00,0.000000e+00,0.000000e+00,-2.981556e-19,-4.161842e-13,0.000000e+00,0.000000e+00,0.000000e+00,0.000000e+00,7.859582e+01,8.045673e+02,3.364319e-01,7.164029e-05,0.000000e+00,4.844833e+01,0.000000e+00,0.000000e+00,-6.940504e-01
9.612492e-03,7.887924e+01,8.041943e+02,-4.200817e-05,-8.142360e-05,3.364319e-01,7.164029e-05,4.855692e-06,0.000000e+00,-6.627591e+00,0.000000e+00,0.000000e+00,0.000000e+00,0.000000e+00,0.000000e+00,0.000000e+00,0.000000e+00,-2.981556e-19,-4.161842e-13,0.000000e+00,0.000000e+00,0.000000e+00,0.000000e+00,7.887924e+01,8.042618e+02,3.364319e-01,7.164029e-05,0.000000e+00,4.849394e+01,0.000000e+00,0.000000e+00,-6.940504e-01
9.622204e-03,7.907393e+01,8.039993e+02,-4.200817e-05,-8.142360e-05,3.364319e-01,7.164029e-05,4.856909e-06,0.000000e+00,-6.627591e+00,0.000000e+00,0.000000e+00,0.000000e+00,0.000000e+00,0.000000e+00,0.000000e+00,0.000000e+00,-2.981556e-19,-4.161842e-13,0.000000e+00,0.000000e+00,0.000000e+00,0.000000e+00,7.907393e+01,8.040449e+02,3.364319e-01,7.164029e-05,0.000000e+00,4.853955e+01,0.000000e+00,0.000000e+00,-6.940504e-01
9.631919e-03,7.918118e+01,8.038912e+02,-4.200817e-05,-8.142360e-05,3.364319e-01,7.164029e-05,4.859013e-06,0.000000e+00,-6.627591e+00,0.000000e+00,0.000000e+00,0.000000e+00,0.000000e+00,0.000000e+00,0.000000e+00,0.000000e+00,-2.981556e-19,-4.161842e-13,0.000000e+00,0.000000e+00,0.000000e+00,0.000000e+00,7.918118e+01,8.039152e+02,3.364319e-01,7.164029e-05,0.000000e+00,4.858517e+01,0.000000e+00,0.000000e+00,-6.940504e-01
9.641638e-03,7.920263e+01,8.038685e+02,-4.200817e-05,-8.142360e-05,3.364319e-01,7.164029e-05,4.861538e-06,0.000000e+00,-6.627591e+00,0.000000e+00,0.000000e+00,0.000000e+00,0.000000e+00,0.000000e+00,0.000000e+00,0.000000e+00,-2.981556e-19,-4.161842e-13,0.000000e+00,0.000000e+00,0.000000e+00,0.000000e+00,7.920263e+01,8.038713e+02,3.364319e-01,7.164029e-05,0.000000e+00,4.863081e+01,0.000000e+00,0.000000e+00,-6.940504e-01
9.651363e-03,7.914032e+01,8.039297e+02,-4.200817e-05,-8.142360e-05,3.364319e-01,7.164029e-05,4.864046e-06,0.000000e+00,-6.627591e+00,0.000000e+00,0.000000e+00,0.000000e+00,0.000000e+00,0.000000e+00,0.000000e+00,0.000000e+00,-2.981556e-19,-4.161842e-13,0.000000e+00,0.000000e+00,0.000000e+00,0.000000e+00,7.914032e+01,8.039118e+02,3.364319e-01,7.164029e-05,0.000000e+00,4.867648e+01,0.000000e+00,0.000000e+00,-6.940504e-01
9.661091e-03,7.899684e+01,8.040730e+02,-4.200817e-05,-8.142360e-05,3.364319e-01,7.164029e-05,4.866162e-06,0.000000e+00,-6.627591e+00,0.000000e+00,0.000000e+00,0.000000e+00,0.000000e+00,0.000000e+00,0.000000e+00,0.000000e+00,-2.981556e-19,-4.161842e-13,0.000000e+00,0.000000e+00,0.000000e+00,0.000000e+00,7.899684e+01,8.040348e+02,3.364319e-01,7.164029e-05,0.000000e+00,4.872217e+01,0.000000e+00,0.000000e+00,-6.940504e-01
9.670825e-03,7.877539e+01,8.042955e+02,-4.200817e-05,-8.142360e-05,3.364319e-01,7.164029e-05,4.867582e-06,0.000000e+00,-6.627591e+00,0.000000e+00,0.000000e+00,0.000000e+00,0.000000e+00,0.000000e+00,0.000000e+00,0.000000e+00,-2.981556e-19,-4.161842e-13,0.000000e+00,0.000000e+00,0.000000e+00,0.000000e+00,7.877539e+01,8.042379e+02,3.364319e-01,7.164029e-05,0.000000e+00,4.876788e+01,0.000000e+00,0.000000e+00,-6.940504e-01
9.680561e-03,7.847985e+01,8.045937e+02,-4.200817e-05,-8.142360e-05,3.364319e-01,7.164029e-05,4.868103e-06,0.000000e+00,-6.627591e+00,0.000000e+00,0.000000e+00,0.000000e+00,0.000000e+00,0.000000e+00,0.000000e+00,0.000000e+00,-2.981556e-19,-4.161842e-13,0.000000e+00,0.000000e+00,0.000000e+00,0.000000e+00,7.847985e+01,8.045176e+02,3.364319e-01,7.164029e-05,0.000000e+00,4.881359e+01,0.000000e+00,0.000000e+00,-6.940504e-01
9.690297e-03,7.811470e+01,8.049626e+02,-4.200817e-05,-8.142360e-05,3.364319e-01,7.164029e-05,4.867657e-06,0.000000e+00,-6.627591e+00,0.000000e+00,0.000000e+00,0.000000e+00,0.000000e+00,0.000000e+00,0.000000e+00,0.000000e+00,-2.981556e-19,-4.161842e-13,0.000000e+00,0.000000e+00,0.000000e+00,0.000000e+00,7.811470e+01,8.048694e+02,3.364319e-01,7.164029e-05,0.000000e+00,4.885932e+01,0.000000e+00,0.000000e+00,-6.940504e-01
9.700031e-03,7.768472e+01,8.053969e+02,-4.200817e-05,-8.142360e-05,3.364319e-01,7.164029e-05,4.866296e-06,0.000000e+00,-6.627591e+00,0.000000e+00,0.000000e+00,0.000000e+00,0.000000e+00,0.000000e+00,0.000000e+00,0.000000e+00,-2.981556e-19,-4.161842e-13,0.000000e+00,0.000000e+00,0.000000e+00,0.000000e+00,7.768472e+01,8.052880e+02,3.364319e-01,7.164029e-05,0.000000e+00,4.890503e+01,0.000000e+00,0.000000e+00,-6.940504e-01
9.714628e-03,7.692853e+01,8.061583e+02,-4.200817e-05,-8.142360e-05,3.364319e-01,7.164029e-05,4.863051e-06,0.000000e+00,-6.627591e+00,0.000000e+00,0.000000e+00,0.000000e+00,0.000000e+00,0.000000e+00,0.000000e+00,0.000000e+00,-2.981556e-19,-4.161842e-13,0.000000e+00,0.000000e+00,0.000000e+00,0.000000e+00,7.692853e+01,8.060284e+02,3.364319e-01,7.164029e-05,0.000000e+00,4.897358e+01,0.000000e+00,0.000000e+00,-6.940504e-01
9.724353e-03,7.635644e+01,8.067323e+02,-4.200817e-05,-8.142360e-05,3.364319e-01,7.164029e-05,4.860583e-06,0.000000e+00,-6.627591e+00,0.000000e+00,0.000000e+00,0.000000e+00,0.000000e+00,0.000000e+00,0.000000e+00,0.000000e+00,-2.981556e-19,-4.161842e-13,0.000000e+00,0.000000e+00,0.000000e+00,0.000000e+00,7.635644e+01,8.065897e+02,3.364319e-01,7.164029e-05,0.000000e+00,4.901925e+01,0.000000e+00,0.000000e+00,-6.940504e-01
9.734072e-03,7.573412e+01,8.073553e+02,-4.200817e-05,-8.142360e-05,3.364319e-01,7.164029e-05,4.858334e-06,0.000000e+00,-6.627591e+00,0.000000e+00,0.000000e+00,0.000000e+00,0.000000e+00,0.000000e+00,0.000000e+00,0.000000e+00,-2.981556e-19,-4.161842e-13,0.000000e+00,0.000000e+00,0.000000e+00,0.000000e+00,7.573412e+01,8.072007e+02,3.364319e-01,7.164029e-05,0.000000e+00,4.906489e+01,0.000000e+00,0.000000e+00,-6.940504e-01
9.743788e-03,7.506438e+01,8.080247e+02,-4.200817e-05,-8.142360e-05,3.364319e-01,7.164029e-05,4.856681e-06,0.000000e+00,-6.627591e+00,0.000000e+00,0.000000e+00,0.000000e+00,0.000000e+00,0.000000e+00,0.000000e+00,0.000000e+00,-2.981556e-19,-4.161842e-13,0.000000e+00,0.000000e+00,0.000000e+00,0.000000e+00,7.506438e+01,8.078588e+02,3.364319e-01,7.164029e-05,0.000000e+00,4.911052e+01,0.000000e+00,0.000000e+00,-6.940504e-01
9.753501e-03,7.434956e+01,8.087388e+02,-4.200817e-05,-8.142360e-05,3.364319e-01,7.164029e-05,4.855904e-06,0.000000e+00,-6.627591e+00,0.000000e+00,0.000000e+00,0.000000e+00,0.000000e+00,0.000000e+00,0.000000e+00,0.000000e+00,-2.981556e-19,-4.161842e-13,0.000000e+00,0.000000e+00,0.000000e+00,0.000000e+00,7.434956e+01,8.085619e+02,3.364319e-01,7.164029e-05,0.000000e+00,4.915613e+01,0.000000e+00,0.000000e+00,-6.940504e-01
9.763213e-03,7.359171e+01,8.094960e+02,-4.200817e-05,-8.142360e-05,3.364319e-01,7.164029e-05,4.856126e-06,0.000000e+00,-6.627591e+00,0.000000e+00,0.000000e+00,0.000000e+00,0.000000e+00,0.000000e+00,0.000000e+00,0.000000e+00,-2.981556e-19,-4.161842e-13,0.000000e+00,0.000000e+00,0.000000e+00,0.000000e+00,7.359171e+01,8.093085e+02,3.364319e-01,7.164029e-05,0.000000e+00,4.920174e+01,0.000000e+00,0.000000e+00,-6.940504e-01
9.772926e-03,7.279286e+01,8.102946e+02,-4.200817e-05,-8.142360e-05,3.364319e-01,7.164029e-05,4.857322e-06,0.000000e+00,-6.627591e+00,0.000000e+00,0.000000e+00,0.000000e+00,0.000000e+00,0.000000e+00,0.000000e+00,0.000000e+00,-2.981556e-19,-4.161842e-13,0.000000e+00,0.000000e+00,0.000000e+00,0.000000e+00,7.279286e+01,8.100970e+02,3.364319e-01,7.164029e-05,0.000000e+00,4.924735e+01,0.000000e+00,0.000000e+00,-6.940504e-01
9.782641e-03,7.195517e+01,8.111323e+02,-4.200817e-05,-8.142360e-05,3.364319e-01,7.164029e-05,4.859294e-06,0.000000e+00,-6.627591e+00,0.000000e+00,0.000000e+00,0.000000e+00,0.000000e+00,0.000000e+00,0.000000e+00,0.000000e+00,-2.981556e-19,-4.161842e-13,0.000000e+00,0.000000e+00,0.000000e+00,0.000000e+00,7.195517e+01,8.109252e+02,3.364319e-01,7.164029e-05,0.000000e+00,4.929298e+01,0.000000e+00,0.000000e+00,-6.940504e-01
9.792360e-03,7.108105e+01,8.120064e+02,-4.200817e-05,-8.142360e-05,3.364319e-01,7.164029e-05,4.861736e-06,0.000000e+00,-6.627591e+00,0.000000e+00,0.000000e+00,0.000000e+00,0.000000e+00,0.000000e+00,0.000000e+00,0.000000e+00,-2.981556e-19,-4.161842e-13,0.000000e+00,0.000000e+00,0.000000e+00,0.000000e+00,7.108105e+01,8.117905e+02,3.364319e-01,7.164029e-05,0.000000e+00,4.933862e+01,0.000000e+00,0.000000e+00,-6.940504e-01
9.802085e-03,7.017316e+01,8.129141e+02,-4.200817e-05,-8.142360e-05,3.364319e-01,7.164029e-05,4.864306e-06,0.000000e+00,-6.627591e+00,0.000000e+00,0.000000e+00,0.000000e+00,0.000000e+00,0.000000e+00,0.000000e+00,0.000000e+00,-2.981556e-19,-4.161842e-13,0.000000e+00,0.000000e+00,0.000000e+00,0.000000e+00,7.017316e+01,8.126901e+02,3.364319e-01,7.164029e-05,0.000000e+00,4.938429e+01,0.000000e+00,0.000000e+00,-6.940504e-01
9.811815e-03,6.923434e+01,8.138523e+02,-4.200817e-05,-8.142360e-05,3.364319e-01,7.164029e-05,4.866706e-06,0.000000e+00,-6.627591e+00,0.000000e+00,0.000000e+00,0.000000e+00,0.000000e+00,0.000000e+00,0.000000e+00,0.000000e+00,-2.981556e-19,-4.161842e-13,0.000000e+00,0.000000e+00,0.000000e+00,0.000000e+00,6.923434e+01,8.136210e+02,3.364319e-01,7.164029e-05,0.000000e+00,4.942998e+01,0.000000e+00,0.000000e+00,-6.940504e-01
9.821550e-03,6.826755e+01,8.148182e+02,-4.200817e-05,-8.142360e-05,3.364319e-01,7.164029e-05,4.868722e-06,0.000000e+00,-6.627591e+00,0.000000e+00,0.000000e+00,0.000000e+00,0.000000e+00,0.000000e+00,0.000000e+00,0.000000e+00,-2.981556e-19,-4.161842e-13,0.000000e+00,0.000000e+00,0.000000e+00,0.000000e+00,6.826755e+01,8.145803e+02,3.364319e-01,7.164029e-05,0.000000e+00,4.947570e+01,0.000000e+00,0.000000e+00,-6.940504e-01
9.831288e-03,6.727580e+01,8.158091e+02,-4.200817e-05,-8.142360e-05,3.364319e-01,7.164029e-05,4.870230e-06,0.000000e+00,-6.627591e+00,0.000000e+00,0.000000e+00,0.000000e+00,0.000000e+00,0.000000e+00,0.000000e+00,0.000000e+00,-2.981556e-19,-4.161842e-13,0.000000e+00,0.000000e+00,0.000000e+00,0.000000e+00,6.727580e+01,8.155652e+02,3.364319e-01,7.164029e-05,0.000000e+00,4.952143e+01,0.000000e+00,0.000000e+00,-6.940504e-01
9.841029e-03,6.626215e+01,8.168223e+02,-4.200817e-05,-8.142360e-05,3.364319e-01,7.164029e-05,4.871192e-06,0.000000e+00,-6.627591e+00,0.000000e+00,0.000000e+00,0.000000e+00,0.000000e+00,0.000000e+00,0.000000e+00,0.000000e+00,-2.981556e-19,-4.161842e-13,0.000000e+00,0.000000e+00,0.000000e+00,0.000000e+00,6.626215e+01,8.165732e+02,3.364319e-01,7.164029e-05,0.000000e+00,4.956717e+01,0.000000e+00,0.000000e+00,-6.940504e-01
9.850771e-03,6.522961e+01,8.178549e+02,-4.200817e-05,-8.142360e-05,3.364319e-01,7.164029e-05,4.871640e-06,0.000000e+00,-6.627591e+00,0.000000e+00,0.000000e+00,0.000000e+00,0.000000e+00,0.000000e+00,0.000000e+00,0.000000e+00,-2.981556e-19,-4.161842e-13,0.000000e+00,0.000000e+00,0.000000e+00,0.000000e+00,6.522961e+01,8.176013e+02,3.364319e-01,7.164029e-05,0.000000e+00,4.961293e+01,0.000000e+00,0.000000e+00,-6.940504e-01
9.860515e-03,6.418112e+01,8.189040e+02,-4.200817e-05,-8.142360e-05,3.364319e-01,7.164029e-05,4.871695e-06,0.000000e+00,-6.627591e+00,0.000000e+00,0.000000e+00,0.000000e+00,0.000000e+00,0.000000e+00,0.000000e+00,0.000000e+00,-2.981556e-19,-4.161842e-13,0.000000e+00,0.000000e+00,0.000000e+00,0.000000e+00,6.418112e+01,8.186465e+02,3.364319e-01,7.164029e-05,0.000000e+00,4.965868e+01,0.000000e+00,0.000000e+00,-6.940504e-01
9.870258e-03,6.311925e+01,8.199666e+02,-4.200817e-05,-8.142360e-05,3.364319e-01,7.164029e-05,4.871545e-06,0.000000e+00,-6.627591e+00,0.000000e+00,0.000000e+00,0.000000e+00,0.000000e+00,0.000000e+00,0.000000e+00,0.000000e+00,-2.981556e-19,-4.161842e-13,0.000000e+00,0.000000e+00,0.000000e+00,0.000000e+00,6.311925e+01,8.197061e+02,3.364319e-01,7.164029e-05,0.000000e+00,4.970444e+01,0.000000e+00,0.000000e+00,-6.940504e-01
9.880002e-03,6.204601e+01,8.210403e+02,-4.200817e-05,-8.142360e-05,3.364319e-01,7.164029e-05,4.871428e-06,0.000000e+00,-6.627591e+00,0.000000e+00,0.000000e+00,0.000000e+00,0.000000e+00,0.000000e+00,0.000000e+00,0.000000e+00,-2.981556e-19,-4.161842e-13,0.000000e+00,0.000000e+00,0.000000e+00,0.000000e+00,6.204601e+01,8.207772e+02,3.364319e-01,7.164029e-05,0.000000e+00,4.975019e+01,0.000000e+00,0.000000e+00,-6.940504e-01
9.894616e-03,6.041737e+01,8.226689e+02,-4.200817e-05,-8.142360e-05,3.364319e-01,7.164029e-05,4.871879e-06,0.000000e+00,-6.627591e+00,0.000000e+00,0.000000e+00,0.000000e+00,0.000000e+00,0.000000e+00,0.000000e+00,0.000000e+00,-2.981556e-19,-4.161842e-13,0.000000e+00,0.000000e+00,0.000000e+00,0.000000e+00,6.041737e+01,8.224023e+02,3.364319e-01,7.164029e-05,0.000000e+00,4.981882e+01,0.000000e+00,0.000000e+00,-6.940504e-01
9.904360e-03,5.931939e+01,8.237665e+02,-4.200817e-05,-8.142360e-05,3.364319e-01,7.164029e-05,4.872933e-06,0.000000e+00,-6.627591e+00,0.000000e+00,0.000000e+00,0.000000e+00,0.000000e+00,0.000000e+00,0.000000e+00,0.000000e+00,-2.981556e-19,-4.161842e-13,0.000000e+00,0.000000e+00,0.000000e+00,0.000000e+00,5.931939e+01,8.234974e+02,3.364319e-01,7.164029e-05,0.000000e+00,4.986459e+01,0.000000e+00,0.000000e+00,-6.940504e-01
9.914107e-03,5.821088e+01,8.248745e+02,-4.200817e-05,-8.142360e-05,3.364319e-01,7.164029e-05,4.874776e-06,0.000000e+00,-6.627591e+00,0.000000e+00,0.000000e+00,0.000000e+00,0.000000e+00,0.000000e+00,0.000000e+00,0.000000e+00,-2.981556e-19,-4.161842e-13,0.000000e+00,0.000000e+00,0.000000e+00,0.000000e+00,5.821088e+01,8.246027e+02,3.364319e-01,7.164029e-05,0.000000e+00,4.991035e+01,0.000000e+00,0.000000e+00,-6.940504e-01
9.923858e-03,5.709061e+01,8.259946e+02,-4.200817e-05,-8.142360e-05,3.364319e-01,7.164029e-05,4.877474e-06,0.000000e+00,-6.627591e+00,0.000000e+00,0.000000e+00,0.000000e+00,0.000000e+00,0.000000e+00,0.000000e+00,0.000000e+00,-2.981556e-19,-4.161842e-13,0.000000e+00,0.000000e+00,0.000000e+00,0.000000e+00,5.709061e+01,8.257196e+02,3.364319e-01,7.164029e-05,0.000000e+00,4.995615e+01,0.000000e+00,0.000000e+00,-6.940504e-01
9.933614e-03,5.595700e+01,8.271284e+02,-4.200817e-05,-8.142360e-05,3.364319e-01,7.164029e-05,4.880996e-06,0.000000e+00,-6.627591e+00,0.000000e+00,0.000000e+00,0.000000e+00,0.000000e+00,0.000000e+00,0.000000e+00,0.000000e+00,-2.981556e-19,-4.161842e-13,0.000000e+00,0.000000e+00,0.000000e+00,0.000000e+00,5.595700e+01,8.268498e+02,3.364319e-01,7.164029e-05,0.000000e+00,5.000196e+01,0.000000e+00,0.000000e+00,-6.940504e-01
9.943378e-03,5.480846e+01,8.282775e+02,-4.200817e-05,-8.142360e-05,3.364319e-01,7.164029e-05,4.885226e-06,0.000000e+00,-6.627591e+00,0.000000e+00,0.000000e+00,0.000000e+00,0.000000e+00,0.000000e+00,0.000000e+00,0.000000e+00,-2.981556e-19,-4.161842e-13,0.000000e+00,0.000000e+00,0.000000e+00,0.000000e+00,5.480846e+01,8.279949e+02,3.364319e-01,7.164029e-05,0.000000e+00,5.004782e+01,0.000000e+00,0.000000e+00,-6.940504e-01
9.953151e-03,5.364355e+01,8.294430e+02,-4.200817e-05,-8.142360e-05,3.364319e-01,7.164029e-05,4.889977e-06,0.000000e+00,-6.627591e+00,0.000000e+00,0.000000e+00,0.000000e+00,0.000000e+00,0.000000e+00,0.000000e+00,0.000000e+00,-2.981556e-19,-4.161842e-13,0.000000e+00,0.000000e+00,0.000000e+00,0.000000e+00,5.364355e+01,8.291562e+02,3.364319e-01,7.164029e-05,0.000000e+00,5.009371e+01,0.000000e+00,0.000000e+00,-6.940504e-01
9.962933e-03,5.246129e+01,8.306259e+02,-4.200817e-05,-8.142360e-05,3.364319e-01,7.164029e-05,4.895019e-06,0.000000e+00,-6.627591e+00,0.000000e+00,0.000000e+00,0.000000e+00,0.000000e+00,0.000000e+00,0.000000e+00,0.000000e+00,-2.981556e-19,-4.161842e-13,0.000000e+00,0.000000e+00,0.000000e+00,0.000000e+00,5.246129e+01,8.303348e+02,3.364319e-01,7.164029e-05,0.000000e+00,5.013965e+01,0.000000e+00,0.000000e+00,-6.940504e-01
9.972726e-03,5.126130e+01,8.318267e+02,-4.200817e-05,-8.142360e-05,3.364319e-01,7.164029e-05,4.900116e-06,0.000000e+00,-6.627591e+00,0.000000e+00,0.000000e+00,0.000000e+00,0.000000e+00,0.000000e+00,0.000000e+00,0.000000e+00,-2.981556e-19,-4.161842e-13,0.000000e+00,0.000000e+00,0.000000e+00,0.000000e+00,5.126130e+01,8.315311e+02,3.364319e-01,7.164029e-05,0.000000e+00,5.018564e+01,0.000000e+00,0.000000e+00,-6.940504e-01
9.982529e-03,5.004396e+01,8.330449e+02,-4.200817e-05,-8.142360e-05,3.364319e-01,7.164029e-05,4.905054e-06,0.000000e+00,-6.627591e+00,0.000000e+00,0.000000e+00,0.000000e+00,0.000000e+00,0.000000e+00,0.000000e+00,0.000000e+00,-2.981556e-19,-4.161842e-13,0.000000e+00,0.000000e+00,0.000000e+00,0.000000e+00,5.004396e+01,8.327451e+02,3.364319e-01,7.164029e-05,0.000000e+00,5.023167e+01,0.000000e+00,0.000000e+00,-6.940504e-01
9.992342e-03,4.881047e+01,8.342797e+02,-4.200817e-05,-8.142360e-05,3.364319e-01,7.164029e-05,4.909663e-06,0.000000e+00,-6.627591e+00,0.000000e+00,0.000000e+00,0.000000e+00,0.000000e+00,0.000000e+00,0.000000e+00,0.000000e+00,-2.981556e-19,-4.161842e-13,0.000000e+00,0.000000e+00,0.000000e+00,0.000000e+00,4.881047e+01,8.339759e+02,3.364319e-01,7.164029e-05,0.000000e+00,5.027776e+01,0.000000e+00,0.000000e+00,-6.940504e-01
1.000216e-02,4.756272e+01,8.355292e+02,-4.200817e-05,-8.142360e-05,3.364319e-01,7.164029e-05,4.913825e-06,0.000000e+00,-6.627591e+00,0.000000e+00,0.000000e+00,0.000000e+00,0.000000e+00,0.000000e+00,0.000000e+00,0.000000e+00,-2.981556e-19,-4.161842e-13,0.000000e+00,0.000000e+00,0.000000e+00,0.000000e+00,4.756272e+01,8.352220e+02,3.364319e-01,7.164029e-05,0.000000e+00,5.032388e+01,0.000000e+00,0.000000e+00,-6.940504e-01
1.001199e-02,4.630311e+01,8.367911e+02,-4.200817e-05,-8.142360e-05,3.364319e-01,7.164029e-05,4.917466e-06,0.000000e+00,-6.627591e+00,0.000000e+00,0.000000e+00,0.000000e+00,0.000000e+00,0.000000e+00,0.000000e+00,0.000000e+00,-2.981556e-19,-4.161842e-13,0.000000e+00,0.000000e+00,0.000000e+00,0.000000e+00,4.630311e+01,8.364810e+02,3.364319e-01,7.164029e-05,0.000000e+00,5.037004e+01,0.000000e+00,0.000000e+00,-6.940504e-01
1.002183e-02,4.503429e+01,8.380625e+02,-4.200817e-05,-8.142360e-05,3.364319e-01,7.164029e-05,4.920557e-06,0.000000e+00,-6.627591e+00,0.000000e+00,0.000000e+00,0.000000e+00,0.000000e+00,0.000000e+00,0.000000e+00,0.000000e+00,-2.981556e-19,-4.161842e-13,0.000000e+00,0.000000e+00,0.000000e+00,0.000000e+00,4.503429e+01,8.377504e+02,3.364319e-01,7.164029e-05,0.000000e+00,5.041623e+01,0.000000e+00,0.000000e+00,-6.940504e-01
1.003167e-02,4.375891e+01,8.393406e+02,-4.200817e-05,-8.142360e-05,3.364319e-01,7.164029e-05,4.923120e-06,0.000000e+00,-6.627591e+00,0.000000e+00,0.000000e+00,0.000000e+00,0.000000e+00,0.000000e+00,0.000000e+00,0.000000e+00,-2.981556e-19,-4.161842e-13,0.000000e+00,0.000000e+00,0.000000e+00,0.000000e+00,4.375891e+01,8.390271e+02,3.364319e-01,7.164029e-05,0.000000e+00,5.046245e+01,0.000000e+00,0.000000e+00,-6.940504e-01
1.004152e-02,4.247938e+01,8.406229e+02,-4.200817e-05,-8.142360e-05,3.364319e-01,7.164029e-05,4.925228e-06,0.000000e+00,-6.627591e+00,0.000000e+00,0.000000e+00,0.000000e+00,0.000000e+00,0.000000e+00,0.000000e+00,0.000000e+00,-2.981556e-19,-4.161842e-13,0.000000e+00,0.000000e+00,0.000000e+00,0.000000e+00,4.247938e+01,8.403086e+02,3.364319e-01,7.164029e-05,0.000000e+00,5.050870e+01,0.000000e+00,0.000000e+00,-6.940504e-01
1.005137e-02,4.119779e+01,8.419071e+02,-4.200817e-05,-8.142360e-05,3.364319e-01,7.164029e-05,4.927005e-06,0.000000e+00,-6.627591e+00,0.000000e+00,0.000000e+00,0.000000e+00,0.000000e+00,0.000000e+00,0.000000e+00,0.000000e+00,-2.981556e-19,-4.161842e-13,0.000000e+00,0.000000e+00,0.000000e+00,0.000000e+00,4.119779e+01,8.415925e+02,3.364319e-01,7.164029e-05,0.000000e+00,5.055496e+01,0.000000e+00,0.000000e+00,-6.940504e-01
1.006122e-02,3.991600e+01,8.431915e+02,-4.200817e-05,-8.142360e-05,3.364319e-01,7.164029e-05,4.928608e-06,0.000000e+00,-6.627591e+00,0.000000e+00,0.000000e+00,0.000000e+00,0.000000e+00,0.000000e+00,0.000000e+00,0.000000e+00,-2.981556e-19,-4.161842e-13,0.000000e+00,0.000000e+00,0.000000e+00,0.000000e+00,3.991600e+01,8.428770e+02,3.364319e-01,7.164029e-05,0.000000e+00,5.060124e+01,0.000000e+00,0.000000e+00,-6.940504e-01
1.007108e-02,3.863579e+01,8.444741e+02,-4.200817e-05,-8.142360e-05,3.364319e-01,7.164029e-05,4.930197e-06,0.000000e+00,-6.627591e+00,0.000000e+00,0.000000e+00,0.000000e+00,0.000000e+00,0.000000e+00,0.000000e+00,0.000000e+00,-2.981556e-19,-4.161842e-13,0.000000e+00,0.000000e+00,0.000000e+00,0.000000e+00,3.863579e+01,8.441603e+02,3.364319e-01,7.164029e-05,0.000000e+00,5.064754e+01,0.000000e+00,0.000000e+00,-6.940504e-01
1.008094e-02,3.735917e+01,8.457528e+02,-4.200817e-05,-8.142360e-05,3.364319e-01,7.164029e-05,4.931913e-06,0.000000e+00,-6.627591e+00,0.000000e+00,0.000000e+00,0.000000e+00,0.000000e+00,0.000000e+00,0.000000e+00,0.000000e+00,-2.981556e-19,-4.161842e-13,0.000000e+00,0.000000e+00,0.000000e+00,0.000000e+00,3.735917e+01,8.454402e+02,3.364319e-01,7.164029e-05,0.000000e+00,5.069384e+01,0.000000e+00,0.000000e+00,-6.940504e-01
1.009081e-02,3.608867e+01,8.470251e+02,-4.200817e-05,-8.142360e-05,3.364319e-01,7.164029e-05,4.933870e-06,0.000000e+00,-6.627591e+00,0.000000e+00,0.000000e+00,0.000000e+00,0.000000e+00,0.000000e+00,0.000000e+00,0.000000e+00,-2.981556e-19,-4.161842e-13,0.000000e+00,0.000000e+00,0.000000e+00,0.000000e+00,3.608867e+01,8.467145e+02,3.364319e-01,7.164029e-05,0.000000e+00,5.074017e+01,0.000000e+00,0.000000e+00,-6.940504e-01
1.010068e-02,3.482765e+01,8.482873e+02,-4.200817e-05,-8.142360e-05,3.364319e-01,7.164029e-05,4.936150e-06,0.000000e+00,-6.627591e+00,0.000000e+00,0.000000e+00,0.000000e+00,0.000000e+00,0.000000e+00,0.000000e+00,0.000000e+00,-2.981556e-19,-4.161842e-13,0.000000e+00,0.000000e+00,0.000000e+00,0.000000e+00,3.482765e+01,8.479797e+02,3.364319e-01,7.164029e-05,0.000000e+00,5.078652e+01,0.000000e+00,0.000000e+00,-6.940504e-01
1.011055e-02,3.358049e+01,8.495352e+02,-4.200817e-05,-8.142360e-05,3.364319e-01,7.164029e-05,4.938844e-06,0.000000e+00,-6.627591e+00,0.000000e+00,0.000000e+00,0.000000e+00,0.000000e+00,0.000000e+00,0.000000e+00,0.000000e+00,-2.981556e-19,-4.161842e-13,0.000000e+00,0.000000e+00,0.000000e+00,0.000000e+00,3.358049e+01,8.492317e+02,3.364319e-01,7.164029e-05,0.000000e+00,5.083289e+01,0.000000e+00,0.000000e+00,-6.940504e-01
1.012043e-02,3.235276e+01,8.507631e+02,-4.200817e-05,-8.142360e-05,3.364319e-01,7.164029e-05,4.942034e-06,0.000000e+00,-6.627591e+00,0.000000e+00,0.000000e+00,0.000000e+00,0.000000e+00,0.000000e+00,0.000000e+00,0.000000e+00,-2.981556e-19,-4.161842e-13,0.000000e+00,0.000000e+00,0.000000e+00,0.000000e+00,3.235276e+01,8.504653e+02,3.364319e-01,7.164029e-05,0.000000e+00,5.087928e+01,0.000000e+00,0.000000e+00,-6.940504e-01
1.013032e-02,3.115114e+01,8.519645e+02,-4.200817e-05,-8.142360e-05,3.364319e-01,7.164029e-05,4.945796e-06,0.000000e+00,-6.627591e+00,0.000000e+00,0.000000e+00,0.000000e+00,0.000000e+00,0.000000e+00,0.000000e+00,0.000000e+00,-2.981556e-19,-4.161842e-13,0.000000e+00,0.000000e+00,0.000000e+00,0.000000e+00,3.115114e+01,8.516741e+02,3.364319e-01,7.164029e-05,0.000000e+00,5.092570e+01,0.000000e+00,0.000000e+00,-6.940504e-01
1.014021e-02,2.998327e+01,8.531320e+02,-4.200817e-05,-8.142360e-05,3.364319e-01,7.164029e-05,4.950182e-06,0.000000e+00,-6.627591e+00,0.000000e+00,0.000000e+00,0.000000e+00,0.000000e+00,0.000000e+00,0.000000e+00,0.000000e+00,-2.981556e-19,-4.161842e-13,0.000000e+00,0.000000e+00,0.000000e+00,0.000000e+00,2.998327e+01,8.528510e+02,3.364319e-01,7.164029e-05,0.000000e+00,5.097216e+01,0.000000e+00,0.000000e+00,-6.940504e-01
1.015011e-02,2.885745e+01,8.542574e+02,-4.200817e-05,-8.142360e-05,3.364319e-01,7.164029e-05,4.955220e-06,0.000000e+00,-6.627591e+00,0.000000e+00,0.000000e+00,0.000000e+00,0.000000e+00,0.000000e+00,0.000000e+00,0.000000e+00,-2.981556e-19,-4.161842e-13,0.000000e+00,0.000000e+00,0.000000e+00,0.000000e+00,2.885745e+01,8.539879e+02,3.364319e-01,7.164029e-05,0.000000e+00,5.101867e+01,0.000000e+00,0.000000e+00,-6.940504e-01
1.016003e-02,2.778218e+01,8.553322e+02,-4.200817e-05,-8.142360e-05,3.364319e-01,7.164029e-05,4.960872e-06,0.000000e+00,-6.627591e+00,0.000000e+00,0.000000e+00,0.000000e+00,0.000000e+00,0.000000e+00,0.000000e+00,0.000000e+00,-2.981556e-19,-4.161842e-13,0.000000e+00,0.000000e+00,0.000000e+00,0.000000e+00,2.778218e+01,8.550762e+02,3.364319e-01,7.164029e-05,0.000000e+00,5.106522e+01,0.000000e+00,0.000000e+00,-6.940504e-01
1.017492e-02,2.628222e+01,8.568319e+02,-4.200817e-05,-8.142360e-05,3.364319e-01,7.164029e-05,4.970185e-06,0.000000e+00,-6.627591e+00,0.000000e+00,0.000000e+00,0.000000e+00,0.000000e+00,0.000000e+00,0.000000e+00,0.000000e+00,-2.981556e-19,-4.161842e-13,0.000000e+00,0.000000e+00,0.000000e+00,0.000000e+00,2.628222e+01,8.566000e+02,3.364319e-01,7.164029e-05,0.000000e+00,5.113516e+01,0.000000e+00,0.000000e+00,-6.940504e-01
1.018486e-02,2.536878e+01,8.577457e+02,-4.200817e-05,-8.142360e-05,3.364319e-01,7.164029e-05,4.976593e-06,0.000000e+00,-6.627591e+00,0.000000e+00,0.000000e+00,0.000000e+00,0.000000e+00,0.000000e+00,0.000000e+00,0.000000e+00,-2.981556e-19,-4.161842e-13,0.000000e+00,0.000000e+00,0.000000e+00,0.000000e+00,2.536878e+01,8.575320e+02,3.364319e-01,7.164029e-05,0.000000e+00,5.118185e+01,0.000000e+00,0.000000e+00,-6.940504e-01
1.019482e-02,2.453262e+01,8.585828e+02,-4.200817e-05,-8.142360e-05,3.364319e-01,7.164029e-05,4.982775e-06,0.000000e+00,-6.627591e+00,0.000000e+00,0.000000e+00,0.000000e+00,0.000000e+00,0.000000e+00,0.000000e+00,0.000000e+00,-2.981556e-19,-4.161842e-13,0.000000e+00,0.000000e+00,0.000000e+00,0.000000e+00,2.453262e+01,8.583890e+02,3.364319e-01,7.164029e-05,0.000000e+00,5.122861e+01,0.000000e+00,0.000000e+00,-6.940504e-01
1.020479e-02,2.377966e+01,8.593371e+02,-4.200817e-05,-8.142360e-05,3.364319e-01,7.164029e-05,4.988385e-06,0.000000e+00,-6.627591e+00,0.000000e+00,0.000000e+00,0.000000e+00,0.000000e+00,0.000000e+00,0.000000e+00,0.000000e+00,-2.981556e-19,-4.161842e-13,0.000000e+00,0.000000e+00,0.000000e+00,0.000000e+00,2.377966e+01,8.591647e+02,3.364319e-01,7.164029e-05,0.000000e+00,5.127542e+01,0.000000e+00,0.000000e+00,-6.940504e-01
1.021477e-02,2.311495e+01,8.600034e+02,-4.200817e-05,-8.142360e-05,3.364319e-01,7.164029e-05,4.993108e-06,0.000000e+00,-6.627591e+00,0.000000e+00,0.000000e+00,0.000000e+00,0.000000e+00,0.000000e+00,0.000000e+00,0.000000e+00,-2.981556e-19,-4.161842e-13,0.000000e+00,0.000000e+00,0.000000e+00,0.000000e+00,2.311495e+01,8.598535e+02,3.364319e-01,7.164029e-05,0.000000e+00,5.132229e+01,0.000000e+00,0.000000e+00,-6.940504e-01
1.022475e-02,2.254251e+01,8.605773e+02,-4.200817e-05,-8.142360e-05,3.364319e-01,7.164029e-05,4.996688e-06,0.000000e+00,-6.627591e+00,0.000000e+00,0.000000e+00,0.000000e+00,0.000000e+00,0.000000e+00,0.000000e+00,0.000000e+00,-2.981556e-19,-4.161842e-13,0.000000e+00,0.000000e+00,0.000000e+00,0.000000e+00,2.254251e+01,8.604509e+02,3.364319e-01,7.164029e-05,0.000000e+00,5.136919e+01,0.000000e+00,0.000000e+00,-6.940504e-01
1.023475e-02,2.206536e+01,8.610555e+02,-4.200817e-05,-8.142360e-05,3.364319e-01,7.164029e-05,4.998948e-06,0.000000e+00,-6.627591e+00,0.000000e+00,0.000000e+00,0.000000e+00,0.000000e+00,0.000000e+00,0.000000e+00,0.000000e+00,-2.981556e-19,-4.161842e-13,0.000000e+00,0.000000e+00,0.000000e+00,0.000000e+00,2.206536e+01,8.609532e+02,3.364319e-01,7.164029e-05,0.000000e+00,5.141613e+01,0.000000e+00,0.000000e+00,-6.940504e-01
1.024475e-02,2.168547e+01,8.614362e+02,-4.200817e-05,-8.142360e-05,3.364319e-01,7.164029e-05,4.999786e-06,0.000000e+00,-6.627591e+00,0.000000e+00,0.000000e+00,0.000000e+00,0.000000e+00,0.000000e+00,0.000000e+00,0.000000e+00,-2.981556e-19,-4.161842e-13,0.000000e+00,0.000000e+00,0.000000e+00,0.000000e+00,2.168547e+01,8.613585e+02,3.364319e-01,7.164029e-05,0.000000e+00,5.146308e+01,0.000000e+00,0.000000e+00,-6.940504e-01
1.025475e-02,2.140384e+01,8.617185e+02,-4.200817e-05,-8.142360e-05,3.364319e-01,7.164029e-05,4.999171e-06,0.000000e+00,-6.627591e+00,0.000000e+00,0.000000e+00,0.000000e+00,0.000000e+00,0.000000e+00,0.000000e+00,0.000000e+00,-2.981556e-19,-4.161842e-13,0.000000e+00,0.000000e+00,0.000000e+00,0.000000e+00,2.140384e+01,8.616653e+02,3.364319e-01,7.164029e-05,0.000000e+00,5.151004e+01,0.000000e+00,0.000000e+00,-6.940504e-01
1.026474e-02,2.122054e+01,8.619027e+02,-4.200817e-05,-8.142360e-05,3.364319e-01,7.164029e-05,4.997132e-06,0.000000e+00,-6.627591e+00,0.000000e+00,0.000000e+00,0.000000e+00,0.000000e+00,0.000000e+00,0.000000e+00,0.000000e+00,-2.981556e-19,-4.161842e-13,0.000000e+00,0.000000e+00,0.000000e+00,0.000000e+00,2.122054e+01,8.618740e+02,3.364319e-01,7.164029e-05,0.000000e+00,5.155699e+01,0.000000e+00,0.000000e+00,-6.940504e-01
1.027474e-02,2.113491e+01,8.619897e+02,-4.200817e-05,-8.142360e-05,3.364319e-01,7.164029e-05,4.993753e-06,0.000000e+00,-6.627591e+00,0.000000e+00,0.000000e+00,0.000000e+00,0.000000e+00,0.000000e+00,0.000000e+00,0.000000e+00,-2.981556e-19,-4.161842e-13,0.000000e+00,0.000000e+00,0.000000e+00,0.000000e+00,2.113491e+01,8.619852e+02,3.364319e-01,7.164029e-05,0.000000e+00,5.160392e+01,0.000000e+00,0.000000e+00,-6.940504e-01
1.028472e-02,2.114563e+01,8.619809e+02,-4.200817e-05,-8.142360e-05,3.364319e-01,7.164029e-05,4.989228e-06,0.000000e+00,-6.627591e+00,0.000000e+00,0.000000e+00,0.000000e+00,0.000000e+00,0.000000e+00,0.000000e+00,0.000000e+00,-2.981556e-19,-4.161842e-13,0.000000e+00,0.000000e+00,0.000000e+00,0.000000e+00,2.114563e+01,8.620001e+02,3.364319e-01,7.164029e-05,0.000000e+00,5.165081e+01,0.000000e+00,0.000000e+00,-6.940504e-01
1.029470e-02,2.125080e+01,8.618781e+02,-4.200817e-05,-8.142360e-05,3.364319e-01,7.164029e-05,4.983821e-06,0.000000e+00,-6.627591e+00,0.000000e+00,0.000000e+00,0.000000e+00,0.000000e+00,0.000000e+00,0.000000e+00,0.000000e+00,-2.981556e-19,-4.161842e-13,0.000000e+00,0.000000e+00,0.000000e+00,0.000000e+00,2.125080e+01,8.619206e+02,3.364319e-01,7.164029e-05,0.000000e+00,5.169766e+01,0.000000e+00,0.000000e+00,-6.940504e-01
1.030466e-02,2.144811e+01,8.616833e+02,-4.200817e-05,-8.142360e-05,3.364319e-01,7.164029e-05,4.977886e-06,0.000000e+00,-6.627591e+00,0.000000e+00,0.000000e+00,0.000000e+00,0.000000e+00,0.000000e+00,0.000000e+00,0.000000e+00,-2.981556e-19,-4.161842e-13,0.000000e+00,0.000000e+00,0.000000e+00,0.000000e+00,2.144811e+01,8.617485e+02,3.364319e-01,7.164029e-05,0.000000e+00,5.174445e+01,0.000000e+00,0.000000e+00,-6.940504e-01
1.031461e-02,2.173485e+01,8.613989e+02,-4.200817e-05,-8.142360e-05,3.364319e-01,7.164029e-05,4.971881e-06,0.000000e+00,-6.627591e+00,0.000000e+00,0.000000e+00,0.000000e+00,0.000000e+00,0.000000e+00,0.000000e+00,0.000000e+00,-2.981556e-19,-4.161842e-13,0.000000e+00,0.000000e+00,0.000000e+00,0.000000e+00,2.173485e+01,8.614863e+02,3.364319e-01,7.164029e-05,0.000000e+00,5.179119e+01,0.000000e+00,0.000000e+00,-6.940504e-01
1.032456e-02,2.210802e+01,8.610275e+02,-4.200817e-05,-8.142360e-05,3.364319e-01,7.164029e-05,4.966325e-06,0.000000e+00,-6.627591e+00,0.000000e+00,0.000000e+00,0.000000e+00,0.000000e+00,0.000000e+00,0.000000e+00,0.000000e+00,-2.981556e-19,-4.161842e-13,0.000000e+00,0.000000e+00,0.000000e+00,0.000000e+00,2.210802e+01,8.611363e+02,3.364319e-01,7.164029e-05,0.000000e+00,5.183788e+01,0.000000e+00,0.000000e+00,-6.940504e-01
1.033449e-02,2.256438e+01,8.605718e+02,-4.200817e-05,-8.142360e-05,3.364319e-01,7.164029e-05,4.961760e-06,0.000000e+00,-6.627591e+00,0.000000e+00,0.000000e+00,0.000000e+00,0.000000e+00,0.000000e+00,0.000000e+00,0.000000e+00,-2.981556e-19,-4.161842e-13,0.000000e+00,0.000000e+00,0.000000e+00,0.000000e+00,2.256438e+01,8.607014e+02,3.364319e-01,7.164029e-05,0.000000e+00,5.188451e+01,0.000000e+00,0.000000e+00,-6.940504e-01
1.034441e-02,2.310048e+01,8.600345e+02,-4.200817e-05,-8.142360e-05,3.364319e-01,7.164029e-05,4.958657e-06,0.000000e+00,-6.627591e+00,0.000000e+00,0.000000e+00,0.000000e+00,0.000000e+00,0.000000e+00,0.000000e+00,0.000000e+00,-2.981556e-19,-4.161842e-13,0.000000e+00,0.000000e+00,0.000000e+00,0.000000e+00,2.310048e+01,8.601841e+02,3.364319e-01,7.164029e-05,0.000000e+00,5.193111e+01,0.000000e+00,0.000000e+00,-6.940504e-01
1.035432e-02,2.371256e+01,8.594192e+02,-4.200817e-05,-8.142360e-05,3.364319e-01,7.164029e-05,4.957364e-06,0.000000e+00,-6.627591e+00,0.000000e+00,0.000000e+00,0.000000e+00,0.000000e+00,0.000000e+00,0.000000e+00,0.000000e+00,-2.981556e-19,-4.161842e-13,0.000000e+00,0.000000e+00,0.000000e+00,0.000000e+00,2.371256e+01,8.595879e+02,3.364319e-01,7.164029e-05,0.000000e+00,5.197767e+01,0.000000e+00,0.000000e+00,-6.940504e-01
1.036424e-02,2.439642e+01,8.587298e+02,-4.200817e-05,-8.142360e-05,3.364319e-01,7.164029e-05,4.958007e-06,0.000000e+00,-6.627591e+00,0.000000e+00,0.000000e+00,0.000000e+00,0.000000e+00,0.000000e+00,0.000000e+00,0.000000e+00,-2.981556e-19,-4.161842e-13,0.000000e+00,0.000000e+00,0.000000e+00,0.000000e+00,2.439642e+01,8.589164e+02,3.364319e-01,7.164029e-05,0.000000e+00,5.202423e+01,0.000000e+00,0.000000e+00,-6.940504e-01
1.037416e-02,2.514727e+01,8.579716e+02,-4.200817e-05,-8.142360e-05,3.364319e-01,7.164029e-05,4.960512e-06,0.000000e+00,-6.627591e+00,0.000000e+00,0.000000e+00,0.000000e+00,0.000000e+00,0.000000e+00,0.000000e+00,0.000000e+00,-2.981556e-19,-4.161842e-13,0.000000e+00,0.000000e+00,0.000000e+00,0.000000e+00,2.514727e+01,8.581748e+02,3.364319e-01,7.164029e-05,0.000000e+00,5.207080e+01,0.000000e+00,0.000000e+00,-6.940504e-01
1.038408e-02,2.595965e+01,8.571512e+02,-4.200817e-05,-8.142360e-05,3.364319e-01,7.164029e-05,4.964592e-06,0.000000e+00,-6.627591e+00,0.000000e+00,0.000000e+00,0.000000e+00,0.000000e+00,0.000000e+00,0.000000e+00,0.000000e+00,-2.981556e-19,-4.161842e-13,0.000000e+00,0.000000e+00,0.000000e+00,0.000000e+00,2.595965e+01,8.573692e+02,3.364319e-01,7.164029e-05,0.000000e+00,5.211740e+01,0.000000e+00,0.000000e+00,-6.940504e-01
1.039401e-02,2.682750e+01,8.562762e+02,-4.200817e-05,-8.142360e-05,3.364319e-01,7.164029e-05,4.969805e-06,0.000000e+00,-6.627591e+00,0.000000e+00,0.000000e+00,0.000000e+00,0.000000e+00,0.000000e+00,0.000000e+00,0.000000e+00,-2.981556e-19,-4.161842e-13,0.000000e+00,0.000000e+00,0.000000e+00,0.000000e+00,2.682750e+01,8.565070e+02,3.364319e-01,7.164029e-05,0.000000e+00,5.216405e+01,0.000000e+00,0.000000e+00,-6.940504e-01
1.040395e-02,2.774433e+01,8.553543e+02,-4.200817e-05,-8.142360e-05,3.364319e-01,7.164029e-05,4.975640e-06,0.000000e+00,-6.627591e+00,0.000000e+00,0.000000e+00,0.000000e+00,0.000000e+00,0.000000e+00,0.000000e+00,0.000000e+00,-2.981556e-19,-4.161842e-13,0.000000e+00,0.000000e+00,0.000000e+00,0.000000e+00,2.774433e+01,8.555959e+02,3.364319e-01,7.164029e-05,0.000000e+00,5.221074e+01,0.000000e+00,0.000000e+00,-6.940504e-01
1.041391e-02,2.870347e+01,8.543931e+02,-4.200817e-05,-8.142360e-05,3.364319e-01,7.164029e-05,4.981593e-06,0.000000e+00,-6.627591e+00,0.000000e+00,0.000000e+00,0.000000e+00,0.000000e+00,0.000000e+00,0.000000e+00,0.000000e+00,-2.981556e-19,-4.161842e-13,0.000000e+00,0.000000e+00,0.000000e+00,0.000000e+00,2.870347e+01,8.546438e+02,3.364319e-01,7.164029e-05,0.000000e+00,5.225748e+01,0.000000e+00,0.000000e+00,-6.940504e-01
1.042387e-02,2.969824e+01,8.533993e+02,-4.200817e-05,-8.142360e-05,3.364319e-01,7.164029e-05,4.987245e-06,0.000000e+00,-6.627591e+00,0.000000e+00,0.000000e+00,0.000000e+00,0.000000e+00,0.000000e+00,0.000000e+00,0.000000e+00,-2.981556e-19,-4.161842e-13,0.000000e+00,0.000000e+00,0.000000e+00,0.000000e+00,2.969824e+01,8.536575e+02,3.364319e-01,7.164029e-05,0.000000e+00,5.230429e+01,0.000000e+00,0.000000e+00,-6.940504e-01
1.043385e-02,3.072206e+01,8.523785e+02,-4.200817e-05,-8.142360e-05,3.364319e-01,7.164029e-05,4.992300e-06,0.000000e+00,-6.627591e+00,0.000000e+00,0.000000e+00,0.000000e+00,0.000000e+00,0.000000e+00,0.000000e+00,0.000000e+00,-2.981556e-19,-4.161842e-13,0.000000e+00,0.000000e+00,0.000000e+00,0.000000e+00,3.072206e+01,8.526429e+02,3.364319e-01,7.164029e-05,0.000000e+00,5.235114e+01,0.000000e+00,0.000000e+00,-6.940504e-01
1.044384e-02,3.176851e+01,8.513359e+02,-4.200817e-05,-8.142360e-05,3.364319e-01,7.164029e-05,4.996578e-06,0.000000e+00,-6.627591e+00,0.000000e+00,0.000000e+00,0.000000e+00,0.000000e+00,0.000000e+00,0.000000e+00,0.000000e+00,-2.981556e-19,-4.161842e-13,0.000000e+00,0.000000e+00,0.000000e+00,0.000000e+00,3.176851e+01,8.516052e+02,3.364319e-01,7.164029e-05,0.000000e+00,5.239804e+01,0.000000e+00,0.000000e+00,-6.940504e-01
1.045383e-02,3.283117e+01,8.502766e+02,-4.200817e-05,-8.142360e-05,3.364319e-01,7.164029e-05,4.999998e-06,0.000000e+00,-6.627591e+00,0.000000e+00,0.000000e+00,0.000000e+00,0.000000e+00,0.000000e+00,0.000000e+00,0.000000e+00,-2.981556e-19,-4.161842e-13,0.000000e+00,0.000000e+00,0.000000e+00,0.000000e+00,3.283117e+01,8.505495e+02,3.364319e-01,7.164029e-05,0.000000e+00,5.244498e+01,0.000000e+00,0.000000e+00,-6.940504e-01
1.046383e-02,3.390371e+01,8.492059e+02,-4.200817e-05,-8.142360e-05,3.364319e-01,7.164029e-05,5.002529e-06,0.000000e+00,-6.627591e+00,0.000000e+00,0.000000e+00,0.000000e+00,0.000000e+00,0.000000e+00,0.000000e+00,0.000000e+00,-2.981556e-19,-4.161842e-13,0.000000e+00,0.000000e+00,0.000000e+00,0.000000e+00,3.390371e+01,8.494811e+02,3.364319e-01,7.164029e-05,0.000000e+00,5.249194e+01,0.000000e+00,0.000000e+00,-6.940504e-01
1.047384e-02,3.497976e+01,8.481301e+02,-4.200817e-05,-8.142360e-05,3.364319e-01,7.164029e-05,5.004168e-06,0.000000e+00,-6.627591e+00,0.000000e+00,0.000000e+00,0.000000e+00,0.000000e+00,0.000000e+00,0.000000e+00,0.000000e+00,-2.981556e-19,-4.161842e-13,0.000000e+00,0.000000e+00,0.000000e+00,0.000000e+00,3.497976e+01,8.484058e+02,3.364319e-01,7.164029e-05,0.000000e+00,5.253893e+01,0.000000e+00,0.000000e+00,-6.940504e-01
1.048385e-02,3.605310e+01,8.470553e+02,-4.200817e-05,-8.142360e-05,3.364319e-01,7.164029e-05,5.004903e-06,0.000000e+00,-6.627591e+00,0.000000e+00,0.000000e+00,0.000000e+00,0.000000e+00,0.000000e+00,0.000000e+00,0.000000e+00,-2.981556e-19,-4.161842e-13,0.000000e+00,0.000000e+00,0.000000e+00,0.000000e+00,3.605310e+01,8.473301e+02,3.364319e-01,7.164029e-05,0.000000e+00,5.258594e+01,0.000000e+00,0.000000e+00,-6.940504e-01
1.049386e-02,3.711777e+01,8.459882e+02,-4.200817e-05,-8.142360e-05,3.364319e-01,7.164029e-05,5.004714e-06,0.000000e+00,-6.627591e+00,0.000000e+00,0.000000e+00,0.000000e+00,0.000000e+00,0.000000e+00,0.000000e+00,0.000000e+00,-2.981556e-19,-4.161842e-13,0.000000e+00,0.000000e+00,0.000000e+00,0.000000e+00,3.711777e+01,8.462603e+02,3.364319e-01,7.164029e-05,0.000000e+00,5.263294e+01,0.000000e+00,0.000000e+00,-6.940504e-01
1.050387e-02,3.816825e+01,8.449346e+02,-4.200817e-05,-8.142360e-05,3.364319e-01,7.164029e-05,5.003580e-06,0.000000e+00,-6.627591e+00,0.000000e+00,0.000000e+00,0.000000e+00,0.000000e+00,0.000000e+00,0.000000e+00,0.000000e+00,-2.981556e-19,-4.161842e-13,0.000000e+00,0.000000e+00,0.000000e+00,0.000000e+00,3.816825e+01,8.452028e+02,3.364319e-01,7.164029e-05,0.000000e+00,5.267995e+01,0.000000e+00,0.000000e+00,-6.940504e-01
1.051387e-02,3.919962e+01,8.439001e+02,-4.200817e-05,-8.142360e-05,3.364319e-01,7.164029e-05,5.001511e-06,0.000000e+00,-6.627591e+00,0.000000e+00,0.000000e+00,0.000000e+00,0.000000e+00,0.000000e+00,0.000000e+00,0.000000e+00,-2.981556e-19,-4.161842e-13,0.000000e+00,0.000000e+00,0.000000e+00,0.000000e+00,3.919962e+01,8.441630e+02,3.364319e-01,7.164029e-05,0.000000e+00,5.272694e+01,0.000000e+00,0.000000e+00,-6.940504e-01
1.052388e-02,4.020762e+01,8.428892e+02,-4.200817e-05,-8.142360e-05,3.364319e-01,7.164029e-05,4.998578e-06,0.000000e+00,-6.627591e+00,0.000000e+00,0.000000e+00,0.000000e+00,0.000000e+00,0.000000e+00,0.000000e+00,0.000000e+00,-2.981556e-19,-4.161842e-13,0.000000e+00,0.000000e+00,0.000000e+00,0.000000e+00,4.020762e+01,8.431458e+02,3.364319e-01,7.164029e-05,0.000000e+00,5.277391e+01,0.000000e+00,0.000000e+00,-6.940504e-01
1.053387e-02,4.118880e+01,8.419053e+02,-4.200817e-05,-8.142360e-05,3.364319e-01,7.164029e-05,4.994917e-06,0.000000e+00,-6.627591e+00,0.000000e+00,0.000000e+00,0.000000e+00,0.000000e+00,0.000000e+00,0.000000e+00,0.000000e+00,-2.981556e-19,-4.161842e-13,0.000000e+00,0.000000e+00,0.000000e+00,0.000000e+00,4.118880e+01,8.421547e+02,3.364319e-01,7.164029e-05,0.000000e+00,5.282085e+01,0.000000e+00,0.000000e+00,-6.940504e-01
1.054386e-02,4.214046e+01,8.409513e+02,-4.200817e-05,-8.142360e-05,3.364319e-01,7.164029e-05,4.990731e-06,0.000000e+00,-6.627591e+00,0.000000e+00,0.000000e+00,0.000000e+00,0.000000e+00,0.000000e+00,0.000000e+00,0.000000e+00,-2.981556e-19,-4.161842e-13,0.000000e+00,0.000000e+00,0.000000e+00,0.000000e+00,4.214046e+01,8.411930e+02,3.364319e-01,7.164029e-05,0.000000e+00,5.286775e+01,0.000000e+00,0.000000e+00,-6.940504e-01
1.055384e-02,4.306068e+01,8.400292e+02,-4.200817e-05,-8.142360e-05,3.364319e-01,7.164029e-05,4.986287e-06,0.000000e+00,-6.627591e+00,0.000000e+00,0.000000e+00,0.000000e+00,0.000000e+00,0.000000e+00,0.000000e+00,0.000000e+00,-2.981556e-19,-4.161842e-13,0.000000e+00,0.000000e+00,0.000000e+00,0.000000e+00,4.306068e+01,8.402628e+02,3.364319e-01,7.164029e-05,0.000000e+00,5.291462e+01,0.000000e+00,0.000000e+00,-6.940504e-01
1.056381e-02,4.394831e+01,8.391401e+02,-4.200817e-05,-8.142360e-05,3.364319e-01,7.164029e-05,4.981915e-06,0.000000e+00,-6.627591e+00,0.000000e+00,0.000000e+00,0.000000e+00,0.000000e+00,0.000000e+00,0.000000e+00,0.000000e+00,-2.981556e-19,-4.161842e-13,0.000000e+00,0.000000e+00,0.000000e+00,0.000000e+00,4.394831e+01,8.393653e+02,3.364319e-01,7.164029e-05,0.000000e+00,5.296144e+01,0.000000e+00,0.000000e+00,-6.940504e-01
1.057377e-02,4.480289e+01,8.382846e+02,-4.200817e-05,-8.142360e-05,3.364319e-01,7.164029e-05,4.977945e-06,0.000000e+00,-6.627591e+00,0.000000e+00,0.000000e+00,0.000000e+00,0.000000e+00,0.000000e+00,0.000000e+00,0.000000e+00,-2.981556e-19,-4.161842e-13,0.000000e+00,0.000000e+00,0.000000e+00,0.000000e+00,4.480289e+01,8.385014e+02,3.364319e-01,7.164029e-05,0.000000e+00,5.300822e+01,0.000000e+00,0.000000e+00,-6.940504e-01
1.058372e-02,4.562458e+01,8.374625e+02,-4.200817e-05,-8.142360e-05,3.364319e-01,7.164029e-05,4.974705e-06,0.000000e+00,-6.627591e+00,0.000000e+00,0.000000e+00,0.000000e+00,0.000000e+00,0.000000e+00,0.000000e+00,0.000000e+00,-2.981556e-19,-4.161842e-13,0.000000e+00,0.000000e+00,0.000000e+00,0.000000e+00,4.562458e+01,8.376710e+02,3.364319e-01,7.164029e-05,0.000000e+00,5.305496e+01,0.000000e+00,0.000000e+00,-6.940504e-01
1.059367e-02,4.641403e+01,8.366729e+02,-4.200817e-05,-8.142360e-05,3.364319e-01,7.164029e-05,4.972489e-06,0.000000e+00,-6.627591e+00,0.000000e+00,0.000000e+00,0.000000e+00,0.000000e+00,0.000000e+00,0.000000e+00,0.000000e+00,-2.981556e-19,-4.161842e-13,0.000000e+00,0.000000e+00,0.000000e+00,0.000000e+00,4.641403e+01,8.368734e+02,3.364319e-01,7.164029e-05,0.000000e+00,5.310168e+01,0.000000e+00,0.000000e+00,-6.940504e-01
1.060362e-02,4.717218e+01,8.359147e+02,-4.200817e-05,-8.142360e-05,3.364319e-01,7.164029e-05,4.971531e-06,0.000000e+00,-6.627591e+00,0.000000e+00,0.000000e+00,0.000000e+00,0.000000e+00,0.000000e+00,0.000000e+00,0.000000e+00,-2.981556e-19,-4.161842e-13,0.000000e+00,0.000000e+00,0.000000e+00,0.000000e+00,4.717218e+01,8.361074e+02,3.364319e-01,7.164029e-05,0.000000e+00,5.314838e+01,0.000000e+00,0.000000e+00,-6.940504e-01
1.061356e-02,4.790007e+01,8.351867e+02,-4.200817e-05,-8.142360e-05,3.364319e-01,7.164029e-05,4.971997e-06,0.000000e+00,-6.627591e+00,0.000000e+00,0.000000e+00,0.000000e+00,0.000000e+00,0.000000e+00,0.000000e+00,0.000000e+00,-2.981556e-19,-4.161842e-13,0.000000e+00,0.000000e+00,0.000000e+00,0.000000e+00,4.790007e+01,8.353720e+02,3.364319e-01,7.164029e-05,0.000000e+00,5.319508e+01,0.000000e+00,0.000000e+00,-6.940504e-01
1.062350e-02,4.859871e+01,8.344880e+02,-4.200817e-05,-8.142360e-05,3.364319e-01,7.164029e-05,4.973956e-06,0.000000e+00,-6.627591e+00,0.000000e+00,0.000000e+00,0.000000e+00,0.000000e+00,0.000000e+00,0.000000e+00,0.000000e+00,-2.981556e-19,-4.161842e-13,0.000000e+00,0.000000e+00,0.000000e+00,0.000000e+00,4.859871e+01,8.346660e+02,3.364319e-01,7.164029e-05,0.000000e+00,5.324178e+01,0.000000e+00,0.000000e+00,-6.940504e-01
1.063345e-02,4.926898e+01,8.338177e+02,-4.200817e-05,-8.142360e-05,3.364319e-01,7.164029e-05,4.977412e-06,0.000000e+00,-6.627591e+00,0.000000e+00,0.000000e+00,0.000000e+00,0.000000e+00,0.000000e+00,0.000000e+00,0.000000e+00,-2.981556e-19,-4.161842e-13,0.000000e+00,0.000000e+00,0.000000e+00,0.000000e+00,4.926898e+01,8.339888e+02,3.364319e-01,7.164029e-05,0.000000e+00,5.328850e+01,0.000000e+00,0.000000e+00,-6.940504e-01
1.064341e-02,4.991157e+01,8.331756e+02,-4.200817e-05,-8.142360e-05,3.364319e-01,7.164029e-05,4.982280e-06,0.000000e+00,-6.627591e+00,0.000000e+00,0.000000e+00,0.000000e+00,0.000000e+00,0.000000e+00,0.000000e+00,0.000000e+00,-2.981556e-19,-4.161842e-13,0.000000e+00,0.000000e+00,0.000000e+00,0.000000e+00,4.991157e+01,8.333397e+02,3.364319e-01,7.164029e-05,0.000000e+00,5.333526e+01,0.000000e+00,0.000000e+00,-6.940504e-01
1.065338e-02,5.052693e+01,8.325611e+02,-4.200817e-05,-8.142360e-05,3.364319e-01,7.164029e-05,4.988366e-06,0.000000e+00,-6.627591e+00,0.000000e+00,0.000000e+00,0.000000e+00,0.000000e+00,0.000000e+00,0.000000e+00,0.000000e+00,-2.981556e-19,-4.161842e-13,0.000000e+00,0.000000e+00,0.000000e+00,0.000000e+00,5.052693e+01,8.327183e+02,3.364319e-01,7.164029e-05,0.000000e+00,5.338207e+01,0.000000e+00,0.000000e+00,-6.940504e-01
1.066336e-02,5.111521e+01,8.319738e+02,-4.200817e-05,-8.142360e-05,3.364319e-01,7.164029e-05,4.995374e-06,0.000000e+00,-6.627591e+00,0.000000e+00,0.000000e+00,0.000000e+00,0.000000e+00,0.000000e+00,0.000000e+00,0.000000e+00,-2.981556e-19,-4.161842e-13,0.000000e+00,0.000000e+00,0.000000e+00,0.000000e+00,5.111521e+01,8.321242e+02,3.364319e-01,7.164029e-05,0.000000e+00,5.342894e+01,0.000000e+00,0.000000e+00,-6.940504e-01
1.067335e-02,5.167612e+01,8.314138e+02,-4.200817e-05,-8.142360e-05,3.364319e-01,7.164029e-05,5.002934e-06,0.000000e+00,-6.627591e+00,0.000000e+00,0.000000e+00,0.000000e+00,0.000000e+00,0.000000e+00,0.000000e+00,0.000000e+00,-2.981556e-19,-4.161842e-13,0.000000e+00,0.000000e+00,0.000000e+00,0.000000e+00,5.167612e+01,8.315574e+02,3.364319e-01,7.164029e-05,0.000000e+00,5.347587e+01,0.000000e+00,0.000000e+00,-6.940504e-01
1.068336e-02,5.220882e+01,8.308813e+02,-4.200817e-05,-8.142360e-05,3.364319e-01,7.164029e-05,5.010633e-06,0.000000e+00,-6.627591e+00,0.000000e+00,0.000000e+00,0.000000e+00,0.000000e+00,0.000000e+00,0.000000e+00,0.000000e+00,-2.981556e-19,-4.161842e-13,0.000000e+00,0.000000e+00,0.000000e+00,0.000000e+00,5.220882e+01,8.310180e+02,3.364319e-01,7.164029e-05,0.000000e+00,5.352288e+01,0.000000e+00,0.000000e+00,-6.940504e-01
1.069339e-02,5.271187e+01,8.303776e+02,-4.200817e-05,-8.142360e-05,3.364319e-01,7.164029e-05,5.018043e-06,0.000000e+00,-6.627591e+00,0.000000e+00,0.000000e+00,0.000000e+00,0.000000e+00,0.000000e+00,0.000000e+00,0.000000e+00,-2.981556e-19,-4.161842e-13,0.000000e+00,0.000000e+00,0.000000e+00,0.000000e+00,5.271187e+01,8.305069e+02,3.364319e-01,7.164029e-05,0.000000e+00,5.356996e+01,0.000000e+00,0.000000e+00,-6.940504e-01
1.070343e-02,5.318320e+01,8.299044e+02,-4.200817e-05,-8.142360e-05,3.364319e-01,7.164029e-05,5.024739e-06,0.000000e+00,-6.627591e+00,0.000000e+00,0.000000e+00,0.000000e+00,0.000000e+00,0.000000e+00,0.000000e+00,0.000000e+00,-2.981556e-19,-4.161842e-13,0.000000e+00,0.000000e+00,0.000000e+00,0.000000e+00,5.318320e+01,8.300258e+02,3.364319e-01,7.164029e-05,0.000000e+00,5.361711e+01,0.000000e+00,0.000000e+00,-6.940504e-01
1.071348e-02,5.362025e+01,8.294645e+02,-4.200817e-05,-8.142360e-05,3.364319e-01,7.164029e-05,5.030357e-06,0.000000e+00,-6.627591e+00,0.000000e+00,0.000000e+00,0.000000e+00,0.000000e+00,0.000000e+00,0.000000e+00,0.000000e+00,-2.981556e-19,-4.161842e-13,0.000000e+00,0.000000e+00,0.000000e+00,0.000000e+00,5.362025e+01,8.295773e+02,3.364319e-01,7.164029e-05,0.000000e+00,5.366431e+01,0.000000e+00,0.000000e+00,-6.940504e-01
1.072354e-02,5.402006e+01,8.290612e+02,-4.200817e-05,-8.142360e-05,3.364319e-01,7.164029e-05,5.034658e-06,0.000000e+00,-6.627591e+00,0.000000e+00,0.000000e+00,0.000000e+00,0.000000e+00,0.000000e+00,0.000000e+00,0.000000e+00,-2.981556e-19,-4.161842e-13,0.000000e+00,0.000000e+00,0.000000e+00,0.000000e+00,5.402006e+01,8.291644e+02,3.364319e-01,7.164029e-05,0.000000e+00,5.371157e+01,0.000000e+00,0.000000e+00,-6.940504e-01
1.073361e-02,5.437955e+01,8.286981e+02,-4.200817e-05,-8.142360e-05,3.364319e-01,7.164029e-05,5.037541e-06,0.000000e+00,-6.627591e+00,0.000000e+00,0.000000e+00,0.000000e+00,0.000000e+00,0.000000e+00,0.000000e+00,0.000000e+00,-2.981556e-19,-4.161842e-13,0.000000e+00,0.000000e+00,0.000000e+00,0.000000e+00,5.437955e+01,8.287909e+02,3.364319e-01,7.164029e-05,0.000000e+00,5.375887e+01,0.000000e+00,0.000000e+00,-6.940504e-01
1.074369e-02,5.469566e+01,8.283787e+02,-4.200817e-05,-8.142360e-05,3.364319e-01,7.164029e-05,5.039073e-06,0.000000e+00,-6.627591e+00,0.000000e+00,0.000000e+00,0.000000e+00,0.000000e+00,0.000000e+00,0.000000e+00,0.000000e+00,-2.981556e-19,-4.161842e-13,0.000000e+00,0.000000e+00,0.000000e+00,0.000000e+00,5.469566e+01,8.284602e+02,3.364319e-01,7.164029e-05,0.000000e+00,5.380618e+01,0.000000e+00,0.000000e+00,-6.940504e-01
1.075377e-02,5.496563e+01,8.281060e+02,-4.200817e-05,-8.142360e-05,3.364319e-01,7.164029e-05,5.039458e-06,0.000000e+00,-6.627591e+00,0.000000e+00,0.000000e+00,0.000000e+00,0.000000e+00,0.000000e+00,0.000000e+00,0.000000e+00,-2.981556e-19,-4.161842e-13,0.000000e+00,0.000000e+00,0.000000e+00,0.000000e+00,5.496563e+01,8.281756e+02,3.364319e-01,7.164029e-05,0.000000e+00,5.385351e+01,0.000000e+00,0.000000e+00,-6.940504e-01
1.076385e-02,5.518726e+01,8.278826e+02,-4.200817e-05,-8.142360e-05,3.364319e-01,7.164029e-05,5.039009e-06,0.000000e+00,-6.627591e+00,0.000000e+00,0.000000e+00,0.000000e+00,0.000000e+00,0.000000e+00,0.000000e+00,0.000000e+00,-2.981556e-19,-4.161842e-13,0.000000e+00,0.000000e+00,0.000000e+00,0.000000e+00,5.518726e+01,8.279396e+02,3.364319e-01,7.164029e-05,0.000000e+00,5.390084e+01,0.000000e+00,0.000000e+00,-6.940504e-01
1.077392e-02,5.535911e+01,8.277100e+02,-4.200817e-05,-8.142360e-05,3.364319e-01,7.164029e-05,5.038089e-06,0.000000e+00,-6.627591e+00,0.000000e+00,0.000000e+00,0.000000e+00,0.000000e+00,0.000000e+00,0.000000e+00,0.000000e+00,-2.981556e-19,-4.161842e-13,0.000000e+00,0.000000e+00,0.000000e+00,0.000000e+00,5.535911e+01,8.277542e+02,3.364319e-01,7.164029e-05,0.000000e+00,5.394817e+01,0.000000e+00,0.000000e+00,-6.940504e-01
1.078400e-02,5.548065e+01,8.275887e+02,-4.200817e-05,-8.142360e-05,3.364319e-01,7.164029e-05,5.037064e-06,0.000000e+00,-6.627591e+00,0.000000e+00,0.000000e+00,0.000000e+00,0.000000e+00,0.000000e+00,0.000000e+00,0.000000e+00,-2.981556e-19,-4.161842e-13,0.000000e+00,0.000000e+00,0.000000e+00,0.000000e+00,5.548065e+01,8.276201e+02,3.364319e-01,7.164029e-05,0.000000e+00,5.399549e+01,0.000000e+00,0.000000e+00,-6.940504e-01
1.079407e-02,5.555229e+01,8.275182e+02,-4.200817e-05,-8.142360e-05,3.364319e-01,7.164029e-05,5.036256e-06,0.000000e+00,-6.627591e+00,0.000000e+00,0.000000e+00,0.000000e+00,0.000000e+00,0.000000e+00,0.000000e+00,0.000000e+00,-2.981556e-19,-4.161842e-13,0.000000e+00,0.000000e+00,0.000000e+00,0.000000e+00,5.555229e+01,8.275371e+02,3.364319e-01,7.164029e-05,0.000000e+00,5.404279e+01,0.000000e+00,0.000000e+00,-6.940504e-01
1.080415e-02,5.557524e+01,8.274971e+02,-4.200817e-05,-8.142360e-05,3.364319e-01,7.164029e-05,5.035969e-06,0.000000e+00,-6.627591e+00,0.000000e+00,0.000000e+00,0.000000e+00,0.000000e+00,0.000000e+00,0.000000e+00,0.000000e+00,-2.981556e-19,-4.161842e-13,0.000000e+00,0.000000e+00,0.000000e+00,0.000000e+00,5.557524e+01,8.275038e+02,3.364319e-01,7.164029e-05,0.000000e+00,5.409010e+01,0.000000e+00,0.000000e+00,-6.940504e-01
1.081422e-02,5.555130e+01,8.275230e+02,-4.200817e-05,-8.142360e-05,3.364319e-01,7.164029e-05,5.036395e-06,0.000000e+00,-6.627591e+00,0.000000e+00,0.000000e+00,0.000000e+00,0.000000e+00,0.000000e+00,0.000000e+00,0.000000e+00,-2.981556e-19,-4.161842e-13,0.000000e+00,0.000000e+00,0.000000e+00,0.000000e+00,5.555130e+01,8.275182e+02,3.364319e-01,7.164029e-05,0.000000e+00,5.413739e+01,0.000000e+00,0.000000e+00,-6.940504e-01
1.082429e-02,5.548255e+01,8.275934e+02,-4.200817e-05,-8.142360e-05,3.364319e-01,7.164029e-05,5.037640e-06,0.000000e+00,-6.627591e+00,0.000000e+00,0.000000e+00,0.000000e+00,0.000000e+00,0.000000e+00,0.000000e+00,0.000000e+00,-2.981556e-19,-4.161842e-13,0.000000e+00,0.000000e+00,0.000000e+00,0.000000e+00,5.548255e+01,8.275778e+02,3.364319e-01,7.164029e-05,0.000000e+00,5.418470e+01,0.000000e+00,0.000000e+00,-6.940504e-01
1.083437e-02,5.537100e+01,8.277059e+02,-4.200817e-05,-8.142360e-05,3.364319e-01,7.164029e-05,5.036341e-06,0.000000e+00,-6.627591e+00,0.000000e+00,0.000000e+00,0.000000e+00,0.000000e+00,0.000000e+00,0.000000e+00,0.000000e+00,-2.981556e-19,-4.161842e-13,0.000000e+00,0.000000e+00,0.000000e+00,0.000000e+00,5.537100e+01,8.276801e+02,3.364319e-01,7.164029e-05,0.000000e+00,5.423202e+01,0.000000e+00,0.000000e+00,-6.940504e-01
1.084444e-02,5.521843e+01,8.278586e+02,-4.200817e-05,-8.142360e-05,3.364319e-01,7.164029e-05,5.033497e-06,0.000000e+00,-6.627591e+00,0.000000e+00,0.000000e+00,0.000000e+00,0.000000e+00,0.000000e+00,0.000000e+00,0.000000e+00,-2.981556e-19,-4.161842e-13,0.000000e+00,0.000000e+00,0.000000e+00,0.000000e+00,5.521843e+01,8.278229e+02,3.364319e-01,7.164029e-05,0.000000e+00,5.427931e+01,0.000000e+00,0.000000e+00,-6.940504e-01
1.085450e-02,5.502594e+01,8.280505e+02,-4.200817e-05,-8.142360e-05,3.364319e-01,7.164029e-05,5.031469e-06,0.000000e+00,-6.627591e+00,0.000000e+00,0.000000e+00,0.000000e+00,0.000000e+00,0.000000e+00,0.000000e+00,0.000000e+00,-2.981556e-19,-4.161842e-13,0.000000e+00,0.000000e+00,0.000000e+00,0.000000e+00,5.502594e+01,8.280049e+02,3.364319e-01,7.164029e-05,0.000000e+00,5.432658e+01,0.000000e+00,0.000000e+00,-6.940504e-01
1.086457e-02,5.479383e+01,8.282817e+02,-4.200817e-05,-8.142360e-05,3.364319e-01,7.164029e-05,5.030121e-06,0.000000e+00,-6.627591e+00,0.000000e+00,0.000000e+00,0.000000e+00,0.000000e+00,0.000000e+00,0.000000e+00,0.000000e+00,-2.981556e-19,-4.161842e-13,0.000000e+00,0.000000e+00,0.000000e+00,0.000000e+00,5.479383e+01,8.282263e+02,3.364319e-01,7.164029e-05,0.000000e+00,5.437384e+01,0.000000e+00,0.000000e+00,-6.940504e-01
1.087463e-02,5.452170e+01,8.285533e+02,-4.200817e-05,-8.142360e-05,3.364319e-01,7.164029e-05,5.029161e-06,0.000000e+00,-6.627591e+00,0.000000e+00,0.000000e+00,0.000000e+00,0.000000e+00,0.000000e+00,0.000000e+00,0.000000e+00,-2.981556e-19,-4.161842e-13,0.000000e+00,0.000000e+00,0.000000e+00,0.000000e+00,5.452170e+01,8.284875e+02,3.364319e-01,7.164029e-05,0.000000e+00,5.442108e+01,0.000000e+00,0.000000e+00,-6.940504e-01
1.088468e-02,5.420870e+01,8.288665e+02,-4.200817e-05,-8.142360e-05,3.364319e-01,7.164029e-05,5.028211e-06,0.000000e+00,-6.627591e+00,0.000000e+00,0.000000e+00,0.000000e+00,0.000000e+00,0.000000e+00,0.000000e+00,0.000000e+00,-2.981556e-19,-4.161842e-13,0.000000e+00,0.000000e+00,0.000000e+00,0.000000e+00,5.420870e+01,8.287902e+02,3.364319e-01,7.164029e-05,0.000000e+00,5.446831e+01,0.000000e+00,0.000000e+00,-6.940504e-01
1.089474e-02,5.385398e+01,8.292226e+02,-4.200817e-05,-8.142360e-05,3.364319e-01,7.164029e-05,5.026915e-06,0.000000e+00,-6.627591e+00,0.000000e+00,0.000000e+00,0.000000e+00,0.000000e+00,0.000000e+00,0.000000e+00,0.000000e+00,-2.981556e-19,-4.161842e-13,0.000000e+00,0.000000e+00,0.000000e+00,0.000000e+00,5.385398e+01,8.291355e+02,3.364319e-01,7.164029e-05,0.000000e+00,5.451553e+01,0.000000e+00,0.000000e+00,-6.940504e-01
1.090479e-02,5.345706e+01,8.296218e+02,-4.200817e-05,-8.142360e-05,3.364319e-01,7.164029e-05,5.025012e-06,0.000000e+00,-6.627591e+00,0.000000e+00,0.000000e+00,0.000000e+00,0.000000e+00,0.000000e+00,0.000000e+00,0.000000e+00,-2.981556e-19,-4.161842e-13,0.000000e+00,0.000000e+00,0.000000e+00,0.000000e+00,5.345706e+01,8.295239e+02,3.364319e-01,7.164029e-05,0.000000e+00,5.456274e+01,0.000000e+00,0.000000e+00,-6.940504e-01
1.091484e-02,5.301818e+01,8.300632e+02,-4.200817e-05,-8.142360e-05,3.364319e-01,7.164029e-05,5.022432e-06,0.000000e+00,-6.627591e+00,0.000000e+00,0.000000e+00,0.000000e+00,0.000000e+00,0.000000e+00,0.000000e+00,0.000000e+00,-2.981556e-19,-4.161842e-13,0.000000e+00,0.000000e+00,0.000000e+00,0.000000e+00,5.301818e+01,8.299550e+02,3.364319e-01,7.164029e-05,0.000000e+00,5.460994e+01,0.000000e+00,0.000000e+00,-6.940504e-01
1.092489e-02,5.253851e+01,8.305453e+02,-4.200817e-05,-8.142360e-05,3.364319e-01,7.164029e-05,5.019291e-06,0.000000e+00,-6.627591e+00,0.000000e+00,0.000000e+00,0.000000e+00,0.000000e+00,0.000000e+00,0.000000e+00,0.000000e+00,-2.981556e-19,-4.161842e-13,0.000000e+00,0.000000e+00,0.000000e+00,0.000000e+00,5.253851e+01,8.304271e+02,3.364319e-01,7.164029e-05,0.000000e+00,5.465710e+01,0.000000e+00,0.000000e+00,-6.940504e-01
1.093492e-02,5.202020e+01,8.310652e+02,-4.200817e-05,-8.142360e-05,3.364319e-01,7.164029e-05,5.015872e-06,0.000000e+00,-6.627591e+00,0.000000e+00,0.000000e+00,0.000000e+00,0.000000e+00,0.000000e+00,0.000000e+00,0.000000e+00,-2.981556e-19,-4.161842e-13,0.000000e+00,0.000000e+00,0.000000e+00,0.000000e+00,5.202020e+01,8.309379e+02,3.364319e-01,7.164029e-05,0.000000e+00,5.470424e+01,0.000000e+00,0.000000e+00,-6.940504e-01
1.094495e-02,5.146636e+01,8.316198e+02,-4.200817e-05,-8.142360e-05,3.364319e-01,7.164029e-05,5.012559e-06,0.000000e+00,-6.627591e+00,0.000000e+00,0.000000e+00,0.000000e+00,0.000000e+00,0.000000e+00,0.000000e+00,0.000000e+00,-2.981556e-19,-4.161842e-13,0.000000e+00,0.000000e+00,0.000000e+00,0.000000e+00,5.146636e+01,8.314842e+02,3.364319e-01,7.164029e-05,0.000000e+00,5.475134e+01,0.000000e+00,0.000000e+00,-6.940504e-01
1.095498e-02,5.088098e+01,8.322052e+02,-4.200817e-05,-8.142360e-05,3.364319e-01,7.164029e-05,5.009742e-06,0.000000e+00,-6.627591e+00,0.000000e+00,0.000000e+00,0.000000e+00,0.000000e+00,0.000000e+00,0.000000e+00,0.000000e+00,-2.981556e-19,-4.161842e-13,0.000000e+00,0.000000e+00,0.000000e+00,0.000000e+00,5.088098e+01,8.320624e+02,3.364319e-01,7.164029e-05,0.000000e+00,5.479841e+01,0.000000e+00,0.000000e+00,-6.940504e-01
1.096499e-02,5.026882e+01,8.328171e+02,-4.200817e-05,-8.142360e-05,3.364319e-01,7.164029e-05,5.007737e-06,0.000000e+00,-6.627591e+00,0.000000e+00,0.000000e+00,0.000000e+00,0.000000e+00,0.000000e+00,0.000000e+00,0.000000e+00,-2.981556e-19,-4.161842e-13,0.000000e+00,0.000000e+00,0.000000e+00,0.000000e+00,5.026882e+01,8.326682e+02,3.364319e-01,7.164029e-05,0.000000e+00,5.484546e+01,0.000000e+00,0.000000e+00,-6.940504e-01
1.097000e-02,4.995437e+01,8.331314e+02,-4.200817e-05,-8.142360e-05,3.364319e-01,7.164029e-05,5.007099e-06,0.000000e+00,-6.627591e+00,0.000000e+00,0.000000e+00,0.000000e+00,0.000000e+00,0.000000e+00,0.000000e+00,0.000000e+00,-2.981556e-19,-4.161842e-13,0.000000e+00,0.000000e+00,0.000000e+00,0.000000e+00,4.995437e+01,8.329799e+02,3.364319e-01,7.164029e-05,0.000000e+00,5.486897e+01,0.000000e+00,0.000000e+00,-6.940504e-01
1.098002e-02,4.931238e+01,8.337732e+02,-4.200817e-05,-8.142360e-05,3.364319e-01,7.164029e-05,5.006574e-06,0.000000e+00,-6.627591e+00,0.000000e+00,0.000000e+00,0.000000e+00,0.000000e+00,0.000000e+00,0.000000e+00,0.000000e+00,-2.981556e-19,-4.161842e-13,0.000000e+00,0.000000e+00,0.000000e+00,0.000000e+00,4.931238e+01,8.336177e+02,3.364319e-01,7.164029e-05,0.000000e+00,5.491600e+01,0.000000e+00,0.000000e+00,-6.940504e-01
1.099003e-02,4.865801e+01,8.344276e+02,-4.200817e-05,-8.142360e-05,3.364319e-01,7.164029e-05,5.006976e-06,0.000000e+00,-6.627591e+00,0.000000e+00,0.000000e+00,0.000000e+00,0.000000e+00,0.000000e+00,0.000000e+00,0.000000e+00,-2.981556e-19,-4.161842e-13,0.000000e+00,0.000000e+00,0.000000e+00,0.000000e+00,4.865801e+01,8.342696e+02,3.364319e-01,7.164029e-05,0.000000e+00,5.496302e+01,0.000000e+00,0.000000e+00,-6.940504e-01
1.100004e-02,4.799741e+01,8.350881e+02,-4.200817e-05,-8.142360e-05,3.364319e-01,7.164029e-05,5.008118e-06,0.000000e+00,-6.627591e+00,0.000000e+00,0.000000e+00,0.000000e+00,0.000000e+00,0.000000e+00,0.000000e+00,0.000000e+00,-2.981556e-19,-4.161842e-13,0.000000e+00,0.000000e+00,0.000000e+00,0.000000e+00,4.799741e+01,8.349293e+02,3.364319e-01,7.164029e-05,0.000000e+00,5.501005e+01,0.000000e+00,0.000000e+00,-6.940504e-01
1.101006e-02,4.733656e+01,8.357490e+02,-4.200817e-05,-8.142360e-05,3.364319e-01,7.164029e-05,5.009755e-06,0.000000e+00,-6.627591e+00,0.000000e+00,0.000000e+00,0.000000e+00,0.000000e+00,0.000000e+00,0.000000e+00,0.000000e+00,-2.981556e-19,-4.161842e-13,0.000000e+00,0.000000e+00,0.000000e+00,0.000000e+00,4.733656e+01,8.355907e+02,3.364319e-01,7.164029e-05,0.000000e+00,5.505709e+01,0.000000e+00,0.000000e+00,-6.940504e-01
1.102008e-02,4.668100e+01,8.364044e+02,-4.200817e-05,-8.142360e-05,3.364319e-01,7.164029e-05,5.011670e-06,0.000000e+00,-6.627591e+00,0.000000e+00,0.000000e+00,0.000000e+00,0.000000e+00,0.000000e+00,0.000000e+00,0.000000e+00,-2.981556e-19,-4.161842e-13,0.000000e+00,0.000000e+00,0.000000e+00,0.000000e+00,4.668100e+01,8.362481e+02,3.364319e-01,7.164029e-05,0.000000e+00,5.510415e+01,0.000000e+00,0.000000e+00,-6.940504e-01
1.103010e-02,4.603574e+01,8.370497e+02,-4.200817e-05,-8.142360e-05,3.364319e-01,7.164029e-05,5.013651e-06,0.000000e+00,-6.627591e+00,0.000000e+00,0.000000e+00,0.000000e+00,0.000000e+00,0.000000e+00,0.000000e+00,0.000000e+00,-2.981556e-19,-4.161842e-13,0.000000e+00,0.000000e+00,0.000000e+00,0.000000e+00,4.603574e+01,8.368964e+02,3.364319e-01,7.164029e-05,0.000000e+00,5.515123e+01,0.000000e+00,0.000000e+00,-6.940504e-01
1.104013e-02,4.540530e+01,8.376805e+02,-4.200817e-05,-8.142360e-05,3.364319e-01,7.164029e-05,5.015498e-06,0.000000e+00,-6.627591e+00,0.000000e+00,0.000000e+00,0.000000e+00,0.000000e+00,0.000000e+00,0.000000e+00,0.000000e+00,-2.981556e-19,-4.161842e-13,0.000000e+00,0.000000e+00,0.000000e+00,0.000000e+00,4.540530e+01,8.375313e+02,3.364319e-01,7.164029e-05,0.000000e+00,5.519832e+01,0.000000e+00,0.000000e+00,-6.940504e-01
1.105016e-02,4.479380e+01,8.382928e+02,-4.200817e-05,-8.142360e-05,3.364319e-01,7.164029e-05,5.017046e-06,0.000000e+00,-6.627591e+00,0.000000e+00,0.000000e+00,0.000000e+00,0.000000e+00,0.000000e+00,0.000000e+00,0.000000e+00,-2.981556e-19,-4.161842e-13,0.000000e+00,0.000000e+00,0.000000e+00,0.000000e+00,4.479380e+01,8.381486e+02,3.364319e-01,7.164029e-05,0.000000e+00,5.524543e+01,0.000000e+00,0.000000e+00,-6.940504e-01
1.106020e-02,4.420513e+01,8.388824e+02,-4.200817e-05,-8.142360e-05,3.364319e-01,7.164029e-05,5.018165e-06,0.000000e+00,-6.627591e+00,0.000000e+00,0.000000e+00,0.000000e+00,0.000000e+00,0.000000e+00,0.000000e+00,0.000000e+00,-2.981556e-19,-4.161842e-13,0.000000e+00,0.000000e+00,0.000000e+00,0.000000e+00,4.420513e+01,8.387443e+02,3.364319e-01,7.164029e-05,0.000000e+00,5.529255e+01,0.000000e+00,0.000000e+00,-6.940504e-01
1.107023e-02,4.364326e+01,8.394451e+02,-4.200817e-05,-8.142360e-05,3.364319e-01,7.164029e-05,5.012425e-06,0.000000e+00,-6.627591e+00,0.000000e+00,0.000000e+00,0.000000e+00,0.000000e+00,0.000000e+00,0.000000e+00,0.000000e+00,-2.981556e-19,-4.161842e-13,0.000000e+00,0.000000e+00,0.000000e+00,0.000000e+00,4.364326e+01,8.393143e+02,3.364319e-01,7.164029e-05,0.000000e+00,5.533968e+01,0.000000e+00,0.000000e+00,-6.940504e-01
1.108026e-02,4.311244e+01,8.399764e+02,-4.200817e-05,-8.142360e-05,3.364319e-01,7.164029e-05,5.006520e-06,0.000000e+00,-6.627591e+00,0.000000e+00,0.000000e+00,0.000000e+00,0.000000e+00,0.000000e+00,0.000000e+00,0.000000e+00,-2.981556e-19,-4.161842e-13,0.000000e+00,0.000000e+00,0.000000e+00,0.000000e+00,4.311244e+01,8.398538e+02,3.364319e-01,7.164029e-05,0.000000e+00,5.538674e+01,0.000000e+00,0.000000e+00,-6.940504e-01
1.109027e-02,4.261617e+01,8.404725e+02,-4.200817e-05,-8.142360e-05,3.364319e-01,7.164029e-05,5.001564e-06,0.000000e+00,-6.627591e+00,0.000000e+00,0.000000e+00,0.000000e+00,0.000000e+00,0.000000e+00,0.000000e+00,0.000000e+00,-2.981556e-19,-4.161842e-13,0.000000e+00,0.000000e+00,0.000000e+00,0.000000e+00,4.261617e+01,8.403591e+02,3.364319e-01,7.164029e-05,0.000000e+00,5.543375e+01,0.000000e+00,0.000000e+00,-6.940504e-01
1.110027e-02,4.215781e+01,8.409300e+02,-4.200817e-05,-8.142360e-05,3.364319e-01,7.164029e-05,4.997886e-06,0.000000e+00,-6.627591e+00,0.000000e+00,0.000000e+00,0.000000e+00,0.000000e+00,0.000000e+00,0.000000e+00,0.000000e+00,-2.981556e-19,-4.161842e-13,0.000000e+00,0.000000e+00,0.000000e+00,0.000000e+00,4.215781e+01,8.408266e+02,3.364319e-01,7.164029e-05,0.000000e+00,5.548071e+01,0.000000e+00,0.000000e+00,-6.940504e-01
1.111026e-02,4.174065e+01,8.413457e+02,-4.200817e-05,-8.142360e-05,3.364319e-01,7.164029e-05,4.994894e-06,0.000000e+00,-6.627591e+00,0.000000e+00,0.000000e+00,0.000000e+00,0.000000e+00,0.000000e+00,0.000000e+00,0.000000e+00,-2.981556e-19,-4.161842e-13,0.000000e+00,0.000000e+00,0.000000e+00,0.000000e+00,4.174065e+01,8.412531e+02,3.364319e-01,7.164029e-05,0.000000e+00,5.552765e+01,0.000000e+00,0.000000e+00,-6.940504e-01
1.112025e-02,4.136792e+01,8.417167e+02,-4.200817e-05,-8.142360e-05,3.364319e-01,7.164029e-05,4.993321e-06,0.000000e+00,-6.627591e+00,0.000000e+00,0.000000e+00,0.000000e+00,0.000000e+00,0.000000e+00,0.000000e+00,0.000000e+00,-2.981556e-19,-4.161842e-13,0.000000e+00,0.000000e+00,0.000000e+00,0.000000e+00,4.136792e+01,8.416356e+02,3.364319e-01,7.164029e-05,0.000000e+00,5.557456e+01,0.000000e+00,0.000000e+00,-6.940504e-01
1.113024e-02,4.104266e+01,8.420401e+02,-4.200817e-05,-8.142360e-05,3.364319e-01,7.164029e-05,4.993449e-06,0.000000e+00,-6.627591e+00,0.000000e+00,0.000000e+00,0.000000e+00,0.000000e+00,0.000000e+00,0.000000e+00,0.000000e+00,-2.981556e-19,-4.161842e-13,0.000000e+00,0.000000e+00,0.000000e+00,0.000000e+00,4.104266e+01,8.419711e+02,3.364319e-01,7.164029e-05,0.000000e+00,5.562146e+01,0.000000e+00,0.000000e+00,-6.940504e-01
1.114022e-02,4.076773e+01,8.423132e+02,-4.200817e-05,-8.142360e-05,3.364319e-01,7.164029e-05,4.995036e-06,0.000000e+00,-6.627591e+00,0.000000e+00,0.000000e+00,0.000000e+00,0.000000e+00,0.000000e+00,0.000000e+00,0.000000e+00,-2.981556e-19,-4.161842e-13,0.000000e+00,0.000000e+00,0.000000e+00,0.000000e+00,4.076773e+01,8.422572e+02,3.364319e-01,7.164029e-05,0.000000e+00,5.566836e+01,0.000000e+00,0.000000e+00,-6.940504e-01
1.115022e-02,4.054573e+01,8.425336e+02,-4.200817e-05,-8.142360e-05,3.364319e-01,7.164029e-05,4.997722e-06,0.000000e+00,-6.627591e+00,0.000000e+00,0.000000e+00,0.000000e+00,0.000000e+00,0.000000e+00,0.000000e+00,0.000000e+00,-2.981556e-19,-4.161842e-13,0.000000e+00,0.000000e+00,0.000000e+00,0.000000e+00,4.054573e+01,8.424910e+02,3.364319e-01,7.164029e-05,0.000000e+00,5.571528e+01,0.000000e+00,0.000000e+00,-6.940504e-01
1.116021e-02,4.037894e+01,8.426989e+02,-4.200817e-05,-8.142360e-05,3.364319e-01,7.164029e-05,5.000950e-06,0.000000e+00,-6.627591e+00,0.000000e+00,0.000000e+00,0.000000e+00,0.000000e+00,0.000000e+00,0.000000e+00,0.000000e+00,-2.981556e-19,-4.161842e-13,0.000000e+00,0.000000e+00,0.000000e+00,0.000000e+00,4.037894e+01,8.426703e+02,3.364319e-01,7.164029e-05,0.000000e+00,5.576223e+01,0.000000e+00,0.000000e+00,-6.940504e-01
1.117021e-02,4.026924e+01,8.428071e+02,-4.200817e-05,-8.142360e-05,3.364319e-01,7.164029e-05,4.999651e-06,0.000000e+00,-6.627591e+00,0.000000e+00,0.000000e+00,0.000000e+00,0.000000e+00,0.000000e+00,0.000000e+00,0.000000e+00,-2.981556e-19,-4.161842e-13,0.000000e+00,0.000000e+00,0.000000e+00,0.000000e+00,4.026924e+01,8.427930e+02,3.364319e-01,7.164029e-05,0.000000e+00,5.580919e+01,0.000000e+00,0.000000e+00,-6.940504e-01
1.118021e-02,4.021802e+01,8.428568e+02,-4.200817e-05,-8.142360e-05,3.364319e-01,7.164029e-05,4.999220e-06,0.000000e+00,-6.627591e+00,0.000000e+00,0.000000e+00,0.000000e+00,0.000000e+00,0.000000e+00,0.000000e+00,0.000000e+00,-2.981556e-19,-4.161842e-13,0.000000e+00,0.000000e+00,0.000000e+00,0.000000e+00,4.021802e+01,8.428574e+02,3.364319e-01,7.164029e-05,0.000000e+00,5.585615e+01,0.000000e+00,0.000000e+00,-6.940504e-01
1.119021e-02,4.022610e+01,8.428470e+02,-4.200817e-05,-8.142360e-05,3.364319e-01,7.164029e-05,4.999704e-06,0.000000e+00,-6.627591e+00,0.000000e+00,0.000000e+00,0.000000e+00,0.000000e+00,0.000000e+00,0.000000e+00,0.000000e+00,-2.981556e-19,-4.161842e-13,0.000000e+00,0.000000e+00,0.000000e+00,0.000000e+00,4.022610e+01,8.428625e+02,3.364319e-01,7.164029e-05,0.000000e+00,5.590310e+01,0.000000e+00,0.000000e+00,-6.940504e-01
1.120021e-02,4.029396e+01,8.427773e+02,-4.200817e-05,-8.142360e-05,3.364319e-01,7.164029e-05,5.001064e-06,0.000000e+00,-6.627591e+00,0.000000e+00,0.000000e+00,0.000000e+00,0.000000e+00,0.000000e+00,0.000000e+00,0.000000e+00,-2.981556e-19,-4.161842e-13,0.000000e+00,0.000000e+00,0.000000e+00,0.000000e+00,4.029396e+01,8.428079e+02,3.364319e-01,7.164029e-05,0.000000e+00,5.595007e+01,0.000000e+00,0.000000e+00,-6.940504e-01
1.121021e-02,4.042183e+01,8.426473e+02,-4.200817e-05,-8.142360e-05,3.364319e-01,7.164029e-05,5.003195e-06,0.000000e+00,-6.627591e+00,0.000000e+00,0.000000e+00,0.000000e+00,0.000000e+00,0.000000e+00,0.000000e+00,0.000000e+00,-2.981556e-19,-4.161842e-13,0.000000e+00,0.000000e+00,0.000000e+00,0.000000e+00,4.042183e+01,8.426930e+02,3.364319e-01,7.164029e-05,0.000000e+00,5.599704e+01,0.000000e+00,0.000000e+00,-6.940504e-01
1.122022e-02,4.060968e+01,8.424573e+02,-4.200817e-05,-8.142360e-05,3.364319e-01,7.164029e-05,5.005970e-06,0.000000e+00,-6.627591e+00,0.000000e+00,0.000000e+00,0.000000e+00,0.000000e+00,0.000000e+00,0.000000e+00,0.000000e+00,-2.981556e-19,-4.161842e-13,0.000000e+00,0.000000e+00,0.000000e+00,0.000000e+00,4.060968e+01,8.425179e+02,3.364319e-01,7.164029e-05,0.000000e+00,5.604404e+01,0.000000e+00,0.000000e+00,-6.940504e-01
1.123023e-02,4.085723e+01,8.422075e+02,-4.200817e-05,-8.142360e-05,3.364319e-01,7.164029e-05,5.005111e-06,0.000000e+00,-6.627591e+00,0.000000e+00,0.000000e+00,0.000000e+00,0.000000e+00,0.000000e+00,0.000000e+00,0.000000e+00,-2.981556e-19,-4.161842e-13,0.000000e+00,0.000000e+00,0.000000e+00,0.000000e+00,4.085723e+01,8.422830e+02,3.364319e-01,7.164029e-05,0.000000e+00,5.609106e+01,0.000000e+00,0.000000e+00,-6.940504e-01
1.124024e-02,4.116359e+01,8.418991e+02,-4.200817e-05,-8.142360e-05,3.364319e-01,7.164029e-05,5.003136e-06,0.000000e+00,-6.627591e+00,0.000000e+00,0.000000e+00,0.000000e+00,0.000000e+00,0.000000e+00,0.000000e+00,0.000000e+00,-2.981556e-19,-4.161842e-13,0.000000e+00,0.000000e+00,0.000000e+00,0.000000e+00,4.116359e+01,8.419891e+02,3.364319e-01,7.164029e-05,0.000000e+00,5.613806e+01,0.000000e+00,0.000000e+00,-6.940504e-01
1.125025e-02,4.152754e+01,8.415335e+02,-4.200817e-05,-8.142360e-05,3.364319e-01,7.164029e-05,5.001298e-06,0.000000e+00,-6.627591e+00,0.000000e+00,0.000000e+00,0.000000e+00,0.000000e+00,0.000000e+00,0.000000e+00,0.000000e+00,-2.981556e-19,-4.161842e-13,0.000000e+00,0.000000e+00,0.000000e+00,0.000000e+00,4.152754e+01,8.416376e+02,3.364319e-01,7.164029e-05,0.000000e+00,5.618505e+01,0.000000e+00,0.000000e+00,-6.940504e-01
1.126025e-02,4.194738e+01,8.411127e+02,-4.200817e-05,-8.142360e-05,3.364319e-01,7.164029e-05,4.999783e-06,0.000000e+00,-6.627591e+00,0.000000e+00,0.000000e+00,0.000000e+00,0.000000e+00,0.000000e+00,0.000000e+00,0.000000e+00,-2.981556e-19,-4.161842e-13,0.000000e+00,0.000000e+00,0.000000e+00,0.000000e+00,4.194738e+01,8.412303e+02,3.364319e-01,7.164029e-05,0.000000e+00,5.623202e+01,0.000000e+00,0.000000e+00,-6.940504e-01
1.127025e-02,4.242085e+01,8.406387e+02,-4.200817e-05,-8.142360e-05,3.364319e-01,7.164029e-05,4.998675e-06,0.000000e+00,-6.627591e+00,0.000000e+00,0.000000e+00,0.000000e+00,0.000000e+00,0.000000e+00,0.000000e+00,0.000000e+00,-2.981556e-19,-4.161842e-13,0.000000e+00,0.000000e+00,0.000000e+00,0.000000e+00,4.242085e+01,8.407693e+02,3.364319e-01,7.164029e-05,0.000000e+00,5.627897e+01,0.000000e+00,0.000000e+00,-6.940504e-01
1.128025e-02,4.294513e+01,8.401143e+02,-4.200817e-05,-8.142360e-05,3.364319e-01,7.164029e-05,4.997949e-06,0.000000e+00,-6.627591e+00,0.000000e+00,0.000000e+00,0.000000e+00,0.000000e+00,0.000000e+00,0.000000e+00,0.000000e+00,-2.981556e-19,-4.161842e-13,0.000000e+00,0.000000e+00,0.000000e+00,0.000000e+00,4.294513e+01,8.402572e+02,3.364319e-01,7.164029e-05,0.000000e+00,5.632592e+01,0.000000e+00,0.000000e+00,-6.940504e-01
1.129024e-02,4.351681e+01,8.395423e+02,-4.200817e-05,-8.142360e-05,3.364319e-01,7.164029e-05,4.997513e-06,0.000000e+00,-6.627591e+00,0.000000e+00,0.000000e+00,0.000000e+00,0.000000e+00,0.000000e+00,0.000000e+00,0.000000e+00,-2.981556e-19,-4.161842e-13,0.000000e+00,0.000000e+00,0.000000e+00,0.000000e+00,4.351681e+01,8.396968e+02,3.364319e-01,7.164029e-05,0.000000e+00,5.637286e+01,0.000000e+00,0.000000e+00,-6.940504e-01
1.130024e-02,4.413202e+01,8.389261e+02,-4.200817e-05,-8.142360e-05,3.364319e-01,7.164029e-05,4.997240e-06,0.000000e+00,-6.627591e+00,0.000000e+00,0.000000e+00,0.000000e+00,0.000000e+00,0.000000e+00,0.000000e+00,0.000000e+00,-2.981556e-19,-4.161842e-13,0.000000e+00,0.000000e+00,0.000000e+00,0.000000e+00,4.413202e+01,8.390913e+02,3.364319e-01,7.164029e-05,0.000000e+00,5.641980e+01,0.000000e+00,0.000000e+00,-6.940504e-01
1.131023e-02,4.478642e+01,8.382696e+02,-4.200817e-05,-8.142360e-05,3.364319e-01,7.164029e-05,4.996984e-06,0.000000e+00,-6.627591e+00,0.000000e+00,0.000000e+00,0.000000e+00,0.000000e+00,0.000000e+00,0.000000e+00,0.000000e+00,-2.981556e-19,-4.161842e-13,0.000000e+00,0.000000e+00,0.000000e+00,0.000000e+00,4.478642e+01,8.384444e+02,3.364319e-01,7.164029e-05,0.000000e+00,5.646673e+01,0.000000e+00,0.000000e+00,-6.940504e-01
1.132022e-02,4.547529e+01,8.375771e+02,-4.200817e-05,-8.142360e-05,3.364319e-01,7.164029e-05,4.996631e-06,0.000000e+00,-6.627591e+00,0.000000e+00,0.000000e+00,0.000000e+00,0.000000e+00,0.000000e+00,0.000000e+00,0.000000e+00,-2.981556e-19,-4.161842e-13,0.000000e+00,0.000000e+00,0.000000e+00,0.000000e+00,4.547529e+01,8.377604e+02,3.364319e-01,7.164029e-05,0.000000e+00,5.651366e+01,0.000000e+00,0.000000e+00,-6.940504e-01
1.133022e-02,4.619358e+01,8.368539e+02,-4.200817e-05,-8.142360e-05,3.364319e-01,7.164029e-05,4.996095e-06,0.000000e+00,-6.627591e+00,0.000000e+00,0.000000e+00,0.000000e+00,0.000000e+00,0.000000e+00,0.000000e+00,0.000000e+00,-2.981556e-19,-4.161842e-13,0.000000e+00,0.000000e+00,0.000000e+00,0.000000e+00,4.619358e+01,8.370442e+02,3.364319e-01,7.164029e-05,0.000000e+00,5.656059e+01,0.000000e+00,0.000000e+00,-6.940504e-01
1.134021e-02,4.693600e+01,8.361057e+02,-4.200817e-05,-8.142360e-05,3.364319e-01,7.164029e-05,4.995340e-06,0.000000e+00,-6.627591e+00,0.000000e+00,0.000000e+00,0.000000e+00,0.000000e+00,0.000000e+00,0.000000e+00,0.000000e+00,-2.981556e-19,-4.161842e-13,0.000000e+00,0.000000e+00,0.000000e+00,0.000000e+00,4.693600e+01,8.363016e+02,3.364319e-01,7.164029e-05,0.000000e+00,5.660752e+01,0.000000e+00,0.000000e+00,-6.940504e-01
1.135020e-02,4.769714e+01,8.353389e+02,-4.200817e-05,-8.142360e-05,3.364319e-01,7.164029e-05,4.994377e-06,0.000000e+00,-6.627591e+00,0.000000e+00,0.000000e+00,0.000000e+00,0.000000e+00,0.000000e+00,0.000000e+00,0.000000e+00,-2.981556e-19,-4.161842e-13,0.000000e+00,0.000000e+00,0.000000e+00,0.000000e+00,4.769714e+01,8.355387e+02,3.364319e-01,7.164029e-05,0.000000e+00,5.665443e+01,0.000000e+00,0.000000e+00,-6.940504e-01
1.136019e-02,4.847165e+01,8.345597e+02,-4.200817e-05,-8.142360e-05,3.364319e-01,7.164029e-05,4.993268e-06,0.000000e+00,-6.627591e+00,0.000000e+00,0.000000e+00,0.000000e+00,0.000000e+00,0.000000e+00,0.000000e+00,0.000000e+00,-2.981556e-19,-4.161842e-13,0.000000e+00,0.000000e+00,0.000000e+00,0.000000e+00,4.847165e+01,8.347620e+02,3.364319e-01,7.164029e-05,0.000000e+00,5.670134e+01,0.000000e+00,0.000000e+00,-6.940504e-01
1.137017e-02,4.925438e+01,8.337740e+02,-4.200817e-05,-8.142360e-05,3.364319e-01,7.164029e-05,4.992091e-06,0.000000e+00,-6.627591e+00,0.000000e+00,0.000000e+00,0.000000e+00,0.000000e+00,0.000000e+00,0.000000e+00,0.000000e+00,-2.981556e-19,-4.161842e-13,0.000000e+00,0.000000e+00,0.000000e+00,0.000000e+00,4.925438e+01,8.339774e+02,3.364319e-01,7.164029e-05,0.000000e+00,5.674823e+01,0.000000e+00,0.000000e+00,-6.940504e-01
1.138016e-02,5.004058e+01,8.329869e+02,-4.200817e-05,-8.142360e-05,3.364319e-01,7.164029e-05,4.990944e-06,0.000000e+00,-6.627591e+00,0.000000e+00,0.000000e+00,0.000000e+00,0.000000e+00,0.000000e+00,0.000000e+00,0.000000e+00,-2.981556e-19,-4.161842e-13,0.000000e+00,0.000000e+00,0.000000e+00,0.000000e+00,5.004058e+01,8.331901e+02,3.364319e-01,7.164029e-05,0.000000e+00,5.679512e+01,0.000000e+00,0.000000e+00,-6.940504e-01
1.139014e-02,5.082597e+01,8.322023e+02,-4.200817e-05,-8.142360e-05,3.364319e-01,7.164029e-05,4.989908e-06,0.000000e+00,-6.627591e+00,0.000000e+00,0.000000e+00,0.000000e+00,0.000000e+00,0.000000e+00,0.000000e+00,0.000000e+00,-2.981556e-19,-4.161842e-13,0.000000e+00,0.000000e+00,0.000000e+00,0.000000e+00,5.082597e+01,8.324045e+02,3.364319e-01,7.164029e-05,0.000000e+00,5.684199e+01,0.000000e+00,0.000000e+00,-6.940504e-01
1.140012e-02,5.160670e+01,8.314232e+02,-4.200817e-05,-8.142360e-05,3.364319e-01,7.164029e-05,4.989043e-06,0.000000e+00,-6.627591e+00,0.000000e+00,0.000000e+00,0.000000e+00,0.000000e+00,0.000000e+00,0.000000e+00,0.000000e+00,-2.981556e-19,-4.161842e-13,0.000000e+00,0.000000e+00,0.000000e+00,0.000000e+00,5.160670e+01,8.316237e+02,3.364319e-01,7.164029e-05,0.000000e+00,5.688885e+01,0.000000e+00,0.000000e+00,-6.940504e-01
1.141010e-02,5.237939e+01,8.306522e+02,-4.200817e-05,-8.142360e-05,3.364319e-01,7.164029e-05,4.988375e-06,0.000000e+00,-6.627591e+00,0.000000e+00,0.000000e+00,0.000000e+00,0.000000e+00,0.000000e+00,0.000000e+00,0.000000e+00,-2.981556e-19,-4.161842e-13,0.000000e+00,0.000000e+00,0.000000e+00,0.000000e+00,5.237939e+01,8.308505e+02,3.364319e-01,7.164029e-05,0.000000e+00,5.693571e+01,0.000000e+00,0.000000e+00,-6.940504e-01
1.142007e-02,5.314090e+01,8.298917e+02,-4.200817e-05,-8.142360e-05,3.364319e-01,7.164029e-05,4.987918e-06,0.000000e+00,-6.627591e+00,0.000000e+00,0.000000e+00,0.000000e+00,0.000000e+00,0.000000e+00,0.000000e+00,0.000000e+00,-2.981556e-19,-4.161842e-13,0.000000e+00,0.000000e+00,0.000000e+00,0.000000e+00,5.314090e+01,8.300870e+02,3.364319e-01,7.164029e-05,0.000000e+00,5.698256e+01,0.000000e+00,0.000000e+00,-6.940504e-01
1.143005e-02,5.388829e+01,8.291442e+02,-4.200817e-05,-8.142360e-05,3.364319e-01,7.164029e-05,4.986650e-06,0.000000e+00,-6.627591e+00,0.000000e+00,0.000000e+00,0.000000e+00,0.000000e+00,0.000000e+00,0.000000e+00,0.000000e+00,-2.981556e-19,-4.161842e-13,0.000000e+00,0.000000e+00,0.000000e+00,0.000000e+00,5.388829e+01,8.293359e+02,3.364319e-01,7.164029e-05,0.000000e+00,5.702941e+01,0.000000e+00,0.000000e+00,-6.940504e-01
1.144002e-02,5.461844e+01,8.284127e+02,-4.200817e-05,-8.142360e-05,3.364319e-01,7.164029e-05,4.983405e-06,0.000000e+00,-6.627591e+00,0.000000e+00,0.000000e+00,0.000000e+00,0.000000e+00,0.000000e+00,0.000000e+00,0.000000e+00,-2.981556e-19,-4.161842e-13,0.000000e+00,0.000000e+00,0.000000e+00,0.000000e+00,5.461844e+01,8.286001e+02,3.364319e-01,7.164029e-05,0.000000e+00,5.707624e+01,0.000000e+00,0.000000e+00,-6.940504e-01
1.145496e-02,5.567501e+01,8.273527e+02,-4.200817e-05,-8.142360e-05,3.364319e-01,7.164029e-05,4.978634e-06,0.000000e+00,-6.627591e+00,0.000000e+00,0.000000e+00,0.000000e+00,0.000000e+00,0.000000e+00,0.000000e+00,0.000000e+00,-2.981556e-19,-4.161842e-13,0.000000e+00,0.000000e+00,0.000000e+00,0.000000e+00,5.567501e+01,8.275320e+02,3.364319e-01,7.164029e-05,0.000000e+00,5.714642e+01,0.000000e+00,0.000000e+00,-6.940504e-01
1.146492e-02,5.634994e+01,8.266754e+02,-4.200817e-05,-8.142360e-05,3.364319e-01,7.164029e-05,4.975961e-06,0.000000e+00,-6.627591e+00,0.000000e+00,0.000000e+00,0.000000e+00,0.000000e+00,0.000000e+00,0.000000e+00,0.000000e+00,-2.981556e-19,-4.161842e-13,0.000000e+00,0.000000e+00,0.000000e+00,0.000000e+00,5.634994e+01,8.268484e+02,3.364319e-01,7.164029e-05,0.000000e+00,5.719318e+01,0.000000e+00,0.000000e+00,-6.940504e-01
1.147487e-02,5.699877e+01,8.260244e+02,-4.200817e-05,-8.142360e-05,3.364319e-01,7.164029e-05,4.974071e-06,0.000000e+00,-6.627591e+00,0.000000e+00,0.000000e+00,0.000000e+00,0.000000e+00,0.000000e+00,0.000000e+00,0.000000e+00,-2.981556e-19,-4.161842e-13,0.000000e+00,0.000000e+00,0.000000e+00,0.000000e+00,5.699877e+01,8.261906e+02,3.364319e-01,7.164029e-05,0.000000e+00,5.723991e+01,0.000000e+00,0.000000e+00,-6.940504e-01
1.148482e-02,5.761977e+01,8.254018e+02,-4.200817e-05,-8.142360e-05,3.364319e-01,7.164029e-05,4.973264e-06,0.000000e+00,-6.627591e+00,0.000000e+00,0.000000e+00,0.000000e+00,0.000000e+00,0.000000e+00,0.000000e+00,0.000000e+00,-2.981556e-19,-4.161842e-13,0.000000e+00,0.000000e+00,0.000000e+00,0.000000e+00,5.761977e+01,8.255607e+02,3.364319e-01,7.164029e-05,0.000000e+00,5.728662e+01,0.000000e+00,0.000000e+00,-6.940504e-01
1.149477e-02,5.821161e+01,8.248090e+02,-4.200817e-05,-8.142360e-05,3.364319e-01,7.164029e-05,4.973758e-06,0.000000e+00,-6.627591e+00,0.000000e+00,0.000000e+00,0.000000e+00,0.000000e+00,0.000000e+00,0.000000e+00,0.000000e+00,-2.981556e-19,-4.161842e-13,0.000000e+00,0.000000e+00,0.000000e+00,0.000000e+00,5.821161e+01,8.249603e+02,3.364319e-01,7.164029e-05,0.000000e+00,5.733333e+01,0.000000e+00,0.000000e+00,-6.940504e-01
1.150471e-02,5.877332e+01,8.242469e+02,-4.200817e-05,-8.142360e-05,3.364319e-01,7.164029e-05,4.975671e-06,0.000000e+00,-6.627591e+00,0.000000e+00,0.000000e+00,0.000000e+00,0.000000e+00,0.000000e+00,0.000000e+00,0.000000e+00,-2.981556e-19,-4.161842e-13,0.000000e+00,0.000000e+00,0.000000e+00,0.000000e+00,5.877332e+01,8.243905e+02,3.364319e-01,7.164029e-05,0.000000e+00,5.738005e+01,0.000000e+00,0.000000e+00,-6.940504e-01
1.151467e-02,5.930428e+01,8.237160e+02,-4.200817e-05,-8.142360e-05,3.364319e-01,7.164029e-05,4.979007e-06,0.000000e+00,-6.627591e+00,0.000000e+00,0.000000e+00,0.000000e+00,0.000000e+00,0.000000e+00,0.000000e+00,0.000000e+00,-2.981556e-19,-4.161842e-13,0.000000e+00,0.000000e+00,0.000000e+00,0.000000e+00,5.930428e+01,8.238517e+02,3.364319e-01,7.164029e-05,0.000000e+00,5.742679e+01,0.000000e+00,0.000000e+00,-6.940504e-01
1.152463e-02,5.980410e+01,8.232168e+02,-4.200817e-05,-8.142360e-05,3.364319e-01,7.164029e-05,4.983665e-06,0.000000e+00,-6.627591e+00,0.000000e+00,0.000000e+00,0.000000e+00,0.000000e+00,0.000000e+00,0.000000e+00,0.000000e+00,-2.981556e-19,-4.161842e-13,0.000000e+00,0.000000e+00,0.000000e+00,0.000000e+00,5.980410e+01,8.233446e+02,3.364319e-01,7.164029e-05,0.000000e+00,5.747356e+01,0.000000e+00,0.000000e+00,-6.940504e-01
1.153460e-02,6.027262e+01,8.227494e+02,-4.200817e-05,-8.142360e-05,3.364319e-01,7.164029e-05,4.988759e-06,0.000000e+00,-6.627591e+00,0.000000e+00,0.000000e+00,0.000000e+00,0.000000e+00,0.000000e+00,0.000000e+00,0.000000e+00,-2.981556e-19,-4.161842e-13,0.000000e+00,0.000000e+00,0.000000e+00,0.000000e+00,6.027262e+01,8.228693e+02,3.364319e-01,7.164029e-05,0.000000e+00,5.752039e+01,0.000000e+00,0.000000e+00,-6.940504e-01
1.154457e-02,6.070969e+01,8.223138e+02,-4.200817e-05,-8.142360e-05,3.364319e-01,7.164029e-05,4.986849e-06,0.000000e+00,-6.627591e+00,0.000000e+00,0.000000e+00,0.000000e+00,0.000000e+00,0.000000e+00,0.000000e+00,0.000000e+00,-2.981556e-19,-4.161842e-13,0.000000e+00,0.000000e+00,0.000000e+00,0.000000e+00,6.070969e+01,8.224257e+02,3.364319e-01,7.164029e-05,0.000000e+00,5.756724e+01,0.000000e+00,0.000000e+00,-6.940504e-01
1.155455e-02,6.111510e+01,8.219102e+02,-4.200817e-05,-8.142360e-05,3.364319e-01,7.164029e-05,4.984151e-06,0.000000e+00,-6.627591e+00,0.000000e+00,0.000000e+00,0.000000e+00,0.000000e+00,0.000000e+00,0.000000e+00,0.000000e+00,-2.981556e-19,-4.161842e-13,0.000000e+00,0.000000e+00,0.000000e+00,0.000000e+00,6.111510e+01,8.220142e+02,3.364319e-01,7.164029e-05,0.000000e+00,5.761407e+01,0.000000e+00,0.000000e+00,-6.940504e-01
1.156451e-02,6.148932e+01,8.215375e+02,-4.200817e-05,-8.142360e-05,3.364319e-01,7.164029e-05,4.980650e-06,0.000000e+00,-6.627591e+00,0.000000e+00,0.000000e+00,0.000000e+00,0.000000e+00,0.000000e+00,0.000000e+00,0.000000e+00,-2.981556e-19,-4.161842e-13,0.000000e+00,0.000000e+00,0.000000e+00,0.000000e+00,6.148932e+01,8.216339e+02,3.364319e-01,7.164029e-05,0.000000e+00,5.766087e+01,0.000000e+00,0.000000e+00,-6.940504e-01
1.157447e-02,6.183287e+01,8.211950e+02,-4.200817e-05,-8.142360e-05,3.364319e-01,7.164029e-05,4.976376e-06,0.000000e+00,-6.627591e+00,0.000000e+00,0.000000e+00,0.000000e+00,0.000000e+00,0.000000e+00,0.000000e+00,0.000000e+00,-2.981556e-19,-4.161842e-13,0.000000e+00,0.000000e+00,0.000000e+00,0.000000e+00,6.183287e+01,8.212839e+02,3.364319e-01,7.164029e-05,0.000000e+00,5.770765e+01,0.000000e+00,0.000000e+00,-6.940504e-01
1.158442e-02,6.214622e+01,8.208820e+02,-4.200817e-05,-8.142360e-05,3.364319e-01,7.164029e-05,4.971421e-06,0.000000e+00,-6.627591e+00,0.000000e+00,0.000000e+00,0.000000e+00,0.000000e+00,0.000000e+00,0.000000e+00,0.000000e+00,-2.981556e-19,-4.161842e-13,0.000000e+00,0.000000e+00,0.000000e+00,0.000000e+00,6.214622e+01,8.209635e+02,3.364319e-01,7.164029e-05,0.000000e+00,5.775437e+01,0.000000e+00,0.000000e+00,-6.940504e-01
1.159436e-02,6.242970e+01,8.205980e+02,-4.200817e-05,-8.142360e-05,3.364319e-01,7.164029e-05,4.965987e-06,0.000000e+00,-6.627591e+00,0.000000e+00,0.000000e+00,0.000000e+00,0.000000e+00,0.000000e+00,0.000000e+00,0.000000e+00,-2.981556e-19,-4.161842e-13,0.000000e+00,0.000000e+00,0.000000e+00,0.000000e+00,6.242970e+01,8.206722e+02,3.364319e-01,7.164029e-05,0.000000e+00,5.780105e+01,0.000000e+00,0.000000e+00,-6.940504e-01
1.160429e-02,6.268346e+01,8.203431e+02,-4.200817e-05,-8.142360e-05,3.364319e-01,7.164029e-05,4.960352e-06,0.000000e+00,-6.627591e+00,0.000000e+00,0.000000e+00,0.000000e+00,0.000000e+00,0.000000e+00,0.000000e+00,0.000000e+00,-2.981556e-19,-4.161842e-13,0.000000e+00,0.000000e+00,0.000000e+00,0.000000e+00,6.268346e+01,8.204101e+02,3.364319e-01,7.164029e-05,0.000000e+00,5.784768e+01,0.000000e+00,0.000000e+00,-6.940504e-01
1.161421e-02,6.290757e+01,8.201179e+02,-4.200817e-05,-8.142360e-05,3.364319e-01,7.164029e-05,4.954861e-06,0.000000e+00,-6.627591e+00,0.000000e+00,0.000000e+00,0.000000e+00,0.000000e+00,0.000000e+00,0.000000e+00,0.000000e+00,-2.981556e-19,-4.161842e-13,0.000000e+00,0.000000e+00,0.000000e+00,0.000000e+00,6.290757e+01,8.201774e+02,3.364319e-01,7.164029e-05,0.000000e+00,5.789426e+01,0.000000e+00,0.000000e+00,-6.940504e-01
1.162412e-02,6.310220e+01,8.199223e+02,-4.200817e-05,-8.142360e-05,3.364319e-01,7.164029e-05,4.949892e-06,0.000000e+00,-6.627591e+00,0.000000e+00,0.000000e+00,0.000000e+00,0.000000e+00,0.000000e+00,0.000000e+00,0.000000e+00,-2.981556e-19,-4.161842e-13,0.000000e+00,0.000000e+00,0.000000e+00,0.000000e+00,6.310220e+01,8.199744e+02,3.364319e-01,7.164029e-05,0.000000e+00,5.794078e+01,0.000000e+00,0.000000e+00,-6.940504e-01
1.163402e-02,6.326774e+01,8.197563e+02,-4.200817e-05,-8.142360e-05,3.364319e-01,7.164029e-05,4.945808e-06,0.000000e+00,-6.627591e+00,0.000000e+00,0.000000e+00,0.000000e+00,0.000000e+00,0.000000e+00,0.000000e+00,0.000000e+00,-2.981556e-19,-4.161842e-13,0.000000e+00,0.000000e+00,0.000000e+00,0.000000e+00,6.326774e+01,8.198010e+02,3.364319e-01,7.164029e-05,0.000000e+00,5.798726e+01,0.000000e+00,0.000000e+00,-6.940504e-01
1.164391e-02,6.340498e+01,8.196189e+02,-4.200817e-05,-8.142360e-05,3.364319e-01,7.164029e-05,4.942890e-06,0.000000e+00,-6.627591e+00,0.000000e+00,0.000000e+00,0.000000e+00,0.000000e+00,0.000000e+00,0.000000e+00,0.000000e+00,-2.981556e-19,-4.161842e-13,0.000000e+00,0.000000e+00,0.000000e+00,0.000000e+00,6.340498e+01,8.196566e+02,3.364319e-01,7.164029e-05,0.000000e+00,5.803371e+01,0.000000e+00,0.000000e+00,-6.940504e-01
1.165379e-02,6.351509e+01,8.195087e+02,-4.200817e-05,-8.142360e-05,3.364319e-01,7.164029e-05,4.941283e-06,0.000000e+00,-6.627591e+00,0.000000e+00,0.000000e+00,0.000000e+00,0.000000e+00,0.000000e+00,0.000000e+00,0.000000e+00,-2.981556e-19,-4.161842e-13,0.000000e+00,0.000000e+00,0.000000e+00,0.000000e+00,6.351509e+01,8.195397e+02,3.364319e-01,7.164029e-05,0.000000e+00,5.808013e+01,0.000000e+00,0.000000e+00,-6.940504e-01
1.166367e-02,6.359960e+01,8.194239e+02,-4.200817e-05,-8.142360e-05,3.364319e-01,7.164029e-05,4.940950e-06,0.000000e+00,-6.627591e+00,0.000000e+00,0.000000e+00,0.000000e+00,0.000000e+00,0.000000e+00,0.000000e+00,0.000000e+00,-2.981556e-19,-4.161842e-13,0.000000e+00,0.000000e+00,0.000000e+00,0.000000e+00,6.359960e+01,8.194488e+02,3.364319e-01,7.164029e-05,0.000000e+00,5.812654e+01,0.000000e+00,0.000000e+00,-6.940504e-01
1.167355e-02,6.366026e+01,8.193625e+02,-4.200817e-05,-8.142360e-05,3.364319e-01,7.164029e-05,4.941662e-06,0.000000e+00,-6.627591e+00,0.000000e+00,0.000000e+00,0.000000e+00,0.000000e+00,0.000000e+00,0.000000e+00,0.000000e+00,-2.981556e-19,-4.161842e-13,0.000000e+00,0.000000e+00,0.000000e+00,0.000000e+00,6.366026e+01,8.193818e+02,3.364319e-01,7.164029e-05,0.000000e+00,5.817294e+01,0.000000e+00,0.000000e+00,-6.940504e-01
1.168344e-02,6.369891e+01,8.193228e+02,-4.200817e-05,-8.142360e-05,3.364319e-01,7.164029e-05,4.943016e-06,0.000000e+00,-6.627591e+00,0.000000e+00,0.000000e+00,0.000000e+00,0.000000e+00,0.000000e+00,0.000000e+00,0.000000e+00,-2.981556e-19,-4.161842e-13,0.000000e+00,0.000000e+00,0.000000e+00,0.000000e+00,6.369891e+01,8.193368e+02,3.364319e-01,7.164029e-05,0.000000e+00,5.821936e+01,0.000000e+00,0.000000e+00,-6.940504e-01
1.169332e-02,6.371731e+01,8.193032e+02,-4.200817e-05,-8.142360e-05,3.364319e-01,7.164029e-05,4.944490e-06,0.000000e+00,-6.627591e+00,0.000000e+00,0.000000e+00,0.000000e+00,0.000000e+00,0.000000e+00,0.000000e+00,0.000000e+00,-2.981556e-19,-4.161842e-13,0.000000e+00,0.000000e+00,0.000000e+00,0.000000e+00,6.371731e+01,8.193123e+02,3.364319e-01,7.164029e-05,0.000000e+00,5.826579e+01,0.000000e+00,0.000000e+00,-6.940504e-01
1.170321e-02,6.371704e+01,8.193024e+02,-4.200817e-05,-8.142360e-05,3.364319e-01,7.164029e-05,4.945513e-06,0.000000e+00,-6.627591e+00,0.000000e+00,0.000000e+00,0.000000e+00,0.000000e+00,0.000000e+00,0.000000e+00,0.000000e+00,-2.981556e-19,-4.161842e-13,0.000000e+00,0.000000e+00,0.000000e+00,0.000000e+00,6.371704e+01,8.193070e+02,3.364319e-01,7.164029e-05,0.000000e+00,5.831223e+01,0.000000e+00,0.000000e+00,-6.940504e-01
1.171311e-02,6.369940e+01,8.193195e+02,-4.200817e-05,-8.142360e-05,3.364319e-01,7.164029e-05,4.945548e-06,0.000000e+00,-6.627591e+00,0.000000e+00,0.000000e+00,0.000000e+00,0.000000e+00,0.000000e+00,0.000000e+00,0.000000e+00,-2.981556e-19,-4.161842e-13,0.000000e+00,0.000000e+00,0.000000e+00,0.000000e+00,6.369940e+01,8.193198e+02,3.364319e-01,7.164029e-05,0.000000e+00,5.835868e+01,0.000000e+00,0.000000e+00,-6.940504e-01
1.172300e-02,6.366538e+01,8.193534e+02,-4.200817e-05,-8.142360e-05,3.364319e-01,7.164029e-05,4.944161e-06,0.000000e+00,-6.627591e+00,0.000000e+00,0.000000e+00,0.000000e+00,0.000000e+00,0.000000e+00,0.000000e+00,0.000000e+00,-2.981556e-19,-4.161842e-13,0.000000e+00,0.000000e+00,0.000000e+00,0.000000e+00,6.366538e+01,8.193495e+02,3.364319e-01,7.164029e-05,0.000000e+00,5.840513e+01,0.000000e+00,0.000000e+00,-6.940504e-01
1.173288e-02,6.361559e+01,8.194033e+02,-4.200817e-05,-8.142360e-05,3.364319e-01,7.164029e-05,4.941068e-06,0.000000e+00,-6.627591e+00,0.000000e+00,0.000000e+00,0.000000e+00,0.000000e+00,0.000000e+00,0.000000e+00,0.000000e+00,-2.981556e-19,-4.161842e-13,0.000000e+00,0.000000e+00,0.000000e+00,0.000000e+00,6.361559e+01,8.193954e+02,3.364319e-01,7.164029e-05,0.000000e+00,5.845156e+01,0.000000e+00,0.000000e+00,-6.940504e-01
1.174276e-02,6.355020e+01,8.194685e+02,-4.200817e-05,-8.142360e-05,3.364319e-01,7.164029e-05,4.936156e-06,0.000000e+00,-6.627591e+00,0.000000e+00,0.000000e+00,0.000000e+00,0.000000e+00,0.000000e+00,0.000000e+00,0.000000e+00,-2.981556e-19,-4.161842e-13,0.000000e+00,0.000000e+00,0.000000e+00,0.000000e+00,6.355020e+01,8.194568e+02,3.364319e-01,7.164029e-05,0.000000e+00,5.849796e+01,0.000000e+00,0.000000e+00,-6.940504e-01
1.175263e-02,6.346889e+01,8.195491e+02,-4.200817e-05,-8.142360e-05,3.364319e-01,7.164029e-05,4.929479e-06,0.000000e+00,-6.627591e+00,0.000000e+00,0.000000e+00,0.000000e+00,0.000000e+00,0.000000e+00,0.000000e+00,0.000000e+00,-2.981556e-19,-4.161842e-13,0.000000e+00,0.000000e+00,0.000000e+00,0.000000e+00,6.346889e+01,8.195336e+02,3.364319e-01,7.164029e-05,0.000000e+00,5.854430e+01,0.000000e+00,0.000000e+00,-6.940504e-01
1.176249e-02,6.337088e+01,8.196456e+02,-4.200817e-05,-8.142360e-05,3.364319e-01,7.164029e-05,4.921239e-06,0.000000e+00,-6.627591e+00,0.000000e+00,0.000000e+00,0.000000e+00,0.000000e+00,0.000000e+00,0.000000e+00,0.000000e+00,-2.981556e-19,-4.161842e-13,0.000000e+00,0.000000e+00,0.000000e+00,0.000000e+00,6.337088e+01,8.196260e+02,3.364319e-01,7.164029e-05,0.000000e+00,5.859058e+01,0.000000e+00,0.000000e+00,-6.940504e-01
1.177233e-02,6.325492e+01,8.197596e+02,-4.200817e-05,-8.142360e-05,3.364319e-01,7.164029e-05,4.911763e-06,0.000000e+00,-6.627591e+00,0.000000e+00,0.000000e+00,0.000000e+00,0.000000e+00,0.000000e+00,0.000000e+00,0.000000e+00,-2.981556e-19,-4.161842e-13,0.000000e+00,0.000000e+00,0.000000e+00,0.000000e+00,6.325492e+01,8.197354e+02,3.364319e-01,7.164029e-05,0.000000e+00,5.863678e+01,0.000000e+00,0.000000e+00,-6.940504e-01
1.178214e-02,6.311950e+01,8.198928e+02,-4.200817e-05,-8.142360e-05,3.364319e-01,7.164029e-05,4.901472e-06,0.000000e+00,-6.627591e+00,0.000000e+00,0.000000e+00,0.000000e+00,0.000000e+00,0.000000e+00,0.000000e+00,0.000000e+00,-2.981556e-19,-4.161842e-13,0.000000e+00,0.000000e+00,0.000000e+00,0.000000e+00,6.311950e+01,8.198635e+02,3.364319e-01,7.164029e-05,0.000000e+00,5.868290e+01,0.000000e+00,0.000000e+00,-6.940504e-01
1.179194e-02,6.296299e+01,8.200472e+02,-4.200817e-05,-8.142360e-05,3.364319e-01,7.164029e-05,4.890846e-06,0.000000e+00,-6.627591e+00,0.000000e+00,0.000000e+00,0.000000e+00,0.000000e+00,0.000000e+00,0.000000e+00,0.000000e+00,-2.981556e-19,-4.161842e-13,0.000000e+00,0.000000e+00,0.000000e+00,0.000000e+00,6.296299e+01,8.200124e+02,3.364319e-01,7.164029e-05,0.000000e+00,5.872890e+01,0.000000e+00,0.000000e+00,-6.940504e-01
1.180172e-02,6.278381e+01,8.202250e+02,-4.200817e-05,-8.142360e-05,3.364319e-01,7.164029e-05,4.880389e-06,0.000000e+00,-6.627591e+00,0.000000e+00,0.000000e+00,0.000000e+00,0.000000e+00,0.000000e+00,0.000000e+00,0.000000e+00,-2.981556e-19,-4.161842e-13,0.000000e+00,0.000000e+00,0.000000e+00,0.000000e+00,6.278381e+01,8.201841e+02,3.364319e-01,7.164029e-05,0.000000e+00,5.877481e+01,0.000000e+00,0.000000e+00,-6.940504e-01
1.181147e-02,6.258053e+01,8.204275e+02,-4.200817e-05,-8.142360e-05,3.364319e-01,7.164029e-05,4.870577e-06,0.000000e+00,-6.627591e+00,0.000000e+00,0.000000e+00,0.000000e+00,0.000000e+00,0.000000e+00,0.000000e+00,0.000000e+00,-2.981556e-19,-4.161842e-13,0.000000e+00,0.000000e+00,0.000000e+00,0.000000e+00,6.258053e+01,8.203802e+02,3.364319e-01,7.164029e-05,0.000000e+00,5.882063e+01,0.000000e+00,0.000000e+00,-6.940504e-01
1.182121e-02,6.235189e+01,8.206561e+02,-4.200817e-05,-8.142360e-05,3.364319e-01,7.164029e-05,4.861812e-06,0.000000e+00,-6.627591e+00,0.000000e+00,0.000000e+00,0.000000e+00,0.000000e+00,0.000000e+00,0.000000e+00,0.000000e+00,-2.981556e-19,-4.161842e-13,0.000000e+00,0.000000e+00,0.000000e+00,0.000000e+00,6.235189e+01,8.206022e+02,3.364319e-01,7.164029e-05,0.000000e+00,5.886636e+01,0.000000e+00,0.000000e+00,-6.940504e-01
1.183093e-02,6.209673e+01,8.209118e+02,-4.200817e-05,-8.142360e-05,3.364319e-01,7.164029e-05,4.854358e-06,0.000000e+00,-6.627591e+00,0.000000e+00,0.000000e+00,0.000000e+00,0.000000e+00,0.000000e+00,0.000000e+00,0.000000e+00,-2.981556e-19,-4.161842e-13,0.000000e+00,0.000000e+00,0.000000e+00,0.000000e+00,6.209673e+01,8.208510e+02,3.364319e-01,7.164029e-05,0.000000e+00,5.891200e+01,0.000000e+00,0.000000e+00,-6.940504e-01
1.184064e-02,6.181382e+01,8.211953e+02,-4.200817e-05,-8.142360e-05,3.364319e-01,7.164029e-05,4.848323e-06,0.000000e+00,-6.627591e+00,0.000000e+00,0.000000e+00,0.000000e+00,0.000000e+00,0.000000e+00,0.000000e+00,0.000000e+00,-2.981556e-19,-4.161842e-13,0.000000e+00,0.000000e+00,0.000000e+00,0.000000e+00,6.181382e+01,8.211274e+02,3.364319e-01,7.164029e-05,0.000000e+00,5.895758e+01,0.000000e+00,0.000000e+00,-6.940504e-01
1.185033e-02,6.150164e+01,8.215077e+02,-4.200817e-05,-8.142360e-05,3.364319e-01,7.164029e-05,4.843639e-06,0.000000e+00,-6.627591e+00,0.000000e+00,0.000000e+00,0.000000e+00,0.000000e+00,0.000000e+00,0.000000e+00,0.000000e+00,-2.981556e-19,-4.161842e-13,0.000000e+00,0.000000e+00,0.000000e+00,0.000000e+00,6.150164e+01,8.214324e+02,3.364319e-01,7.164029e-05,0.000000e+00,5.900311e+01,0.000000e+00,0.000000e+00,-6.940504e-01
1.186001e-02,6.115825e+01,8.218506e+02,-4.200817e-05,-8.142360e-05,3.364319e-01,7.164029e-05,4.840088e-06,0.000000e+00,-6.627591e+00,0.000000e+00,0.000000e+00,0.000000e+00,0.000000e+00,0.000000e+00,0.000000e+00,0.000000e+00,-2.981556e-19,-4.161842e-13,0.000000e+00,0.000000e+00,0.000000e+00,0.000000e+00,6.115825e+01,8.217675e+02,3.364319e-01,7.164029e-05,0.000000e+00,5.904859e+01,0.000000e+00,0.000000e+00,-6.940504e-01
1.187453e-02,6.057906e+01,8.224274e+02,-4.200817e-05,-8.142360e-05,3.364319e-01,7.164029e-05,4.836174e-06,0.000000e+00,-6.627591e+00,0.000000e+00,0.000000e+00,0.000000e+00,0.000000e+00,0.000000e+00,0.000000e+00,0.000000e+00,-2.981556e-19,-4.161842e-13,0.000000e+00,0.000000e+00,0.000000e+00,0.000000e+00,6.057906e+01,8.223312e+02,3.364319e-01,7.164029e-05,0.000000e+00,5.911676e+01,0.000000e+00,0.000000e+00,-6.940504e-01
1.188420e-02,6.014555e+01,8.228583e+02,-4.200817e-05,-8.142360e-05,3.364319e-01,7.164029e-05,4.833533e-06,0.000000e+00,-6.627591e+00,0.000000e+00,0.000000e+00,0.000000e+00,0.000000e+00,0.000000e+00,0.000000e+00,0.000000e+00,-2.981556e-19,-4.161842e-13,0.000000e+00,0.000000e+00,0.000000e+00,0.000000e+00,6.014555e+01,8.227523e+02,3.364319e-01,7.164029e-05,0.000000e+00,5.916217e+01,0.000000e+00,0.000000e+00,-6.940504e-01
1.189387e-02,5.967000e+01,8.233311e+02,-4.200817e-05,-8.142360e-05,3.364319e-01,7.164029e-05,4.831128e-06,0.000000e+00,-6.627591e+00,0.000000e+00,0.000000e+00,0.000000e+00,0.000000e+00,0.000000e+00,0.000000e+00,0.000000e+00,-2.981556e-19,-4.161842e-13,0.000000e+00,0.000000e+00,0.000000e+00,0.000000e+00,5.967000e+01,8.232141e+02,3.364319e-01,7.164029e-05,0.000000e+00,5.920757e+01,0.000000e+00,0.000000e+00,-6.940504e-01
1.190353e-02,5.914871e+01,8.238500e+02,-4.200817e-05,-8.142360e-05,3.364319e-01,7.164029e-05,4.828922e-06,0.000000e+00,-6.627591e+00,0.000000e+00,0.000000e+00,0.000000e+00,0.000000e+00,0.000000e+00,0.000000e+00,0.000000e+00,-2.981556e-19,-4.161842e-13,0.000000e+00,0.000000e+00,0.000000e+00,0.000000e+00,5.914871e+01,8.237210e+02,3.364319e-01,7.164029e-05,0.000000e+00,5.925293e+01,0.000000e+00,0.000000e+00,-6.940504e-01
1.191319e-02,5.857830e+01,8.244193e+02,-4.200817e-05,-8.142360e-05,3.364319e-01,7.164029e-05,4.826990e-06,0.000000e+00,-6.627591e+00,0.000000e+00,0.000000e+00,0.000000e+00,0.000000e+00,0.000000e+00,0.000000e+00,0.000000e+00,-2.981556e-19,-4.161842e-13,0.000000e+00,0.000000e+00,0.000000e+00,0.000000e+00,5.857830e+01,8.242773e+02,3.364319e-01,7.164029e-05,0.000000e+00,5.929828e+01,0.000000e+00,0.000000e+00,-6.940504e-01
1.192284e-02,5.795607e+01,8.250419e+02,-4.200817e-05,-8.142360e-05,3.364319e-01,7.164029e-05,4.825502e-06,0.000000e+00,-6.627591e+00,0.000000e+00,0.000000e+00,0.000000e+00,0.000000e+00,0.000000e+00,0.000000e+00,0.000000e+00,-2.981556e-19,-4.161842e-13,0.000000e+00,0.000000e+00,0.000000e+00,0.000000e+00,5.795607e+01,8.248863e+02,3.364319e-01,7.164029e-05,0.000000e+00,5.934362e+01,0.000000e+00,0.000000e+00,-6.940504e-01
1.193249e-02,5.728023e+01,8.257195e+02,-4.200817e-05,-8.142360e-05,3.364319e-01,7.164029e-05,4.823879e-06,0.000000e+00,-6.627591e+00,0.000000e+00,0.000000e+00,0.000000e+00,0.000000e+00,0.000000e+00,0.000000e+00,0.000000e+00,-2.981556e-19,-4.161842e-13,0.000000e+00,0.000000e+00,0.000000e+00,0.000000e+00,5.728023e+01,8.255501e+02,3.364319e-01,7.164029e-05,0.000000e+00,5.938894e+01,0.000000e+00,0.000000e+00,-6.940504e-01
1.194214e-02,5.655011e+01,8.264523e+02,-4.200817e-05,-8.142360e-05,3.364319e-01,7.164029e-05,4.822860e-06,0.000000e+00,-6.627591e+00,0.000000e+00,0.000000e+00,0.000000e+00,0.000000e+00,0.000000e+00,0.000000e+00,0.000000e+00,-2.981556e-19,-4.161842e-13,0.000000e+00,0.000000e+00,0.000000e+00,0.000000e+00,5.655011e+01,8.262692e+02,3.364319e-01,7.164029e-05,0.000000e+00,5.943424e+01,0.000000e+00,0.000000e+00,-6.940504e-01
1.195178e-02,5.576590e+01,8.272392e+02,-4.200817e-05,-8.142360e-05,3.364319e-01,7.164029e-05,4.822680e-06,0.000000e+00,-6.627591e+00,0.000000e+00,0.000000e+00,0.000000e+00,0.000000e+00,0.000000e+00,0.000000e+00,0.000000e+00,-2.981556e-19,-4.161842e-13,0.000000e+00,0.000000e+00,0.000000e+00,0.000000e+00,5.576590e+01,8.270427e+02,3.364319e-01,7.164029e-05,0.000000e+00,5.947953e+01,0.000000e+00,0.000000e+00,-6.940504e-01
1.196143e-02,5.492850e+01,8.280783e+02,-4.200817e-05,-8.142360e-05,3.364319e-01,7.164029e-05,4.823502e-06,0.000000e+00,-6.627591e+00,0.000000e+00,0.000000e+00,0.000000e+00,0.000000e+00,0.000000e+00,0.000000e+00,0.000000e+00,-2.981556e-19,-4.161842e-13,0.000000e+00,0.000000e+00,0.000000e+00,0.000000e+00,5.492850e+01,8.278690e+02,3.364319e-01,7.164029e-05,0.000000e+00,5.952483e+01,0.000000e+00,0.000000e+00,-6.940504e-01
1.197108e-02,5.403916e+01,8.289677e+02,-4.200817e-05,-8.142360e-05,3.364319e-01,7.164029e-05,4.825364e-06,0.000000e+00,-6.627591e+00,0.000000e+00,0.000000e+00,0.000000e+00,0.000000e+00,0.000000e+00,0.000000e+00,0.000000e+00,-2.981556e-19,-4.161842e-13,0.000000e+00,0.000000e+00,0.000000e+00,0.000000e+00,5.403916e+01,8.287461e+02,3.364319e-01,7.164029e-05,0.000000e+00,5.957014e+01,0.000000e+00,0.000000e+00,-6.940504e-01
1.198073e-02,5.309924e+01,8.299057e+02,-4.200817e-05,-8.142360e-05,3.364319e-01,7.164029e-05,4.828180e-06,0.000000e+00,-6.627591e+00,0.000000e+00,0.000000e+00,0.000000e+00,0.000000e+00,0.000000e+00,0.000000e+00,0.000000e+00,-2.981556e-19,-4.161842e-13,0.000000e+00,0.000000e+00,0.000000e+00,0.000000e+00,5.309924e+01,8.296721e+02,3.364319e-01,7.164029e-05,0.000000e+00,5.961547e+01,0.000000e+00,0.000000e+00,-6.940504e-01
1.199039e-02,5.210999e+01,8.308911e+02,-4.200817e-05,-8.142360e-05,3.364319e-01,7.164029e-05,4.831748e-06,0.000000e+00,-6.627591e+00,0.000000e+00,0.000000e+00,0.000000e+00,0.000000e+00,0.000000e+00,0.000000e+00,0.000000e+00,-2.981556e-19,-4.161842e-13,0.000000e+00,0.000000e+00,0.000000e+00,0.000000e+00,5.210999e+01,8.306457e+02,3.364319e-01,7.164029e-05,0.000000e+00,5.966082e+01,0.000000e+00,0.000000e+00,-6.940504e-01
1.200005e-02,5.107249e+01,8.319234e+02,-4.200817e-05,-8.142360e-05,3.364319e-01,7.164029e-05,4.835812e-06,0.000000e+00,-6.627591e+00,0.000000e+00,0.000000e+00,0.000000e+00,0.000000e+00,0.000000e+00,0.000000e+00,0.000000e+00,-2.981556e-19,-4.161842e-13,0.000000e+00,0.000000e+00,0.000000e+00,0.000000e+00,5.107249e+01,8.316663e+02,3.364319e-01,7.164029e-05,0.000000e+00,5.970621e+01,0.000000e+00,0.000000e+00,-6.940504e-01
1.201457e-02,4.942811e+01,8.335593e+02,-4.200817e-05,-8.142360e-05,3.364319e-01,7.164029e-05,4.842205e-06,0.000000e+00,-6.627591e+00,0.000000e+00,0.000000e+00,0.000000e+00,0.000000e+00,0.000000e+00,0.000000e+00,0.000000e+00,-2.981556e-19,-4.161842e-13,0.000000e+00,0.000000e+00,0.000000e+00,0.000000e+00,4.942811e+01,8.332849e+02,3.364319e-01,7.164029e-05,0.000000e+00,5.977437e+01,0.000000e+00,0.000000e+00,-6.940504e-01
1.202425e-02,4.827491e+01,8.347076e+02,-4.200817e-05,-8.142360e-05,3.364319e-01,7.164029e-05,4.846255e-06,0.000000e+00,-6.627591e+00,0.000000e+00,0.000000e+00,0.000000e+00,0.000000e+00,0.000000e+00,0.000000e+00,0.000000e+00,-2.981556e-19,-4.161842e-13,0.000000e+00,0.000000e+00,0.000000e+00,0.000000e+00,4.827491e+01,8.344217e+02,3.364319e-01,7.164029e-05,0.000000e+00,5.981986e+01,0.000000e+00,0.000000e+00,-6.940504e-01
1.203395e-02,4.707820e+01,8.359006e+02,-4.200817e-05,-8.142360e-05,3.364319e-01,7.164029e-05,4.849862e-06,0.000000e+00,-6.627591e+00,0.000000e+00,0.000000e+00,0.000000e+00,0.000000e+00,0.000000e+00,0.000000e+00,0.000000e+00,-2.981556e-19,-4.161842e-13,0.000000e+00,0.000000e+00,0.000000e+00,0.000000e+00,4.707820e+01,8.356038e+02,3.364319e-01,7.164029e-05,0.000000e+00,5.986539e+01,0.000000e+00,0.000000e+00,-6.940504e-01
1.204365e-02,4.584055e+01,8.371363e+02,-4.200817e-05,-8.142360e-05,3.364319e-01,7.164029e-05,4.852865e-06,0.000000e+00,-6.627591e+00,0.000000e+00,0.000000e+00,0.000000e+00,0.000000e+00,0.000000e+00,0.000000e+00,0.000000e+00,-2.981556e-19,-4.161842e-13,0.000000e+00,0.000000e+00,0.000000e+00,0.000000e+00,4.584055e+01,8.368291e+02,3.364319e-01,7.164029e-05,0.000000e+00,5.991095e+01,0.000000e+00,0.000000e+00,-6.940504e-01
1.205335e-02,4.456540e+01,8.384112e+02,-4.200817e-05,-8.142360e-05,3.364319e-01,7.164029e-05,4.855179e-06,0.000000e+00,-6.627591e+00,0.000000e+00,0.000000e+00,0.000000e+00,0.000000e+00,0.000000e+00,0.000000e+00,0.000000e+00,-2.981556e-19,-4.161842e-13,0.000000e+00,0.000000e+00,0.000000e+00,0.000000e+00,4.456540e+01,8.380946e+02,3.364319e-01,7.164029e-05,0.000000e+00,5.995653e+01,0.000000e+00,0.000000e+00,-6.940504e-01
1.206307e-02,4.325722e+01,8.397209e+02,-4.200817e-05,-8.142360e-05,3.364319e-01,7.164029e-05,4.856819e-06,0.000000e+00,-6.627591e+00,0.000000e+00,0.000000e+00,0.000000e+00,0.000000e+00,0.000000e+00,0.000000e+00,0.000000e+00,-2.981556e-19,-4.161842e-13,0.000000e+00,0.000000e+00,0.000000e+00,0.000000e+00,4.325722e+01,8.393962e+02,3.364319e-01,7.164029e-05,0.000000e+00,6.000214e+01,0.000000e+00,0.000000e+00,-6.940504e-01
1.207278e-02,4.192141e+01,8.410599e+02,-4.200817e-05,-8.142360e-05,3.364319e-01,7.164029e-05,4.857890e-06,0.000000e+00,-6.627591e+00,0.000000e+00,0.000000e+00,0.000000e+00,0.000000e+00,0.000000e+00,0.000000e+00,0.000000e+00,-2.981556e-19,-4.161842e-13,0.000000e+00,0.000000e+00,0.000000e+00,0.000000e+00,4.192141e+01,8.407285e+02,3.364319e-01,7.164029e-05,0.000000e+00,6.004776e+01,0.000000e+00,0.000000e+00,-6.940504e-01
1.208250e-02,4.056427e+01,8.424216e+02,-4.200817e-05,-8.142360e-05,3.364319e-01,7.164029e-05,4.858553e-06,0.000000e+00,-6.627591e+00,0.000000e+00,0.000000e+00,0.000000e+00,0.000000e+00,0.000000e+00,0.000000e+00,0.000000e+00,-2.981556e-19,-4.161842e-13,0.000000e+00,0.000000e+00,0.000000e+00,0.000000e+00,4.056427e+01,8.420853e+02,3.364319e-01,7.164029e-05,0.000000e+00,6.009338e+01,0.000000e+00,0.000000e+00,-6.940504e-01
1.209221e-02,3.919278e+01,8.437990e+02,-4.200817e-05,-8.142360e-05,3.364319e-01,7.164029e-05,4.859026e-06,0.000000e+00,-6.627591e+00,0.000000e+00,0.000000e+00,0.000000e+00,0.000000e+00,0.000000e+00,0.000000e+00,0.000000e+00,-2.981556e-19,-4.161842e-13,0.000000e+00,0.000000e+00,0.000000e+00,0.000000e+00,3.919278e+01,8.434596e+02,3.364319e-01,7.164029e-05,0.000000e+00,6.013902e+01,0.000000e+00,0.000000e+00,-6.940504e-01
1.210193e-02,3.781439e+01,8.451838e+02,-4.200817e-05,-8.142360e-05,3.364319e-01,7.164029e-05,4.859551e-06,0.000000e+00,-6.627591e+00,0.000000e+00,0.000000e+00,0.000000e+00,0.000000e+00,0.000000e+00,0.000000e+00,0.000000e+00,-2.981556e-19,-4.161842e-13,0.000000e+00,0.000000e+00,0.000000e+00,0.000000e+00,3.781439e+01,8.448435e+02,3.364319e-01,7.164029e-05,0.000000e+00,6.018465e+01,0.000000e+00,0.000000e+00,-6.940504e-01
1.211165e-02,3.643672e+01,8.465681e+02,-4.200817e-05,-8.142360e-05,3.364319e-01,7.164029e-05,4.860386e-06,0.000000e+00,-6.627591e+00,0.000000e+00,0.000000e+00,0.000000e+00,0.000000e+00,0.000000e+00,0.000000e+00,0.000000e+00,-2.981556e-19,-4.161842e-13,0.000000e+00,0.000000e+00,0.000000e+00,0.000000e+00,3.643672e+01,8.462288e+02,3.364319e-01,7.164029e-05,0.000000e+00,6.023030e+01,0.000000e+00,0.000000e+00,-6.940504e-01
1.212137e-02,3.506722e+01,8.479435e+02,-4.200817e-05,-8.142360e-05,3.364319e-01,7.164029e-05,4.861764e-06,0.000000e+00,-6.627591e+00,0.000000e+00,0.000000e+00,0.000000e+00,0.000000e+00,0.000000e+00,0.000000e+00,0.000000e+00,-2.981556e-19,-4.161842e-13,0.000000e+00,0.000000e+00,0.000000e+00,0.000000e+00,3.506722e+01,8.476074e+02,3.364319e-01,7.164029e-05,0.000000e+00,6.027595e+01,0.000000e+00,0.000000e+00,-6.940504e-01
1.213110e-02,3.371284e+01,8.493024e+02,-4.200817e-05,-8.142360e-05,3.364319e-01,7.164029e-05,4.863851e-06,0.000000e+00,-6.627591e+00,0.000000e+00,0.000000e+00,0.000000e+00,0.000000e+00,0.000000e+00,0.000000e+00,0.000000e+00,-2.981556e-19,-4.161842e-13,0.000000e+00,0.000000e+00,0.000000e+00,0.000000e+00,3.371284e+01,8.489711e+02,3.364319e-01,7.164029e-05,0.000000e+00,6.032162e+01,0.000000e+00,0.000000e+00,-6.940504e-01
1.214083e-02,3.237977e+01,8.506380e+02,-4.200817e-05,-8.142360e-05,3.364319e-01,7.164029e-05,4.866768e-06,0.000000e+00,-6.627591e+00,0.000000e+00,0.000000e+00,0.000000e+00,0.000000e+00,0.000000e+00,0.000000e+00,0.000000e+00,-2.981556e-19,-4.161842e-13,0.000000e+00,0.000000e+00,0.000000e+00,0.000000e+00,3.237977e+01,8.503132e+02,3.364319e-01,7.164029e-05,0.000000e+00,6.036731e+01,0.000000e+00,0.000000e+00,-6.940504e-01
1.215056e-02,3.107325e+01,8.519449e+02,-4.200817e-05,-8.142360e-05,3.364319e-01,7.164029e-05,4.870543e-06,0.000000e+00,-6.627591e+00,0.000000e+00,0.000000e+00,0.000000e+00,0.000000e+00,0.000000e+00,0.000000e+00,0.000000e+00,-2.981556e-19,-4.161842e-13,0.000000e+00,0.000000e+00,0.000000e+00,0.000000e+00,3.107325e+01,8.516278e+02,3.364319e-01,7.164029e-05,0.000000e+00,6.041303e+01,0.000000e+00,0.000000e+00,-6.940504e-01
1.216030e-02,2.979762e+01,8.532192e+02,-4.200817e-05,-8.142360e-05,3.364319e-01,7.164029e-05,4.875129e-06,0.000000e+00,-6.627591e+00,0.000000e+00,0.000000e+00,0.000000e+00,0.000000e+00,0.000000e+00,0.000000e+00,0.000000e+00,-2.981556e-19,-4.161842e-13,0.000000e+00,0.000000e+00,0.000000e+00,0.000000e+00,2.979762e+01,8.529106e+02,3.364319e-01,7.164029e-05,0.000000e+00,6.045878e+01,0.000000e+00,0.000000e+00,-6.940504e-01
1.217006e-02,2.855643e+01,8.544581e+02,-4.200817e-05,-8.142360e-05,3.364319e-01,7.164029e-05,4.880422e-06,0.000000e+00,-6.627591e+00,0.000000e+00,0.000000e+00,0.000000e+00,0.000000e+00,0.000000e+00,0.000000e+00,0.000000e+00,-2.981556e-19,-4.161842e-13,0.000000e+00,0.000000e+00,0.000000e+00,0.000000e+00,2.855643e+01,8.541586e+02,3.364319e-01,7.164029e-05,0.000000e+00,6.050458e+01,0.000000e+00,0.000000e+00,-6.940504e-01
1.218471e-02,2.676593e+01,8.562449e+02,-4.200817e-05,-8.142360e-05,3.364319e-01,7.164029e-05,4.889377e-06,0.000000e+00,-6.627591e+00,0.000000e+00,0.000000e+00,0.000000e+00,0.000000e+00,0.000000e+00,0.000000e+00,0.000000e+00,-2.981556e-19,-4.161842e-13,0.000000e+00,0.000000e+00,0.000000e+00,0.000000e+00,2.676593e+01,8.559602e+02,3.364319e-01,7.164029e-05,0.000000e+00,6.057338e+01,0.000000e+00,0.000000e+00,-6.940504e-01
1.219449e-02,2.562415e+01,8.573849e+02,-4.200817e-05,-8.142360e-05,3.364319e-01,7.164029e-05,4.895799e-06,0.000000e+00,-6.627591e+00,0.000000e+00,0.000000e+00,0.000000e+00,0.000000e+00,0.000000e+00,0.000000e+00,0.000000e+00,-2.981556e-19,-4.161842e-13,0.000000e+00,0.000000e+00,0.000000e+00,0.000000e+00,2.562415e+01,8.571109e+02,3.364319e-01,7.164029e-05,0.000000e+00,6.061932e+01,0.000000e+00,0.000000e+00,-6.940504e-01
1.220428e-02,2.452765e+01,8.584806e+02,-4.200817e-05,-8.142360e-05,3.364319e-01,7.164029e-05,4.902402e-06,0.000000e+00,-6.627591e+00,0.000000e+00,0.000000e+00,0.000000e+00,0.000000e+00,0.000000e+00,0.000000e+00,0.000000e+00,-2.981556e-19,-4.161842e-13,0.000000e+00,0.000000e+00,0.000000e+00,0.000000e+00,2.452765e+01,8.582181e+02,3.364319e-01,7.164029e-05,0.000000e+00,6.066532e+01,0.000000e+00,0.000000e+00,-6.940504e-01
1.221409e-02,2.348016e+01,8.595278e+02,-4.200817e-05,-8.142360e-05,3.364319e-01,7.164029e-05,4.909037e-06,0.000000e+00,-6.627591e+00,0.000000e+00,0.000000e+00,0.000000e+00,0.000000e+00,0.000000e+00,0.000000e+00,0.000000e+00,-2.981556e-19,-4.161842e-13,0.000000e+00,0.000000e+00,0.000000e+00,0.000000e+00,2.348016e+01,8.592779e+02,3.364319e-01,7.164029e-05,0.000000e+00,6.071138e+01,0.000000e+00,0.000000e+00,-6.940504e-01
1.222391e-02,2.248583e+01,8.605221e+02,-4.200817e-05,-8.142360e-05,3.364319e-01,7.164029e-05,4.915565e-06,0.000000e+00,-6.627591e+00,0.000000e+00,0.000000e+00,0.000000e+00,0.000000e+00,0.000000e+00,0.000000e+00,0.000000e+00,-2.981556e-19,-4.161842e-13,0.000000e+00,0.000000e+00,0.000000e+00,0.000000e+00,2.248583e+01,8.602859e+02,3.364319e-01,7.164029e-05,0.000000e+00,6.075750e+01,0.000000e+00,0.000000e+00,-6.940504e-01
1.223375e-02,2.154917e+01,8.614584e+02,-4.200817e-05,-8.142360e-05,3.364319e-01,7.164029e-05,4.921846e-06,0.000000e+00,-6.627591e+00,0.000000e+00,0.000000e+00,0.000000e+00,0.000000e+00,0.000000e+00,0.000000e+00,0.000000e+00,-2.981556e-19,-4.161842e-13,0.000000e+00,0.000000e+00,0.000000e+00,0.000000e+00,2.154917e+01,8.612374e+02,3.364319e-01,7.164029e-05,0.000000e+00,6.080368e+01,0.000000e+00,0.000000e+00,-6.940504e-01
1.224359e-02,2.067485e+01,8.623319e+02,-4.200817e-05,-8.142360e-05,3.364319e-01,7.164029e-05,4.927755e-06,0.000000e+00,-6.627591e+00,0.000000e+00,0.000000e+00,0.000000e+00,0.000000e+00,0.000000e+00,0.000000e+00,0.000000e+00,-2.981556e-19,-4.161842e-13,0.000000e+00,0.000000e+00,0.000000e+00,0.000000e+00,2.067485e+01,8.621271e+02,3.364319e-01,7.164029e-05,0.000000e+00,6.084992e+01,0.000000e+00,0.000000e+00,-6.940504e-01
1.225345e-02,1.986750e+01,8.631380e+02,-4.200817e-05,-8.142360e-05,3.364319e-01,7.164029e-05,4.933167e-06,0.000000e+00,-6.627591e+00,0.000000e+00,0.000000e+00,0.000000e+00,0.000000e+00,0.000000e+00,0.000000e+00,0.000000e+00,-2.981556e-19,-4.161842e-13,0.000000e+00,0.000000e+00,0.000000e+00,0.000000e+00,1.986750e+01,8.629505e+02,3.364319e-01,7.164029e-05,0.000000e+00,6.089622e+01,0.000000e+00,0.000000e+00,-6.940504e-01
1.226332e-02,1.913145e+01,8.638726e+02,-4.200817e-05,-8.142360e-05,3.364319e-01,7.164029e-05,4.937961e-06,0.000000e+00,-6.627591e+00,0.000000e+00,0.000000e+00,0.000000e+00,0.000000e+00,0.000000e+00,0.000000e+00,0.000000e+00,-2.981556e-19,-4.161842e-13,0.000000e+00,0.000000e+00,0.000000e+00,0.000000e+00,1.913145e+01,8.637034e+02,3.364319e-01,7.164029e-05,0.000000e+00,6.094257e+01,0.000000e+00,0.000000e+00,-6.940504e-01
1.227320e-02,1.847057e+01,8.645324e+02,-4.200817e-05,-8.142360e-05,3.364319e-01,7.164029e-05,4.942020e-06,0.000000e+00,-6.627591e+00,0.000000e+00,0.000000e+00,0.000000e+00,0.000000e+00,0.000000e+00,0.000000e+00,0.000000e+00,-2.981556e-19,-4.161842e-13,0.000000e+00,0.000000e+00,0.000000e+00,0.000000e+00,1.847057e+01,8.643823e+02,3.364319e-01,7.164029e-05,0.000000e+00,6.098895e+01,0.000000e+00,0.000000e+00,-6.940504e-01
1.228308e-02,1.788809e+01,8.651146e+02,-4.200817e-05,-8.142360e-05,3.364319e-01,7.164029e-05,4.945271e-06,0.000000e+00,-6.627591e+00,0.000000e+00,0.000000e+00,0.000000e+00,0.000000e+00,0.000000e+00,0.000000e+00,0.000000e+00,-2.981556e-19,-4.161842e-13,0.000000e+00,0.000000e+00,0.000000e+00,0.000000e+00,1.788809e+01,8.649841e+02,3.364319e-01,7.164029e-05,0.000000e+00,6.103538e+01,0.000000e+00,0.000000e+00,-6.940504e-01
1.229298e-02,1.738661e+01,8.656169e+02,-4.200817e-05,-8.142360e-05,3.364319e-01,7.164029e-05,4.947669e-06,0.000000e+00,-6.627591e+00,0.000000e+00,0.000000e+00,0.000000e+00,0.000000e+00,0.000000e+00,0.000000e+00,0.000000e+00,-2.981556e-19,-4.161842e-13,0.000000e+00,0.000000e+00,0.000000e+00,0.000000e+00,1.738661e+01,8.655066e+02,3.364319e-01,7.164029e-05,0.000000e+00,6.108183e+01,0.000000e+00,0.000000e+00,-6.940504e-01
1.230287e-02,1.696806e+01,8.660372e+02,-4.200817e-05,-8.142360e-05,3.364319e-01,7.164029e-05,4.949221e-06,0.000000e+00,-6.627591e+00,0.000000e+00,0.000000e+00,0.000000e+00,0.000000e+00,0.000000e+00,0.000000e+00,0.000000e+00,-2.981556e-19,-4.161842e-13,0.000000e+00,0.000000e+00,0.000000e+00,0.000000e+00,1.696806e+01,8.659476e+02,3.364319e-01,7.164029e-05,0.000000e+00,6.112830e+01,0.000000e+00,0.000000e+00,-6.940504e-01
1.231277e-02,1.663378e+01,8.663738e+02,-4.200817e-05,-8.142360e-05,3.364319e-01,7.164029e-05,4.949978e-06,0.000000e+00,-6.627591e+00,0.000000e+00,0.000000e+00,0.000000e+00,0.000000e+00,0.000000e+00,0.000000e+00,0.000000e+00,-2.981556e-19,-4.161842e-13,0.000000e+00,0.000000e+00,0.000000e+00,0.000000e+00,1.663378e+01,8.663053e+02,3.364319e-01,7.164029e-05,0.000000e+00,6.117479e+01,0.000000e+00,0.000000e+00,-6.940504e-01
1.232267e-02,1.638457e+01,8.666255e+02,-4.200817e-05,-8.142360e-05,3.364319e-01,7.164029e-05,4.950042e-06,0.000000e+00,-6.627591e+00,0.000000e+00,0.000000e+00,0.000000e+00,0.000000e+00,0.000000e+00,0.000000e+00,0.000000e+00,-2.981556e-19,-4.161842e-13,0.000000e+00,0.000000e+00,0.000000e+00,0.000000e+00,1.638457e+01,8.665783e+02,3.364319e-01,7.164029e-05,0.000000e+00,6.122128e+01,0.000000e+00,0.000000e+00,-6.940504e-01
1.233257e-02,1.622075e+01,8.667910e+02,-4.200817e-05,-8.142360e-05,3.364319e-01,7.164029e-05,4.949544e-06,0.000000e+00,-6.627591e+00,0.000000e+00,0.000000e+00,0.000000e+00,0.000000e+00,0.000000e+00,0.000000e+00,0.000000e+00,-2.981556e-19,-4.161842e-13,0.000000e+00,0.000000e+00,0.000000e+00,0.000000e+00,1.622075e+01,8.667654e+02,3.364319e-01,7.164029e-05,0.000000e+00,6.126778e+01,0.000000e+00,0.000000e+00,-6.940504e-01
1.234247e-02,1.614217e+01,8.668700e+02,-4.200817e-05,-8.142360e-05,3.364319e-01,7.164029e-05,4.948639e-06,0.000000e+00,-6.627591e+00,0.000000e+00,0.000000e+00,0.000000e+00,0.000000e+00,0.000000e+00,0.000000e+00,0.000000e+00,-2.981556e-19,-4.161842e-13,0.000000e+00,0.000000e+00,0.000000e+00,0.000000e+00,1.614217e+01,8.668661e+02,3.364319e-01,7.164029e-05,0.000000e+00,6.131426e+01,0.000000e+00,0.000000e+00,-6.940504e-01
1.235237e-02,1.614829e+01,8.668625e+02,-4.200817e-05,-8.142360e-05,3.364319e-01,7.164029e-05,4.947491e-06,0.000000e+00,-6.627591e+00,0.000000e+00,0.000000e+00,0.000000e+00,0.000000e+00,0.000000e+00,0.000000e+00,0.000000e+00,-2.981556e-19,-4.161842e-13,0.000000e+00,0.000000e+00,0.000000e+00,0.000000e+00,1.614829e+01,8.668802e+02,3.364319e-01,7.164029e-05,0.000000e+00,6.136074e+01,0.000000e+00,0.000000e+00,-6.940504e-01
1.236226e-02,1.623817e+01,8.667697e+02,-4.200817e-05,-8.142360e-05,3.364319e-01,7.164029e-05,4.946269e-06,0.000000e+00,-6.627591e+00,0.000000e+00,0.000000e+00,0.000000e+00,0.000000e+00,0.000000e+00,0.000000e+00,0.000000e+00,-2.981556e-19,-4.161842e-13,0.000000e+00,0.000000e+00,0.000000e+00,0.000000e+00,1.623817e+01,8.668085e+02,3.364319e-01,7.164029e-05,0.000000e+00,6.140720e+01,0.000000e+00,0.000000e+00,-6.940504e-01
1.237215e-02,1.641052e+01,8.665931e+02,-4.200817e-05,-8.142360e-05,3.364319e-01,7.164029e-05,4.945164e-06,0.000000e+00,-6.627591e+00,0.000000e+00,0.000000e+00,0.000000e+00,0.000000e+00,0.000000e+00,0.000000e+00,0.000000e+00,-2.981556e-19,-4.161842e-13,0.000000e+00,0.000000e+00,0.000000e+00,0.000000e+00,1.641052e+01,8.666526e+02,3.364319e-01,7.164029e-05,0.000000e+00,6.145366e+01,0.000000e+00,0.000000e+00,-6.940504e-01
1.238204e-02,1.666386e+01,8.663349e+02,-4.200817e-05,-8.142360e-05,3.364319e-01,7.164029e-05,4.944399e-06,0.000000e+00,-6.627591e+00,0.000000e+00,0.000000e+00,0.000000e+00,0.000000e+00,0.000000e+00,0.000000e+00,0.000000e+00,-2.981556e-19,-4.161842e-13,0.000000e+00,0.000000e+00,0.000000e+00,0.000000e+00,1.666386e+01,8.664146e+02,3.364319e-01,7.164029e-05,0.000000e+00,6.150010e+01,0.000000e+00,0.000000e+00,-6.940504e-01
1.239193e-02,1.699658e+01,8.659977e+02,-4.200817e-05,-8.142360e-05,3.364319e-01,7.164029e-05,4.944251e-06,0.000000e+00,-6.627591e+00,0.000000e+00,0.000000e+00,0.000000e+00,0.000000e+00,0.000000e+00,0.000000e+00,0.000000e+00,-2.981556e-19,-4.161842e-13,0.000000e+00,0.000000e+00,0.000000e+00,0.000000e+00,1.699658e+01,8.660968e+02,3.364319e-01,7.164029e-05,0.000000e+00,6.154654e+01,0.000000e+00,0.000000e+00,-6.940504e-01
1.240182e-02,1.740706e+01,8.655837e+02,-4.200817e-05,-8.142360e-05,3.364319e-01,7.164029e-05,4.945047e-06,0.000000e+00,-6.627591e+00,0.000000e+00,0.000000e+00,0.000000e+00,0.000000e+00,0.000000e+00,0.000000e+00,0.000000e+00,-2.981556e-19,-4.161842e-13,0.000000e+00,0.000000e+00,0.000000e+00,0.000000e+00,1.740706e+01,8.657018e+02,3.364319e-01,7.164029e-05,0.000000e+00,6.159298e+01,0.000000e+00,0.000000e+00,-6.940504e-01
1.241171e-02,1.789378e+01,8.650952e+02,-4.200817e-05,-8.142360e-05,3.364319e-01,7.164029e-05,4.947145e-06,0.000000e+00,-6.627591e+00,0.000000e+00,0.000000e+00,0.000000e+00,0.000000e+00,0.000000e+00,0.000000e+00,0.000000e+00,-2.981556e-19,-4.161842e-13,0.000000e+00,0.000000e+00,0.000000e+00,0.000000e+00,1.789378e+01,8.652318e+02,3.364319e-01,7.164029e-05,0.000000e+00,6.163943e+01,0.000000e+00,0.000000e+00,-6.940504e-01
1.242161e-02,1.845531e+01,8.645337e+02,-4.200817e-05,-8.142360e-05,3.364319e-01,7.164029e-05,4.950878e-06,0.000000e+00,-6.627591e+00,0.000000e+00,0.000000e+00,0.000000e+00,0.000000e+00,0.000000e+00,0.000000e+00,0.000000e+00,-2.981556e-19,-4.161842e-13,0.000000e+00,0.000000e+00,0.000000e+00,0.000000e+00,1.845531e+01,8.646884e+02,3.364319e-01,7.164029e-05,0.000000e+00,6.168590e+01,0.000000e+00,0.000000e+00,-6.940504e-01
1.243151e-02,1.909026e+01,8.639003e+02,-4.200817e-05,-8.142360e-05,3.364319e-01,7.164029e-05,4.956488e-06,0.000000e+00,-6.627591e+00,0.000000e+00,0.000000e+00,0.000000e+00,0.000000e+00,0.000000e+00,0.000000e+00,0.000000e+00,-2.981556e-19,-4.161842e-13,0.000000e+00,0.000000e+00,0.000000e+00,0.000000e+00,1.909026e+01,8.640728e+02,3.364319e-01,7.164029e-05,0.000000e+00,6.173241e+01,0.000000e+00,0.000000e+00,-6.940504e-01
1.244143e-02,1.979713e+01,8.631960e+02,-4.200817e-05,-8.142360e-05,3.364319e-01,7.164029e-05,4.964068e-06,0.000000e+00,-6.627591e+00,0.000000e+00,0.000000e+00,0.000000e+00,0.000000e+00,0.000000e+00,0.000000e+00,0.000000e+00,-2.981556e-19,-4.161842e-13,0.000000e+00,0.000000e+00,0.000000e+00,0.000000e+00,1.979713e+01,8.633861e+02,3.364319e-01,7.164029e-05,0.000000e+00,6.177898e+01,0.000000e+00,0.000000e+00,-6.940504e-01
1.245136e-02,2.057422e+01,8.624216e+02,-4.200817e-05,-8.142360e-05,3.364319e-01,7.164029e-05,4.973516e-06,0.000000e+00,-6.627591e+00,0.000000e+00,0.000000e+00,0.000000e+00,0.000000e+00,0.000000e+00,0.000000e+00,0.000000e+00,-2.981556e-19,-4.161842e-13,0.000000e+00,0.000000e+00,0.000000e+00,0.000000e+00,2.057422e+01,8.626291e+02,3.364319e-01,7.164029e-05,0.000000e+00,6.182563e+01,0.000000e+00,0.000000e+00,-6.940504e-01
1.246131e-02,2.141936e+01,8.615784e+02,-4.200817e-05,-8.142360e-05,3.364319e-01,7.164029e-05,4.984527e-06,0.000000e+00,-6.627591e+00,0.000000e+00,0.000000e+00,0.000000e+00,0.000000e+00,0.000000e+00,0.000000e+00,0.000000e+00,-2.981556e-19,-4.161842e-13,0.000000e+00,0.000000e+00,0.000000e+00,0.000000e+00,2.141936e+01,8.618030e+02,3.364319e-01,7.164029e-05,0.000000e+00,6.187236e+01,0.000000e+00,0.000000e+00,-6.940504e-01
1.247129e-02,2.232989e+01,8.606687e+02,-4.200817e-05,-8.142360e-05,3.364319e-01,7.164029e-05,4.996621e-06,0.000000e+00,-6.627591e+00,0.000000e+00,0.000000e+00,0.000000e+00,0.000000e+00,0.000000e+00,0.000000e+00,0.000000e+00,-2.981556e-19,-4.161842e-13,0.000000e+00,0.000000e+00,0.000000e+00,0.000000e+00,2.232989e+01,8.609096e+02,3.364319e-01,7.164029e-05,0.000000e+00,6.191920e+01,0.000000e+00,0.000000e+00,-6.940504e-01
1.248129e-02,2.330253e+01,8.596954e+02,-4.200817e-05,-8.142360e-05,3.364319e-01,7.164029e-05,5.009207e-06,0.000000e+00,-6.627591e+00,0.000000e+00,0.000000e+00,0.000000e+00,0.000000e+00,0.000000e+00,0.000000e+00,0.000000e+00,-2.981556e-19,-4.161842e-13,0.000000e+00,0.000000e+00,0.000000e+00,0.000000e+00,2.330253e+01,8.599518e+02,3.364319e-01,7.164029e-05,0.000000e+00,6.196616e+01,0.000000e+00,0.000000e+00,-6.940504e-01
1.249131e-02,2.433349e+01,8.586623e+02,-4.200817e-05,-8.142360e-05,3.364319e-01,7.164029e-05,5.021650e-06,0.000000e+00,-6.627591e+00,0.000000e+00,0.000000e+00,0.000000e+00,0.000000e+00,0.000000e+00,0.000000e+00,0.000000e+00,-2.981556e-19,-4.161842e-13,0.000000e+00,0.000000e+00,0.000000e+00,0.000000e+00,2.433349e+01,8.589332e+02,3.364319e-01,7.164029e-05,0.000000e+00,6.201324e+01,0.000000e+00,0.000000e+00,-6.940504e-01
1.250136e-02,2.541841e+01,8.575743e+02,-4.200817e-05,-8.142360e-05,3.364319e-01,7.164029e-05,5.027257e-06,0.000000e+00,-6.627591e+00,0.000000e+00,0.000000e+00,0.000000e+00,0.000000e+00,0.000000e+00,0.000000e+00,0.000000e+00,-2.981556e-19,-4.161842e-13,0.000000e+00,0.000000e+00,0.000000e+00,0.000000e+00,2.541841e+01,8.578585e+02,3.364319e-01,7.164029e-05,0.000000e+00,6.206042e+01,0.000000e+00,0.000000e+00,-6.940504e-01
1.251142e-02,2.655153e+01,8.564378e+02,-4.200817e-05,-8.142360e-05,3.364319e-01,7.164029e-05,5.029893e-06,0.000000e+00,-6.627591e+00,0.000000e+00,0.000000e+00,0.000000e+00,0.000000e+00,0.000000e+00,0.000000e+00,0.000000e+00,-2.981556e-19,-4.161842e-13,0.000000e+00,0.000000e+00,0.000000e+00,0.000000e+00,2.655153e+01,8.567335e+02,3.364319e-01,7.164029e-05,0.000000e+00,6.210765e+01,0.000000e+00,0.000000e+00,-6.940504e-01
1.252148e-02,2.772833e+01,8.552576e+02,-4.200817e-05,-8.142360e-05,3.364319e-01,7.164029e-05,5.031839e-06,0.000000e+00,-6.627591e+00,0.000000e+00,0.000000e+00,0.000000e+00,0.000000e+00,0.000000e+00,0.000000e+00,0.000000e+00,-2.981556e-19,-4.161842e-13,0.000000e+00,0.000000e+00,0.000000e+00,0.000000e+00,2.772833e+01,8.555637e+02,3.364319e-01,7.164029e-05,0.000000e+00,6.215490e+01,0.000000e+00,0.000000e+00,-6.940504e-01
1.253154e-02,2.894485e+01,8.540381e+02,-4.200817e-05,-8.142360e-05,3.364319e-01,7.164029e-05,5.032875e-06,0.000000e+00,-6.627591e+00,0.000000e+00,0.000000e+00,0.000000e+00,0.000000e+00,0.000000e+00,0.000000e+00,0.000000e+00,-2.981556e-19,-4.161842e-13,0.000000e+00,0.000000e+00,0.000000e+00,0.000000e+00,2.894485e+01,8.543536e+02,3.364319e-01,7.164029e-05,0.000000e+00,6.220216e+01,0.000000e+00,0.000000e+00,-6.940504e-01
1.254161e-02,3.019737e+01,8.527830e+02,-4.200817e-05,-8.142360e-05,3.364319e-01,7.164029e-05,5.032917e-06,0.000000e+00,-6.627591e+00,0.000000e+00,0.000000e+00,0.000000e+00,0.000000e+00,0.000000e+00,0.000000e+00,0.000000e+00,-2.981556e-19,-4.161842e-13,0.000000e+00,0.000000e+00,0.000000e+00,0.000000e+00,3.019737e+01,8.531071e+02,3.364319e-01,7.164029e-05,0.000000e+00,6.224943e+01,0.000000e+00,0.000000e+00,-6.940504e-01
1.255167e-02,3.148229e+01,8.514960e+02,-4.200817e-05,-8.142360e-05,3.364319e-01,7.164029e-05,5.032020e-06,0.000000e+00,-6.627591e+00,0.000000e+00,0.000000e+00,0.000000e+00,0.000000e+00,0.000000e+00,0.000000e+00,0.000000e+00,-2.981556e-19,-4.161842e-13,0.000000e+00,0.000000e+00,0.000000e+00,0.000000e+00,3.148229e+01,8.518276e+02,3.364319e-01,7.164029e-05,0.000000e+00,6.229670e+01,0.000000e+00,0.000000e+00,-6.940504e-01
1.256174e-02,3.279601e+01,8.501805e+02,-4.200817e-05,-8.142360e-05,3.364319e-01,7.164029e-05,5.030374e-06,0.000000e+00,-6.627591e+00,0.000000e+00,0.000000e+00,0.000000e+00,0.000000e+00,0.000000e+00,0.000000e+00,0.000000e+00,-2.981556e-19,-4.161842e-13,0.000000e+00,0.000000e+00,0.000000e+00,0.000000e+00,3.279601e+01,8.505188e+02,3.364319e-01,7.164029e-05,0.000000e+00,6.234396e+01,0.000000e+00,0.000000e+00,-6.940504e-01
1.257180e-02,3.413477e+01,8.488407e+02,-4.200817e-05,-8.142360e-05,3.364319e-01,7.164029e-05,5.028253e-06,0.000000e+00,-6.627591e+00,0.000000e+00,0.000000e+00,0.000000e+00,0.000000e+00,0.000000e+00,0.000000e+00,0.000000e+00,-2.981556e-19,-4.161842e-13,0.000000e+00,0.000000e+00,0.000000e+00,0.000000e+00,3.413477e+01,8.491846e+02,3.364319e-01,7.164029e-05,0.000000e+00,6.239120e+01,0.000000e+00,0.000000e+00,-6.940504e-01
1.258185e-02,3.549465e+01,8.474807e+02,-4.200817e-05,-8.142360e-05,3.364319e-01,7.164029e-05,5.025960e-06,0.000000e+00,-6.627591e+00,0.000000e+00,0.000000e+00,0.000000e+00,0.000000e+00,0.000000e+00,0.000000e+00,0.000000e+00,-2.981556e-19,-4.161842e-13,0.000000e+00,0.000000e+00,0.000000e+00,0.000000e+00,3.549465e+01,8.478292e+02,3.364319e-01,7.164029e-05,0.000000e+00,6.243842e+01,0.000000e+00,0.000000e+00,-6.940504e-01
1.259190e-02,3.687151e+01,8.461050e+02,-4.200817e-05,-8.142360e-05,3.364319e-01,7.164029e-05,5.023799e-06,0.000000e+00,-6.627591e+00,0.000000e+00,0.000000e+00,0.000000e+00,0.000000e+00,0.000000e+00,0.000000e+00,0.000000e+00,-2.981556e-19,-4.161842e-13,0.000000e+00,0.000000e+00,0.000000e+00,0.000000e+00,3.687151e+01,8.464569e+02,3.364319e-01,7.164029e-05,0.000000e+00,6.248562e+01,0.000000e+00,0.000000e+00,-6.940504e-01
1.260195e-02,3.826105e+01,8.447178e+02,-4.200817e-05,-8.142360e-05,3.364319e-01,7.164029e-05,5.021957e-06,0.000000e+00,-6.627591e+00,0.000000e+00,0.000000e+00,0.000000e+00,0.000000e+00,0.000000e+00,0.000000e+00,0.000000e+00,-2.981556e-19,-4.161842e-13,0.000000e+00,0.000000e+00,0.000000e+00,0.000000e+00,3.826105e+01,8.450721e+02,3.364319e-01,7.164029e-05,0.000000e+00,6.253280e+01,0.000000e+00,0.000000e+00,-6.940504e-01
1.261199e-02,3.965881e+01,8.433234e+02,-4.200817e-05,-8.142360e-05,3.364319e-01,7.164029e-05,5.020494e-06,0.000000e+00,-6.627591e+00,0.000000e+00,0.000000e+00,0.000000e+00,0.000000e+00,0.000000e+00,0.000000e+00,0.000000e+00,-2.981556e-19,-4.161842e-13,0.000000e+00,0.000000e+00,0.000000e+00,0.000000e+00,3.965881e+01,8.436791e+02,3.364319e-01,7.164029e-05,0.000000e+00,6.257996e+01,0.000000e+00,0.000000e+00,-6.940504e-01
1.262203e-02,4.106010e+01,8.419262e+02,-4.200817e-05,-8.142360e-05,3.364319e-01,7.164029e-05,5.019330e-06,0.000000e+00,-6.627591e+00,0.000000e+00,0.000000e+00,0.000000e+00,0.000000e+00,0.000000e+00,0.000000e+00,0.000000e+00,-2.981556e-19,-4.161842e-13,0.000000e+00,0.000000e+00,0.000000e+00,0.000000e+00,4.106010e+01,8.422821e+02,3.364319e-01,7.164029e-05,0.000000e+00,6.262712e+01,0.000000e+00,0.000000e+00,-6.940504e-01
1.263207e-02,4.246001e+01,8.405302e+02,-4.200817e-05,-8.142360e-05,3.364319e-01,7.164029e-05,5.018259e-06,0.000000e+00,-6.627591e+00,0.000000e+00,0.000000e+00,0.000000e+00,0.000000e+00,0.000000e+00,0.000000e+00,0.000000e+00,-2.981556e-19,-4.161842e-13,0.000000e+00,0.000000e+00,0.000000e+00,0.000000e+00,4.246001e+01,8.408853e+02,3.364319e-01,7.164029e-05,0.000000e+00,6.267426e+01,0.000000e+00,0.000000e+00,-6.940504e-01
1.264211e-02,4.385337e+01,8.391401e+02,-4.200817e-05,-8.142360e-05,3.364319e-01,7.164029e-05,5.017007e-06,0.000000e+00,-6.627591e+00,0.000000e+00,0.000000e+00,0.000000e+00,0.000000e+00,0.000000e+00,0.000000e+00,0.000000e+00,-2.981556e-19,-4.161842e-13,0.000000e+00,0.000000e+00,0.000000e+00,0.000000e+00,4.385337e+01,8.394933e+02,3.364319e-01,7.164029e-05,0.000000e+00,6.272139e+01,0.000000e+00,0.000000e+00,-6.940504e-01
1.265214e-02,4.523483e+01,8.377607e+02,-4.200817e-05,-8.142360e-05,3.364319e-01,7.164029e-05,5.015304e-06,0.000000e+00,-6.627591e+00,0.000000e+00,0.000000e+00,0.000000e+00,0.000000e+00,0.000000e+00,0.000000e+00,0.000000e+00,-2.981556e-19,-4.161842e-13,0.000000e+00,0.000000e+00,0.000000e+00,0.000000e+00,4.523483e+01,8.381107e+02,3.364319e-01,7.164029e-05,0.000000e+00,6.276851e+01,0.000000e+00,0.000000e+00,-6.940504e-01
1.266217e-02,4.659903e+01,8.363972e+02,-4.200817e-05,-8.142360e-05,3.364319e-01,7.164029e-05,5.012967e-06,0.000000e+00,-6.627591e+00,0.000000e+00,0.000000e+00,0.000000e+00,0.000000e+00,0.000000e+00,0.000000e+00,0.000000e+00,-2.981556e-19,-4.161842e-13,0.000000e+00,0.000000e+00,0.000000e+00,0.000000e+00,4.659903e+01,8.367426e+02,3.364319e-01,7.164029e-05,0.000000e+00,6.281561e+01,0.000000e+00,0.000000e+00,-6.940504e-01
1.267219e-02,4.794077e+01,8.350546e+02,-4.200817e-05,-8.142360e-05,3.364319e-01,7.164029e-05,5.009946e-06,0.000000e+00,-6.627591e+00,0.000000e+00,0.000000e+00,0.000000e+00,0.000000e+00,0.000000e+00,0.000000e+00,0.000000e+00,-2.981556e-19,-4.161842e-13,0.000000e+00,0.000000e+00,0.000000e+00,0.000000e+00,4.794077e+01,8.353942e+02,3.364319e-01,7.164029e-05,0.000000e+00,6.286268e+01,0.000000e+00,0.000000e+00,-6.940504e-01
1.268221e-02,4.925521e+01,8.337382e+02,-4.200817e-05,-8.142360e-05,3.364319e-01,7.164029e-05,5.006355e-06,0.000000e+00,-6.627591e+00,0.000000e+00,0.000000e+00,0.000000e+00,0.000000e+00,0.000000e+00,0.000000e+00,0.000000e+00,-2.981556e-19,-4.161842e-13,0.000000e+00,0.000000e+00,0.000000e+00,0.000000e+00,4.925521e+01,8.340707e+02,3.364319e-01,7.164029e-05,0.000000e+00,6.290973e+01,0.000000e+00,0.000000e+00,-6.940504e-01
1.269222e-02,5.053815e+01,8.324525e+02,-4.200817e-05,-8.142360e-05,3.364319e-01,7.164029e-05,5.002487e-06,0.000000e+00,-6.627591e+00,0.000000e+00,0.000000e+00,0.000000e+00,0.000000e+00,0.000000e+00,0.000000e+00,0.000000e+00,-2.981556e-19,-4.161842e-13,0.000000e+00,0.000000e+00,0.000000e+00,0.000000e+00,5.053815e+01,8.327769e+02,3.364319e-01,7.164029e-05,0.000000e+00,6.295674e+01,0.000000e+00,0.000000e+00,-6.940504e-01
1.270223e-02,5.178611e+01,8.312017e+02,-4.200817e-05,-8.142360e-05,3.364319e-01,7.164029e-05,4.998747e-06,0.000000e+00,-6.627591e+00,0.000000e+00,0.000000e+00,0.000000e+00,0.000000e+00,0.000000e+00,0.000000e+00,0.000000e+00,-2.981556e-19,-4.161842e-13,0.000000e+00,0.000000e+00,0.000000e+00,0.000000e+00,5.178611e+01,8.315169e+02,3.364319e-01,7.164029e-05,0.000000e+00,6.300372e+01,0.000000e+00,0.000000e+00,-6.940504e-01
1.271222e-02,5.299643e+01,8.299889e+02,-4.200817e-05,-8.142360e-05,3.364319e-01,7.164029e-05,4.995569e-06,0.000000e+00,-6.627591e+00,0.000000e+00,0.000000e+00,0.000000e+00,0.000000e+00,0.000000e+00,0.000000e+00,0.000000e+00,-2.981556e-19,-4.161842e-13,0.000000e+00,0.000000e+00,0.000000e+00,0.000000e+00,5.299643e+01,8.302943e+02,3.364319e-01,7.164029e-05,0.000000e+00,6.305066e+01,0.000000e+00,0.000000e+00,-6.940504e-01
1.272221e-02,5.416730e+01,8.288163e+02,-4.200817e-05,-8.142360e-05,3.364319e-01,7.164029e-05,4.993334e-06,0.000000e+00,-6.627591e+00,0.000000e+00,0.000000e+00,0.000000e+00,0.000000e+00,0.000000e+00,0.000000e+00,0.000000e+00,-2.981556e-19,-4.161842e-13,0.000000e+00,0.000000e+00,0.000000e+00,0.000000e+00,5.416730e+01,8.291115e+02,3.364319e-01,7.164029e-05,0.000000e+00,6.309757e+01,0.000000e+00,0.000000e+00,-6.940504e-01
1.273220e-02,5.529765e+01,8.276854e+02,-4.200817e-05,-8.142360e-05,3.364319e-01,7.164029e-05,4.992301e-06,0.000000e+00,-6.627591e+00,0.000000e+00,0.000000e+00,0.000000e+00,0.000000e+00,0.000000e+00,0.000000e+00,0.000000e+00,-2.981556e-19,-4.161842e-13,0.000000e+00,0.000000e+00,0.000000e+00,0.000000e+00,5.529765e+01,8.279700e+02,3.364319e-01,7.164029e-05,0.000000e+00,6.314447e+01,0.000000e+00,0.000000e+00,-6.940504e-01
1.274218e-02,5.638704e+01,8.265966e+02,-4.200817e-05,-8.142360e-05,3.364319e-01,7.164029e-05,4.992564e-06,0.000000e+00,-6.627591e+00,0.000000e+00,0.000000e+00,0.000000e+00,0.000000e+00,0.000000e+00,0.000000e+00,0.000000e+00,-2.981556e-19,-4.161842e-13,0.000000e+00,0.000000e+00,0.000000e+00,0.000000e+00,5.638704e+01,8.268707e+02,3.364319e-01,7.164029e-05,0.000000e+00,6.319135e+01,0.000000e+00,0.000000e+00,-6.940504e-01
1.275217e-02,5.743551e+01,8.255497e+02,-4.200817e-05,-8.142360e-05,3.364319e-01,7.164029e-05,4.994042e-06,0.000000e+00,-6.627591e+00,0.000000e+00,0.000000e+00,0.000000e+00,0.000000e+00,0.000000e+00,0.000000e+00,0.000000e+00,-2.981556e-19,-4.161842e-13,0.000000e+00,0.000000e+00,0.000000e+00,0.000000e+00,5.743551e+01,8.258134e+02,3.364319e-01,7.164029e-05,0.000000e+00,6.323825e+01,0.000000e+00,0.000000e+00,-6.940504e-01
1.276216e-02,5.844340e+01,8.245439e+02,-4.200817e-05,-8.142360e-05,3.364319e-01,7.164029e-05,4.996546e-06,0.000000e+00,-6.627591e+00,0.000000e+00,0.000000e+00,0.000000e+00,0.000000e+00,0.000000e+00,0.000000e+00,0.000000e+00,-2.981556e-19,-4.161842e-13,0.000000e+00,0.000000e+00,0.000000e+00,0.000000e+00,5.844340e+01,8.247974e+02,3.364319e-01,7.164029e-05,0.000000e+00,6.328516e+01,0.000000e+00,0.000000e+00,-6.940504e-01
1.277215e-02,5.941114e+01,8.235784e+02,-4.200817e-05,-8.142360e-05,3.364319e-01,7.164029e-05,4.999796e-06,0.000000e+00,-6.627591e+00,0.000000e+00,0.000000e+00,0.000000e+00,0.000000e+00,0.000000e+00,0.000000e+00,0.000000e+00,-2.981556e-19,-4.161842e-13,0.000000e+00,0.000000e+00,0.000000e+00,0.000000e+00,5.941114e+01,8.238219e+02,3.364319e-01,7.164029e-05,0.000000e+00,6.333210e+01,0.000000e+00,0.000000e+00,-6.940504e-01
1.278215e-02,6.033908e+01,8.226522e+02,-4.200817e-05,-8.142360e-05,3.364319e-01,7.164029e-05,5.003485e-06,0.000000e+00,-6.627591e+00,0.000000e+00,0.000000e+00,0.000000e+00,0.000000e+00,0.000000e+00,0.000000e+00,0.000000e+00,-2.981556e-19,-4.161842e-13,0.000000e+00,0.000000e+00,0.000000e+00,0.000000e+00,6.033908e+01,8.228859e+02,3.364319e-01,7.164029e-05,0.000000e+00,6.337906e+01,0.000000e+00,0.000000e+00,-6.940504e-01
1.279216e-02,6.122734e+01,8.217647e+02,-4.200817e-05,-8.142360e-05,3.364319e-01,7.164029e-05,5.007352e-06,0.000000e+00,-6.627591e+00,0.000000e+00,0.000000e+00,0.000000e+00,0.000000e+00,0.000000e+00,0.000000e+00,0.000000e+00,-2.981556e-19,-4.161842e-13,0.000000e+00,0.000000e+00,0.000000e+00,0.000000e+00,6.122734e+01,8.219888e+02,3.364319e-01,7.164029e-05,0.000000e+00,6.342607e+01,0.000000e+00,0.000000e+00,-6.940504e-01
1.280218e-02,6.207574e+01,8.209161e+02,-4.200817e-05,-8.142360e-05,3.364319e-01,7.164029e-05,5.011256e-06,0.000000e+00,-6.627591e+00,0.000000e+00,0.000000e+00,0.000000e+00,0.000000e+00,0.000000e+00,0.000000e+00,0.000000e+00,-2.981556e-19,-4.161842e-13,0.000000e+00,0.000000e+00,0.000000e+00,0.000000e+00,6.207574e+01,8.211304e+02,3.364319e-01,7.164029e-05,0.000000e+00,6.347311e+01,0.000000e+00,0.000000e+00,-6.940504e-01
1.281220e-02,6.288385e+01,8.201068e+02,-4.200817e-05,-8.142360e-05,3.364319e-01,7.164029e-05,5.015167e-06,0.000000e+00,-6.627591e+00,0.000000e+00,0.000000e+00,0.000000e+00,0.000000e+00,0.000000e+00,0.000000e+00,0.000000e+00,-2.981556e-19,-4.161842e-13,0.000000e+00,0.000000e+00,0.000000e+00,0.000000e+00,6.288385e+01,8.203112e+02,3.364319e-01,7.164029e-05,0.000000e+00,6.352018e+01,0.000000e+00,0.000000e+00,-6.940504e-01
1.282224e-02,6.365110e+01,8.193377e+02,-4.200817e-05,-8.142360e-05,3.364319e-01,7.164029e-05,5.019138e-06,0.000000e+00,-6.627591e+00,0.000000e+00,0.000000e+00,0.000000e+00,0.000000e+00,0.000000e+00,0.000000e+00,0.000000e+00,-2.981556e-19,-4.161842e-13,0.000000e+00,0.000000e+00,0.000000e+00,0.000000e+00,6.365110e+01,8.195320e+02,3.364319e-01,7.164029e-05,0.000000e+00,6.356730e+01,0.000000e+00,0.000000e+00,-6.940504e-01
1.283228e-02,6.437701e+01,8.186098e+02,-4.200817e-05,-8.142360e-05,3.364319e-01,7.164029e-05,5.023260e-06,0.000000e+00,-6.627591e+00,0.000000e+00,0.000000e+00,0.000000e+00,0.000000e+00,0.000000e+00,0.000000e+00,0.000000e+00,-2.981556e-19,-4.161842e-13,0.000000e+00,0.000000e+00,0.000000e+00,0.000000e+00,6.437701e+01,8.187938e+02,3.364319e-01,7.164029e-05,0.000000e+00,6.361444e+01,0.000000e+00,0.000000e+00,-6.940504e-01
1.284232e-02,6.506139e+01,8.179237e+02,-4.200817e-05,-8.142360e-05,3.364319e-01,7.164029e-05,5.027603e-06,0.000000e+00,-6.627591e+00,0.000000e+00,0.000000e+00,0.000000e+00,0.000000e+00,0.000000e+00,0.000000e+00,0.000000e+00,-2.981556e-19,-4.161842e-13,0.000000e+00,0.000000e+00,0.000000e+00,0.000000e+00,6.506139e+01,8.180972e+02,3.364319e-01,7.164029e-05,0.000000e+00,6.366164e+01,0.000000e+00,0.000000e+00,-6.940504e-01
1.285238e-02,6.570443e+01,8.172794e+02,-4.200817e-05,-8.142360e-05,3.364319e-01,7.164029e-05,5.032181e-06,0.000000e+00,-6.627591e+00,0.000000e+00,0.000000e+00,0.000000e+00,0.000000e+00,0.000000e+00,0.000000e+00,0.000000e+00,-2.981556e-19,-4.161842e-13,0.000000e+00,0.000000e+00,0.000000e+00,0.000000e+00,6.570443e+01,8.174425e+02,3.364319e-01,7.164029e-05,0.000000e+00,6.370887e+01,0.000000e+00,0.000000e+00,-6.940504e-01
1.286245e-02,6.630686e+01,8.166762e+02,-4.200817e-05,-8.142360e-05,3.364319e-01,7.164029e-05,5.036904e-06,0.000000e+00,-6.627591e+00,0.000000e+00,0.000000e+00,0.000000e+00,0.000000e+00,0.000000e+00,0.000000e+00,0.000000e+00,-2.981556e-19,-4.161842e-13,0.000000e+00,0.000000e+00,0.000000e+00,0.000000e+00,6.630686e+01,8.168292e+02,3.364319e-01,7.164029e-05,0.000000e+00,6.375614e+01,0.000000e+00,0.000000e+00,-6.940504e-01
1.287252e-02,6.686982e+01,8.161127e+02,-4.200817e-05,-8.142360e-05,3.364319e-01,7.164029e-05,5.041602e-06,0.000000e+00,-6.627591e+00,0.000000e+00,0.000000e+00,0.000000e+00,0.000000e+00,0.000000e+00,0.000000e+00,0.000000e+00,-2.981556e-19,-4.161842e-13,0.000000e+00,0.000000e+00,0.000000e+00,0.000000e+00,6.686982e+01,8.162559e+02,3.364319e-01,7.164029e-05,0.000000e+00,6.380346e+01,0.000000e+00,0.000000e+00,-6.940504e-01
1.288261e-02,6.739468e+01,8.155871e+02,-4.200817e-05,-8.142360e-05,3.364319e-01,7.164029e-05,5.046012e-06,0.000000e+00,-6.627591e+00,0.000000e+00,0.000000e+00,0.000000e+00,0.000000e+00,0.000000e+00,0.000000e+00,0.000000e+00,-2.981556e-19,-4.161842e-13,0.000000e+00,0.000000e+00,0.000000e+00,0.000000e+00,6.739468e+01,8.157211e+02,3.364319e-01,7.164029e-05,0.000000e+00,6.385082e+01,0.000000e+00,0.000000e+00,-6.940504e-01
1.289270e-02,6.788287e+01,8.150979e+02,-4.200817e-05,-8.142360e-05,3.364319e-01,7.164029e-05,5.049814e-06,0.000000e+00,-6.627591e+00,0.000000e+00,0.000000e+00,0.000000e+00,0.000000e+00,0.000000e+00,0.000000e+00,0.000000e+00,-2.981556e-19,-4.161842e-13,0.000000e+00,0.000000e+00,0.000000e+00,0.000000e+00,6.788287e+01,8.152229e+02,3.364319e-01,7.164029e-05,0.000000e+00,6.389822e+01,0.000000e+00,0.000000e+00,-6.940504e-01
1.290281e-02,6.833555e+01,8.146438e+02,-4.200817e-05,-8.142360e-05,3.364319e-01,7.164029e-05,5.052698e-06,0.000000e+00,-6.627591e+00,0.000000e+00,0.000000e+00,0.000000e+00,0.000000e+00,0.000000e+00,0.000000e+00,0.000000e+00,-2.981556e-19,-4.161842e-13,0.000000e+00,0.000000e+00,0.000000e+00,0.000000e+00,6.833555e+01,8.147601e+02,3.364319e-01,7.164029e-05,0.000000e+00,6.394566e+01,0.000000e+00,0.000000e+00,-6.940504e-01
1.291291e-02,6.875353e+01,8.142241e+02,-4.200817e-05,-8.142360e-05,3.364319e-01,7.164029e-05,5.054419e-06,0.000000e+00,-6.627591e+00,0.000000e+00,0.000000e+00,0.000000e+00,0.000000e+00,0.000000e+00,0.000000e+00,0.000000e+00,-2.981556e-19,-4.161842e-13,0.000000e+00,0.000000e+00,0.000000e+00,0.000000e+00,6.875353e+01,8.143318e+02,3.364319e-01,7.164029e-05,0.000000e+00,6.399312e+01,0.000000e+00,0.000000e+00,-6.940504e-01
1.292302e-02,6.913720e+01,8.138387e+02,-4.200817e-05,-8.142360e-05,3.364319e-01,7.164029e-05,5.054855e-06,0.000000e+00,-6.627591e+00,0.000000e+00,0.000000e+00,0.000000e+00,0.000000e+00,0.000000e+00,0.000000e+00,0.000000e+00,-2.981556e-19,-4.161842e-13,0.000000e+00,0.000000e+00,0.000000e+00,0.000000e+00,6.913720e+01,8.139379e+02,3.364319e-01,7.164029e-05,0.000000e+00,6.404060e+01,0.000000e+00,0.000000e+00,-6.940504e-01
1.293313e-02,6.948656e+01,8.134882e+02,-4.200817e-05,-8.142360e-05,3.364319e-01,7.164029e-05,5.051565e-06,0.000000e+00,-6.627591e+00,0.000000e+00,0.000000e+00,0.000000e+00,0.000000e+00,0.000000e+00,0.000000e+00,0.000000e+00,-2.981556e-19,-4.161842e-13,0.000000e+00,0.000000e+00,0.000000e+00,0.000000e+00,6.948656e+01,8.135786e+02,3.364319e-01,7.164029e-05,0.000000e+00,6.408807e+01,0.000000e+00,0.000000e+00,-6.940504e-01
1.294323e-02,6.980123e+01,8.131730e+02,-4.200817e-05,-8.142360e-05,3.364319e-01,7.164029e-05,5.045400e-06,0.000000e+00,-6.627591e+00,0.000000e+00,0.000000e+00,0.000000e+00,0.000000e+00,0.000000e+00,0.000000e+00,0.000000e+00,-2.981556e-19,-4.161842e-13,0.000000e+00,0.000000e+00,0.000000e+00,0.000000e+00,6.980123e+01,8.132545e+02,3.364319e-01,7.164029e-05,0.000000e+00,6.413551e+01,0.000000e+00,0.000000e+00,-6.940504e-01
1.295332e-02,7.008114e+01,8.128935e+02,-4.200817e-05,-8.142360e-05,3.364319e-01,7.164029e-05,5.040318e-06,0.000000e+00,-6.627591e+00,0.000000e+00,0.000000e+00,0.000000e+00,0.000000e+00,0.000000e+00,0.000000e+00,0.000000e+00,-2.981556e-19,-4.161842e-13,0.000000e+00,0.000000e+00,0.000000e+00,0.000000e+00,7.008114e+01,8.129661e+02,3.364319e-01,7.164029e-05,0.000000e+00,6.418288e+01,0.000000e+00,0.000000e+00,-6.940504e-01
1.296340e-02,7.032649e+01,8.126494e+02,-4.200817e-05,-8.142360e-05,3.364319e-01,7.164029e-05,5.036550e-06,0.000000e+00,-6.627591e+00,0.000000e+00,0.000000e+00,0.000000e+00,0.000000e+00,0.000000e+00,0.000000e+00,0.000000e+00,-2.981556e-19,-4.161842e-13,0.000000e+00,0.000000e+00,0.000000e+00,0.000000e+00,7.032649e+01,8.127132e+02,3.364319e-01,7.164029e-05,0.000000e+00,6.423021e+01,0.000000e+00,0.000000e+00,-6.940504e-01
1.297347e-02,7.053778e+01,8.124401e+02,-4.200817e-05,-8.142360e-05,3.364319e-01,7.164029e-05,5.034193e-06,0.000000e+00,-6.627591e+00,0.000000e+00,0.000000e+00,0.000000e+00,0.000000e+00,0.000000e+00,0.000000e+00,0.000000e+00,-2.981556e-19,-4.161842e-13,0.000000e+00,0.000000e+00,0.000000e+00,0.000000e+00,7.053778e+01,8.124952e+02,3.364319e-01,7.164029e-05,0.000000e+00,6.427750e+01,0.000000e+00,0.000000e+00,-6.940504e-01
1.298354e-02,7.071579e+01,8.122643e+02,-4.200817e-05,-8.142360e-05,3.364319e-01,7.164029e-05,5.033220e-06,0.000000e+00,-6.627591e+00,0.000000e+00,0.000000e+00,0.000000e+00,0.000000e+00,0.000000e+00,0.000000e+00,0.000000e+00,-2.981556e-19,-4.161842e-13,0.000000e+00,0.000000e+00,0.000000e+00,0.000000e+00,7.071579e+01,8.123113e+02,3.364319e-01,7.164029e-05,0.000000e+00,6.432478e+01,0.000000e+00,0.000000e+00,-6.940504e-01
1.299360e-02,7.086154e+01,8.121210e+02,-4.200817e-05,-8.142360e-05,3.364319e-01,7.164029e-05,5.033483e-06,0.000000e+00,-6.627591e+00,0.000000e+00,0.000000e+00,0.000000e+00,0.000000e+00,0.000000e+00,0.000000e+00,0.000000e+00,-2.981556e-19,-4.161842e-13,0.000000e+00,0.000000e+00,0.000000e+00,0.000000e+00,7.086154e+01,8.121600e+02,3.364319e-01,7.164029e-05,0.000000e+00,6.437206e+01,0.000000e+00,0.000000e+00,-6.940504e-01
1.300367e-02,7.097623e+01,8.120085e+02,-4.200817e-05,-8.142360e-05,3.364319e-01,7.164029e-05,5.034757e-06,0.000000e+00,-6.627591e+00,0.000000e+00,0.000000e+00,0.000000e+00,0.000000e+00,0.000000e+00,0.000000e+00,0.000000e+00,-2.981556e-19,-4.161842e-13,0.000000e+00,0.000000e+00,0.000000e+00,0.000000e+00,7.097623e+01,8.120399e+02,3.364319e-01,7.164029e-05,0.000000e+00,6.441933e+01,0.000000e+00,0.000000e+00,-6.940504e-01
1.301374e-02,7.106110e+01,8.119257e+02,-4.200817e-05,-8.142360e-05,3.364319e-01,7.164029e-05,5.034608e-06,0.000000e+00,-6.627591e+00,0.000000e+00,0.000000e+00,0.000000e+00,0.000000e+00,0.000000e+00,0.000000e+00,0.000000e+00,-2.981556e-19,-4.161842e-13,0.000000e+00,0.000000e+00,0.000000e+00,0.000000e+00,7.106110e+01,8.119498e+02,3.364319e-01,7.164029e-05,0.000000e+00,6.446663e+01,0.000000e+00,0.000000e+00,-6.940504e-01
1.302381e-02,7.111729e+01,8.118713e+02,-4.200817e-05,-8.142360e-05,3.364319e-01,7.164029e-05,5.033534e-06,0.000000e+00,-6.627591e+00,0.000000e+00,0.000000e+00,0.000000e+00,0.000000e+00,0.000000e+00,0.000000e+00,0.000000e+00,-2.981556e-19,-4.161842e-13,0.000000e+00,0.000000e+00,0.000000e+00,0.000000e+00,7.111729e+01,8.118884e+02,3.364319e-01,7.164029e-05,0.000000e+00,6.451391e+01,0.000000e+00,0.000000e+00,-6.940504e-01
1.303388e-02,7.114586e+01,8.118444e+02,-4.200817e-05,-8.142360e-05,3.364319e-01,7.164029e-05,5.032614e-06,0.000000e+00,-6.627591e+00,0.000000e+00,0.000000e+00,0.000000e+00,0.000000e+00,0.000000e+00,0.000000e+00,0.000000e+00,-2.981556e-19,-4.161842e-13,0.000000e+00,0.000000e+00,0.000000e+00,0.000000e+00,7.114586e+01,8.118547e+02,3.364319e-01,7.164029e-05,0.000000e+00,6.456119e+01,0.000000e+00,0.000000e+00,-6.940504e-01
1.304394e-02,7.114762e+01,8.118441e+02,-4.200817e-05,-8.142360e-05,3.364319e-01,7.164029e-05,5.031758e-06,0.000000e+00,-6.627591e+00,0.000000e+00,0.000000e+00,0.000000e+00,0.000000e+00,0.000000e+00,0.000000e+00,0.000000e+00,-2.981556e-19,-4.161842e-13,0.000000e+00,0.000000e+00,0.000000e+00,0.000000e+00,7.114762e+01,8.118478e+02,3.364319e-01,7.164029e-05,0.000000e+00,6.460845e+01,0.000000e+00,0.000000e+00,-6.940504e-01
1.305400e-02,7.112313e+01,8.118696e+02,-4.202595e-05,-8.142677e-05,3.364317e-01,7.164029e-05,5.030964e-06,0.000000e+00,-6.627591e+00,0.000000e+00,0.000000e+00,0.000000e+00,0.000000e+00,0.000000e+00,0.000000e+00,0.000000e+00,-2.981556e-19,-4.161842e-13,0.000000e+00,0.000000e+00,0.000000e+00,0.000000e+00,7.112313e+01,8.118670e+02,3.364318e-01,7.164029e-05,0.000000e+00,6.465571e+01,0.000000e+00,0.000000e+00,-6.940504e-01
1.306407e-02,7.107267e+01,8.119206e+02,-4.204432e-05,-8.144133e-05,3.364315e-01,7.164029e-05,5.030343e-06,0.000000e+00,-6.627591e+00,0.000000e+00,0.000000e+00,0.000000e+00,0.000000e+00,0.000000e+00,0.000000e+00,0.000000e+00,-2.981556e-19,-4.161842e-13,0.000000e+00,0.000000e+00,0.000000e+00,0.000000e+00,7.107267e+01,8.119116e+02,3.364316e-01,7.164029e-05,0.000000e+00,6.470296e+01,0.000000e+00,0.000000e+00,-6.940504e-01
1.307413e-02,7.099625e+01,8.119969e+02,-4.205380e-05,-8.144890e-05,3.364312e-01,7.164029e-05,5.030125e-06,0.000000e+00,-6.627591e+00,0.000000e+00,0.000000e+00,0.000000e+00,0.000000e+00,0.000000e+00,0.000000e+00,0.000000e+00,-2.981556e-19,-4.161842e-13,0.000000e+00,0.000000e+00,0.000000e+00,0.000000e+00,7.099625e+01,8.119816e+02,3.364313e-01,7.164029e-05,0.000000e+00,6.475021e+01,0.000000e+00,0.000000e+00,-6.940504e-01
1.308419e-02,7.089366e+01,8.120985e+02,-4.206038e-05,-8.144732e-05,3.364309e-01,7.164029e-05,5.030588e-06,0.000000e+00,-6.627591e+00,0.000000e+00,0.000000e+00,0.000000e+00,0.000000e+00,0.000000e+00,0.000000e+00,0.000000e+00,-2.981556e-19,-4.161842e-13,0.000000e+00,0.000000e+00,0.000000e+00,0.000000e+00,7.089366e+01,8.120769e+02,3.364310e-01,7.164029e-05,0.000000e+00,6.479745e+01,0.000000e+00,0.000000e+00,-6.940504e-01
1.309425e-02,7.076449e+01,8.122255e+02,-4.206422e-05,-8.144060e-05,3.364307e-01,7.164029e-05,5.032011e-06,0.000000e+00,-6.627591e+00,0.000000e+00,0.000000e+00,0.000000e+00,0.000000e+00,0.000000e+00,0.000000e+00,0.000000e+00,-2.981556e-19,-4.161842e-13,0.000000e+00,0.000000e+00,0.000000e+00,0.000000e+00,7.076449e+01,8.121975e+02,3.364307e-01,7.164029e-05,0.000000e+00,6.484470e+01,0.000000e+00,0.000000e+00,-6.940504e-01
1.310431e-02,7.060813e+01,8.123785e+02,-4.206530e-05,-8.143054e-05,3.364304e-01,7.164029e-05,5.034608e-06,0.000000e+00,-6.627591e+00,0.000000e+00,0.000000e+00,0.000000e+00,0.000000e+00,0.000000e+00,0.000000e+00,0.000000e+00,-2.981556e-19,-4.161842e-13,0.000000e+00,0.000000e+00,0.000000e+00,0.000000e+00,7.060813e+01,8.123439e+02,3.364305e-01,7.164029e-05,0.000000e+00,6.489197e+01,0.000000e+00,0.000000e+00,-6.940504e-01
1.311438e-02,7.042397e+01,8.125585e+02,-4.206309e-05,-8.142008e-05,3.364301e-01,7.164029e-05,5.029344e-06,0.000000e+00,-6.627591e+00,0.000000e+00,0.000000e+00,0.000000e+00,0.000000e+00,0.000000e+00,0.000000e+00,0.000000e+00,-2.981556e-19,-4.161842e-13,0.000000e+00,0.000000e+00,0.000000e+00,0.000000e+00,7.042397e+01,8.125170e+02,3.364302e-01,7.164029e-05,0.000000e+00,6.493925e+01,0.000000e+00,0.000000e+00,-6.940504e-01
1.312444e-02,7.021163e+01,8.127662e+02,-4.206162e-05,-8.141573e-05,3.364299e-01,7.164029e-05,5.021240e-06,0.000000e+00,-6.627591e+00,0.000000e+00,0.000000e+00,0.000000e+00,0.000000e+00,0.000000e+00,0.000000e+00,0.000000e+00,-2.981556e-19,-4.161842e-13,0.000000e+00,0.000000e+00,0.000000e+00,0.000000e+00,7.021163e+01,8.127177e+02,3.364300e-01,7.164029e-05,0.000000e+00,6.498647e+01,0.000000e+00,0.000000e+00,-6.940504e-01
1.313447e-02,6.997079e+01,8.130028e+02,-4.207426e-05,-8.142079e-05,3.364296e-01,7.164029e-05,5.011657e-06,0.000000e+00,-6.627591e+00,0.000000e+00,0.000000e+00,0.000000e+00,0.000000e+00,0.000000e+00,0.000000e+00,0.000000e+00,-2.981556e-19,-4.161842e-13,0.000000e+00,0.000000e+00,0.000000e+00,0.000000e+00,6.997079e+01,8.129470e+02,3.364297e-01,7.164029e-05,0.000000e+00,6.503360e+01,0.000000e+00,0.000000e+00,-6.940504e-01
1.314449e-02,6.970123e+01,8.132690e+02,-4.208820e-05,-8.142813e-05,3.364292e-01,7.164029e-05,5.000792e-06,0.000000e+00,-6.627591e+00,0.000000e+00,0.000000e+00,0.000000e+00,0.000000e+00,0.000000e+00,0.000000e+00,0.000000e+00,-2.981556e-19,-4.161842e-13,0.000000e+00,0.000000e+00,0.000000e+00,0.000000e+00,6.970123e+01,8.132056e+02,3.364293e-01,7.164029e-05,0.000000e+00,6.508064e+01,0.000000e+00,0.000000e+00,-6.940504e-01
1.315449e-02,6.940302e+01,8.135651e+02,-4.209597e-05,-8.143680e-05,3.364289e-01,7.164029e-05,4.988897e-06,0.000000e+00,-6.627591e+00,0.000000e+00,0.000000e+00,0.000000e+00,0.000000e+00,0.000000e+00,0.000000e+00,0.000000e+00,-2.981556e-19,-4.161842e-13,0.000000e+00,0.000000e+00,0.000000e+00,0.000000e+00,6.940302e+01,8.134943e+02,3.364290e-01,7.164029e-05,0.000000e+00,6.512759e+01,0.000000e+00,0.000000e+00,-6.940504e-01
1.316446e-02,6.907642e+01,8.138909e+02,-4.209298e-05,-8.144861e-05,3.364286e-01,7.164029e-05,4.976275e-06,0.000000e+00,-6.627591e+00,0.000000e+00,0.000000e+00,0.000000e+00,0.000000e+00,0.000000e+00,0.000000e+00,0.000000e+00,-2.981556e-19,-4.161842e-13,0.000000e+00,0.000000e+00,0.000000e+00,0.000000e+00,6.907642e+01,8.138126e+02,3.364287e-01,7.164029e-05,0.000000e+00,6.517442e+01,0.000000e+00,0.000000e+00,-6.940504e-01
1.317440e-02,6.872186e+01,8.142454e+02,-4.208160e-05,-8.146263e-05,3.364283e-01,7.164029e-05,4.963278e-06,0.000000e+00,-6.627591e+00,0.000000e+00,0.000000e+00,0.000000e+00,0.000000e+00,0.000000e+00,0.000000e+00,0.000000e+00,-2.981556e-19,-4.161842e-13,0.000000e+00,0.000000e+00,0.000000e+00,0.000000e+00,6.872186e+01,8.141600e+02,3.364283e-01,7.164029e-05,0.000000e+00,6.522112e+01,0.000000e+00,0.000000e+00,-6.940504e-01
1.318432e-02,6.833970e+01,8.146279e+02,-4.207876e-05,-8.145811e-05,3.364280e-01,7.164029e-05,4.950301e-06,0.000000e+00,-6.627591e+00,0.000000e+00,0.000000e+00,0.000000e+00,0.000000e+00,0.000000e+00,0.000000e+00,0.000000e+00,-2.981556e-19,-4.161842e-13,0.000000e+00,0.000000e+00,0.000000e+00,0.000000e+00,6.833970e+01,8.145356e+02,3.364281e-01,7.164029e-05,0.000000e+00,6.526771e+01,0.000000e+00,0.000000e+00,-6.940504e-01
1.319422e-02,6.793005e+01,8.150378e+02,-4.207942e-05,-8.145448e-05,3.364278e-01,7.164029e-05,4.937755e-06,0.000000e+00,-6.627591e+00,0.000000e+00,0.000000e+00,0.000000e+00,0.000000e+00,0.000000e+00,0.000000e+00,0.000000e+00,-2.981556e-19,-4.161842e-13,0.000000e+00,0.000000e+00,0.000000e+00,0.000000e+00,6.793005e+01,8.149385e+02,3.364279e-01,7.164029e-05,0.000000e+00,6.531417e+01,0.000000e+00,0.000000e+00,-6.940504e-01
1.320409e-02,6.749265e+01,8.154752e+02,-4.208127e-05,-8.145932e-05,3.364277e-01,7.164029e-05,4.926013e-06,0.000000e+00,-6.627591e+00,0.000000e+00,0.000000e+00,0.000000e+00,0.000000e+00,0.000000e+00,0.000000e+00,0.000000e+00,-2.981556e-19,-4.161842e-13,0.000000e+00,0.000000e+00,0.000000e+00,0.000000e+00,6.749265e+01,8.153690e+02,3.364278e-01,7.164029e-05,0.000000e+00,6.536052e+01,0.000000e+00,0.000000e+00,-6.940504e-01
1.321393e-02,6.702674e+01,8.159407e+02,-4.208430e-05,-8.145915e-05,3.364277e-01,7.164029e-05,4.915374e-06,0.000000e+00,-6.627591e+00,0.000000e+00,0.000000e+00,0.000000e+00,0.000000e+00,0.000000e+00,0.000000e+00,0.000000e+00,-2.981556e-19,-4.161842e-13,0.000000e+00,0.000000e+00,0.000000e+00,0.000000e+00,6.702674e+01,8.158273e+02,3.364277e-01,7.164029e-05,0.000000e+00,6.540676e+01,0.000000e+00,0.000000e+00,-6.940504e-01
1.322376e-02,6.653110e+01,8.164358e+02,-4.208430e-05,-8.145915e-05,3.364277e-01,7.164029e-05,4.906039e-06,0.000000e+00,-6.627591e+00,0.000000e+00,0.000000e+00,0.000000e+00,0.000000e+00,0.000000e+00,0.000000e+00,0.000000e+00,-2.981556e-19,-4.161842e-13,0.000000e+00,0.000000e+00,0.000000e+00,0.000000e+00,6.653110e+01,8.163149e+02,3.364277e-01,7.164029e-05,0.000000e+00,6.545290e+01,0.000000e+00,0.000000e+00,-6.940504e-01
1.323357e-02,6.600412e+01,8.169626e+02,-4.208430e-05,-8.145915e-05,3.364277e-01,7.164029e-05,4.898100e-06,0.000000e+00,-6.627591e+00,0.000000e+00,0.000000e+00,0.000000e+00,0.000000e+00,0.000000e+00,0.000000e+00,0.000000e+00,-2.981556e-19,-4.161842e-13,0.000000e+00,0.000000e+00,0.000000e+00,0.000000e+00,6.600412e+01,8.168334e+02,3.364277e-01,7.164029e-05,0.000000e+00,6.549896e+01,0.000000e+00,0.000000e+00,-6.940504e-01
1.324336e-02,6.544394e+01,8.175231e+02,-4.208430e-05,-8.145915e-05,3.364277e-01,7.164029e-05,4.891539e-06,0.000000e+00,-6.627591e+00,0.000000e+00,0.000000e+00,0.000000e+00,0.000000e+00,0.000000e+00,0.000000e+00,0.000000e+00,-2.981556e-19,-4.161842e-13,0.000000e+00,0.000000e+00,0.000000e+00,0.000000e+00,6.544394e+01,8.173853e+02,3.364277e-01,7.164029e-05,0.000000e+00,6.554495e+01,0.000000e+00,0.000000e+00,-6.940504e-01
1.325314e-02,6.484857e+01,8.181195e+02,-4.208430e-05,-8.145915e-05,3.364277e-01,7.164029e-05,4.886222e-06,0.000000e+00,-6.627591e+00,0.000000e+00,0.000000e+00,0.000000e+00,0.000000e+00,0.000000e+00,0.000000e+00,0.000000e+00,-2.981556e-19,-4.161842e-13,0.000000e+00,0.000000e+00,0.000000e+00,0.000000e+00,6.484857e+01,8.179725e+02,3.364277e-01,7.164029e-05,0.000000e+00,6.559087e+01,0.000000e+00,0.000000e+00,-6.940504e-01
1.326291e-02,6.421600e+01,8.187537e+02,-4.208430e-05,-8.145915e-05,3.364277e-01,7.164029e-05,4.881912e-06,0.000000e+00,-6.627591e+00,0.000000e+00,0.000000e+00,0.000000e+00,0.000000e+00,0.000000e+00,0.000000e+00,0.000000e+00,-2.981556e-19,-4.161842e-13,0.000000e+00,0.000000e+00,0.000000e+00,0.000000e+00,6.421600e+01,8.185970e+02,3.364277e-01,7.164029e-05,0.000000e+00,6.563676e+01,0.000000e+00,0.000000e+00,-6.940504e-01
1.327267e-02,6.354430e+01,8.194274e+02,-4.208430e-05,-8.145915e-05,3.364277e-01,7.164029e-05,4.878290e-06,0.000000e+00,-6.627591e+00,0.000000e+00,0.000000e+00,0.000000e+00,0.000000e+00,0.000000e+00,0.000000e+00,0.000000e+00,-2.981556e-19,-4.161842e-13,0.000000e+00,0.000000e+00,0.000000e+00,0.000000e+00,6.354430e+01,8.192607e+02,3.364277e-01,7.164029e-05,0.000000e+00,6.568260e+01,0.000000e+00,0.000000e+00,-6.940504e-01
1.328243e-02,6.283168e+01,8.201419e+02,-4.208430e-05,-8.145915e-05,3.364277e-01,7.164029e-05,4.875005e-06,0.000000e+00,-6.627591e+00,0.000000e+00,0.000000e+00,0.000000e+00,0.000000e+00,0.000000e+00,0.000000e+00,0.000000e+00,-2.981556e-19,-4.161842e-13,0.000000e+00,0.000000e+00,0.000000e+00,0.000000e+00,6.283168e+01,8.199648e+02,3.364277e-01,7.164029e-05,0.000000e+00,6.572841e+01,0.000000e+00,0.000000e+00,-6.940504e-01
1.329218e-02,6.207653e+01,8.208986e+02,-4.208430e-05,-8.145915e-05,3.364277e-01,7.164029e-05,4.871717e-06,0.000000e+00,-6.627591e+00,0.000000e+00,0.000000e+00,0.000000e+00,0.000000e+00,0.000000e+00,0.000000e+00,0.000000e+00,-2.981556e-19,-4.161842e-13,0.000000e+00,0.000000e+00,0.000000e+00,0.000000e+00,6.207653e+01,8.207108e+02,3.364277e-01,7.164029e-05,0.000000e+00,6.577419e+01,0.000000e+00,0.000000e+00,-6.940504e-01
1.330192e-02,6.127755e+01,8.216984e+02,-4.208430e-05,-8.145915e-05,3.364277e-01,7.164029e-05,4.868132e-06,0.000000e+00,-6.627591e+00,0.000000e+00,0.000000e+00,0.000000e+00,0.000000e+00,0.000000e+00,0.000000e+00,0.000000e+00,-2.981556e-19,-4.161842e-13,0.000000e+00,0.000000e+00,0.000000e+00,0.000000e+00,6.127755e+01,8.214998e+02,3.364277e-01,7.164029e-05,0.000000e+00,6.581994e+01,0.000000e+00,0.000000e+00,-6.940504e-01
1.331165e-02,6.043373e+01,8.225424e+02,-4.208430e-05,-8.145915e-05,3.364277e-01,7.164029e-05,4.864029e-06,0.000000e+00,-6.627591e+00,0.000000e+00,0.000000e+00,0.000000e+00,0.000000e+00,0.000000e+00,0.000000e+00,0.000000e+00,-2.981556e-19,-4.161842e-13,0.000000e+00,0.000000e+00,0.000000e+00,0.000000e+00,6.043373e+01,8.223326e+02,3.364277e-01,7.164029e-05,0.000000e+00,6.586565e+01,0.000000e+00,0.000000e+00,-6.940504e-01
1.332138e-02,5.954449e+01,8.234312e+02,-4.208430e-05,-8.145915e-05,3.364277e-01,7.164029e-05,4.859266e-06,0.000000e+00,-6.627591e+00,0.000000e+00,0.000000e+00,0.000000e+00,0.000000e+00,0.000000e+00,0.000000e+00,0.000000e+00,-2.981556e-19,-4.161842e-13,0.000000e+00,0.000000e+00,0.000000e+00,0.000000e+00,5.954449e+01,8.232101e+02,3.364277e-01,7.164029e-05,0.000000e+00,6.591132e+01,0.000000e+00,0.000000e+00,-6.940504e-01
1.333109e-02,5.860966e+01,8.243652e+02,-4.208430e-05,-8.145915e-05,3.364277e-01,7.164029e-05,4.853793e-06,0.000000e+00,-6.627591e+00,0.000000e+00,0.000000e+00,0.000000e+00,0.000000e+00,0.000000e+00,0.000000e+00,0.000000e+00,-2.981556e-19,-4.161842e-13,0.000000e+00,0.000000e+00,0.000000e+00,0.000000e+00,5.860966e+01,8.241328e+02,3.364277e-01,7.164029e-05,0.000000e+00,6.595695e+01,0.000000e+00,0.000000e+00,-6.940504e-01
1.334080e-02,5.762962e+01,8.253444e+02,-4.208430e-05,-8.145915e-05,3.364277e-01,7.164029e-05,4.847654e-06,0.000000e+00,-6.627591e+00,0.000000e+00,0.000000e+00,0.000000e+00,0.000000e+00,0.000000e+00,0.000000e+00,0.000000e+00,-2.981556e-19,-4.161842e-13,0.000000e+00,0.000000e+00,0.000000e+00,0.000000e+00,5.762962e+01,8.251007e+02,3.364277e-01,7.164029e-05,0.000000e+00,6.600253e+01,0.000000e+00,0.000000e+00,-6.940504e-01
1.335049e-02,5.660529e+01,8.263682e+02,-4.208430e-05,-8.145915e-05,3.364277e-01,7.164029e-05,4.840981e-06,0.000000e+00,-6.627591e+00,0.000000e+00,0.000000e+00,0.000000e+00,0.000000e+00,0.000000e+00,0.000000e+00,0.000000e+00,-2.981556e-19,-4.161842e-13,0.000000e+00,0.000000e+00,0.000000e+00,0.000000e+00,5.660529e+01,8.261134e+02,3.364277e-01,7.164029e-05,0.000000e+00,6.604803e+01,0.000000e+00,0.000000e+00,-6.940504e-01
1.336017e-02,5.553817e+01,8.274356e+02,-4.208430e-05,-8.145915e-05,3.364277e-01,7.164029e-05,4.833978e-06,0.000000e+00,-6.627591e+00,0.000000e+00,0.000000e+00,0.000000e+00,0.000000e+00,0.000000e+00,0.000000e+00,0.000000e+00,-2.981556e-19,-4.161842e-13,0.000000e+00,0.000000e+00,0.000000e+00,0.000000e+00,5.553817e+01,8.271700e+02,3.364277e-01,7.164029e-05,0.000000e+00,6.609349e+01,0.000000e+00,0.000000e+00,-6.940504e-01
1.337466e-02,5.386206e+01,8.291140e+02,-4.208430e-05,-8.145915e-05,3.364277e-01,7.164029e-05,4.823422e-06,0.000000e+00,-6.627591e+00,0.000000e+00,0.000000e+00,0.000000e+00,0.000000e+00,0.000000e+00,0.000000e+00,0.000000e+00,-2.981556e-19,-4.161842e-13,0.000000e+00,0.000000e+00,0.000000e+00,0.000000e+00,5.386206e+01,8.288334e+02,3.364277e-01,7.164029e-05,0.000000e+00,6.616154e+01,0.000000e+00,0.000000e+00,-6.940504e-01
1.338430e-02,5.269841e+01,8.302804e+02,-4.208430e-05,-8.145915e-05,3.364277e-01,7.164029e-05,4.816776e-06,0.000000e+00,-6.627591e+00,0.000000e+00,0.000000e+00,0.000000e+00,0.000000e+00,0.000000e+00,0.000000e+00,0.000000e+00,-2.981556e-19,-4.161842e-13,0.000000e+00,0.000000e+00,0.000000e+00,0.000000e+00,5.269841e+01,8.299908e+02,3.364277e-01,7.164029e-05,0.000000e+00,6.620683e+01,0.000000e+00,0.000000e+00,-6.940504e-01
1.339393e-02,5.150157e+01,8.314806e+02,-4.208430e-05,-8.145915e-05,3.364277e-01,7.164029e-05,4.810782e-06,0.000000e+00,-6.627591e+00,0.000000e+00,0.000000e+00,0.000000e+00,0.000000e+00,0.000000e+00,0.000000e+00,0.000000e+00,-2.981556e-19,-4.161842e-13,0.000000e+00,0.000000e+00,0.000000e+00,0.000000e+00,5.150157e+01,8.311830e+02,3.364277e-01,7.164029e-05,0.000000e+00,6.625205e+01,0.000000e+00,0.000000e+00,-6.940504e-01
1.340355e-02,5.027511e+01,8.327107e+02,-4.208430e-05,-8.145915e-05,3.364277e-01,7.164029e-05,4.805695e-06,0.000000e+00,-6.627591e+00,0.000000e+00,0.000000e+00,0.000000e+00,0.000000e+00,0.000000e+00,0.000000e+00,0.000000e+00,-2.981556e-19,-4.161842e-13,0.000000e+00,0.000000e+00,0.000000e+00,0.000000e+00,5.027511e+01,8.324061e+02,3.364277e-01,7.164029e-05,0.000000e+00,6.629723e+01,0.000000e+00,0.000000e+00,-6.940504e-01
1.341316e-02,4.902269e+01,8.339665e+02,-4.208430e-05,-8.145915e-05,3.364277e-01,7.164029e-05,4.801724e-06,0.000000e+00,-6.627591e+00,0.000000e+00,0.000000e+00,0.000000e+00,0.000000e+00,0.000000e+00,0.000000e+00,0.000000e+00,-2.981556e-19,-4.161842e-13,0.000000e+00,0.000000e+00,0.000000e+00,0.000000e+00,4.902269e+01,8.336559e+02,3.364277e-01,7.164029e-05,0.000000e+00,6.634235e+01,0.000000e+00,0.000000e+00,-6.940504e-01
1.342276e-02,4.774797e+01,8.352440e+02,-4.208430e-05,-8.145915e-05,3.364277e-01,7.164029e-05,4.799000e-06,0.000000e+00,-6.627591e+00,0.000000e+00,0.000000e+00,0.000000e+00,0.000000e+00,0.000000e+00,0.000000e+00,0.000000e+00,-2.981556e-19,-4.161842e-13,0.000000e+00,0.000000e+00,0.000000e+00,0.000000e+00,4.774797e+01,8.349283e+02,3.364277e-01,7.164029e-05,0.000000e+00,6.638744e+01,0.000000e+00,0.000000e+00,-6.940504e-01
1.343236e-02,4.645449e+01,8.365394e+02,-4.208430e-05,-8.145915e-05,3.364277e-01,7.164029e-05,4.797564e-06,0.000000e+00,-6.627591e+00,0.000000e+00,0.000000e+00,0.000000e+00,0.000000e+00,0.000000e+00,0.000000e+00,0.000000e+00,-2.981556e-19,-4.161842e-13,0.000000e+00,0.000000e+00,0.000000e+00,0.000000e+00,4.645449e+01,8.362197e+02,3.364277e-01,7.164029e-05,0.000000e+00,6.643251e+01,0.000000e+00,0.000000e+00,-6.940504e-01
1.344196e-02,4.514568e+01,8.378492e+02,-4.208430e-05,-8.145915e-05,3.364277e-01,7.164029e-05,4.797354e-06,0.000000e+00,-6.627591e+00,0.000000e+00,0.000000e+00,0.000000e+00,0.000000e+00,0.000000e+00,0.000000e+00,0.000000e+00,-2.981556e-19,-4.161842e-13,0.000000e+00,0.000000e+00,0.000000e+00,0.000000e+00,4.514568e+01,8.375263e+02,3.364277e-01,7.164029e-05,0.000000e+00,6.647757e+01,0.000000e+00,0.000000e+00,-6.940504e-01
1.345155e-02,4.382492e+01,8.391702e+02,-4.208430e-05,-8.145915e-05,3.364277e-01,7.164029e-05,4.798205e-06,0.000000e+00,-6.627591e+00,0.000000e+00,0.000000e+00,0.000000e+00,0.000000e+00,0.000000e+00,0.000000e+00,0.000000e+00,-2.981556e-19,-4.161842e-13,0.000000e+00,0.000000e+00,0.000000e+00,0.000000e+00,4.382492e+01,8.388449e+02,3.364277e-01,7.164029e-05,0.000000e+00,6.652263e+01,0.000000e+00,0.000000e+00,-6.940504e-01
1.346115e-02,4.249562e+01,8.404995e+02,-4.208430e-05,-8.145915e-05,3.364277e-01,7.164029e-05,4.799870e-06,0.000000e+00,-6.627591e+00,0.000000e+00,0.000000e+00,0.000000e+00,0.000000e+00,0.000000e+00,0.000000e+00,0.000000e+00,-2.981556e-19,-4.161842e-13,0.000000e+00,0.000000e+00,0.000000e+00,0.000000e+00,4.249562e+01,8.401724e+02,3.364277e-01,7.164029e-05,0.000000e+00,6.656770e+01,0.000000e+00,0.000000e+00,-6.940504e-01
1.347075e-02,4.116138e+01,8.418336e+02,-4.208430e-05,-8.145915e-05,3.364277e-01,7.164029e-05,4.802027e-06,0.000000e+00,-6.627591e+00,0.000000e+00,0.000000e+00,0.000000e+00,0.000000e+00,0.000000e+00,0.000000e+00,0.000000e+00,-2.981556e-19,-4.161842e-13,0.000000e+00,0.000000e+00,0.000000e+00,0.000000e+00,4.116138e+01,8.415057e+02,3.364277e-01,7.164029e-05,0.000000e+00,6.661278e+01,0.000000e+00,0.000000e+00,-6.940504e-01
1.348036e-02,3.982613e+01,8.431691e+02,-4.208430e-05,-8.145915e-05,3.364277e-01,7.164029e-05,4.804331e-06,0.000000e+00,-6.627591e+00,0.000000e+00,0.000000e+00,0.000000e+00,0.000000e+00,0.000000e+00,0.000000e+00,0.000000e+00,-2.981556e-19,-4.161842e-13,0.000000e+00,0.000000e+00,0.000000e+00,0.000000e+00,3.982613e+01,8.428413e+02,3.364277e-01,7.164029e-05,0.000000e+00,6.665789e+01,0.000000e+00,0.000000e+00,-6.940504e-01
1.349477e-02,3.783104e+01,8.451654e+02,-4.204670e-05,-8.142162e-05,3.364274e-01,7.164029e-05,4.807312e-06,0.000000e+00,-6.627591e+00,0.000000e+00,0.000000e+00,0.000000e+00,0.000000e+00,0.000000e+00,0.000000e+00,0.000000e+00,-2.981556e-19,-4.161842e-13,0.000000e+00,0.000000e+00,0.000000e+00,0.000000e+00,3.783104e+01,8.448400e+02,3.364275e-01,7.164029e-05,0.000000e+00,6.672559e+01,0.000000e+00,0.000000e+00,-6.940504e-01
1.350439e-02,3.651353e+01,8.464849e+02,-4.201311e-05,-8.139585e-05,3.364272e-01,7.164029e-05,4.808569e-06,0.000000e+00,-6.627591e+00,0.000000e+00,0.000000e+00,0.000000e+00,0.000000e+00,0.000000e+00,0.000000e+00,0.000000e+00,-2.981556e-19,-4.161842e-13,0.000000e+00,0.000000e+00,0.000000e+00,0.000000e+00,3.651353e+01,8.461624e+02,3.364272e-01,7.164029e-05,0.000000e+00,6.677074e+01,0.000000e+00,0.000000e+00,-6.940504e-01
1.351400e-02,3.521275e+01,8.477886e+02,-4.201311e-05,-8.139585e-05,3.364272e-01,7.164029e-05,4.809024e-06,0.000000e+00,-6.627591e+00,0.000000e+00,0.000000e+00,0.000000e+00,0.000000e+00,0.000000e+00,0.000000e+00,0.000000e+00,-2.981556e-19,-4.161842e-13,0.000000e+00,0.000000e+00,0.000000e+00,0.000000e+00,3.521275e+01,8.474708e+02,3.364272e-01,7.164029e-05,0.000000e+00,6.681590e+01,0.000000e+00,0.000000e+00,-6.940504e-01
1.352362e-02,3.393502e+01,8.490698e+02,-4.201311e-05,-8.139585e-05,3.364272e-01,7.164029e-05,4.808603e-06,0.000000e+00,-6.627591e+00,0.000000e+00,0.000000e+00,0.000000e+00,0.000000e+00,0.000000e+00,0.000000e+00,0.000000e+00,-2.981556e-19,-4.161842e-13,0.000000e+00,0.000000e+00,0.000000e+00,0.000000e+00,3.393502e+01,8.487584e+02,3.364272e-01,7.164029e-05,0.000000e+00,6.686108e+01,0.000000e+00,0.000000e+00,-6.940504e-01
1.353324e-02,3.268702e+01,8.503214e+02,-4.201578e-05,-8.138909e-05,3.364272e-01,7.164029e-05,4.807348e-06,0.000000e+00,-6.627591e+00,0.000000e+00,0.000000e+00,0.000000e+00,0.000000e+00,0.000000e+00,0.000000e+00,0.000000e+00,-2.981556e-19,-4.161842e-13,0.000000e+00,0.000000e+00,0.000000e+00,0.000000e+00,3.268702e+01,8.500182e+02,3.364272e-01,7.164029e-05,0.000000e+00,6.690623e+01,0.000000e+00,0.000000e+00,-6.940504e-01
1.354285e-02,3.147567e+01,8.515360e+02,-4.202503e-05,-8.136347e-05,3.364271e-01,7.164029e-05,4.805413e-06,0.000000e+00,-6.627591e+00,0.000000e+00,0.000000e+00,0.000000e+00,0.000000e+00,0.000000e+00,0.000000e+00,0.000000e+00,-2.981556e-19,-4.161842e-13,0.000000e+00,0.000000e+00,0.000000e+00,0.000000e+00,3.147567e+01,8.512428e+02,3.364271e-01,7.164029e-05,0.000000e+00,6.695138e+01,0.000000e+00,0.000000e+00,-6.940504e-01
1.355246e-02,3.030784e+01,8.527065e+02,-4.200225e-05,-8.132379e-05,3.364269e-01,7.164029e-05,4.803031e-06,0.000000e+00,-6.627591e+00,0.000000e+00,0.000000e+00,0.000000e+00,0.000000e+00,0.000000e+00,0.000000e+00,0.000000e+00,-2.981556e-19,-4.161842e-13,0.000000e+00,0.000000e+00,0.000000e+00,0.000000e+00,3.030784e+01,8.524252e+02,3.364270e-01,7.164029e-05,0.000000e+00,6.699651e+01,0.000000e+00,0.000000e+00,-6.940504e-01
1.356207e-02,2.919019e+01,8.538262e+02,-4.195493e-05,-8.128760e-05,3.364266e-01,7.164029e-05,4.800489e-06,0.000000e+00,-6.627591e+00,0.000000e+00,0.000000e+00,0.000000e+00,0.000000e+00,0.000000e+00,0.000000e+00,0.000000e+00,-2.981556e-19,-4.161842e-13,0.000000e+00,0.000000e+00,0.000000e+00,0.000000e+00,2.919019e+01,8.535582e+02,3.364266e-01,7.164029e-05,0.000000e+00,6.704161e+01,0.000000e+00,0.000000e+00,-6.940504e-01
1.357167e-02,2.812900e+01,8.548891e+02,-4.192159e-05,-8.125172e-05,3.364262e-01,7.164029e-05,4.798105e-06,0.000000e+00,-6.627591e+00,0.000000e+00,0.000000e+00,0.000000e+00,0.000000e+00,0.000000e+00,0.000000e+00,0.000000e+00,-2.981556e-19,-4.161842e-13,0.000000e+00,0.000000e+00,0.000000e+00,0.000000e+00,2.812900e+01,8.546359e+02,3.364263e-01,7.164029e-05,0.000000e+00,6.708669e+01,0.000000e+00,0.000000e+00,-6.940504e-01
1.358126e-02,2.713005e+01,8.558895e+02,-4.188561e-05,-8.122328e-05,3.364260e-01,7.164029e-05,4.796201e-06,0.000000e+00,-6.627591e+00,0.000000e+00,0.000000e+00,0.000000e+00,0.000000e+00,0.000000e+00,0.000000e+00,0.000000e+00,-2.981556e-19,-4.161842e-13,0.000000e+00,0.000000e+00,0.000000e+00,0.000000e+00,2.713005e+01,8.556525e+02,3.364260e-01,7.164029e-05,0.000000e+00,6.713175e+01,0.000000e+00,0.000000e+00,-6.940504e-01
1.359085e-02,2.619857e+01,8.568224e+02,-4.185615e-05,-8.119732e-05,3.364258e-01,7.164029e-05,4.795071e-06,0.000000e+00,-6.627591e+00,0.000000e+00,0.000000e+00,0.000000e+00,0.000000e+00,0.000000e+00,0.000000e+00,0.000000e+00,-2.981556e-19,-4.161842e-13,0.000000e+00,0.000000e+00,0.000000e+00,0.000000e+00,2.619857e+01,8.566028e+02,3.364258e-01,7.164029e-05,0.000000e+00,6.717680e+01,0.000000e+00,0.000000e+00,-6.940504e-01
1.360044e-02,2.533921e+01,8.576830e+02,-4.184237e-05,-8.117282e-05,3.364257e-01,7.164029e-05,4.794952e-06,0.000000e+00,-6.627591e+00,0.000000e+00,0.000000e+00,0.000000e+00,0.000000e+00,0.000000e+00,0.000000e+00,0.000000e+00,-2.981556e-19,-4.161842e-13,0.000000e+00,0.000000e+00,0.000000e+00,0.000000e+00,2.533921e+01,8.574819e+02,3.364257e-01,7.164029e-05,0.000000e+00,6.722183e+01,0.000000e+00,0.000000e+00,-6.940504e-01
1.361003e-02,2.455603e+01,8.584671e+02,-4.182975e-05,-8.116098e-05,3.364255e-01,7.164029e-05,4.796007e-06,0.000000e+00,-6.627591e+00,0.000000e+00,0.000000e+00,0.000000e+00,0.000000e+00,0.000000e+00,0.000000e+00,0.000000e+00,-2.981556e-19,-4.161842e-13,0.000000e+00,0.000000e+00,0.000000e+00,0.000000e+00,2.455603e+01,8.582856e+02,3.364255e-01,7.164029e-05,0.000000e+00,6.726687e+01,0.000000e+00,0.000000e+00,-6.940504e-01
1.362443e-02,2.353158e+01,8.594925e+02,-4.182704e-05,-8.115527e-05,3.364253e-01,7.164029e-05,4.799923e-06,0.000000e+00,-6.627591e+00,0.000000e+00,0.000000e+00,0.000000e+00,0.000000e+00,0.000000e+00,0.000000e+00,0.000000e+00,-2.981556e-19,-4.161842e-13,0.000000e+00,0.000000e+00,0.000000e+00,0.000000e+00,2.353158e+01,8.593418e+02,3.364254e-01,7.164029e-05,0.000000e+00,6.733445e+01,0.000000e+00,0.000000e+00,-6.940504e-01
1.363403e-02,2.295292e+01,8.600714e+02,-4.183420e-05,-8.116885e-05,3.364252e-01,7.164029e-05,4.804047e-06,0.000000e+00,-6.627591e+00,0.000000e+00,0.000000e+00,0.000000e+00,0.000000e+00,0.000000e+00,0.000000e+00,0.000000e+00,-2.981556e-19,-4.161842e-13,0.000000e+00,0.000000e+00,0.000000e+00,0.000000e+00,2.295292e+01,8.599420e+02,3.364252e-01,7.164029e-05,0.000000e+00,6.737954e+01,0.000000e+00,0.000000e+00,-6.940504e-01
1.364364e-02,2.246024e+01,8.605638e+02,-4.184062e-05,-8.117532e-05,3.364250e-01,7.164029e-05,4.809246e-06,0.000000e+00,-6.627591e+00,0.000000e+00,0.000000e+00,0.000000e+00,0.000000e+00,0.000000e+00,0.000000e+00,0.000000e+00,-2.981556e-19,-4.161842e-13,0.000000e+00,0.000000e+00,0.000000e+00,0.000000e+00,2.246024e+01,8.604562e+02,3.364251e-01,7.164029e-05,0.000000e+00,6.742467e+01,0.000000e+00,0.000000e+00,-6.940504e-01
1.365326e-02,2.205504e+01,8.609685e+02,-4.184826e-05,-8.117280e-05,3.364249e-01,7.164029e-05,4.815332e-06,0.000000e+00,-6.627591e+00,0.000000e+00,0.000000e+00,0.000000e+00,0.000000e+00,0.000000e+00,0.000000e+00,0.000000e+00,-2.981556e-19,-4.161842e-13,0.000000e+00,0.000000e+00,0.000000e+00,0.000000e+00,2.205504e+01,8.608830e+02,3.364249e-01,7.164029e-05,0.000000e+00,6.746986e+01,0.000000e+00,0.000000e+00,-6.940504e-01
1.366289e-02,2.173826e+01,8.612845e+02,-4.184849e-05,-8.117277e-05,3.364247e-01,7.164029e-05,4.822073e-06,0.000000e+00,-6.627591e+00,0.000000e+00,0.000000e+00,0.000000e+00,0.000000e+00,0.000000e+00,0.000000e+00,0.000000e+00,-2.981556e-19,-4.161842e-13,0.000000e+00,0.000000e+00,0.000000e+00,0.000000e+00,2.173826e+01,8.612213e+02,3.364247e-01,7.164029e-05,0.000000e+00,6.751509e+01,0.000000e+00,0.000000e+00,-6.940504e-01
1.367254e-02,2.151025e+01,8.615117e+02,-4.184390e-05,-8.117580e-05,3.364245e-01,7.164029e-05,4.829218e-06,0.000000e+00,-6.627591e+00,0.000000e+00,0.000000e+00,0.000000e+00,0.000000e+00,0.000000e+00,0.000000e+00,0.000000e+00,-2.981556e-19,-4.161842e-13,0.000000e+00,0.000000e+00,0.000000e+00,0.000000e+00,2.151025e+01,8.614706e+02,3.364246e-01,7.164029e-05,0.000000e+00,6.756040e+01,0.000000e+00,0.000000e+00,-6.940504e-01
1.368220e-02,2.137085e+01,8.616502e+02,-4.183713e-05,-8.117749e-05,3.364243e-01,7.164029e-05,4.836523e-06,0.000000e+00,-6.627591e+00,0.000000e+00,0.000000e+00,0.000000e+00,0.000000e+00,0.000000e+00,0.000000e+00,0.000000e+00,-2.981556e-19,-4.161842e-13,0.000000e+00,0.000000e+00,0.000000e+00,0.000000e+00,2.137085e+01,8.616312e+02,3.364244e-01,7.164029e-05,0.000000e+00,6.760577e+01,0.000000e+00,0.000000e+00,-6.940504e-01
1.369188e-02,2.131943e+01,8.617009e+02,-4.182896e-05,-8.118717e-05,3.364241e-01,7.164029e-05,4.843789e-06,0.000000e+00,-6.627591e+00,0.000000e+00,0.000000e+00,0.000000e+00,0.000000e+00,0.000000e+00,0.000000e+00,0.000000e+00,-2.981556e-19,-4.161842e-13,0.000000e+00,0.000000e+00,0.000000e+00,0.000000e+00,2.131943e+01,8.617038e+02,3.364242e-01,7.164029e-05,0.000000e+00,6.765121e+01,0.000000e+00,0.000000e+00,-6.940504e-01
1.370157e-02,2.135500e+01,8.616647e+02,-4.182130e-05,-8.120909e-05,3.364239e-01,7.164029e-05,4.850897e-06,0.000000e+00,-6.627591e+00,0.000000e+00,0.000000e+00,0.000000e+00,0.000000e+00,0.000000e+00,0.000000e+00,0.000000e+00,-2.981556e-19,-4.161842e-13,0.000000e+00,0.000000e+00,0.000000e+00,0.000000e+00,2.135500e+01,8.616892e+02,3.364240e-01,7.164029e-05,0.000000e+00,6.769672e+01,0.000000e+00,0.000000e+00,-6.940504e-01
1.371128e-02,2.147630e+01,8.615428e+02,-4.181114e-05,-8.124357e-05,3.364235e-01,7.164029e-05,4.857821e-06,0.000000e+00,-6.627591e+00,0.000000e+00,0.000000e+00,0.000000e+00,0.000000e+00,0.000000e+00,0.000000e+00,0.000000e+00,-2.981556e-19,-4.161842e-13,0.000000e+00,0.000000e+00,0.000000e+00,0.000000e+00,2.147630e+01,8.615886e+02,3.364236e-01,7.164029e-05,0.000000e+00,6.774230e+01,0.000000e+00,0.000000e+00,-6.940504e-01
1.372099e-02,2.168186e+01,8.613367e+02,-4.180438e-05,-8.129256e-05,3.364232e-01,7.164029e-05,4.864641e-06,0.000000e+00,-6.627591e+00,0.000000e+00,0.000000e+00,0.000000e+00,0.000000e+00,0.000000e+00,0.000000e+00,0.000000e+00,-2.981556e-19,-4.161842e-13,0.000000e+00,0.000000e+00,0.000000e+00,0.000000e+00,2.168186e+01,8.614034e+02,3.364233e-01,7.164029e-05,0.000000e+00,6.778794e+01,0.000000e+00,0.000000e+00,-6.940504e-01
1.373073e-02,2.197001e+01,8.610480e+02,-4.180696e-05,-8.135301e-05,3.364228e-01,7.164029e-05,4.871522e-06,0.000000e+00,-6.627591e+00,0.000000e+00,0.000000e+00,0.000000e+00,0.000000e+00,0.000000e+00,0.000000e+00,0.000000e+00,-2.981556e-19,-4.161842e-13,0.000000e+00,0.000000e+00,0.000000e+00,0.000000e+00,2.197001e+01,8.611351e+02,3.364229e-01,7.164029e-05,0.000000e+00,6.783365e+01,0.000000e+00,0.000000e+00,-6.940504e-01
1.374047e-02,2.233886e+01,8.606787e+02,-4.181781e-05,-8.140961e-05,3.364224e-01,7.164029e-05,4.878680e-06,0.000000e+00,-6.627591e+00,0.000000e+00,0.000000e+00,0.000000e+00,0.000000e+00,0.000000e+00,0.000000e+00,0.000000e+00,-2.981556e-19,-4.161842e-13,0.000000e+00,0.000000e+00,0.000000e+00,0.000000e+00,2.233886e+01,8.607857e+02,3.364225e-01,7.164029e-05,0.000000e+00,6.787942e+01,0.000000e+00,0.000000e+00,-6.940504e-01
1.375024e-02,2.278622e+01,8.602313e+02,-4.182671e-05,-8.141417e-05,3.364224e-01,7.164029e-05,4.886338e-06,0.000000e+00,-6.627591e+00,0.000000e+00,0.000000e+00,0.000000e+00,0.000000e+00,0.000000e+00,0.000000e+00,0.000000e+00,-2.981556e-19,-4.161842e-13,0.000000e+00,0.000000e+00,0.000000e+00,0.000000e+00,2.278622e+01,8.603577e+02,3.364224e-01,7.164029e-05,0.000000e+00,6.792525e+01,0.000000e+00,0.000000e+00,-6.940504e-01
1.376001e-02,2.330951e+01,8.597077e+02,-4.183494e-05,-8.141032e-05,3.364223e-01,7.164029e-05,4.894681e-06,0.000000e+00,-6.627591e+00,0.000000e+00,0.000000e+00,0.000000e+00,0.000000e+00,0.000000e+00,0.000000e+00,0.000000e+00,-2.981556e-19,-4.161842e-13,0.000000e+00,0.000000e+00,0.000000e+00,0.000000e+00,2.330951e+01,8.598528e+02,3.364223e-01,7.164029e-05,0.000000e+00,6.797117e+01,0.000000e+00,0.000000e+00,-6.940504e-01
1.377471e-02,2.422991e+01,8.587863e+02,-4.185264e-05,-8.140533e-05,3.364222e-01,7.164029e-05,4.908697e-06,0.000000e+00,-6.627591e+00,0.000000e+00,0.000000e+00,0.000000e+00,0.000000e+00,0.000000e+00,0.000000e+00,0.000000e+00,-2.981556e-19,-4.161842e-13,0.000000e+00,0.000000e+00,0.000000e+00,0.000000e+00,2.422991e+01,8.589580e+02,3.364222e-01,7.164029e-05,0.000000e+00,6.804018e+01,0.000000e+00,0.000000e+00,-6.940504e-01
1.378453e-02,2.492817e+01,8.580870e+02,-4.186307e-05,-8.140494e-05,3.364221e-01,7.164029e-05,4.919032e-06,0.000000e+00,-6.627591e+00,0.000000e+00,0.000000e+00,0.000000e+00,0.000000e+00,0.000000e+00,0.000000e+00,0.000000e+00,-2.981556e-19,-4.161842e-13,0.000000e+00,0.000000e+00,0.000000e+00,0.000000e+00,2.492817e+01,8.582750e+02,3.364221e-01,7.164029e-05,0.000000e+00,6.808631e+01,0.000000e+00,0.000000e+00,-6.940504e-01
1.379438e-02,2.568878e+01,8.573250e+02,-4.187080e-05,-8.140559e-05,3.364221e-01,7.164029e-05,4.930030e-06,0.000000e+00,-6.627591e+00,0.000000e+00,0.000000e+00,0.000000e+00,0.000000e+00,0.000000e+00,0.000000e+00,0.000000e+00,-2.981556e-19,-4.161842e-13,0.000000e+00,0.000000e+00,0.000000e+00,0.000000e+00,2.568878e+01,8.575281e+02,3.364221e-01,7.164029e-05,0.000000e+00,6.813254e+01,0.000000e+00,0.000000e+00,-6.940504e-01
1.380424e-02,2.650636e+01,8.565057e+02,-4.187080e-05,-8.140559e-05,3.364221e-01,7.164029e-05,4.941503e-06,0.000000e+00,-6.627591e+00,0.000000e+00,0.000000e+00,0.000000e+00,0.000000e+00,0.000000e+00,0.000000e+00,0.000000e+00,-2.981556e-19,-4.161842e-13,0.000000e+00,0.000000e+00,0.000000e+00,0.000000e+00,2.650636e+01,8.567226e+02,3.364221e-01,7.164029e-05,0.000000e+00,6.817886e+01,0.000000e+00,0.000000e+00,-6.940504e-01
1.381413e-02,2.737497e+01,8.556349e+02,-4.187080e-05,-8.140559e-05,3.364221e-01,7.164029e-05,4.953220e-06,0.000000e+00,-6.627591e+00,0.000000e+00,0.000000e+00,0.000000e+00,0.000000e+00,0.000000e+00,0.000000e+00,0.000000e+00,-2.981556e-19,-4.161842e-13,0.000000e+00,0.000000e+00,0.000000e+00,0.000000e+00,2.737497e+01,8.558641e+02,3.364221e-01,7.164029e-05,0.000000e+00,6.822530e+01,0.000000e+00,0.000000e+00,-6.940504e-01
1.382404e-02,2.828823e+01,8.547191e+02,-4.187080e-05,-8.140559e-05,3.364221e-01,7.164029e-05,4.964940e-06,0.000000e+00,-6.627591e+00,0.000000e+00,0.000000e+00,0.000000e+00,0.000000e+00,0.000000e+00,0.000000e+00,0.000000e+00,-2.981556e-19,-4.161842e-13,0.000000e+00,0.000000e+00,0.000000e+00,0.000000e+00,2.828823e+01,8.549587e+02,3.364221e-01,7.164029e-05,0.000000e+00,6.827185e+01,0.000000e+00,0.000000e+00,-6.940504e-01
1.383398e-02,2.923952e+01,8.537645e+02,-4.187520e-05,-8.141775e-05,3.364220e-01,7.164029e-05,4.976441e-06,0.000000e+00,-6.627591e+00,0.000000e+00,0.000000e+00,0.000000e+00,0.000000e+00,0.000000e+00,0.000000e+00,0.000000e+00,-2.981556e-19,-4.161842e-13,0.000000e+00,0.000000e+00,0.000000e+00,0.000000e+00,2.923952e+01,8.540131e+02,3.364221e-01,7.164029e-05,0.000000e+00,6.831851e+01,0.000000e+00,0.000000e+00,-6.940504e-01
1.384394e-02,3.022218e+01,8.527778e+02,-4.189445e-05,-8.148620e-05,3.364219e-01,7.164029e-05,4.987533e-06,0.000000e+00,-6.627591e+00,0.000000e+00,0.000000e+00,0.000000e+00,0.000000e+00,0.000000e+00,0.000000e+00,0.000000e+00,-2.981556e-19,-4.161842e-13,0.000000e+00,0.000000e+00,0.000000e+00,0.000000e+00,3.022218e+01,8.530338e+02,3.364219e-01,7.164029e-05,0.000000e+00,6.836527e+01,0.000000e+00,0.000000e+00,-6.940504e-01
1.385392e-02,3.122970e+01,8.517661e+02,-4.191545e-05,-8.156345e-05,3.364217e-01,7.164029e-05,4.998075e-06,0.000000e+00,-6.627591e+00,0.000000e+00,0.000000e+00,0.000000e+00,0.000000e+00,0.000000e+00,0.000000e+00,0.000000e+00,-2.981556e-19,-4.161842e-13,0.000000e+00,0.000000e+00,0.000000e+00,0.000000e+00,3.122970e+01,8.520275e+02,3.364217e-01,7.164029e-05,0.000000e+00,6.841215e+01,0.000000e+00,0.000000e+00,-6.940504e-01
1.386392e-02,3.225589e+01,8.507358e+02,-4.191984e-05,-8.157596e-05,3.364216e-01,7.164029e-05,5.007977e-06,0.000000e+00,-6.627591e+00,0.000000e+00,0.000000e+00,0.000000e+00,0.000000e+00,0.000000e+00,0.000000e+00,0.000000e+00,-2.981556e-19,-4.161842e-13,0.000000e+00,0.000000e+00,0.000000e+00,0.000000e+00,3.225589e+01,8.510013e+02,3.364216e-01,7.164029e-05,0.000000e+00,6.845911e+01,0.000000e+00,0.000000e+00,-6.940504e-01
1.387394e-02,3.329501e+01,8.496934e+02,-4.191984e-05,-8.157596e-05,3.364216e-01,7.164029e-05,5.017200e-06,0.000000e+00,-6.627591e+00,0.000000e+00,0.000000e+00,0.000000e+00,0.000000e+00,0.000000e+00,0.000000e+00,0.000000e+00,-2.981556e-19,-4.161842e-13,0.000000e+00,0.000000e+00,0.000000e+00,0.000000e+00,3.329501e+01,8.499613e+02,3.364216e-01,7.164029e-05,0.000000e+00,6.850616e+01,0.000000e+00,0.000000e+00,-6.940504e-01
1.388398e-02,3.434184e+01,8.486442e+02,-4.191984e-05,-8.157596e-05,3.364216e-01,7.164029e-05,5.025753e-06,0.000000e+00,-6.627591e+00,0.000000e+00,0.000000e+00,0.000000e+00,0.000000e+00,0.000000e+00,0.000000e+00,0.000000e+00,-2.981556e-19,-4.161842e-13,0.000000e+00,0.000000e+00,0.000000e+00,0.000000e+00,3.434184e+01,8.489133e+02,3.364216e-01,7.164029e-05,0.000000e+00,6.855331e+01,0.000000e+00,0.000000e+00,-6.940504e-01
1.389403e-02,3.539174e+01,8.475932e+02,-4.191984e-05,-8.157596e-05,3.364216e-01,7.164029e-05,5.033675e-06,0.000000e+00,-6.627591e+00,0.000000e+00,0.000000e+00,0.000000e+00,0.000000e+00,0.000000e+00,0.000000e+00,0.000000e+00,-2.981556e-19,-4.161842e-13,0.000000e+00,0.000000e+00,0.000000e+00,0.000000e+00,3.539174e+01,8.478623e+02,3.364216e-01,7.164029e-05,0.000000e+00,6.860052e+01,0.000000e+00,0.000000e+00,-6.940504e-01
1.390410e-02,3.644024e+01,8.465446e+02,-4.191984e-05,-8.157596e-05,3.364216e-01,7.164029e-05,5.032913e-06,0.000000e+00,-6.627591e+00,0.000000e+00,0.000000e+00,0.000000e+00,0.000000e+00,0.000000e+00,0.000000e+00,0.000000e+00,-2.981556e-19,-4.161842e-13,0.000000e+00,0.000000e+00,0.000000e+00,0.000000e+00,3.644024e+01,8.468126e+02,3.364216e-01,7.164029e-05,0.000000e+00,6.864780e+01,0.000000e+00,0.000000e+00,-6.940504e-01
1.391417e-02,3.748217e+01,8.455033e+02,-4.191984e-05,-8.157596e-05,3.364216e-01,7.164029e-05,5.029195e-06,0.000000e+00,-6.627591e+00,0.000000e+00,0.000000e+00,0.000000e+00,0.000000e+00,0.000000e+00,0.000000e+00,0.000000e+00,-2.981556e-19,-4.161842e-13,0.000000e+00,0.000000e+00,0.000000e+00,0.000000e+00,3.748217e+01,8.457691e+02,3.364216e-01,7.164029e-05,0.000000e+00,6.869507e+01,0.000000e+00,0.000000e+00,-6.940504e-01
1.392422e-02,3.851385e+01,8.444723e+02,-4.191984e-05,-8.157596e-05,3.364216e-01,7.164029e-05,5.023870e-06,0.000000e+00,-6.627591e+00,0.000000e+00,0.000000e+00,0.000000e+00,0.000000e+00,0.000000e+00,0.000000e+00,0.000000e+00,-2.981556e-19,-4.161842e-13,0.000000e+00,0.000000e+00,0.000000e+00,0.000000e+00,3.851385e+01,8.447353e+02,3.364216e-01,7.164029e-05,0.000000e+00,6.874229e+01,0.000000e+00,0.000000e+00,-6.940504e-01
1.393427e-02,3.953198e+01,8.434545e+02,-4.191984e-05,-8.157596e-05,3.364216e-01,7.164029e-05,5.017182e-06,0.000000e+00,-6.627591e+00,0.000000e+00,0.000000e+00,0.000000e+00,0.000000e+00,0.000000e+00,0.000000e+00,0.000000e+00,-2.981556e-19,-4.161842e-13,0.000000e+00,0.000000e+00,0.000000e+00,0.000000e+00,3.953198e+01,8.437139e+02,3.364216e-01,7.164029e-05,0.000000e+00,6.878946e+01,0.000000e+00,0.000000e+00,-6.940504e-01
1.394430e-02,4.053335e+01,8.424526e+02,-4.191984e-05,-8.157596e-05,3.364216e-01,7.164029e-05,5.009434e-06,0.000000e+00,-6.627591e+00,0.000000e+00,0.000000e+00,0.000000e+00,0.000000e+00,0.000000e+00,0.000000e+00,0.000000e+00,-2.981556e-19,-4.161842e-13,0.000000e+00,0.000000e+00,0.000000e+00,0.000000e+00,4.053335e+01,8.427076e+02,3.364216e-01,7.164029e-05,0.000000e+00,6.883656e+01,0.000000e+00,0.000000e+00,-6.940504e-01
1.395431e-02,4.151486e+01,8.414698e+02,-4.191984e-05,-8.157596e-05,3.364216e-01,7.164029e-05,5.000968e-06,0.000000e+00,-6.627591e+00,0.000000e+00,0.000000e+00,0.000000e+00,0.000000e+00,0.000000e+00,0.000000e+00,0.000000e+00,-2.981556e-19,-4.161842e-13,0.000000e+00,0.000000e+00,0.000000e+00,0.000000e+00,4.151486e+01,8.417197e+02,3.364216e-01,7.164029e-05,0.000000e+00,6.888359e+01,0.000000e+00,0.000000e+00,-6.940504e-01
1.396431e-02,4.247348e+01,8.405091e+02,-4.191984e-05,-8.157596e-05,3.364216e-01,7.164029e-05,4.992138e-06,0.000000e+00,-6.627591e+00,0.000000e+00,0.000000e+00,0.000000e+00,0.000000e+00,0.000000e+00,0.000000e+00,0.000000e+00,-2.981556e-19,-4.161842e-13,0.000000e+00,0.000000e+00,0.000000e+00,0.000000e+00,4.247348e+01,8.407531e+02,3.364216e-01,7.164029e-05,0.000000e+00,6.893054e+01,0.000000e+00,0.000000e+00,-6.940504e-01
1.397429e-02,4.340631e+01,8.395739e+02,-4.191984e-05,-8.157596e-05,3.364216e-01,7.164029e-05,4.983286e-06,0.000000e+00,-6.627591e+00,0.000000e+00,0.000000e+00,0.000000e+00,0.000000e+00,0.000000e+00,0.000000e+00,0.000000e+00,-2.981556e-19,-4.161842e-13,0.000000e+00,0.000000e+00,0.000000e+00,0.000000e+00,4.340631e+01,8.398111e+02,3.364216e-01,7.164029e-05,0.000000e+00,6.897740e+01,0.000000e+00,0.000000e+00,-6.940504e-01
1.398425e-02,4.431059e+01,8.386669e+02,-4.191984e-05,-8.157596e-05,3.364216e-01,7.164029e-05,4.974731e-06,0.000000e+00,-6.627591e+00,0.000000e+00,0.000000e+00,0.000000e+00,0.000000e+00,0.000000e+00,0.000000e+00,0.000000e+00,-2.981556e-19,-4.161842e-13,0.000000e+00,0.000000e+00,0.000000e+00,0.000000e+00,4.431059e+01,8.388968e+02,3.364216e-01,7.164029e-05,0.000000e+00,6.902419e+01,0.000000e+00,0.000000e+00,-6.940504e-01
1.399420e-02,4.518376e+01,8.377913e+02,-4.191984e-05,-8.157596e-05,3.364216e-01,7.164029e-05,4.966781e-06,0.000000e+00,-6.627591e+00,0.000000e+00,0.000000e+00,0.000000e+00,0.000000e+00,0.000000e+00,0.000000e+00,0.000000e+00,-2.981556e-19,-4.161842e-13,0.000000e+00,0.000000e+00,0.000000e+00,0.000000e+00,4.518376e+01,8.380130e+02,3.364216e-01,7.164029e-05,0.000000e+00,6.907089e+01,0.000000e+00,0.000000e+00,-6.940504e-01
1.400413e-02,4.602343e+01,8.369493e+02,-4.191984e-05,-8.157596e-05,3.364216e-01,7.164029e-05,4.959731e-06,0.000000e+00,-6.627591e+00,0.000000e+00,0.000000e+00,0.000000e+00,0.000000e+00,0.000000e+00,0.000000e+00,0.000000e+00,-2.981556e-19,-4.161842e-13,0.000000e+00,0.000000e+00,0.000000e+00,0.000000e+00,4.602343e+01,8.371623e+02,3.364216e-01,7.164029e-05,0.000000e+00,6.911752e+01,0.000000e+00,0.000000e+00,-6.940504e-01
1.401404e-02,4.682741e+01,8.361433e+02,-4.191984e-05,-8.157596e-05,3.364216e-01,7.164029e-05,4.953854e-06,0.000000e+00,-6.627591e+00,0.000000e+00,0.000000e+00,0.000000e+00,0.000000e+00,0.000000e+00,0.000000e+00,0.000000e+00,-2.981556e-19,-4.161842e-13,0.000000e+00,0.000000e+00,0.000000e+00,0.000000e+00,4.682741e+01,8.363470e+02,3.364216e-01,7.164029e-05,0.000000e+00,6.916409e+01,0.000000e+00,0.000000e+00,-6.940504e-01
1.402395e-02,4.759377e+01,8.353753e+02,-4.191984e-05,-8.157596e-05,3.364216e-01,7.164029e-05,4.949380e-06,0.000000e+00,-6.627591e+00,0.000000e+00,0.000000e+00,0.000000e+00,0.000000e+00,0.000000e+00,0.000000e+00,0.000000e+00,-2.981556e-19,-4.161842e-13,0.000000e+00,0.000000e+00,0.000000e+00,0.000000e+00,4.759377e+01,8.355693e+02,3.364216e-01,7.164029e-05,0.000000e+00,6.921060e+01,0.000000e+00,0.000000e+00,-6.940504e-01
1.403384e-02,4.832085e+01,8.346470e+02,-4.191984e-05,-8.157596e-05,3.364216e-01,7.164029e-05,4.946464e-06,0.000000e+00,-6.627591e+00,0.000000e+00,0.000000e+00,0.000000e+00,0.000000e+00,0.000000e+00,0.000000e+00,0.000000e+00,-2.981556e-19,-4.161842e-13,0.000000e+00,0.000000e+00,0.000000e+00,0.000000e+00,4.832085e+01,8.348309e+02,3.364216e-01,7.164029e-05,0.000000e+00,6.925708e+01,0.000000e+00,0.000000e+00,-6.940504e-01
1.404374e-02,4.900739e+01,8.339599e+02,-4.191984e-05,-8.157596e-05,3.364216e-01,7.164029e-05,4.945188e-06,0.000000e+00,-6.627591e+00,0.000000e+00,0.000000e+00,0.000000e+00,0.000000e+00,0.000000e+00,0.000000e+00,0.000000e+00,-2.981556e-19,-4.161842e-13,0.000000e+00,0.000000e+00,0.000000e+00,0.000000e+00,4.900739e+01,8.341334e+02,3.364216e-01,7.164029e-05,0.000000e+00,6.930354e+01,0.000000e+00,0.000000e+00,-6.940504e-01
1.405363e-02,4.965258e+01,8.333146e+02,-4.191984e-05,-8.157596e-05,3.364216e-01,7.164029e-05,4.945563e-06,0.000000e+00,-6.627591e+00,0.000000e+00,0.000000e+00,0.000000e+00,0.000000e+00,0.000000e+00,0.000000e+00,0.000000e+00,-2.981556e-19,-4.161842e-13,0.000000e+00,0.000000e+00,0.000000e+00,0.000000e+00,4.965258e+01,8.334775e+02,3.364216e-01,7.164029e-05,0.000000e+00,6.934998e+01,0.000000e+00,0.000000e+00,-6.940504e-01
1.406352e-02,5.025607e+01,8.327114e+02,-4.191984e-05,-8.157596e-05,3.364216e-01,7.164029e-05,4.947512e-06,0.000000e+00,-6.627591e+00,0.000000e+00,0.000000e+00,0.000000e+00,0.000000e+00,0.000000e+00,0.000000e+00,0.000000e+00,-2.981556e-19,-4.161842e-13,0.000000e+00,0.000000e+00,0.000000e+00,0.000000e+00,5.025607e+01,8.328638e+02,3.364216e-01,7.164029e-05,0.000000e+00,6.939643e+01,0.000000e+00,0.000000e+00,-6.940504e-01
1.407342e-02,5.081796e+01,8.321500e+02,-4.191984e-05,-8.157596e-05,3.364216e-01,7.164029e-05,4.950900e-06,0.000000e+00,-6.627591e+00,0.000000e+00,0.000000e+00,0.000000e+00,0.000000e+00,0.000000e+00,0.000000e+00,0.000000e+00,-2.981556e-19,-4.161842e-13,0.000000e+00,0.000000e+00,0.000000e+00,0.000000e+00,5.081796e+01,8.322921e+02,3.364216e-01,7.164029e-05,0.000000e+00,6.944290e+01,0.000000e+00,0.000000e+00,-6.940504e-01
1.408332e-02,5.133870e+01,8.316296e+02,-4.191984e-05,-8.157596e-05,3.364216e-01,7.164029e-05,4.955536e-06,0.000000e+00,-6.627591e+00,0.000000e+00,0.000000e+00,0.000000e+00,0.000000e+00,0.000000e+00,0.000000e+00,0.000000e+00,-2.981556e-19,-4.161842e-13,0.000000e+00,0.000000e+00,0.000000e+00,0.000000e+00,5.133870e+01,8.317615e+02,3.364216e-01,7.164029e-05,0.000000e+00,6.948941e+01,0.000000e+00,0.000000e+00,-6.940504e-01
1.409323e-02,5.181892e+01,8.311495e+02,-4.191984e-05,-8.157596e-05,3.364216e-01,7.164029e-05,4.961180e-06,0.000000e+00,-6.627591e+00,0.000000e+00,0.000000e+00,0.000000e+00,0.000000e+00,0.000000e+00,0.000000e+00,0.000000e+00,-2.981556e-19,-4.161842e-13,0.000000e+00,0.000000e+00,0.000000e+00,0.000000e+00,5.181892e+01,8.312714e+02,3.364216e-01,7.164029e-05,0.000000e+00,6.953597e+01,0.000000e+00,0.000000e+00,-6.940504e-01
1.410316e-02,5.225924e+01,8.307089e+02,-4.191984e-05,-8.157596e-05,3.364216e-01,7.164029e-05,4.967609e-06,0.000000e+00,-6.627591e+00,0.000000e+00,0.000000e+00,0.000000e+00,0.000000e+00,0.000000e+00,0.000000e+00,0.000000e+00,-2.981556e-19,-4.161842e-13,0.000000e+00,0.000000e+00,0.000000e+00,0.000000e+00,5.225924e+01,8.308210e+02,3.364216e-01,7.164029e-05,0.000000e+00,6.958258e+01,0.000000e+00,0.000000e+00,-6.940504e-01
1.411310e-02,5.266026e+01,8.303076e+02,-4.191984e-05,-8.157596e-05,3.364216e-01,7.164029e-05,4.974666e-06,0.000000e+00,-6.627591e+00,0.000000e+00,0.000000e+00,0.000000e+00,0.000000e+00,0.000000e+00,0.000000e+00,0.000000e+00,-2.981556e-19,-4.161842e-13,0.000000e+00,0.000000e+00,0.000000e+00,0.000000e+00,5.266026e+01,8.304100e+02,3.364216e-01,7.164029e-05,0.000000e+00,6.962925e+01,0.000000e+00,0.000000e+00,-6.940504e-01
1.412305e-02,5.302244e+01,8.299453e+02,-4.191984e-05,-8.157596e-05,3.364216e-01,7.164029e-05,4.982220e-06,0.000000e+00,-6.627591e+00,0.000000e+00,0.000000e+00,0.000000e+00,0.000000e+00,0.000000e+00,0.000000e+00,0.000000e+00,-2.981556e-19,-4.161842e-13,0.000000e+00,0.000000e+00,0.000000e+00,0.000000e+00,5.302244e+01,8.300380e+02,3.364216e-01,7.164029e-05,0.000000e+00,6.967599e+01,0.000000e+00,0.000000e+00,-6.940504e-01
1.413302e-02,5.334615e+01,8.296219e+02,-4.191984e-05,-8.157596e-05,3.364216e-01,7.164029e-05,4.990150e-06,0.000000e+00,-6.627591e+00,0.000000e+00,0.000000e+00,0.000000e+00,0.000000e+00,0.000000e+00,0.000000e+00,0.000000e+00,-2.981556e-19,-4.161842e-13,0.000000e+00,0.000000e+00,0.000000e+00,0.000000e+00,5.334615e+01,8.297049e+02,3.364216e-01,7.164029e-05,0.000000e+00,6.972280e+01,0.000000e+00,0.000000e+00,-6.940504e-01
1.414300e-02,5.363176e+01,8.293374e+02,-4.191984e-05,-8.157596e-05,3.364216e-01,7.164029e-05,4.998336e-06,0.000000e+00,-6.627591e+00,0.000000e+00,0.000000e+00,0.000000e+00,0.000000e+00,0.000000e+00,0.000000e+00,0.000000e+00,-2.981556e-19,-4.161842e-13,0.000000e+00,0.000000e+00,0.000000e+00,0.000000e+00,5.363176e+01,8.294106e+02,3.364216e-01,7.164029e-05,0.000000e+00,6.976969e+01,0.000000e+00,0.000000e+00,-6.940504e-01
1.415300e-02,5.387970e+01,8.290912e+02,-4.191984e-05,-8.157596e-05,3.364216e-01,7.164029e-05,5.006684e-06,0.000000e+00,-6.627591e+00,0.000000e+00,0.000000e+00,0.000000e+00,0.000000e+00,0.000000e+00,0.000000e+00,0.000000e+00,-2.981556e-19,-4.161842e-13,0.000000e+00,0.000000e+00,0.000000e+00,0.000000e+00,5.387970e+01,8.291550e+02,3.364216e-01,7.164029e-05,0.000000e+00,6.981665e+01,0.000000e+00,0.000000e+00,-6.940504e-01
1.416302e-02,5.409055e+01,8.288824e+02,-4.191984e-05,-8.157596e-05,3.364216e-01,7.164029e-05,5.015104e-06,0.000000e+00,-6.627591e+00,0.000000e+00,0.000000e+00,0.000000e+00,0.000000e+00,0.000000e+00,0.000000e+00,0.000000e+00,-2.981556e-19,-4.161842e-13,0.000000e+00,0.000000e+00,0.000000e+00,0.000000e+00,5.409055e+01,8.289370e+02,3.364216e-01,7.164029e-05,0.000000e+00,6.986369e+01,0.000000e+00,0.000000e+00,-6.940504e-01
1.417306e-02,5.426506e+01,8.287101e+02,-4.191984e-05,-8.157596e-05,3.364216e-01,7.164029e-05,5.023460e-06,0.000000e+00,-6.627591e+00,0.000000e+00,0.000000e+00,0.000000e+00,0.000000e+00,0.000000e+00,0.000000e+00,0.000000e+00,-2.981556e-19,-4.161842e-13,0.000000e+00,0.000000e+00,0.000000e+00,0.000000e+00,5.426506e+01,8.287557e+02,3.364216e-01,7.164029e-05,0.000000e+00,6.991081e+01,0.000000e+00,0.000000e+00,-6.940504e-01
1.418311e-02,5.440410e+01,8.285726e+02,-4.191984e-05,-8.157596e-05,3.364216e-01,7.164029e-05,5.027240e-06,0.000000e+00,-6.627591e+00,0.000000e+00,0.000000e+00,0.000000e+00,0.000000e+00,0.000000e+00,0.000000e+00,0.000000e+00,-2.981556e-19,-4.161842e-13,0.000000e+00,0.000000e+00,0.000000e+00,0.000000e+00,5.440410e+01,8.286097e+02,3.364216e-01,7.164029e-05,0.000000e+00,6.995802e+01,0.000000e+00,0.000000e+00,-6.940504e-01
1.419316e-02,5.450853e+01,8.284688e+02,-4.191984e-05,-8.157596e-05,3.364216e-01,7.164029e-05,5.024192e-06,0.000000e+00,-6.627591e+00,0.000000e+00,0.000000e+00,0.000000e+00,0.000000e+00,0.000000e+00,0.000000e+00,0.000000e+00,-2.981556e-19,-4.161842e-13,0.000000e+00,0.000000e+00,0.000000e+00,0.000000e+00,5.450853e+01,8.284976e+02,3.364216e-01,7.164029e-05,0.000000e+00,7.000523e+01,0.000000e+00,0.000000e+00,-6.940504e-01
1.420321e-02,5.457948e+01,8.283974e+02,-4.191984e-05,-8.157596e-05,3.364216e-01,7.164029e-05,5.021831e-06,0.000000e+00,-6.627591e+00,0.000000e+00,0.000000e+00,0.000000e+00,0.000000e+00,0.000000e+00,0.000000e+00,0.000000e+00,-2.981556e-19,-4.161842e-13,0.000000e+00,0.000000e+00,0.000000e+00,0.000000e+00,5.457948e+01,8.284182e+02,3.364216e-01,7.164029e-05,0.000000e+00,7.005241e+01,0.000000e+00,0.000000e+00,-6.940504e-01
1.421325e-02,5.461815e+01,8.283571e+02,-4.191984e-05,-8.157596e-05,3.364216e-01,7.164029e-05,5.019995e-06,0.000000e+00,-6.627591e+00,0.000000e+00,0.000000e+00,0.000000e+00,0.000000e+00,0.000000e+00,0.000000e+00,0.000000e+00,-2.981556e-19,-4.161842e-13,0.000000e+00,0.000000e+00,0.000000e+00,0.000000e+00,5.461815e+01,8.283703e+02,3.364216e-01,7.164029e-05,0.000000e+00,7.009956e+01,0.000000e+00,0.000000e+00,-6.940504e-01
1.422329e-02,5.462571e+01,8.283474e+02,-4.191984e-05,-8.157596e-05,3.364216e-01,7.164029e-05,5.017705e-06,0.000000e+00,-6.627591e+00,0.000000e+00,0.000000e+00,0.000000e+00,0.000000e+00,0.000000e+00,0.000000e+00,0.000000e+00,-2.981556e-19,-4.161842e-13,0.000000e+00,0.000000e+00,0.000000e+00,0.000000e+00,5.462571e+01,8.283529e+02,3.364216e-01,7.164029e-05,0.000000e+00,7.014671e+01,0.000000e+00,0.000000e+00,-6.940504e-01
1.423332e-02,5.460329e+01,8.283673e+02,-4.191984e-05,-8.157596e-05,3.364216e-01,7.164029e-05,5.014870e-06,0.000000e+00,-6.627591e+00,0.000000e+00,0.000000e+00,0.000000e+00,0.000000e+00,0.000000e+00,0.000000e+00,0.000000e+00,-2.981556e-19,-4.161842e-13,0.000000e+00,0.000000e+00,0.000000e+00,0.000000e+00,5.460329e+01,8.283655e+02,3.364216e-01,7.164029e-05,0.000000e+00,7.019382e+01,0.000000e+00,0.000000e+00,-6.940504e-01
1.424335e-02,5.455211e+01,8.284165e+02,-4.191984e-05,-8.157596e-05,3.364216e-01,7.164029e-05,5.012180e-06,0.000000e+00,-6.627591e+00,0.000000e+00,0.000000e+00,0.000000e+00,0.000000e+00,0.000000e+00,0.000000e+00,0.000000e+00,-2.981556e-19,-4.161842e-13,0.000000e+00,0.000000e+00,0.000000e+00,0.000000e+00,5.455211e+01,8.284075e+02,3.364216e-01,7.164029e-05,0.000000e+00,7.024092e+01,0.000000e+00,0.000000e+00,-6.940504e-01
1.425337e-02,5.447349e+01,8.284940e+02,-4.191984e-05,-8.157596e-05,3.364216e-01,7.164029e-05,5.009472e-06,0.000000e+00,-6.627591e+00,0.000000e+00,0.000000e+00,0.000000e+00,0.000000e+00,0.000000e+00,0.000000e+00,0.000000e+00,-2.981556e-19,-4.161842e-13,0.000000e+00,0.000000e+00,0.000000e+00,0.000000e+00,5.447349e+01,8.284780e+02,3.364216e-01,7.164029e-05,0.000000e+00,7.028799e+01,0.000000e+00,0.000000e+00,-6.940504e-01
1.426339e-02,5.436892e+01,8.285986e+02,-4.191984e-05,-8.157596e-05,3.364216e-01,7.164029e-05,5.006600e-06,0.000000e+00,-6.627591e+00,0.000000e+00,0.000000e+00,0.000000e+00,0.000000e+00,0.000000e+00,0.000000e+00,0.000000e+00,-2.981556e-19,-4.161842e-13,0.000000e+00,0.000000e+00,0.000000e+00,0.000000e+00,5.436892e+01,8.285760e+02,3.364216e-01,7.164029e-05,0.000000e+00,7.033503e+01,0.000000e+00,0.000000e+00,-6.940504e-01
1.427340e-02,5.424007e+01,8.287285e+02,-4.191984e-05,-8.157596e-05,3.364216e-01,7.164029e-05,5.003442e-06,0.000000e+00,-6.627591e+00,0.000000e+00,0.000000e+00,0.000000e+00,0.000000e+00,0.000000e+00,0.000000e+00,0.000000e+00,-2.981556e-19,-4.161842e-13,0.000000e+00,0.000000e+00,0.000000e+00,0.000000e+00,5.424007e+01,8.286998e+02,3.364216e-01,7.164029e-05,0.000000e+00,7.038204e+01,0.000000e+00,0.000000e+00,-6.940504e-01
1.428341e-02,5.408880e+01,8.288815e+02,-4.191984e-05,-8.157596e-05,3.364216e-01,7.164029e-05,4.999903e-06,0.000000e+00,-6.627591e+00,0.000000e+00,0.000000e+00,0.000000e+00,0.000000e+00,0.000000e+00,0.000000e+00,0.000000e+00,-2.981556e-19,-4.161842e-13,0.000000e+00,0.000000e+00,0.000000e+00,0.000000e+00,5.408880e+01,8.288472e+02,3.364216e-01,7.164029e-05,0.000000e+00,7.042903e+01,0.000000e+00,0.000000e+00,-6.940504e-01
1.429341e-02,5.391705e+01,8.290552e+02,-4.191984e-05,-8.157596e-05,3.364216e-01,7.164029e-05,4.995911e-06,0.000000e+00,-6.627591e+00,0.000000e+00,0.000000e+00,0.000000e+00,0.000000e+00,0.000000e+00,0.000000e+00,0.000000e+00,-2.981556e-19,-4.161842e-13,0.000000e+00,0.000000e+00,0.000000e+00,0.000000e+00,5.391705e+01,8.290160e+02,3.364216e-01,7.164029e-05,0.000000e+00,7.047598e+01,0.000000e+00,0.000000e+00,-6.940504e-01
1.430340e-02,5.372676e+01,8.292471e+02,-4.191984e-05,-8.157596e-05,3.364216e-01,7.164029e-05,4.991410e-06,0.000000e+00,-6.627591e+00,0.000000e+00,0.000000e+00,0.000000e+00,0.000000e+00,0.000000e+00,0.000000e+00,0.000000e+00,-2.981556e-19,-4.161842e-13,0.000000e+00,0.000000e+00,0.000000e+00,0.000000e+00,5.372676e+01,8.292037e+02,3.364216e-01,7.164029e-05,0.000000e+00,7.052289e+01,0.000000e+00,0.000000e+00,-6.940504e-01
1.431338e-02,5.351978e+01,8.294552e+02,-4.191984e-05,-8.157596e-05,3.364216e-01,7.164029e-05,4.986384e-06,0.000000e+00,-6.627591e+00,0.000000e+00,0.000000e+00,0.000000e+00,0.000000e+00,0.000000e+00,0.000000e+00,0.000000e+00,-2.981556e-19,-4.161842e-13,0.000000e+00,0.000000e+00,0.000000e+00,0.000000e+00,5.351978e+01,8.294079e+02,3.364216e-01,7.164029e-05,0.000000e+00,7.056976e+01,0.000000e+00,0.000000e+00,-6.940504e-01
1.432335e-02,5.329780e+01,8.296776e+02,-4.191984e-05,-8.157596e-05,3.364216e-01,7.164029e-05,4.979394e-06,0.000000e+00,-6.627591e+00,0.000000e+00,0.000000e+00,0.000000e+00,0.000000e+00,0.000000e+00,0.000000e+00,0.000000e+00,-2.981556e-19,-4.161842e-13,0.000000e+00,0.000000e+00,0.000000e+00,0.000000e+00,5.329780e+01,8.296268e+02,3.364216e-01,7.164029e-05,0.000000e+00,7.061658e+01,0.000000e+00,0.000000e+00,-6.940504e-01
1.433330e-02,5.306235e+01,8.299128e+02,-4.191984e-05,-8.157596e-05,3.364216e-01,7.164029e-05,4.971300e-06,0.000000e+00,-6.627591e+00,0.000000e+00,0.000000e+00,0.000000e+00,0.000000e+00,0.000000e+00,0.000000e+00,0.000000e+00,-2.981556e-19,-4.161842e-13,0.000000e+00,0.000000e+00,0.000000e+00,0.000000e+00,5.306235e+01,8.298590e+02,3.364216e-01,7.164029e-05,0.000000e+00,7.066332e+01,0.000000e+00,0.000000e+00,-6.940504e-01
1.434324e-02,5.281468e+01,8.301601e+02,-4.191984e-05,-8.157596e-05,3.364216e-01,7.164029e-05,4.962724e-06,0.000000e+00,-6.627591e+00,0.000000e+00,0.000000e+00,0.000000e+00,0.000000e+00,0.000000e+00,0.000000e+00,0.000000e+00,-2.981556e-19,-4.161842e-13,0.000000e+00,0.000000e+00,0.000000e+00,0.000000e+00,5.281468e+01,8.301033e+02,3.364216e-01,7.164029e-05,0.000000e+00,7.070999e+01,0.000000e+00,0.000000e+00,-6.940504e-01
1.435316e-02,5.255580e+01,8.304188e+02,-4.191984e-05,-8.157596e-05,3.364216e-01,7.164029e-05,4.953876e-06,0.000000e+00,-6.627591e+00,0.000000e+00,0.000000e+00,0.000000e+00,0.000000e+00,0.000000e+00,0.000000e+00,0.000000e+00,-2.981556e-19,-4.161842e-13,0.000000e+00,0.000000e+00,0.000000e+00,0.000000e+00,5.255580e+01,8.303591e+02,3.364216e-01,7.164029e-05,0.000000e+00,7.075658e+01,0.000000e+00,0.000000e+00,-6.940504e-01
1.436306e-02,5.228654e+01,8.306882e+02,-4.191984e-05,-8.157596e-05,3.364216e-01,7.164029e-05,4.944989e-06,0.000000e+00,-6.627591e+00,0.000000e+00,0.000000e+00,0.000000e+00,0.000000e+00,0.000000e+00,0.000000e+00,0.000000e+00,-2.981556e-19,-4.161842e-13,0.000000e+00,0.000000e+00,0.000000e+00,0.000000e+00,5.228654e+01,8.306259e+02,3.364216e-01,7.164029e-05,0.000000e+00,7.080309e+01,0.000000e+00,0.000000e+00,-6.940504e-01
1.437295e-02,5.200757e+01,8.309682e+02,-4.191984e-05,-8.157596e-05,3.364216e-01,7.164029e-05,4.936301e-06,0.000000e+00,-6.627591e+00,0.000000e+00,0.000000e+00,0.000000e+00,0.000000e+00,0.000000e+00,0.000000e+00,0.000000e+00,-2.981556e-19,-4.161842e-13,0.000000e+00,0.000000e+00,0.000000e+00,0.000000e+00,5.200757e+01,8.309033e+02,3.364216e-01,7.164029e-05,0.000000e+00,7.084951e+01,0.000000e+00,0.000000e+00,-6.940504e-01
1.438282e-02,5.171939e+01,8.312581e+02,-4.191984e-05,-8.157596e-05,3.364216e-01,7.164029e-05,4.928049e-06,0.000000e+00,-6.627591e+00,0.000000e+00,0.000000e+00,0.000000e+00,0.000000e+00,0.000000e+00,0.000000e+00,0.000000e+00,-2.981556e-19,-4.161842e-13,0.000000e+00,0.000000e+00,0.000000e+00,0.000000e+00,5.171939e+01,8.311907e+02,3.364216e-01,7.164029e-05,0.000000e+00,7.089585e+01,0.000000e+00,0.000000e+00,-6.940504e-01
1.439267e-02,5.142236e+01,8.315574e+02,-4.191984e-05,-8.157596e-05,3.364216e-01,7.164029e-05,4.920445e-06,0.000000e+00,-6.627591e+00,0.000000e+00,0.000000e+00,0.000000e+00,0.000000e+00,0.000000e+00,0.000000e+00,0.000000e+00,-2.981556e-19,-4.161842e-13,0.000000e+00,0.000000e+00,0.000000e+00,0.000000e+00,5.142236e+01,8.314878e+02,3.364216e-01,7.164029e-05,0.000000e+00,7.094212e+01,0.000000e+00,0.000000e+00,-6.940504e-01
1.440251e-02,5.111670e+01,8.318657e+02,-4.191984e-05,-8.157596e-05,3.364216e-01,7.164029e-05,4.913667e-06,0.000000e+00,-6.627591e+00,0.000000e+00,0.000000e+00,0.000000e+00,0.000000e+00,0.000000e+00,0.000000e+00,0.000000e+00,-2.981556e-19,-4.161842e-13,0.000000e+00,0.000000e+00,0.000000e+00,0.000000e+00,5.111670e+01,8.317939e+02,3.364216e-01,7.164029e-05,0.000000e+00,7.098831e+01,0.000000e+00,0.000000e+00,-6.940504e-01
1.441233e-02,5.080247e+01,8.321824e+02,-4.191984e-05,-8.157596e-05,3.364216e-01,7.164029e-05,4.907851e-06,0.000000e+00,-6.627591e+00,0.000000e+00,0.000000e+00,0.000000e+00,0.000000e+00,0.000000e+00,0.000000e+00,0.000000e+00,-2.981556e-19,-4.161842e-13,0.000000e+00,0.000000e+00,0.000000e+00,0.000000e+00,5.080247e+01,8.321085e+02,3.364216e-01,7.164029e-05,0.000000e+00,7.103445e+01,0.000000e+00,0.000000e+00,-6.940504e-01
1.442214e-02,5.047959e+01,8.325072e+02,-4.191984e-05,-8.157596e-05,3.364216e-01,7.164029e-05,4.903088e-06,0.000000e+00,-6.627591e+00,0.000000e+00,0.000000e+00,0.000000e+00,0.000000e+00,0.000000e+00,0.000000e+00,0.000000e+00,-2.981556e-19,-4.161842e-13,0.000000e+00,0.000000e+00,0.000000e+00,0.000000e+00,5.047959e+01,8.324313e+02,3.364216e-01,7.164029e-05,0.000000e+00,7.108053e+01,0.000000e+00,0.000000e+00,-6.940504e-01
1.443195e-02,5.014784e+01,8.328400e+02,-4.191984e-05,-8.157596e-05,3.364216e-01,7.164029e-05,4.899423e-06,0.000000e+00,-6.627591e+00,0.000000e+00,0.000000e+00,0.000000e+00,0.000000e+00,0.000000e+00,0.000000e+00,0.000000e+00,-2.981556e-19,-4.161842e-13,0.000000e+00,0.000000e+00,0.000000e+00,0.000000e+00,5.014784e+01,8.327620e+02,3.364216e-01,7.164029e-05,0.000000e+00,7.112657e+01,0.000000e+00,0.000000e+00,-6.940504e-01
1.444175e-02,4.980696e+01,8.331807e+02,-4.191984e-05,-8.157596e-05,3.364216e-01,7.164029e-05,4.896856e-06,0.000000e+00,-6.627591e+00,0.000000e+00,0.000000e+00,0.000000e+00,0.000000e+00,0.000000e+00,0.000000e+00,0.000000e+00,-2.981556e-19,-4.161842e-13,0.000000e+00,0.000000e+00,0.000000e+00,0.000000e+00,4.980696e+01,8.331007e+02,3.364216e-01,7.164029e-05,0.000000e+00,7.117258e+01,0.000000e+00,0.000000e+00,-6.940504e-01
1.445154e-02,4.945668e+01,8.335296e+02,-4.191984e-05,-8.157596e-05,3.364216e-01,7.164029e-05,4.895328e-06,0.000000e+00,-6.627591e+00,0.000000e+00,0.000000e+00,0.000000e+00,0.000000e+00,0.000000e+00,0.000000e+00,0.000000e+00,-2.981556e-19,-4.161842e-13,0.000000e+00,0.000000e+00,0.000000e+00,0.000000e+00,4.945668e+01,8.334476e+02,3.364216e-01,7.164029e-05,0.000000e+00,7.121857e+01,0.000000e+00,0.000000e+00,-6.940504e-01
1.446133e-02,4.909686e+01,8.338870e+02,-4.191984e-05,-8.157596e-05,3.364216e-01,7.164029e-05,4.894730e-06,0.000000e+00,-6.627591e+00,0.000000e+00,0.000000e+00,0.000000e+00,0.000000e+00,0.000000e+00,0.000000e+00,0.000000e+00,-2.981556e-19,-4.161842e-13,0.000000e+00,0.000000e+00,0.000000e+00,0.000000e+00,4.909686e+01,8.338029e+02,3.364216e-01,7.164029e-05,0.000000e+00,7.126454e+01,0.000000e+00,0.000000e+00,-6.940504e-01
1.447112e-02,4.872755e+01,8.342532e+02,-4.191984e-05,-8.157596e-05,3.364216e-01,7.164029e-05,4.894905e-06,0.000000e+00,-6.627591e+00,0.000000e+00,0.000000e+00,0.000000e+00,0.000000e+00,0.000000e+00,0.000000e+00,0.000000e+00,-2.981556e-19,-4.161842e-13,0.000000e+00,0.000000e+00,0.000000e+00,0.000000e+00,4.872755e+01,8.341668e+02,3.364216e-01,7.164029e-05,0.000000e+00,7.131052e+01,0.000000e+00,0.000000e+00,-6.940504e-01
1.448091e-02,4.834915e+01,8.346282e+02,-4.191984e-05,-8.157596e-05,3.364216e-01,7.164029e-05,4.895679e-06,0.000000e+00,-6.627591e+00,0.000000e+00,0.000000e+00,0.000000e+00,0.000000e+00,0.000000e+00,0.000000e+00,0.000000e+00,-2.981556e-19,-4.161842e-13,0.000000e+00,0.000000e+00,0.000000e+00,0.000000e+00,4.834915e+01,8.345396e+02,3.364216e-01,7.164029e-05,0.000000e+00,7.135649e+01,0.000000e+00,0.000000e+00,-6.940504e-01
1.449070e-02,4.796245e+01,8.350116e+02,-4.191984e-05,-8.157596e-05,3.364216e-01,7.164029e-05,4.896859e-06,0.000000e+00,-6.627591e+00,0.000000e+00,0.000000e+00,0.000000e+00,0.000000e+00,0.000000e+00,0.000000e+00,0.000000e+00,-2.981556e-19,-4.161842e-13,0.000000e+00,0.000000e+00,0.000000e+00,0.000000e+00,4.796245e+01,8.349210e+02,3.364216e-01,7.164029e-05,0.000000e+00,7.140247e+01,0.000000e+00,0.000000e+00,-6.940504e-01
1.450050e-02,4.756868e+01,8.354026e+02,-4.191984e-05,-8.157596e-05,3.364216e-01,7.164029e-05,4.898247e-06,0.000000e+00,-6.627591e+00,0.000000e+00,0.000000e+00,0.000000e+00,0.000000e+00,0.000000e+00,0.000000e+00,0.000000e+00,-2.981556e-19,-4.161842e-13,0.000000e+00,0.000000e+00,0.000000e+00,0.000000e+00,4.756868e+01,8.353102e+02,3.364216e-01,7.164029e-05,0.000000e+00,7.144846e+01,0.000000e+00,0.000000e+00,-6.940504e-01
1.451029e-02,4.716957e+01,8.357999e+02,-4.191984e-05,-8.157596e-05,3.364216e-01,7.164029e-05,4.899654e-06,0.000000e+00,-6.627591e+00,0.000000e+00,0.000000e+00,0.000000e+00,0.000000e+00,0.000000e+00,0.000000e+00,0.000000e+00,-2.981556e-19,-4.161842e-13,0.000000e+00,0.000000e+00,0.000000e+00,0.000000e+00,4.716957e+01,8.357062e+02,3.364216e-01,7.164029e-05,0.000000e+00,7.149447e+01,0.000000e+00,0.000000e+00,-6.940504e-01
1.452009e-02,4.676726e+01,8.362013e+02,-4.191984e-05,-8.157596e-05,3.364216e-01,7.164029e-05,4.900904e-06,0.000000e+00,-6.627591e+00,0.000000e+00,0.000000e+00,0.000000e+00,0.000000e+00,0.000000e+00,0.000000e+00,0.000000e+00,-2.981556e-19,-4.161842e-13,0.000000e+00,0.000000e+00,0.000000e+00,0.000000e+00,4.676726e+01,8.361068e+02,3.364216e-01,7.164029e-05,0.000000e+00,7.154049e+01,0.000000e+00,0.000000e+00,-6.940504e-01
1.453480e-02,4.616335e+01,8.368055e+02,-4.191984e-05,-8.157596e-05,3.364216e-01,7.164029e-05,4.902164e-06,0.000000e+00,-6.627591e+00,0.000000e+00,0.000000e+00,0.000000e+00,0.000000e+00,0.000000e+00,0.000000e+00,0.000000e+00,-2.981556e-19,-4.161842e-13,0.000000e+00,0.000000e+00,0.000000e+00,0.000000e+00,4.616335e+01,8.367111e+02,3.364216e-01,7.164029e-05,0.000000e+00,7.160954e+01,0.000000e+00,0.000000e+00,-6.940504e-01
1.454460e-02,4.576452e+01,8.372053e+02,-4.191984e-05,-8.157596e-05,3.364216e-01,7.164029e-05,4.902452e-06,0.000000e+00,-6.627591e+00,0.000000e+00,0.000000e+00,0.000000e+00,0.000000e+00,0.000000e+00,0.000000e+00,0.000000e+00,-2.981556e-19,-4.161842e-13,0.000000e+00,0.000000e+00,0.000000e+00,0.000000e+00,4.576452e+01,8.371120e+02,3.364216e-01,7.164029e-05,0.000000e+00,7.165559e+01,0.000000e+00,0.000000e+00,-6.940504e-01
1.455441e-02,4.537210e+01,8.375991e+02,-4.191984e-05,-8.157596e-05,3.364216e-01,7.164029e-05,4.902258e-06,0.000000e+00,-6.627591e+00,0.000000e+00,0.000000e+00,0.000000e+00,0.000000e+00,0.000000e+00,0.000000e+00,0.000000e+00,-2.981556e-19,-4.161842e-13,0.000000e+00,0.000000e+00,0.000000e+00,0.000000e+00,4.537210e+01,8.375076e+02,3.364216e-01,7.164029e-05,0.000000e+00,7.170163e+01,0.000000e+00,0.000000e+00,-6.940504e-01
1.456421e-02,4.498903e+01,8.379836e+02,-4.191984e-05,-8.157596e-05,3.364216e-01,7.164029e-05,4.901589e-06,0.000000e+00,-6.627591e+00,0.000000e+00,0.000000e+00,0.000000e+00,0.000000e+00,0.000000e+00,0.000000e+00,0.000000e+00,-2.981556e-19,-4.161842e-13,0.000000e+00,0.000000e+00,0.000000e+00,0.000000e+00,4.498903e+01,8.378948e+02,3.364216e-01,7.164029e-05,0.000000e+00,7.174767e+01,0.000000e+00,0.000000e+00,-6.940504e-01
1.457401e-02,4.461816e+01,8.383559e+02,-4.191984e-05,-8.157596e-05,3.364216e-01,7.164029e-05,4.900508e-06,0.000000e+00,-6.627591e+00,0.000000e+00,0.000000e+00,0.000000e+00,0.000000e+00,0.000000e+00,0.000000e+00,0.000000e+00,-2.981556e-19,-4.161842e-13,0.000000e+00,0.000000e+00,0.000000e+00,0.000000e+00,4.461816e+01,8.382704e+02,3.364216e-01,7.164029e-05,0.000000e+00,7.179370e+01,0.000000e+00,0.000000e+00,-6.940504e-01
1.458381e-02,4.426228e+01,8.387129e+02,-4.191984e-05,-8.157596e-05,3.364216e-01,7.164029e-05,4.899118e-06,0.000000e+00,-6.627591e+00,0.000000e+00,0.000000e+00,0.000000e+00,0.000000e+00,0.000000e+00,0.000000e+00,0.000000e+00,-2.981556e-19,-4.161842e-13,0.000000e+00,0.000000e+00,0.000000e+00,0.000000e+00,4.426228e+01,8.386316e+02,3.364216e-01,7.164029e-05,0.000000e+00,7.183972e+01,0.000000e+00,0.000000e+00,-6.940504e-01
1.459361e-02,4.392407e+01,8.390519e+02,-4.191984e-05,-8.157596e-05,3.364216e-01,7.164029e-05,4.897568e-06,0.000000e+00,-6.627591e+00,0.000000e+00,0.000000e+00,0.000000e+00,0.000000e+00,0.000000e+00,0.000000e+00,0.000000e+00,-2.981556e-19,-4.161842e-13,0.000000e+00,0.000000e+00,0.000000e+00,0.000000e+00,4.392407e+01,8.389755e+02,3.364216e-01,7.164029e-05,0.000000e+00,7.188573e+01,0.000000e+00,0.000000e+00,-6.940504e-01
1.460341e-02,4.360617e+01,8.393703e+02,-4.191984e-05,-8.157596e-05,3.364216e-01,7.164029e-05,4.896029e-06,0.000000e+00,-6.627591e+00,0.000000e+00,0.000000e+00,0.000000e+00,0.000000e+00,0.000000e+00,0.000000e+00,0.000000e+00,-2.981556e-19,-4.161842e-13,0.000000e+00,0.000000e+00,0.000000e+00,0.000000e+00,4.360617e+01,8.392993e+02,3.364216e-01,7.164029e-05,0.000000e+00,7.193172e+01,0.000000e+00,0.000000e+00,-6.940504e-01
1.461320e-02,4.331118e+01,8.396653e+02,-4.191984e-05,-8.157596e-05,3.364216e-01,7.164029e-05,4.894684e-06,0.000000e+00,-6.627591e+00,0.000000e+00,0.000000e+00,0.000000e+00,0.000000e+00,0.000000e+00,0.000000e+00,0.000000e+00,-2.981556e-19,-4.161842e-13,0.000000e+00,0.000000e+00,0.000000e+00,0.000000e+00,4.331118e+01,8.396003e+02,3.364216e-01,7.164029e-05,0.000000e+00,7.197771e+01,0.000000e+00,0.000000e+00,-6.940504e-01
1.462299e-02,4.304165e+01,8.399343e+02,-4.191984e-05,-8.157596e-05,3.364216e-01,7.164029e-05,4.893719e-06,0.000000e+00,-6.627591e+00,0.000000e+00,0.000000e+00,0.000000e+00,0.000000e+00,0.000000e+00,0.000000e+00,0.000000e+00,-2.981556e-19,-4.161842e-13,0.000000e+00,0.000000e+00,0.000000e+00,0.000000e+00,4.304165e+01,8.398761e+02,3.364216e-01,7.164029e-05,0.000000e+00,7.202367e+01,0.000000e+00,0.000000e+00,-6.940504e-01
1.463277e-02,4.280011e+01,8.401747e+02,-4.191984e-05,-8.157596e-05,3.364216e-01,7.164029e-05,4.893313e-06,0.000000e+00,-6.627591e+00,0.000000e+00,0.000000e+00,0.000000e+00,0.000000e+00,0.000000e+00,0.000000e+00,0.000000e+00,-2.981556e-19,-4.161842e-13,0.000000e+00,0.000000e+00,0.000000e+00,0.000000e+00,4.280011e+01,8.401240e+02,3.364216e-01,7.164029e-05,0.000000e+00,7.206963e+01,0.000000e+00,0.000000e+00,-6.940504e-01
1.464256e-02,4.258908e+01,8.403843e+02,-4.191984e-05,-8.157596e-05,3.364216e-01,7.164029e-05,4.893628e-06,0.000000e+00,-6.627591e+00,0.000000e+00,0.000000e+00,0.000000e+00,0.000000e+00,0.000000e+00,0.000000e+00,0.000000e+00,-2.981556e-19,-4.161842e-13,0.000000e+00,0.000000e+00,0.000000e+00,0.000000e+00,4.258908e+01,8.403416e+02,3.364216e-01,7.164029e-05,0.000000e+00,7.211559e+01,0.000000e+00,0.000000e+00,-6.940504e-01
1.465235e-02,4.241109e+01,8.405607e+02,-4.191984e-05,-8.157596e-05,3.364216e-01,7.164029e-05,4.894811e-06,0.000000e+00,-6.627591e+00,0.000000e+00,0.000000e+00,0.000000e+00,0.000000e+00,0.000000e+00,0.000000e+00,0.000000e+00,-2.981556e-19,-4.161842e-13,0.000000e+00,0.000000e+00,0.000000e+00,0.000000e+00,4.241109e+01,8.405265e+02,3.364216e-01,7.164029e-05,0.000000e+00,7.216156e+01,0.000000e+00,0.000000e+00,-6.940504e-01
1.466214e-02,4.226870e+01,8.407014e+02,-4.191984e-05,-8.157596e-05,3.364216e-01,7.164029e-05,4.896988e-06,0.000000e+00,-6.627591e+00,0.000000e+00,0.000000e+00,0.000000e+00,0.000000e+00,0.000000e+00,0.000000e+00,0.000000e+00,-2.981556e-19,-4.161842e-13,0.000000e+00,0.000000e+00,0.000000e+00,0.000000e+00,4.226870e+01,8.406763e+02,3.364216e-01,7.164029e-05,0.000000e+00,7.220753e+01,0.000000e+00,0.000000e+00,-6.940504e-01
1.467193e-02,4.216452e+01,8.408040e+02,-4.191984e-05,-8.157596e-05,3.364216e-01,7.164029e-05,4.900254e-06,0.000000e+00,-6.627591e+00,0.000000e+00,0.000000e+00,0.000000e+00,0.000000e+00,0.000000e+00,0.000000e+00,0.000000e+00,-2.981556e-19,-4.161842e-13,0.000000e+00,0.000000e+00,0.000000e+00,0.000000e+00,4.216452e+01,8.407888e+02,3.364216e-01,7.164029e-05,0.000000e+00,7.225353e+01,0.000000e+00,0.000000e+00,-6.940504e-01
1.468174e-02,4.210129e+01,8.408660e+02,-4.191984e-05,-8.157596e-05,3.364216e-01,7.164029e-05,4.904666e-06,0.000000e+00,-6.627591e+00,0.000000e+00,0.000000e+00,0.000000e+00,0.000000e+00,0.000000e+00,0.000000e+00,0.000000e+00,-2.981556e-19,-4.161842e-13,0.000000e+00,0.000000e+00,0.000000e+00,0.000000e+00,4.210129e+01,8.408613e+02,3.364216e-01,7.164029e-05,0.000000e+00,7.229957e+01,0.000000e+00,0.000000e+00,-6.940504e-01
1.469155e-02,4.208186e+01,8.408847e+02,-4.191984e-05,-8.157596e-05,3.364216e-01,7.164029e-05,4.910251e-06,0.000000e+00,-6.627591e+00,0.000000e+00,0.000000e+00,0.000000e+00,0.000000e+00,0.000000e+00,0.000000e+00,0.000000e+00,-2.981556e-19,-4.161842e-13,0.000000e+00,0.000000e+00,0.000000e+00,0.000000e+00,4.208186e+01,8.408911e+02,3.364216e-01,7.164029e-05,0.000000e+00,7.234564e+01,0.000000e+00,0.000000e+00,-6.940504e-01
1.470137e-02,4.210915e+01,8.408572e+02,-4.191984e-05,-8.157596e-05,3.364216e-01,7.164029e-05,4.916989e-06,0.000000e+00,-6.627591e+00,0.000000e+00,0.000000e+00,0.000000e+00,0.000000e+00,0.000000e+00,0.000000e+00,0.000000e+00,-2.981556e-19,-4.161842e-13,0.000000e+00,0.000000e+00,0.000000e+00,0.000000e+00,4.210915e+01,8.408755e+02,3.364216e-01,7.164029e-05,0.000000e+00,7.239178e+01,0.000000e+00,0.000000e+00,-6.940504e-01
1.471121e-02,4.218611e+01,8.407805e+02,-4.191984e-05,-8.157596e-05,3.364216e-01,7.164029e-05,4.924810e-06,0.000000e+00,-6.627591e+00,0.000000e+00,0.000000e+00,0.000000e+00,0.000000e+00,0.000000e+00,0.000000e+00,0.000000e+00,-2.981556e-19,-4.161842e-13,0.000000e+00,0.000000e+00,0.000000e+00,0.000000e+00,4.218611e+01,8.408115e+02,3.364216e-01,7.164029e-05,0.000000e+00,7.243797e+01,0.000000e+00,0.000000e+00,-6.940504e-01
1.472106e-02,4.231558e+01,8.406517e+02,-4.191984e-05,-8.157596e-05,3.364216e-01,7.164029e-05,4.933577e-06,0.000000e+00,-6.627591e+00,0.000000e+00,0.000000e+00,0.000000e+00,0.000000e+00,0.000000e+00,0.000000e+00,0.000000e+00,-2.981556e-19,-4.161842e-13,0.000000e+00,0.000000e+00,0.000000e+00,0.000000e+00,4.231558e+01,8.406960e+02,3.364216e-01,7.164029e-05,0.000000e+00,7.248425e+01,0.000000e+00,0.000000e+00,-6.940504e-01
1.473093e-02,4.250013e+01,8.404682e+02,-4.191984e-05,-8.157596e-05,3.364216e-01,7.164029e-05,4.943086e-06,0.000000e+00,-6.627591e+00,0.000000e+00,0.000000e+00,0.000000e+00,0.000000e+00,0.000000e+00,0.000000e+00,0.000000e+00,-2.981556e-19,-4.161842e-13,0.000000e+00,0.000000e+00,0.000000e+00,0.000000e+00,4.250013e+01,8.405264e+02,3.364216e-01,7.164029e-05,0.000000e+00,7.253060e+01,0.000000e+00,0.000000e+00,-6.940504e-01
1.474083e-02,4.274185e+01,8.402275e+02,-4.191984e-05,-8.157596e-05,3.364216e-01,7.164029e-05,4.953105e-06,0.000000e+00,-6.627591e+00,0.000000e+00,0.000000e+00,0.000000e+00,0.000000e+00,0.000000e+00,0.000000e+00,0.000000e+00,-2.981556e-19,-4.161842e-13,0.000000e+00,0.000000e+00,0.000000e+00,0.000000e+00,4.274185e+01,8.403002e+02,3.364216e-01,7.164029e-05,0.000000e+00,7.257705e+01,0.000000e+00,0.000000e+00,-6.940504e-01
1.475074e-02,4.304218e+01,8.399280e+02,-4.191984e-05,-8.157596e-05,3.364216e-01,7.164029e-05,4.963350e-06,0.000000e+00,-6.627591e+00,0.000000e+00,0.000000e+00,0.000000e+00,0.000000e+00,0.000000e+00,0.000000e+00,0.000000e+00,-2.981556e-19,-4.161842e-13,0.000000e+00,0.000000e+00,0.000000e+00,0.000000e+00,4.304218e+01,8.400156e+02,3.364216e-01,7.164029e-05,0.000000e+00,7.262360e+01,0.000000e+00,0.000000e+00,-6.940504e-01
1.476067e-02,4.340165e+01,8.395691e+02,-4.191984e-05,-8.157596e-05,3.364216e-01,7.164029e-05,4.973515e-06,0.000000e+00,-6.627591e+00,0.000000e+00,0.000000e+00,0.000000e+00,0.000000e+00,0.000000e+00,0.000000e+00,0.000000e+00,-2.981556e-19,-4.161842e-13,0.000000e+00,0.000000e+00,0.000000e+00,0.000000e+00,4.340165e+01,8.396716e+02,3.364216e-01,7.164029e-05,0.000000e+00,7.267023e+01,0.000000e+00,0.000000e+00,-6.940504e-01
1.477062e-02,4.381982e+01,8.391509e+02,-4.191984e-05,-8.157596e-05,3.364216e-01,7.164029e-05,4.983285e-06,0.000000e+00,-6.627591e+00,0.000000e+00,0.000000e+00,0.000000e+00,0.000000e+00,0.000000e+00,0.000000e+00,0.000000e+00,-2.981556e-19,-4.161842e-13,0.000000e+00,0.000000e+00,0.000000e+00,0.000000e+00,4.381982e+01,8.392681e+02,3.364216e-01,7.164029e-05,0.000000e+00,7.271697e+01,0.000000e+00,0.000000e+00,-6.940504e-01
1.478059e-02,4.429515e+01,8.386747e+02,-4.191984e-05,-8.157596e-05,3.364216e-01,7.164029e-05,4.992361e-06,0.000000e+00,-6.627591e+00,0.000000e+00,0.000000e+00,0.000000e+00,0.000000e+00,0.000000e+00,0.000000e+00,0.000000e+00,-2.981556e-19,-4.161842e-13,0.000000e+00,0.000000e+00,0.000000e+00,0.000000e+00,4.429515e+01,8.388062e+02,3.364216e-01,7.164029e-05,0.000000e+00,7.276379e+01,0.000000e+00,0.000000e+00,-6.940504e-01
1.479058e-02,4.482507e+01,8.381432e+02,-4.191984e-05,-8.157596e-05,3.364216e-01,7.164029e-05,5.000482e-06,0.000000e+00,-6.627591e+00,0.000000e+00,0.000000e+00,0.000000e+00,0.000000e+00,0.000000e+00,0.000000e+00,0.000000e+00,-2.981556e-19,-4.161842e-13,0.000000e+00,0.000000e+00,0.000000e+00,0.000000e+00,4.482507e+01,8.382882e+02,3.364216e-01,7.164029e-05,0.000000e+00,7.281070e+01,0.000000e+00,0.000000e+00,-6.940504e-01
1.480059e-02,4.540610e+01,8.375598e+02,-4.191984e-05,-8.157596e-05,3.364216e-01,7.164029e-05,5.005045e-06,0.000000e+00,-6.627591e+00,0.000000e+00,0.000000e+00,0.000000e+00,0.000000e+00,0.000000e+00,0.000000e+00,0.000000e+00,-2.981556e-19,-4.161842e-13,0.000000e+00,0.000000e+00,0.000000e+00,0.000000e+00,4.540610e+01,8.377173e+02,3.364216e-01,7.164029e-05,0.000000e+00,7.285768e+01,0.000000e+00,0.000000e+00,-6.940504e-01
1.481059e-02,4.603359e+01,8.369292e+02,-4.191984e-05,-8.157596e-05,3.364216e-01,7.164029e-05,5.003346e-06,0.000000e+00,-6.627591e+00,0.000000e+00,0.000000e+00,0.000000e+00,0.000000e+00,0.000000e+00,0.000000e+00,0.000000e+00,-2.981556e-19,-4.161842e-13,0.000000e+00,0.000000e+00,0.000000e+00,0.000000e+00,4.603359e+01,8.370980e+02,3.364216e-01,7.164029e-05,0.000000e+00,7.290469e+01,0.000000e+00,0.000000e+00,-6.940504e-01
1.482060e-02,4.670263e+01,8.362567e+02,-4.191984e-05,-8.157596e-05,3.364216e-01,7.164029e-05,5.002017e-06,0.000000e+00,-6.627591e+00,0.000000e+00,0.000000e+00,0.000000e+00,0.000000e+00,0.000000e+00,0.000000e+00,0.000000e+00,-2.981556e-19,-4.161842e-13,0.000000e+00,0.000000e+00,0.000000e+00,0.000000e+00,4.670263e+01,8.364355e+02,3.364216e-01,7.164029e-05,0.000000e+00,7.295168e+01,0.000000e+00,0.000000e+00,-6.940504e-01
1.483060e-02,4.740886e+01,8.355470e+02,-4.191984e-05,-8.157596e-05,3.364216e-01,7.164029e-05,5.001183e-06,0.000000e+00,-6.627591e+00,0.000000e+00,0.000000e+00,0.000000e+00,0.000000e+00,0.000000e+00,0.000000e+00,0.000000e+00,-2.981556e-19,-4.161842e-13,0.000000e+00,0.000000e+00,0.000000e+00,0.000000e+00,4.740886e+01,8.357346e+02,3.364216e-01,7.164029e-05,0.000000e+00,7.299865e+01,0.000000e+00,0.000000e+00,-6.940504e-01
1.484061e-02,4.814829e+01,8.348042e+02,-4.191984e-05,-8.157596e-05,3.364216e-01,7.164029e-05,5.000956e-06,0.000000e+00,-6.627591e+00,0.000000e+00,0.000000e+00,0.000000e+00,0.000000e+00,0.000000e+00,0.000000e+00,0.000000e+00,-2.981556e-19,-4.161842e-13,0.000000e+00,0.000000e+00,0.000000e+00,0.000000e+00,4.814829e+01,8.349996e+02,3.364216e-01,7.164029e-05,0.000000e+00,7.304562e+01,0.000000e+00,0.000000e+00,-6.940504e-01
1.485061e-02,4.891743e+01,8.340320e+02,-4.191984e-05,-8.157596e-05,3.364216e-01,7.164029e-05,5.001432e-06,0.000000e+00,-6.627591e+00,0.000000e+00,0.000000e+00,0.000000e+00,0.000000e+00,0.000000e+00,0.000000e+00,0.000000e+00,-2.981556e-19,-4.161842e-13,0.000000e+00,0.000000e+00,0.000000e+00,0.000000e+00,4.891743e+01,8.342344e+02,3.364216e-01,7.164029e-05,0.000000e+00,7.309259e+01,0.000000e+00,0.000000e+00,-6.940504e-01
1.486061e-02,4.971339e+01,8.332336e+02,-4.191984e-05,-8.157596e-05,3.364216e-01,7.164029e-05,5.002682e-06,0.000000e+00,-6.627591e+00,0.000000e+00,0.000000e+00,0.000000e+00,0.000000e+00,0.000000e+00,0.000000e+00,0.000000e+00,-2.981556e-19,-4.161842e-13,0.000000e+00,0.000000e+00,0.000000e+00,0.000000e+00,4.971339e+01,8.334423e+02,3.364216e-01,7.164029e-05,0.000000e+00,7.313956e+01,0.000000e+00,0.000000e+00,-6.940504e-01
1.487062e-02,5.053379e+01,8.324113e+02,-4.191984e-05,-8.157596e-05,3.364216e-01,7.164029e-05,5.004739e-06,0.000000e+00,-6.627591e+00,0.000000e+00,0.000000e+00,0.000000e+00,0.000000e+00,0.000000e+00,0.000000e+00,0.000000e+00,-2.981556e-19,-4.161842e-13,0.000000e+00,0.000000e+00,0.000000e+00,0.000000e+00,5.053379e+01,8.326257e+02,3.364216e-01,7.164029e-05,0.000000e+00,7.318655e+01,0.000000e+00,0.000000e+00,-6.940504e-01
1.488063e-02,5.137662e+01,8.315670e+02,-4.191984e-05,-8.157596e-05,3.364216e-01,7.164029e-05,5.007610e-06,0.000000e+00,-6.627591e+00,0.000000e+00,0.000000e+00,0.000000e+00,0.000000e+00,0.000000e+00,0.000000e+00,0.000000e+00,-2.981556e-19,-4.161842e-13,0.000000e+00,0.000000e+00,0.000000e+00,0.000000e+00,5.137662e+01,8.317867e+02,3.364216e-01,7.164029e-05,0.000000e+00,7.323357e+01,0.000000e+00,0.000000e+00,-6.940504e-01
1.489065e-02,5.223994e+01,8.307026e+02,-4.191984e-05,-8.157596e-05,3.364216e-01,7.164029e-05,5.011240e-06,0.000000e+00,-6.627591e+00,0.000000e+00,0.000000e+00,0.000000e+00,0.000000e+00,0.000000e+00,0.000000e+00,0.000000e+00,-2.981556e-19,-4.161842e-13,0.000000e+00,0.000000e+00,0.000000e+00,0.000000e+00,5.223994e+01,8.309271e+02,3.364216e-01,7.164029e-05,0.000000e+00,7.328061e+01,0.000000e+00,0.000000e+00,-6.940504e-01
1.490067e-02,5.312165e+01,8.298199e+02,-4.191984e-05,-8.157596e-05,3.364216e-01,7.164029e-05,5.015530e-06,0.000000e+00,-6.627591e+00,0.000000e+00,0.000000e+00,0.000000e+00,0.000000e+00,0.000000e+00,0.000000e+00,0.000000e+00,-2.981556e-19,-4.161842e-13,0.000000e+00,0.000000e+00,0.000000e+00,0.000000e+00,5.312165e+01,8.300488e+02,3.364216e-01,7.164029e-05,0.000000e+00,7.332768e+01,0.000000e+00,0.000000e+00,-6.940504e-01
1.491070e-02,5.401921e+01,8.289217e+02,-4.191984e-05,-8.157596e-05,3.364216e-01,7.164029e-05,5.020317e-06,0.000000e+00,-6.627591e+00,0.000000e+00,0.000000e+00,0.000000e+00,0.000000e+00,0.000000e+00,0.000000e+00,0.000000e+00,-2.981556e-19,-4.161842e-13,0.000000e+00,0.000000e+00,0.000000e+00,0.000000e+00,5.401921e+01,8.291541e+02,3.364216e-01,7.164029e-05,0.000000e+00,7.337480e+01,0.000000e+00,0.000000e+00,-6.940504e-01
1.492075e-02,5.492946e+01,8.280110e+02,-4.191984e-05,-8.157596e-05,3.364216e-01,7.164029e-05,5.025383e-06,0.000000e+00,-6.627591e+00,0.000000e+00,0.000000e+00,0.000000e+00,0.000000e+00,0.000000e+00,0.000000e+00,0.000000e+00,-2.981556e-19,-4.161842e-13,0.000000e+00,0.000000e+00,0.000000e+00,0.000000e+00,5.492946e+01,8.282462e+02,3.364216e-01,7.164029e-05,0.000000e+00,7.342196e+01,0.000000e+00,0.000000e+00,-6.940504e-01
1.493080e-02,5.584856e+01,8.270917e+02,-4.191984e-05,-8.157596e-05,3.364216e-01,7.164029e-05,5.030470e-06,0.000000e+00,-6.627591e+00,0.000000e+00,0.000000e+00,0.000000e+00,0.000000e+00,0.000000e+00,0.000000e+00,0.000000e+00,-2.981556e-19,-4.161842e-13,0.000000e+00,0.000000e+00,0.000000e+00,0.000000e+00,5.584856e+01,8.273286e+02,3.364216e-01,7.164029e-05,0.000000e+00,7.346917e+01,0.000000e+00,0.000000e+00,-6.940504e-01
1.494086e-02,5.677200e+01,8.261683e+02,-4.191984e-05,-8.157596e-05,3.364216e-01,7.164029e-05,5.035306e-06,0.000000e+00,-6.627591e+00,0.000000e+00,0.000000e+00,0.000000e+00,0.000000e+00,0.000000e+00,0.000000e+00,0.000000e+00,-2.981556e-19,-4.161842e-13,0.000000e+00,0.000000e+00,0.000000e+00,0.000000e+00,5.677200e+01,8.264057e+02,3.364216e-01,7.164029e-05,0.000000e+00,7.351643e+01,0.000000e+00,0.000000e+00,-6.940504e-01
1.495094e-02,5.769474e+01,8.252456e+02,-4.191984e-05,-8.157596e-05,3.364216e-01,7.164029e-05,5.039614e-06,0.000000e+00,-6.627591e+00,0.000000e+00,0.000000e+00,0.000000e+00,0.000000e+00,0.000000e+00,0.000000e+00,0.000000e+00,-2.981556e-19,-4.161842e-13,0.000000e+00,0.000000e+00,0.000000e+00,0.000000e+00,5.769474e+01,8.254823e+02,3.364216e-01,7.164029e-05,0.000000e+00,7.356373e+01,0.000000e+00,0.000000e+00,-6.940504e-01
1.496102e-02,5.861134e+01,8.243288e+02,-4.191984e-05,-8.157596e-05,3.364216e-01,7.164029e-05,5.043169e-06,0.000000e+00,-6.627591e+00,0.000000e+00,0.000000e+00,0.000000e+00,0.000000e+00,0.000000e+00,0.000000e+00,0.000000e+00,-2.981556e-19,-4.161842e-13,0.000000e+00,0.000000e+00,0.000000e+00,0.000000e+00,5.861134e+01,8.245634e+02,3.364216e-01,7.164029e-05,0.000000e+00,7.361107e+01,0.000000e+00,0.000000e+00,-6.940504e-01
1.497111e-02,5.951612e+01,8.234232e+02,-4.191984e-05,-8.157596e-05,3.364216e-01,7.164029e-05,5.045798e-06,0.000000e+00,-6.627591e+00,0.000000e+00,0.000000e+00,0.000000e+00,0.000000e+00,0.000000e+00,0.000000e+00,0.000000e+00,-2.981556e-19,-4.161842e-13,0.000000e+00,0.000000e+00,0.000000e+00,0.000000e+00,5.951612e+01,8.236544e+02,3.364216e-01,7.164029e-05,0.000000e+00,7.365844e+01,0.000000e+00,0.000000e+00,-6.940504e-01
1.498120e-02,6.040333e+01,8.225344e+02,-4.191984e-05,-8.157596e-05,3.364216e-01,7.164029e-05,5.047380e-06,0.000000e+00,-6.627591e+00,0.000000e+00,0.000000e+00,0.000000e+00,0.000000e+00,0.000000e+00,0.000000e+00,0.000000e+00,-2.981556e-19,-4.161842e-13,0.000000e+00,0.000000e+00,0.000000e+00,0.000000e+00,6.040333e+01,8.227608e+02,3.364216e-01,7.164029e-05,0.000000e+00,7.370583e+01,0.000000e+00,0.000000e+00,-6.940504e-01
1.499129e-02,6.126733e+01,8.216680e+02,-4.191984e-05,-8.157596e-05,3.364216e-01,7.164029e-05,5.047873e-06,0.000000e+00,-6.627591e+00,0.000000e+00,0.000000e+00,0.000000e+00,0.000000e+00,0.000000e+00,0.000000e+00,0.000000e+00,-2.981556e-19,-4.161842e-13,0.000000e+00,0.000000e+00,0.000000e+00,0.000000e+00,6.126733e+01,8.218882e+02,3.364216e-01,7.164029e-05,0.000000e+00,7.375324e+01,0.000000e+00,0.000000e+00,-6.940504e-01
